{"url": "http://politicot.com/mike-pence-allowing-rape-victims-abortions-will-lead-women-trying-get-raped/", "text": "For full functionality of this site it is necessary to enable JavaScript. Here are the instructions how to enable JavaScript in your web browser", "images": ["data:image/x-icon;,"], "top_img": "data:image/x-icon;,", "keywords": [], "authors": [], "canonical_link": "", "title": "", "meta_data": {"viewport": "width=device-width,initial-scale=1"}, "movies": [], "publish_date": null, "source": "http://politicot.com", "summary": ""}