{"created_at": "Sat Nov 17 10:59:04 +0000 2018", "id": 1063748350636261377, "id_str": "1063748350636261377", "text": "@Bishop64 @larris16 FAKE NEWS - https://t.co/Q8pAPynPg8 \n\nQ: Did Vice President Mike Pence say, \u201cAllowing rape vict\u2026 https://t.co/uC85tW0O6P", "truncated": true, "entities": {"hashtags": [], "symbols": [], "user_mentions": [{"screen_name": "Bishop64", "name": "\ud83d\udca7The Angry Goddess", "id": 101398753, "id_str": "101398753", "indices": [0, 9]}, {"screen_name": "larris16", "name": "brett larris", "id": 2751047688, "id_str": "2751047688", "indices": [10, 19]}], "urls": [{"url": "https://t.co/Q8pAPynPg8", "expanded_url": "http://Fact-check.org", "display_url": "Fact-check.org", "indices": [32, 55]}, {"url": "https://t.co/uC85tW0O6P", "expanded_url": "https://twitter.com/i/web/status/1063748350636261377", "display_url": "twitter.com/i/web/status/1\u2026", "indices": [117, 140]}]}, "source": "<a href=\"http://twitter.com/download/iphone\" rel=\"nofollow\">Twitter for iPhone</a>", "in_reply_to_status_id": 1063724358231703552, "in_reply_to_status_id_str": "1063724358231703552", "in_reply_to_user_id": 101398753, "in_reply_to_user_id_str": "101398753", "in_reply_to_screen_name": "Bishop64", "user": {"id": 237213129, "id_str": "237213129", "name": "Benny the Ball", "screen_name": "mrbishe", "location": "Sydney, Australia", "description": "Left mouthy politic junkie, gouty whiskey aficionado, atheist. He/Him, Proudly blocked by @paulinehansonOZ @MRobertsQLD & other RWNJ\u2019s - #Auspol #BoycottMurdoch", "url": null, "entities": {"description": {"urls": []}}, "protected": false, "followers_count": 1349, "friends_count": 1612, "listed_count": 4, "created_at": "Wed Jan 12 10:07:23 +0000 2011", "favourites_count": 5405, "utc_offset": null, "time_zone": null, "geo_enabled": true, "verified": false, "statuses_count": 5486, "lang": null, "contributors_enabled": false, "is_translator": false, "is_translation_enabled": false, "profile_background_color": "131516", "profile_background_image_url": "http://abs.twimg.com/images/themes/theme14/bg.gif", "profile_background_image_url_https": "https://abs.twimg.com/images/themes/theme14/bg.gif", "profile_background_tile": true, "profile_image_url": "http://pbs.twimg.com/profile_images/847399542936920069/N2e0fNkM_normal.jpg", "profile_image_url_https": "https://pbs.twimg.com/profile_images/847399542936920069/N2e0fNkM_normal.jpg", "profile_banner_url": "https://pbs.twimg.com/profile_banners/237213129/1496569632", "profile_link_color": "009999", "profile_sidebar_border_color": "EEEEEE", "profile_sidebar_fill_color": "EFEFEF", "profile_text_color": "333333", "profile_use_background_image": true, "has_extended_profile": true, "default_profile": false, "default_profile_image": false, "following": false, "follow_request_sent": false, "notifications": false, "translator_type": "none", "withheld_in_countries": []}, "geo": null, "coordinates": null, "place": null, "contributors": null, "is_quote_status": false, "retweet_count": 0, "favorite_count": 0, "favorited": false, "retweeted": false, "possibly_sensitive": false, "lang": "en"}