{"created_at": "Mon Jul 18 01:50:04 +0000 2016", "id": 754855725591961600, "id_str": "754855725591961600", "text": "Mike Pence: \u201cAllowing Rape Victims To Have Abortions Will Lead To Women Trying To Get Raped\u201d https://t.co/ovVvLhdJps via @TheNewslo", "truncated": false, "entities": {"hashtags": [], "symbols": [], "user_mentions": [{"screen_name": "TheNewslo", "name": "Newslo", "id": 393693452, "id_str": "393693452", "indices": [121, 131]}], "urls": [{"url": "https://t.co/ovVvLhdJps", "expanded_url": "http://politicops.com/mike-pence-allowing-rape-victims-abortions-will-lead-women-trying-get-raped/", "display_url": "politicops.com/mike-pence-all\u2026", "indices": [93, 116]}]}, "source": "<a href=\"http://twitter.com\" rel=\"nofollow\">Twitter Web Client</a>", "in_reply_to_status_id": null, "in_reply_to_status_id_str": null, "in_reply_to_user_id": null, "in_reply_to_user_id_str": null, "in_reply_to_screen_name": null, "user": {"id": 732352453, "id_str": "732352453", "name": "Bernt L Johnson", "screen_name": "BerntJohnson", "location": "Oregon", "description": "divorced everything else changes", "url": null, "entities": {"description": {"urls": []}}, "protected": false, "followers_count": 215, "friends_count": 917, "listed_count": 26, "created_at": "Thu Aug 02 07:17:05 +0000 2012", "favourites_count": 7317, "utc_offset": null, "time_zone": null, "geo_enabled": true, "verified": false, "statuses_count": 52520, "lang": null, "contributors_enabled": false, "is_translator": false, "is_translation_enabled": false, "profile_background_color": "000000", "profile_background_image_url": "http://abs.twimg.com/images/themes/theme10/bg.gif", "profile_background_image_url_https": "https://abs.twimg.com/images/themes/theme10/bg.gif", "profile_background_tile": false, "profile_image_url": "http://pbs.twimg.com/profile_images/816830503068106752/1UbOsQj0_normal.jpg", "profile_image_url_https": "https://pbs.twimg.com/profile_images/816830503068106752/1UbOsQj0_normal.jpg", "profile_banner_url": "https://pbs.twimg.com/profile_banners/732352453/1440044826", "profile_link_color": "19CF86", "profile_sidebar_border_color": "000000", "profile_sidebar_fill_color": "000000", "profile_text_color": "000000", "profile_use_background_image": false, "has_extended_profile": true, "default_profile": false, "default_profile_image": false, "following": false, "follow_request_sent": false, "notifications": false, "translator_type": "none", "withheld_in_countries": []}, "geo": null, "coordinates": null, "place": null, "contributors": null, "is_quote_status": false, "retweet_count": 0, "favorite_count": 0, "favorited": false, "retweeted": false, "possibly_sensitive": false, "lang": "en"}