{"created_at": "Mon Jul 18 01:51:32 +0000 2016", "id": 754856097161162753, "id_str": "754856097161162753", "text": "Mike Pence: \u201cAllowing Rape Victims To Have Abortions Will Lead To Women Trying To Get Raped\u201d: The b... https://t.co/NB6aFTATGV #abortion", "truncated": false, "entities": {"hashtags": [{"text": "abortion", "indices": [127, 136]}], "symbols": [], "user_mentions": [], "urls": [{"url": "https://t.co/NB6aFTATGV", "expanded_url": "http://bit.ly/2a2nF1o", "display_url": "bit.ly/2a2nF1o", "indices": [103, 126]}]}, "source": "<a href=\"http://twitterfeed.com\" rel=\"nofollow\">twitterfeed</a>", "in_reply_to_status_id": null, "in_reply_to_status_id_str": null, "in_reply_to_user_id": null, "in_reply_to_user_id_str": null, "in_reply_to_screen_name": null, "user": {"id": 4092458839, "id_str": "4092458839", "name": "Abortion News", "screen_name": "abortion_news", "location": "Mother Earth", "description": "Can we work to meet the needs of the mother AND save the child? Are you not glad your mom did not abort you? Let the process of adoption save us. @ChipBrowne", "url": null, "entities": {"description": {"urls": []}}, "protected": false, "followers_count": 7, "friends_count": 0, "listed_count": 0, "created_at": "Sun Nov 01 16:13:15 +0000 2015", "favourites_count": 0, "utc_offset": null, "time_zone": null, "geo_enabled": false, "verified": false, "statuses_count": 11327, "lang": null, "contributors_enabled": false, "is_translator": false, "is_translation_enabled": false, "profile_background_color": "000000", "profile_background_image_url": "http://abs.twimg.com/images/themes/theme1/bg.png", "profile_background_image_url_https": "https://abs.twimg.com/images/themes/theme1/bg.png", "profile_background_tile": false, "profile_image_url": "http://pbs.twimg.com/profile_images/660860371306070016/sAceTmPT_normal.jpg", "profile_image_url_https": "https://pbs.twimg.com/profile_images/660860371306070016/sAceTmPT_normal.jpg", "profile_banner_url": "https://pbs.twimg.com/profile_banners/4092458839/1446395501", "profile_link_color": "DD2E44", "profile_sidebar_border_color": "000000", "profile_sidebar_fill_color": "000000", "profile_text_color": "000000", "profile_use_background_image": false, "has_extended_profile": false, "default_profile": false, "default_profile_image": false, "following": false, "follow_request_sent": false, "notifications": false, "translator_type": "none", "withheld_in_countries": []}, "geo": null, "coordinates": null, "place": null, "contributors": null, "is_quote_status": false, "retweet_count": 0, "favorite_count": 0, "favorited": false, "retweeted": false, "possibly_sensitive": false, "lang": "en"}