{"created_at": "Mon Jul 18 01:36:11 +0000 2016", "id": 754852234425405440, "id_str": "754852234425405440", "text": "Umm WHAT? Mike Pence: \u201cAllowing Rape Victims To Have Abortions Will Lead To Women Trying To Get Raped\u201d https://t.co/eIKpPVQfBr", "truncated": false, "entities": {"hashtags": [], "symbols": [], "user_mentions": [], "urls": [{"url": "https://t.co/eIKpPVQfBr", "expanded_url": "http://ln.is/politicops.com/TmEYp", "display_url": "ln.is/politicops.com\u2026", "indices": [103, 126]}]}, "source": "<a href=\"http://linkis.com\" rel=\"nofollow\">Linkis: turn sharing into growth</a>", "in_reply_to_status_id": null, "in_reply_to_status_id_str": null, "in_reply_to_user_id": null, "in_reply_to_user_id_str": null, "in_reply_to_screen_name": null, "user": {"id": 284383568, "id_str": "284383568", "name": "#DisbandCongressDIRECTDemocracyNow \u23f3", "screen_name": "pppatticake", "location": "", "description": "#DisbandCongress #DirectDemocracyNow because #WeHaveNoFranchise #medicare4all luvluvluvgreat nyc live music#ElectionIntegrity #Progressive #NoMiddleGround", "url": null, "entities": {"description": {"urls": []}}, "protected": false, "followers_count": 12330, "friends_count": 11831, "listed_count": 441, "created_at": "Tue Apr 19 05:32:44 +0000 2011", "favourites_count": 368835, "utc_offset": null, "time_zone": null, "geo_enabled": true, "verified": false, "statuses_count": 469150, "lang": null, "contributors_enabled": false, "is_translator": false, "is_translation_enabled": false, "profile_background_color": "057163", "profile_background_image_url": "http://abs.twimg.com/images/themes/theme1/bg.png", "profile_background_image_url_https": "https://abs.twimg.com/images/themes/theme1/bg.png", "profile_background_tile": false, "profile_image_url": "http://pbs.twimg.com/profile_images/1340500437645086720/czbKBQeE_normal.jpg", "profile_image_url_https": "https://pbs.twimg.com/profile_images/1340500437645086720/czbKBQeE_normal.jpg", "profile_banner_url": "https://pbs.twimg.com/profile_banners/284383568/1608435120", "profile_link_color": "821D36", "profile_sidebar_border_color": "D62108", "profile_sidebar_fill_color": "AE1520", "profile_text_color": "2B303E", "profile_use_background_image": true, "has_extended_profile": false, "default_profile": false, "default_profile_image": false, "following": false, "follow_request_sent": false, "notifications": false, "translator_type": "none", "withheld_in_countries": []}, "geo": null, "coordinates": null, "place": null, "contributors": null, "is_quote_status": false, "retweet_count": 0, "favorite_count": 0, "favorited": false, "retweeted": false, "possibly_sensitive": false, "lang": "en"}