{"created_at": "Mon Jul 18 01:21:09 +0000 2016", "id": 754848448357081088, "id_str": "754848448357081088", "text": "Mike Pence: \u201cAllowing Rape Victims To Have Abortions Will Lead To Women Trying To Get Raped\u201d https://t.co/WcFwsYgYBv", "truncated": false, "entities": {"hashtags": [], "symbols": [], "user_mentions": [], "urls": [{"url": "https://t.co/WcFwsYgYBv", "expanded_url": "http://fb.me/45qu1WDoF", "display_url": "fb.me/45qu1WDoF", "indices": [93, 116]}]}, "source": "<a href=\"http://www.facebook.com/twitter\" rel=\"nofollow\">Facebook</a>", "in_reply_to_status_id": null, "in_reply_to_status_id_str": null, "in_reply_to_user_id": null, "in_reply_to_user_id_str": null, "in_reply_to_screen_name": null, "user": {"id": 546934426, "id_str": "546934426", "name": "David Bowen", "screen_name": "CeoBowen", "location": "", "description": "", "url": null, "entities": {"description": {"urls": []}}, "protected": false, "followers_count": 115, "friends_count": 91, "listed_count": 0, "created_at": "Fri Apr 06 16:30:35 +0000 2012", "favourites_count": 35, "utc_offset": null, "time_zone": null, "geo_enabled": false, "verified": false, "statuses_count": 9965, "lang": null, "contributors_enabled": false, "is_translator": false, "is_translation_enabled": false, "profile_background_color": "000000", "profile_background_image_url": "http://abs.twimg.com/images/themes/theme1/bg.png", "profile_background_image_url_https": "https://abs.twimg.com/images/themes/theme1/bg.png", "profile_background_tile": false, "profile_image_url": "http://pbs.twimg.com/profile_images/879661117714419712/bRholxIo_normal.jpg", "profile_image_url_https": "https://pbs.twimg.com/profile_images/879661117714419712/bRholxIo_normal.jpg", "profile_link_color": "1B95E0", "profile_sidebar_border_color": "000000", "profile_sidebar_fill_color": "000000", "profile_text_color": "000000", "profile_use_background_image": false, "has_extended_profile": false, "default_profile": false, "default_profile_image": false, "following": false, "follow_request_sent": false, "notifications": false, "translator_type": "none", "withheld_in_countries": []}, "geo": null, "coordinates": null, "place": null, "contributors": null, "is_quote_status": false, "retweet_count": 0, "favorite_count": 0, "favorited": false, "retweeted": false, "possibly_sensitive": false, "lang": "en"}