{"created_at": "Sun Jul 17 23:01:05 +0000 2016", "id": 754813199698960385, "id_str": "754813199698960385", "text": "Mike Pence: \u201cAllowing Rape Victims To Have Abortions Will Lead To Women Trying To Get Raped\u201d https://t.co/W5QfYgC6Mq via @TheNewslo", "truncated": false, "entities": {"hashtags": [], "symbols": [], "user_mentions": [{"screen_name": "TheNewslo", "name": "Newslo", "id": 393693452, "id_str": "393693452", "indices": [121, 131]}], "urls": [{"url": "https://t.co/W5QfYgC6Mq", "expanded_url": "http://politicops.com/mike-pence-allowing-rape-victims-abortions-will-lead-women-trying-get-raped/", "display_url": "politicops.com/mike-pence-all\u2026", "indices": [93, 116]}]}, "source": "<a href=\"http://twitter.com\" rel=\"nofollow\">Twitter Web Client</a>", "in_reply_to_status_id": null, "in_reply_to_status_id_str": null, "in_reply_to_user_id": null, "in_reply_to_user_id_str": null, "in_reply_to_screen_name": null, "user": {"id": 770979134, "id_str": "770979134", "name": "Sue Good", "screen_name": "suenoko", "location": "Southern ,IL", "description": "Nurse for 25 yrs. BA / SIU Carbondale ,Illinois", "url": null, "entities": {"description": {"urls": []}}, "protected": false, "followers_count": 374, "friends_count": 2305, "listed_count": 9, "created_at": "Tue Aug 21 06:47:20 +0000 2012", "favourites_count": 1253, "utc_offset": null, "time_zone": null, "geo_enabled": true, "verified": false, "statuses_count": 4938, "lang": null, "contributors_enabled": false, "is_translator": false, "is_translation_enabled": false, "profile_background_color": "000000", "profile_background_image_url": "http://abs.twimg.com/images/themes/theme1/bg.png", "profile_background_image_url_https": "https://abs.twimg.com/images/themes/theme1/bg.png", "profile_background_tile": false, "profile_image_url": "http://pbs.twimg.com/profile_images/603710024553123841/YXW5_EMd_normal.jpg", "profile_image_url_https": "https://pbs.twimg.com/profile_images/603710024553123841/YXW5_EMd_normal.jpg", "profile_banner_url": "https://pbs.twimg.com/profile_banners/770979134/1432770577", "profile_link_color": "FAB81E", "profile_sidebar_border_color": "000000", "profile_sidebar_fill_color": "000000", "profile_text_color": "000000", "profile_use_background_image": false, "has_extended_profile": true, "default_profile": false, "default_profile_image": false, "following": false, "follow_request_sent": false, "notifications": false, "translator_type": "none", "withheld_in_countries": []}, "geo": null, "coordinates": null, "place": null, "contributors": null, "is_quote_status": false, "retweet_count": 0, "favorite_count": 0, "favorited": false, "retweeted": false, "possibly_sensitive": false, "lang": "en"}