{"created_at": "Mon Jul 18 03:34:54 +0000 2016", "id": 754882109282537472, "id_str": "754882109282537472", "text": "Mike Pence: \u201cAllowing Rape Victims To Have Abortions Will Lead To Women Trying To Get Raped\u201d https://t.co/WuB5fT99BN via @TheNewslo", "truncated": false, "entities": {"hashtags": [], "symbols": [], "user_mentions": [{"screen_name": "TheNewslo", "name": "Newslo", "id": 393693452, "id_str": "393693452", "indices": [121, 131]}], "urls": [{"url": "https://t.co/WuB5fT99BN", "expanded_url": "http://ln.is/politicops.com/6XUxS", "display_url": "ln.is/politicops.com\u2026", "indices": [93, 116]}]}, "source": "<a href=\"http://linkis.com\" rel=\"nofollow\">Linkis: turn sharing into growth</a>", "in_reply_to_status_id": null, "in_reply_to_status_id_str": null, "in_reply_to_user_id": null, "in_reply_to_user_id_str": null, "in_reply_to_screen_name": null, "user": {"id": 387359610, "id_str": "387359610", "name": "Michael Prilla", "screen_name": "MichaelPrilla", "location": "", "description": "", "url": null, "entities": {"description": {"urls": []}}, "protected": false, "followers_count": 302, "friends_count": 1912, "listed_count": 18, "created_at": "Sat Oct 08 22:36:39 +0000 2011", "favourites_count": 29, "utc_offset": null, "time_zone": null, "geo_enabled": false, "verified": false, "statuses_count": 39139, "lang": null, "contributors_enabled": false, "is_translator": false, "is_translation_enabled": false, "profile_background_color": "C0DEED", "profile_background_image_url": "http://abs.twimg.com/images/themes/theme1/bg.png", "profile_background_image_url_https": "https://abs.twimg.com/images/themes/theme1/bg.png", "profile_background_tile": false, "profile_image_url": "http://pbs.twimg.com/profile_images/506193867595456512/NSatZO72_normal.jpeg", "profile_image_url_https": "https://pbs.twimg.com/profile_images/506193867595456512/NSatZO72_normal.jpeg", "profile_banner_url": "https://pbs.twimg.com/profile_banners/387359610/1409520962", "profile_link_color": "1DA1F2", "profile_sidebar_border_color": "C0DEED", "profile_sidebar_fill_color": "DDEEF6", "profile_text_color": "333333", "profile_use_background_image": true, "has_extended_profile": false, "default_profile": true, "default_profile_image": false, "following": false, "follow_request_sent": false, "notifications": false, "translator_type": "none", "withheld_in_countries": []}, "geo": null, "coordinates": null, "place": null, "contributors": null, "is_quote_status": false, "retweet_count": 0, "favorite_count": 0, "favorited": false, "retweeted": false, "possibly_sensitive": false, "lang": "en"}