{"created_at": "Mon Jul 18 02:27:58 +0000 2016", "id": 754865263850303488, "id_str": "754865263850303488", "text": "Mike Pence: \u201cAllowing Rape Victims To Have Abortions Will Lead To Women Trying To Get Raped\u201d https://t.co/HgBmRjos7u", "truncated": false, "entities": {"hashtags": [], "symbols": [], "user_mentions": [], "urls": [{"url": "https://t.co/HgBmRjos7u", "expanded_url": "http://fb.me/2jyhtUyQt", "display_url": "fb.me/2jyhtUyQt", "indices": [93, 116]}]}, "source": "<a href=\"http://www.facebook.com/twitter\" rel=\"nofollow\">Facebook</a>", "in_reply_to_status_id": null, "in_reply_to_status_id_str": null, "in_reply_to_user_id": null, "in_reply_to_user_id_str": null, "in_reply_to_screen_name": null, "user": {"id": 207824434, "id_str": "207824434", "name": "aulstrue", "screen_name": "Aulstrue", "location": "Nowhere, Indiana", "description": "", "url": null, "entities": {"description": {"urls": []}}, "protected": false, "followers_count": 503, "friends_count": 2573, "listed_count": 11, "created_at": "Tue Oct 26 03:03:39 +0000 2010", "favourites_count": 6555, "utc_offset": null, "time_zone": null, "geo_enabled": true, "verified": false, "statuses_count": 261996, "lang": null, "contributors_enabled": false, "is_translator": false, "is_translation_enabled": false, "profile_background_color": "ACDED6", "profile_background_image_url": "http://abs.twimg.com/images/themes/theme18/bg.gif", "profile_background_image_url_https": "https://abs.twimg.com/images/themes/theme18/bg.gif", "profile_background_tile": false, "profile_image_url": "http://pbs.twimg.com/profile_images/2059212129/1pdyV6hE_normal", "profile_image_url_https": "https://pbs.twimg.com/profile_images/2059212129/1pdyV6hE_normal", "profile_banner_url": "https://pbs.twimg.com/profile_banners/207824434/1391977131", "profile_link_color": "038543", "profile_sidebar_border_color": "EEEEEE", "profile_sidebar_fill_color": "F6F6F6", "profile_text_color": "333333", "profile_use_background_image": true, "has_extended_profile": false, "default_profile": false, "default_profile_image": false, "following": false, "follow_request_sent": false, "notifications": false, "translator_type": "none", "withheld_in_countries": []}, "geo": null, "coordinates": null, "place": null, "contributors": null, "is_quote_status": false, "retweet_count": 0, "favorite_count": 0, "favorited": false, "retweeted": false, "possibly_sensitive": false, "lang": "en"}