{"created_at": "Mon Jul 18 01:59:52 +0000 2016", "id": 754858192597753857, "id_str": "754858192597753857", "text": "Mike Pence: \u201cAllowing Rape Victims To Have Abortions Will Lead To Women Trying To Get Raped\u201d https://t.co/kfOYvYBBwb", "truncated": false, "entities": {"hashtags": [], "symbols": [], "user_mentions": [], "urls": [{"url": "https://t.co/kfOYvYBBwb", "expanded_url": "http://fb.me/5gdV9jevW", "display_url": "fb.me/5gdV9jevW", "indices": [93, 116]}]}, "source": "<a href=\"http://www.facebook.com/twitter\" rel=\"nofollow\">Facebook</a>", "in_reply_to_status_id": null, "in_reply_to_status_id_str": null, "in_reply_to_user_id": null, "in_reply_to_user_id_str": null, "in_reply_to_screen_name": null, "user": {"id": 33434183, "id_str": "33434183", "name": "Toshi Ghalebi", "screen_name": "toshig2", "location": "Irvine, California", "description": "", "url": "http://t.co/U5nqnUzKdZ", "entities": {"url": {"urls": [{"url": "http://t.co/U5nqnUzKdZ", "expanded_url": "http://togadev.com", "display_url": "togadev.com", "indices": [0, 22]}]}, "description": {"urls": []}}, "protected": false, "followers_count": 81, "friends_count": 466, "listed_count": 1, "created_at": "Mon Apr 20 05:11:50 +0000 2009", "favourites_count": 21, "utc_offset": null, "time_zone": null, "geo_enabled": false, "verified": false, "statuses_count": 14096, "lang": null, "contributors_enabled": false, "is_translator": false, "is_translation_enabled": false, "profile_background_color": "C0DEED", "profile_background_image_url": "http://abs.twimg.com/images/themes/theme1/bg.png", "profile_background_image_url_https": "https://abs.twimg.com/images/themes/theme1/bg.png", "profile_background_tile": false, "profile_image_url": "http://pbs.twimg.com/profile_images/671100294353170432/Z3j2AEpX_normal.jpg", "profile_image_url_https": "https://pbs.twimg.com/profile_images/671100294353170432/Z3j2AEpX_normal.jpg", "profile_banner_url": "https://pbs.twimg.com/profile_banners/33434183/1363015126", "profile_link_color": "1DA1F2", "profile_sidebar_border_color": "C0DEED", "profile_sidebar_fill_color": "DDEEF6", "profile_text_color": "333333", "profile_use_background_image": true, "has_extended_profile": false, "default_profile": true, "default_profile_image": false, "following": false, "follow_request_sent": false, "notifications": false, "translator_type": "none", "withheld_in_countries": []}, "geo": null, "coordinates": null, "place": null, "contributors": null, "is_quote_status": false, "retweet_count": 0, "favorite_count": 0, "favorited": false, "retweeted": false, "possibly_sensitive": false, "lang": "en"}