{"created_at": "Mon Jul 18 03:11:48 +0000 2016", "id": 754876293833981952, "id_str": "754876293833981952", "text": "Mike Pence: \u201cAllowing Rape Victims To Have Abortions Will Lead To Women Trying To Get Raped\u201d https://t.co/HHINdffjip", "truncated": false, "entities": {"hashtags": [], "symbols": [], "user_mentions": [], "urls": [{"url": "https://t.co/HHINdffjip", "expanded_url": "http://fb.me/2l4nIPXUF", "display_url": "fb.me/2l4nIPXUF", "indices": [93, 116]}]}, "source": "<a href=\"http://www.facebook.com/twitter\" rel=\"nofollow\">Facebook</a>", "in_reply_to_status_id": null, "in_reply_to_status_id_str": null, "in_reply_to_user_id": null, "in_reply_to_user_id_str": null, "in_reply_to_screen_name": null, "user": {"id": 2339439979, "id_str": "2339439979", "name": "John Aldrich", "screen_name": "CohuttaPhoto", "location": "Dalton, Georgia", "description": "published photographer, geek, all-around nice guy", "url": "https://t.co/lFKQyhcD3t", "entities": {"url": {"urls": [{"url": "https://t.co/lFKQyhcD3t", "expanded_url": "https://www.facebook.com/CohuttaPhotography", "display_url": "facebook.com/CohuttaPhotogr\u2026", "indices": [0, 23]}]}, "description": {"urls": []}}, "protected": false, "followers_count": 225, "friends_count": 299, "listed_count": 3, "created_at": "Tue Feb 11 23:42:11 +0000 2014", "favourites_count": 15413, "utc_offset": null, "time_zone": null, "geo_enabled": true, "verified": false, "statuses_count": 38659, "lang": null, "contributors_enabled": false, "is_translator": false, "is_translation_enabled": false, "profile_background_color": "C0DEED", "profile_background_image_url": "http://abs.twimg.com/images/themes/theme1/bg.png", "profile_background_image_url_https": "https://abs.twimg.com/images/themes/theme1/bg.png", "profile_background_tile": false, "profile_image_url": "http://pbs.twimg.com/profile_images/433402563229016064/UDQLalic_normal.jpeg", "profile_image_url_https": "https://pbs.twimg.com/profile_images/433402563229016064/UDQLalic_normal.jpeg", "profile_banner_url": "https://pbs.twimg.com/profile_banners/2339439979/1446118623", "profile_link_color": "1DA1F2", "profile_sidebar_border_color": "C0DEED", "profile_sidebar_fill_color": "DDEEF6", "profile_text_color": "333333", "profile_use_background_image": true, "has_extended_profile": true, "default_profile": true, "default_profile_image": false, "following": false, "follow_request_sent": false, "notifications": false, "translator_type": "none", "withheld_in_countries": []}, "geo": null, "coordinates": null, "place": null, "contributors": null, "is_quote_status": false, "retweet_count": 1, "favorite_count": 1, "favorited": false, "retweeted": false, "possibly_sensitive": false, "lang": "en"}