{"created_at": "Mon Jul 18 03:33:29 +0000 2016", "id": 754881751684517888, "id_str": "754881751684517888", "text": "Mike Pence: \u201cAllowing Rape Victims To Have Abortions Will Lead To Women Trying To Get Raped\u201d https://t.co/0SddGuXzqm via @TheNewslo", "truncated": false, "entities": {"hashtags": [], "symbols": [], "user_mentions": [{"screen_name": "TheNewslo", "name": "Newslo", "id": 393693452, "id_str": "393693452", "indices": [121, 131]}], "urls": [{"url": "https://t.co/0SddGuXzqm", "expanded_url": "http://politicops.com/mike-pence-allowing-rape-victims-abortions-will-lead-women-trying-get-raped/", "display_url": "politicops.com/mike-pence-all\u2026", "indices": [93, 116]}]}, "source": "<a href=\"http://twitter.com\" rel=\"nofollow\">Twitter Web Client</a>", "in_reply_to_status_id": null, "in_reply_to_status_id_str": null, "in_reply_to_user_id": null, "in_reply_to_user_id_str": null, "in_reply_to_screen_name": null, "user": {"id": 2602730288, "id_str": "2602730288", "name": "JIMMY PAVLOVIC", "screen_name": "jpavlovic801", "location": "Australia", "description": "Advert sales. Into music, sports esp C'wood, \u26bd\ufe0fManU, meeting pple, Politics & news. Open minded, enjoy a \ud83e\udd23& making each day count. Willing 2 admit when wrong\ud83d\ude42\ud83d\ude09.", "url": null, "entities": {"description": {"urls": []}}, "protected": false, "followers_count": 9458, "friends_count": 9685, "listed_count": 632, "created_at": "Fri Jul 04 03:53:23 +0000 2014", "favourites_count": 111471, "utc_offset": null, "time_zone": null, "geo_enabled": false, "verified": false, "statuses_count": 118907, "lang": null, "contributors_enabled": false, "is_translator": false, "is_translation_enabled": false, "profile_background_color": "000000", "profile_background_image_url": "http://abs.twimg.com/images/themes/theme1/bg.png", "profile_background_image_url_https": "https://abs.twimg.com/images/themes/theme1/bg.png", "profile_background_tile": false, "profile_image_url": "http://pbs.twimg.com/profile_images/486418839530254336/CWXp_Slo_normal.jpeg", "profile_image_url_https": "https://pbs.twimg.com/profile_images/486418839530254336/CWXp_Slo_normal.jpeg", "profile_banner_url": "https://pbs.twimg.com/profile_banners/2602730288/1415369513", "profile_link_color": "1B95E0", "profile_sidebar_border_color": "000000", "profile_sidebar_fill_color": "000000", "profile_text_color": "000000", "profile_use_background_image": false, "has_extended_profile": true, "default_profile": false, "default_profile_image": false, "following": false, "follow_request_sent": false, "notifications": false, "translator_type": "none", "withheld_in_countries": []}, "geo": null, "coordinates": null, "place": null, "contributors": null, "is_quote_status": false, "retweet_count": 0, "favorite_count": 0, "favorited": false, "retweeted": false, "possibly_sensitive": false, "lang": "en"}