{"created_at": "Mon Jul 18 03:22:24 +0000 2016", "id": 754878961910476801, "id_str": "754878961910476801", "text": "Mike Pence: \u201cAllowing Rape Victims To Have Abortions Will Lead To Women Trying To Get Raped\u201d https://t.co/rpttZjXz6B #StopTrump", "truncated": false, "entities": {"hashtags": [{"text": "StopTrump", "indices": [117, 127]}], "symbols": [], "user_mentions": [], "urls": [{"url": "https://t.co/rpttZjXz6B", "expanded_url": "http://politicops.com/mike-pence-allowing-rape-victims-abortions-will-lead-women-trying-get-raped/", "display_url": "politicops.com/mike-pence-all\u2026", "indices": [93, 116]}]}, "source": "<a href=\"http://twitter.com\" rel=\"nofollow\">Twitter Web Client</a>", "in_reply_to_status_id": null, "in_reply_to_status_id_str": null, "in_reply_to_user_id": null, "in_reply_to_user_id_str": null, "in_reply_to_screen_name": null, "user": {"id": 2183715312, "id_str": "2183715312", "name": "Jens Lyon", "screen_name": "JensLyon", "location": "Detroit, Michigan", "description": "Author of RED FLAGS and TIME TRIP: A DINOSAUR MUSICAL.  #amwriting #amreading #figureskating #SupportSurvivors #BlackLivesMatter \ud83d\udc69\ud83c\udffd\u26f8\ufe0f\ud83d\udcda\ud83d\udc0a\ud83e\udd96\ud83c\udff3\ufe0f\u200d\ud83c\udf08\u270d\ufe0f \u271d\ufe0f\ud83c\uddfa\ud83c\uddf8", "url": "https://t.co/ShoWS04CdF", "entities": {"url": {"urls": [{"url": "https://t.co/ShoWS04CdF", "expanded_url": "https://jenslyon.wordpress.com/", "display_url": "jenslyon.wordpress.com", "indices": [0, 23]}]}, "description": {"urls": []}}, "protected": false, "followers_count": 3379, "friends_count": 4328, "listed_count": 260, "created_at": "Sat Nov 09 06:17:24 +0000 2013", "favourites_count": 27364, "utc_offset": null, "time_zone": null, "geo_enabled": false, "verified": false, "statuses_count": 41498, "lang": null, "contributors_enabled": false, "is_translator": false, "is_translation_enabled": false, "profile_background_color": "C0DEED", "profile_background_image_url": "http://abs.twimg.com/images/themes/theme1/bg.png", "profile_background_image_url_https": "https://abs.twimg.com/images/themes/theme1/bg.png", "profile_background_tile": false, "profile_image_url": "http://pbs.twimg.com/profile_images/889544076630138882/n9I5tqPQ_normal.jpg", "profile_image_url_https": "https://pbs.twimg.com/profile_images/889544076630138882/n9I5tqPQ_normal.jpg", "profile_banner_url": "https://pbs.twimg.com/profile_banners/2183715312/1491201317", "profile_link_color": "1DA1F2", "profile_sidebar_border_color": "C0DEED", "profile_sidebar_fill_color": "DDEEF6", "profile_text_color": "333333", "profile_use_background_image": true, "has_extended_profile": false, "default_profile": true, "default_profile_image": false, "following": false, "follow_request_sent": false, "notifications": false, "translator_type": "none", "withheld_in_countries": []}, "geo": null, "coordinates": null, "place": null, "contributors": null, "is_quote_status": false, "retweet_count": 0, "favorite_count": 0, "favorited": false, "retweeted": false, "possibly_sensitive": false, "lang": "en"}