{"created_at": "Mon Jul 18 04:03:06 +0000 2016", "id": 754889206007209984, "id_str": "754889206007209984", "text": "Mike Pence: \u201cAllowing Rape Victims To Have Abortions Will Lead To Women Trying To Get Raped\u201d https://t.co/nuJWsAnYUW", "truncated": false, "entities": {"hashtags": [], "symbols": [], "user_mentions": [], "urls": [{"url": "https://t.co/nuJWsAnYUW", "expanded_url": "http://fb.me/64KoqdsBD", "display_url": "fb.me/64KoqdsBD", "indices": [93, 116]}]}, "source": "<a href=\"http://www.facebook.com/twitter\" rel=\"nofollow\">Facebook</a>", "in_reply_to_status_id": null, "in_reply_to_status_id_str": null, "in_reply_to_user_id": null, "in_reply_to_user_id_str": null, "in_reply_to_screen_name": null, "user": {"id": 25018923, "id_str": "25018923", "name": "Mischief", "screen_name": "JonnieBois", "location": "United States", "description": "Defying Gravity and Age, Luvin' my baby Chihuahuas and fierce supporter for Progressive/Democrat view, because life is about taking care of everyone and Earth!", "url": null, "entities": {"description": {"urls": []}}, "protected": false, "followers_count": 177, "friends_count": 555, "listed_count": 11, "created_at": "Wed Mar 18 03:19:17 +0000 2009", "favourites_count": 13734, "utc_offset": null, "time_zone": null, "geo_enabled": true, "verified": false, "statuses_count": 25156, "lang": null, "contributors_enabled": false, "is_translator": false, "is_translation_enabled": false, "profile_background_color": "BADFCD", "profile_background_image_url": "http://abs.twimg.com/images/themes/theme12/bg.gif", "profile_background_image_url_https": "https://abs.twimg.com/images/themes/theme12/bg.gif", "profile_background_tile": true, "profile_image_url": "http://pbs.twimg.com/profile_images/1145780483596402688/JasxbXqr_normal.jpg", "profile_image_url_https": "https://pbs.twimg.com/profile_images/1145780483596402688/JasxbXqr_normal.jpg", "profile_banner_url": "https://pbs.twimg.com/profile_banners/25018923/1613663100", "profile_link_color": "FF0000", "profile_sidebar_border_color": "CC3366", "profile_sidebar_fill_color": "E5507E", "profile_text_color": "362720", "profile_use_background_image": true, "has_extended_profile": false, "default_profile": false, "default_profile_image": false, "following": false, "follow_request_sent": false, "notifications": false, "translator_type": "none", "withheld_in_countries": []}, "geo": null, "coordinates": null, "place": null, "contributors": null, "is_quote_status": false, "retweet_count": 0, "favorite_count": 0, "favorited": false, "retweeted": false, "possibly_sensitive": true, "lang": "en"}