{"created_at": "Mon Jul 18 02:54:20 +0000 2016", "id": 754871898316607488, "id_str": "754871898316607488", "text": "Mike Pence: \u201cAllowing Rape Victims To Have Abortions Will Lead To Women Trying To Get Raped\u201d https://t.co/UYFdgFH2R9 via @TheNewslo", "truncated": false, "entities": {"hashtags": [], "symbols": [], "user_mentions": [{"screen_name": "TheNewslo", "name": "Newslo", "id": 393693452, "id_str": "393693452", "indices": [121, 131]}], "urls": [{"url": "https://t.co/UYFdgFH2R9", "expanded_url": "http://politicops.com/mike-pence-allowing-rape-victims-abortions-will-lead-women-trying-get-raped/", "display_url": "politicops.com/mike-pence-all\u2026", "indices": [93, 116]}]}, "source": "<a href=\"http://twitter.com\" rel=\"nofollow\">Twitter Web Client</a>", "in_reply_to_status_id": null, "in_reply_to_status_id_str": null, "in_reply_to_user_id": null, "in_reply_to_user_id_str": null, "in_reply_to_screen_name": null, "user": {"id": 2804071075, "id_str": "2804071075", "name": "Buffalo Ball Buster", "screen_name": "Sportsworld716", "location": "Black Rock Buffalo", "description": "Huge Sabres Bills ( Season Ticket Holder) Duke, and Yankees fan! For every school you tear down build a Jail. Mark Twain. F Trump", "url": null, "entities": {"description": {"urls": []}}, "protected": false, "followers_count": 1658, "friends_count": 1408, "listed_count": 35, "created_at": "Thu Sep 11 17:22:00 +0000 2014", "favourites_count": 72369, "utc_offset": null, "time_zone": null, "geo_enabled": true, "verified": false, "statuses_count": 118756, "lang": null, "contributors_enabled": false, "is_translator": false, "is_translation_enabled": false, "profile_background_color": "C0DEED", "profile_background_image_url": "http://abs.twimg.com/images/themes/theme1/bg.png", "profile_background_image_url_https": "https://abs.twimg.com/images/themes/theme1/bg.png", "profile_background_tile": true, "profile_image_url": "http://pbs.twimg.com/profile_images/998340529405349888/Zw5pzy1x_normal.jpg", "profile_image_url_https": "https://pbs.twimg.com/profile_images/998340529405349888/Zw5pzy1x_normal.jpg", "profile_banner_url": "https://pbs.twimg.com/profile_banners/2804071075/1524799611", "profile_link_color": "3B94D9", "profile_sidebar_border_color": "FFFFFF", "profile_sidebar_fill_color": "DDEEF6", "profile_text_color": "333333", "profile_use_background_image": true, "has_extended_profile": true, "default_profile": false, "default_profile_image": false, "following": false, "follow_request_sent": false, "notifications": false, "translator_type": "none", "withheld_in_countries": []}, "geo": null, "coordinates": null, "place": null, "contributors": null, "is_quote_status": false, "retweet_count": 0, "favorite_count": 0, "favorited": false, "retweeted": false, "possibly_sensitive": false, "lang": "en"}