{"created_at": "Mon Jul 18 02:09:44 +0000 2016", "id": 754860675680309248, "id_str": "754860675680309248", "text": "Mike Pence: \u201cAllowing Rape Victims To Have Abortions Will Lead To Women Trying To Get Raped\u201d https://t.co/XvRefGwzGm via @TheNewslo", "truncated": false, "entities": {"hashtags": [], "symbols": [], "user_mentions": [{"screen_name": "TheNewslo", "name": "Newslo", "id": 393693452, "id_str": "393693452", "indices": [121, 131]}], "urls": [{"url": "https://t.co/XvRefGwzGm", "expanded_url": "http://politicops.com/mike-pence-allowing-rape-victims-abortions-will-lead-women-trying-get-raped/", "display_url": "politicops.com/mike-pence-all\u2026", "indices": [93, 116]}]}, "source": "<a href=\"http://twitter.com\" rel=\"nofollow\">Twitter Web Client</a>", "in_reply_to_status_id": null, "in_reply_to_status_id_str": null, "in_reply_to_user_id": null, "in_reply_to_user_id_str": null, "in_reply_to_screen_name": null, "user": {"id": 485649713, "id_str": "485649713", "name": "Adrienne Nelson", "screen_name": "ANelson007", "location": "", "description": "46 year's Apostolic Minister, Former Executive Pastor/ Writer/Citizen Journalist/Civil Rights Activist/Adult Illiteracy Tutor/MSNBC News Junkie", "url": null, "entities": {"description": {"urls": []}}, "protected": false, "followers_count": 460, "friends_count": 1345, "listed_count": 36, "created_at": "Tue Feb 07 12:40:43 +0000 2012", "favourites_count": 14201, "utc_offset": null, "time_zone": null, "geo_enabled": false, "verified": false, "statuses_count": 28925, "lang": null, "contributors_enabled": false, "is_translator": false, "is_translation_enabled": false, "profile_background_color": "EBEBEB", "profile_background_image_url": "http://abs.twimg.com/images/themes/theme7/bg.gif", "profile_background_image_url_https": "https://abs.twimg.com/images/themes/theme7/bg.gif", "profile_background_tile": false, "profile_image_url": "http://pbs.twimg.com/profile_images/1157572142332035072/4_cwt4pg_normal.jpg", "profile_image_url_https": "https://pbs.twimg.com/profile_images/1157572142332035072/4_cwt4pg_normal.jpg", "profile_banner_url": "https://pbs.twimg.com/profile_banners/485649713/1417656385", "profile_link_color": "990000", "profile_sidebar_border_color": "0D010D", "profile_sidebar_fill_color": "F3F3F3", "profile_text_color": "333333", "profile_use_background_image": true, "has_extended_profile": true, "default_profile": false, "default_profile_image": false, "following": false, "follow_request_sent": false, "notifications": false, "translator_type": "none", "withheld_in_countries": []}, "geo": null, "coordinates": null, "place": null, "contributors": null, "is_quote_status": false, "retweet_count": 0, "favorite_count": 0, "favorited": false, "retweeted": false, "possibly_sensitive": false, "lang": "en"}