{"created_at": "Mon Jul 18 00:07:46 +0000 2016", "id": 754829984347332608, "id_str": "754829984347332608", "text": "Mike Pence: \u201cAllowing Rape Victims To Have Abortions Will Lead To Women Trying To Get Raped!\" \n\nWoman... https://t.co/9H42XiPJWm", "truncated": false, "entities": {"hashtags": [], "symbols": [], "user_mentions": [], "urls": [{"url": "https://t.co/9H42XiPJWm", "expanded_url": "http://fb.me/HyRwwGgJ", "display_url": "fb.me/HyRwwGgJ", "indices": [105, 128]}]}, "source": "<a href=\"http://www.facebook.com/twitter\" rel=\"nofollow\">Facebook</a>", "in_reply_to_status_id": null, "in_reply_to_status_id_str": null, "in_reply_to_user_id": null, "in_reply_to_user_id_str": null, "in_reply_to_screen_name": null, "user": {"id": 16335069, "id_str": "16335069", "name": "Humanatek TalentFuse", "screen_name": "humanatek", "location": "Social Media Mobile Recruiting", "description": "Executive #Recruiter TV Media #Labor economics #pundit #Workforce #Diversity #journalist #Sourcer #Commentator #mobile #socialmedia #Headhunter #RPO #jobs espa\u00f1", "url": "http://t.co/igSu4GC6wM", "entities": {"url": {"urls": [{"url": "http://t.co/igSu4GC6wM", "expanded_url": "http://about.me/hmartindecampo", "display_url": "about.me/hmartindecampo", "indices": [0, 22]}]}, "description": {"urls": []}}, "protected": false, "followers_count": 18154, "friends_count": 8764, "listed_count": 328, "created_at": "Wed Sep 17 19:24:45 +0000 2008", "favourites_count": 1195, "utc_offset": null, "time_zone": null, "geo_enabled": false, "verified": false, "statuses_count": 33007, "lang": null, "contributors_enabled": false, "is_translator": false, "is_translation_enabled": false, "profile_background_color": "9AE4E8", "profile_background_image_url": "http://abs.twimg.com/images/themes/theme1/bg.png", "profile_background_image_url_https": "https://abs.twimg.com/images/themes/theme1/bg.png", "profile_background_tile": true, "profile_image_url": "http://pbs.twimg.com/profile_images/824938453959733250/pbacmAur_normal.jpg", "profile_image_url_https": "https://pbs.twimg.com/profile_images/824938453959733250/pbacmAur_normal.jpg", "profile_banner_url": "https://pbs.twimg.com/profile_banners/16335069/1418428786", "profile_link_color": "25710A", "profile_sidebar_border_color": "72F42F", "profile_sidebar_fill_color": "F32B2E", "profile_text_color": "333333", "profile_use_background_image": true, "has_extended_profile": false, "default_profile": false, "default_profile_image": false, "following": false, "follow_request_sent": false, "notifications": false, "translator_type": "none", "withheld_in_countries": []}, "geo": null, "coordinates": null, "place": null, "contributors": null, "is_quote_status": false, "retweet_count": 0, "favorite_count": 0, "favorited": false, "retweeted": false, "possibly_sensitive": false, "lang": "en"}