{"created_at": "Sun Jul 17 23:24:47 +0000 2016", "id": 754819164527730688, "id_str": "754819164527730688", "text": "Mike Pence: \u201cAllowing Rape Victims To Have Abortions Will Lead To Women Trying To Get Raped\u201d https://t.co/voVTvpfBMl", "truncated": false, "entities": {"hashtags": [], "symbols": [], "user_mentions": [], "urls": [{"url": "https://t.co/voVTvpfBMl", "expanded_url": "http://fb.me/4KRkPTJQJ", "display_url": "fb.me/4KRkPTJQJ", "indices": [93, 116]}]}, "source": "<a href=\"http://www.facebook.com/twitter\" rel=\"nofollow\">Facebook</a>", "in_reply_to_status_id": null, "in_reply_to_status_id_str": null, "in_reply_to_user_id": null, "in_reply_to_user_id_str": null, "in_reply_to_screen_name": null, "user": {"id": 2272004887, "id_str": "2272004887", "name": "Robin Van Velzen", "screen_name": "harpy1us", "location": "", "description": "", "url": null, "entities": {"description": {"urls": []}}, "protected": false, "followers_count": 74, "friends_count": 281, "listed_count": 0, "created_at": "Wed Jan 01 19:15:55 +0000 2014", "favourites_count": 18, "utc_offset": null, "time_zone": null, "geo_enabled": true, "verified": false, "statuses_count": 29278, "lang": null, "contributors_enabled": false, "is_translator": false, "is_translation_enabled": false, "profile_background_color": "C0DEED", "profile_background_image_url": "http://abs.twimg.com/images/themes/theme1/bg.png", "profile_background_image_url_https": "https://abs.twimg.com/images/themes/theme1/bg.png", "profile_background_tile": false, "profile_image_url": "http://pbs.twimg.com/profile_images/857991610331783168/y5BXQC1i_normal.jpg", "profile_image_url_https": "https://pbs.twimg.com/profile_images/857991610331783168/y5BXQC1i_normal.jpg", "profile_link_color": "1DA1F2", "profile_sidebar_border_color": "C0DEED", "profile_sidebar_fill_color": "DDEEF6", "profile_text_color": "333333", "profile_use_background_image": true, "has_extended_profile": false, "default_profile": true, "default_profile_image": false, "following": false, "follow_request_sent": false, "notifications": false, "translator_type": "none", "withheld_in_countries": []}, "geo": null, "coordinates": null, "place": null, "contributors": null, "is_quote_status": false, "retweet_count": 0, "favorite_count": 0, "favorited": false, "retweeted": false, "possibly_sensitive": false, "lang": "en"}