{"created_at": "Mon Jul 18 10:02:50 +0000 2016", "id": 754979734950260737, "id_str": "754979734950260737", "text": "Mike Pence: \u201cAllowing Rape Victims To Have Abortions Will Lead To Women Trying To Get Raped\u201d https://t.co/awx9FKB3Ws", "truncated": false, "entities": {"hashtags": [], "symbols": [], "user_mentions": [], "urls": [{"url": "https://t.co/awx9FKB3Ws", "expanded_url": "http://fb.me/1edIJBA1J", "display_url": "fb.me/1edIJBA1J", "indices": [93, 116]}]}, "source": "<a href=\"http://www.facebook.com/twitter\" rel=\"nofollow\">Facebook</a>", "in_reply_to_status_id": null, "in_reply_to_status_id_str": null, "in_reply_to_user_id": null, "in_reply_to_user_id_str": null, "in_reply_to_screen_name": null, "user": {"id": 16478651, "id_str": "16478651", "name": "Michael Golojuch Jr", "screen_name": "mgolojuch", "location": "Kapolei, Hawaii", "description": "I am chair of the LGBT Caucus of the Democratic Party of Hawaii! We have to take a stand to make a difference!", "url": null, "entities": {"description": {"urls": []}}, "protected": false, "followers_count": 757, "friends_count": 785, "listed_count": 28, "created_at": "Sat Sep 27 01:08:52 +0000 2008", "favourites_count": 16294, "utc_offset": null, "time_zone": null, "geo_enabled": true, "verified": false, "statuses_count": 83954, "lang": null, "contributors_enabled": false, "is_translator": false, "is_translation_enabled": false, "profile_background_color": "642D8B", "profile_background_image_url": "http://abs.twimg.com/images/themes/theme10/bg.gif", "profile_background_image_url_https": "https://abs.twimg.com/images/themes/theme10/bg.gif", "profile_background_tile": true, "profile_image_url": "http://pbs.twimg.com/profile_images/1060374777204862976/PUbqY2t8_normal.jpg", "profile_image_url_https": "https://pbs.twimg.com/profile_images/1060374777204862976/PUbqY2t8_normal.jpg", "profile_banner_url": "https://pbs.twimg.com/profile_banners/16478651/1571308880", "profile_link_color": "FF0000", "profile_sidebar_border_color": "65B0DA", "profile_sidebar_fill_color": "7AC3EE", "profile_text_color": "3D1957", "profile_use_background_image": true, "has_extended_profile": true, "default_profile": false, "default_profile_image": false, "following": false, "follow_request_sent": false, "notifications": false, "translator_type": "none", "withheld_in_countries": []}, "geo": null, "coordinates": null, "place": null, "contributors": null, "is_quote_status": false, "retweet_count": 0, "favorite_count": 0, "favorited": false, "retweeted": false, "possibly_sensitive": false, "lang": "en"}