{"created_at": "Mon Jul 18 10:48:30 +0000 2016", "id": 754991228123357189, "id_str": "754991228123357189", "text": "Mike Pence: \u201cAllowing Rape Victims To Have Abortions Will Lead To Women Trying To Get Raped\u201d https://t.co/HWHoNeE9up", "truncated": false, "entities": {"hashtags": [], "symbols": [], "user_mentions": [], "urls": [{"url": "https://t.co/HWHoNeE9up", "expanded_url": "http://fb.me/86hmGMlRG", "display_url": "fb.me/86hmGMlRG", "indices": [93, 116]}]}, "source": "<a href=\"http://www.facebook.com/twitter\" rel=\"nofollow\">Facebook</a>", "in_reply_to_status_id": null, "in_reply_to_status_id_str": null, "in_reply_to_user_id": null, "in_reply_to_user_id_str": null, "in_reply_to_screen_name": null, "user": {"id": 2698952972, "id_str": "2698952972", "name": "Damien Marie AtHope", "screen_name": "AthopeMarie", "location": "Seattle Washington", "description": "Damien is a axiological atheist advocating for Science, Rationalism, Atheism, Anti-theism, Anti-religionism, Secular Humanism, LGBT, Race, & Class equality.", "url": "https://t.co/LUvHCcWfSp", "entities": {"url": {"urls": [{"url": "https://t.co/LUvHCcWfSp", "expanded_url": "https://www.youtube.com/channel/UCLVQU-FGzbPBFsnfRm5b-hQ", "display_url": "youtube.com/channel/UCLVQU\u2026", "indices": [0, 23]}]}, "description": {"urls": []}}, "protected": false, "followers_count": 256, "friends_count": 0, "listed_count": 17, "created_at": "Fri Aug 01 18:43:54 +0000 2014", "favourites_count": 27, "utc_offset": null, "time_zone": null, "geo_enabled": true, "verified": false, "statuses_count": 115574, "lang": null, "contributors_enabled": false, "is_translator": false, "is_translation_enabled": false, "profile_background_color": "000000", "profile_background_image_url": "http://abs.twimg.com/images/themes/theme1/bg.png", "profile_background_image_url_https": "https://abs.twimg.com/images/themes/theme1/bg.png", "profile_background_tile": false, "profile_image_url": "http://pbs.twimg.com/profile_images/495278920020029442/oOANZYBK_normal.jpeg", "profile_image_url_https": "https://pbs.twimg.com/profile_images/495278920020029442/oOANZYBK_normal.jpeg", "profile_banner_url": "https://pbs.twimg.com/profile_banners/2698952972/1428709895", "profile_link_color": "DD2E44", "profile_sidebar_border_color": "000000", "profile_sidebar_fill_color": "000000", "profile_text_color": "000000", "profile_use_background_image": false, "has_extended_profile": false, "default_profile": false, "default_profile_image": false, "following": false, "follow_request_sent": false, "notifications": false, "translator_type": "none", "withheld_in_countries": []}, "geo": null, "coordinates": null, "place": null, "contributors": null, "is_quote_status": false, "retweet_count": 0, "favorite_count": 0, "favorited": false, "retweeted": false, "possibly_sensitive": false, "lang": "en"}