{"created_at": "Mon Jul 18 09:08:27 +0000 2016", "id": 754966050689708032, "id_str": "754966050689708032", "text": "Mike Pence: \u201cAllowing Rape Victims To Have Abortions Will Lead To Women Trying To Get Raped\u201d https://t.co/qaFHWeFTLk via @TheNewslo", "truncated": false, "entities": {"hashtags": [], "symbols": [], "user_mentions": [{"screen_name": "TheNewslo", "name": "Newslo", "id": 393693452, "id_str": "393693452", "indices": [121, 131]}], "urls": [{"url": "https://t.co/qaFHWeFTLk", "expanded_url": "http://politicops.com/mike-pence-allowing-rape-victims-abortions-will-lead-women-trying-get-raped/", "display_url": "politicops.com/mike-pence-all\u2026", "indices": [93, 116]}]}, "source": "<a href=\"http://twitter.com\" rel=\"nofollow\">Twitter Web Client</a>", "in_reply_to_status_id": null, "in_reply_to_status_id_str": null, "in_reply_to_user_id": null, "in_reply_to_user_id_str": null, "in_reply_to_screen_name": null, "user": {"id": 336645113, "id_str": "336645113", "name": "RG9", "screen_name": "Rg9G", "location": "London", "description": "perpetual optimist with an astigmatism !", "url": null, "entities": {"description": {"urls": []}}, "protected": false, "followers_count": 120, "friends_count": 480, "listed_count": 14, "created_at": "Sat Jul 16 17:11:18 +0000 2011", "favourites_count": 15280, "utc_offset": null, "time_zone": null, "geo_enabled": true, "verified": false, "statuses_count": 14109, "lang": null, "contributors_enabled": false, "is_translator": false, "is_translation_enabled": false, "profile_background_color": "0099B9", "profile_background_image_url": "http://abs.twimg.com/images/themes/theme4/bg.gif", "profile_background_image_url_https": "https://abs.twimg.com/images/themes/theme4/bg.gif", "profile_background_tile": false, "profile_image_url": "http://pbs.twimg.com/profile_images/729643495363842048/OvFpyrLQ_normal.jpg", "profile_image_url_https": "https://pbs.twimg.com/profile_images/729643495363842048/OvFpyrLQ_normal.jpg", "profile_banner_url": "https://pbs.twimg.com/profile_banners/336645113/1462091015", "profile_link_color": "0099B9", "profile_sidebar_border_color": "5ED4DC", "profile_sidebar_fill_color": "95E8EC", "profile_text_color": "3C3940", "profile_use_background_image": true, "has_extended_profile": true, "default_profile": false, "default_profile_image": false, "following": false, "follow_request_sent": false, "notifications": false, "translator_type": "none", "withheld_in_countries": []}, "geo": null, "coordinates": null, "place": null, "contributors": null, "is_quote_status": false, "retweet_count": 0, "favorite_count": 0, "favorited": false, "retweeted": false, "possibly_sensitive": false, "lang": "en"}