{"created_at": "Mon Jul 18 05:20:13 +0000 2016", "id": 754908610950471680, "id_str": "754908610950471680", "text": "Mike Pence: \u201cAllowing Rape Victims To Have Abortions Will Lead To Women Trying To Get Raped\u201d https://t.co/uyF8XiXy04", "truncated": false, "entities": {"hashtags": [], "symbols": [], "user_mentions": [], "urls": [{"url": "https://t.co/uyF8XiXy04", "expanded_url": "http://fb.me/1pCnYP0jp", "display_url": "fb.me/1pCnYP0jp", "indices": [93, 116]}]}, "source": "<a href=\"http://www.facebook.com/twitter\" rel=\"nofollow\">Facebook</a>", "in_reply_to_status_id": null, "in_reply_to_status_id_str": null, "in_reply_to_user_id": null, "in_reply_to_user_id_str": null, "in_reply_to_screen_name": null, "user": {"id": 78483271, "id_str": "78483271", "name": "Sheri proctor", "screen_name": "Sheriproctor", "location": "Boulder, Colorado", "description": "Board Member, Gender Identity Center of Colorado Spokes Council member RMPJC, ED American Rainbow Foundation, Trans* activist and supporter", "url": "http://t.co/S2x4HCPwMf", "entities": {"url": {"urls": [{"url": "http://t.co/S2x4HCPwMf", "expanded_url": "http://gicofcolo.org", "display_url": "gicofcolo.org", "indices": [0, 22]}]}, "description": {"urls": []}}, "protected": false, "followers_count": 67, "friends_count": 0, "listed_count": 18, "created_at": "Wed Sep 30 02:00:01 +0000 2009", "favourites_count": 132, "utc_offset": null, "time_zone": null, "geo_enabled": false, "verified": false, "statuses_count": 73826, "lang": null, "contributors_enabled": false, "is_translator": false, "is_translation_enabled": false, "profile_background_color": "C0DEED", "profile_background_image_url": "http://abs.twimg.com/images/themes/theme1/bg.png", "profile_background_image_url_https": "https://abs.twimg.com/images/themes/theme1/bg.png", "profile_background_tile": false, "profile_image_url": "http://pbs.twimg.com/profile_images/450634982050914304/wQbiJ5iL_normal.jpeg", "profile_image_url_https": "https://pbs.twimg.com/profile_images/450634982050914304/wQbiJ5iL_normal.jpeg", "profile_banner_url": "https://pbs.twimg.com/profile_banners/78483271/1396275272", "profile_link_color": "0084B4", "profile_sidebar_border_color": "FFFFFF", "profile_sidebar_fill_color": "DDEEF6", "profile_text_color": "333333", "profile_use_background_image": true, "has_extended_profile": false, "default_profile": false, "default_profile_image": false, "following": false, "follow_request_sent": false, "notifications": false, "translator_type": "none", "withheld_in_countries": []}, "geo": null, "coordinates": null, "place": null, "contributors": null, "is_quote_status": false, "retweet_count": 0, "favorite_count": 0, "favorited": false, "retweeted": false, "possibly_sensitive": false, "lang": "en"}