{"created_at": "Mon Jul 18 09:19:37 +0000 2016", "id": 754968860227411968, "id_str": "754968860227411968", "text": "Mike Pence: \u201cAllowing Rape Victims To Have Abortions Will Lead To Women Trying To Get Raped\u201d https://t.co/kkN2OmsCwQ", "truncated": false, "entities": {"hashtags": [], "symbols": [], "user_mentions": [], "urls": [{"url": "https://t.co/kkN2OmsCwQ", "expanded_url": "http://fb.me/2JfO99DQ4", "display_url": "fb.me/2JfO99DQ4", "indices": [93, 116]}]}, "source": "<a href=\"http://www.facebook.com/twitter\" rel=\"nofollow\">Facebook</a>", "in_reply_to_status_id": null, "in_reply_to_status_id_str": null, "in_reply_to_user_id": null, "in_reply_to_user_id_str": null, "in_reply_to_screen_name": null, "user": {"id": 385400572, "id_str": "385400572", "name": "dreadgoddess", "screen_name": "dreadgoddess", "location": "nh newport", "description": "dreadgoddess on etsy, tumblr, and ella larose on facebook. Creator of wool art dreads!", "url": null, "entities": {"description": {"urls": []}}, "protected": false, "followers_count": 155, "friends_count": 8, "listed_count": 0, "created_at": "Wed Oct 05 12:49:22 +0000 2011", "favourites_count": 0, "utc_offset": null, "time_zone": null, "geo_enabled": false, "verified": false, "statuses_count": 33725, "lang": null, "contributors_enabled": false, "is_translator": false, "is_translation_enabled": false, "profile_background_color": "352726", "profile_background_image_url": "http://abs.twimg.com/images/themes/theme5/bg.gif", "profile_background_image_url_https": "https://abs.twimg.com/images/themes/theme5/bg.gif", "profile_background_tile": false, "profile_image_url": "http://pbs.twimg.com/profile_images/1573787978/peacock_dread_set_normal.jpg", "profile_image_url_https": "https://pbs.twimg.com/profile_images/1573787978/peacock_dread_set_normal.jpg", "profile_link_color": "D02B55", "profile_sidebar_border_color": "829D5E", "profile_sidebar_fill_color": "99CC33", "profile_text_color": "3E4415", "profile_use_background_image": true, "has_extended_profile": false, "default_profile": false, "default_profile_image": false, "following": false, "follow_request_sent": false, "notifications": false, "translator_type": "none", "withheld_in_countries": []}, "geo": null, "coordinates": null, "place": null, "contributors": null, "is_quote_status": false, "retweet_count": 0, "favorite_count": 0, "favorited": false, "retweeted": false, "possibly_sensitive": false, "lang": "en"}