{"created_at": "Mon Jul 18 07:56:36 +0000 2016", "id": 754947968634015744, "id_str": "754947968634015744", "text": "Mike Pence: \u201cAllowing Rape Victims To Have Abortions Will Lead To Women Trying To Get Raped\u201d https://t.co/RLSJ2ScnP7", "truncated": false, "entities": {"hashtags": [], "symbols": [], "user_mentions": [], "urls": [{"url": "https://t.co/RLSJ2ScnP7", "expanded_url": "http://fb.me/7bbQ8gZL0", "display_url": "fb.me/7bbQ8gZL0", "indices": [93, 116]}]}, "source": "<a href=\"http://www.facebook.com/twitter\" rel=\"nofollow\">Facebook</a>", "in_reply_to_status_id": null, "in_reply_to_status_id_str": null, "in_reply_to_user_id": null, "in_reply_to_user_id_str": null, "in_reply_to_screen_name": null, "user": {"id": 2300339792, "id_str": "2300339792", "name": "Grr Galtovic", "screen_name": "Grr_Galtovic", "location": "Swanville, MN", "description": "'Because it still hasn't gotten weird enough for me.'", "url": null, "entities": {"description": {"urls": []}}, "protected": false, "followers_count": 121, "friends_count": 338, "listed_count": 3, "created_at": "Sun Jan 19 21:14:23 +0000 2014", "favourites_count": 93, "utc_offset": null, "time_zone": null, "geo_enabled": false, "verified": false, "statuses_count": 9073, "lang": null, "contributors_enabled": false, "is_translator": false, "is_translation_enabled": false, "profile_background_color": "000000", "profile_background_image_url": "http://abs.twimg.com/images/themes/theme9/bg.gif", "profile_background_image_url_https": "https://abs.twimg.com/images/themes/theme9/bg.gif", "profile_background_tile": false, "profile_image_url": "http://pbs.twimg.com/profile_images/1330302194088865792/vUVHlSdk_normal.jpg", "profile_image_url_https": "https://pbs.twimg.com/profile_images/1330302194088865792/vUVHlSdk_normal.jpg", "profile_banner_url": "https://pbs.twimg.com/profile_banners/2300339792/1606003779", "profile_link_color": "19CF86", "profile_sidebar_border_color": "000000", "profile_sidebar_fill_color": "000000", "profile_text_color": "000000", "profile_use_background_image": false, "has_extended_profile": true, "default_profile": false, "default_profile_image": false, "following": false, "follow_request_sent": false, "notifications": false, "translator_type": "none", "withheld_in_countries": []}, "geo": null, "coordinates": null, "place": null, "contributors": null, "is_quote_status": false, "retweet_count": 0, "favorite_count": 0, "favorited": false, "retweeted": false, "possibly_sensitive": true, "lang": "en"}