{"created_at": "Mon Jul 18 16:12:44 +0000 2016", "id": 755072822565896192, "id_str": "755072822565896192", "text": "Mike Pence: 'Allowing Rape Victims to Have Abortions Will Lead to Women Trying to Get Raped' https://t.co/tSTHXAocZr #NOTMYCANDIDATE", "truncated": false, "entities": {"hashtags": [{"text": "NOTMYCANDIDATE", "indices": [117, 132]}], "symbols": [], "user_mentions": [], "urls": [{"url": "https://t.co/tSTHXAocZr", "expanded_url": "http://www.snopes.com/mike-pence-allowing-rape-victims-to-have-abortions-will-lead-to-women-trying-to-get-raped/", "display_url": "snopes.com/mike-pence-all\u2026", "indices": [93, 116]}]}, "source": "<a href=\"http://mobile.twitter.com\" rel=\"nofollow\">Mobile Web</a>", "in_reply_to_status_id": null, "in_reply_to_status_id_str": null, "in_reply_to_user_id": null, "in_reply_to_user_id_str": null, "in_reply_to_screen_name": null, "user": {"id": 1941838434, "id_str": "1941838434", "name": "Laura Sue", "screen_name": "lf_aunt", "location": "Poughkeepsie, NY", "description": "Former lesser-known stand up comedian, writer-in-training, NY sports fan, lover of cruises, theater & good music; good friend/pet lover. Oh, and tax-prep, too.", "url": null, "entities": {"description": {"urls": []}}, "protected": false, "followers_count": 195, "friends_count": 1663, "listed_count": 1, "created_at": "Sun Oct 06 19:44:57 +0000 2013", "favourites_count": 24807, "utc_offset": null, "time_zone": null, "geo_enabled": true, "verified": false, "statuses_count": 7139, "lang": null, "contributors_enabled": false, "is_translator": false, "is_translation_enabled": false, "profile_background_color": "C0DEED", "profile_background_image_url": "http://abs.twimg.com/images/themes/theme1/bg.png", "profile_background_image_url_https": "https://abs.twimg.com/images/themes/theme1/bg.png", "profile_background_tile": false, "profile_image_url": "http://pbs.twimg.com/profile_images/1385425108303548416/AMlFOw9-_normal.jpg", "profile_image_url_https": "https://pbs.twimg.com/profile_images/1385425108303548416/AMlFOw9-_normal.jpg", "profile_banner_url": "https://pbs.twimg.com/profile_banners/1941838434/1488421993", "profile_link_color": "1DA1F2", "profile_sidebar_border_color": "C0DEED", "profile_sidebar_fill_color": "DDEEF6", "profile_text_color": "333333", "profile_use_background_image": true, "has_extended_profile": true, "default_profile": true, "default_profile_image": false, "following": false, "follow_request_sent": false, "notifications": false, "translator_type": "none", "withheld_in_countries": []}, "geo": null, "coordinates": null, "place": null, "contributors": null, "is_quote_status": false, "retweet_count": 0, "favorite_count": 0, "favorited": false, "retweeted": false, "possibly_sensitive": false, "lang": "en"}