{"created_at": "Mon Jul 18 16:18:28 +0000 2016", "id": 755074265909760001, "id_str": "755074265909760001", "text": "Mike Pence: \u201cAllowing Rape Victims To Have Abortions Will Lead To Women Trying To Get Raped\u201d https://t.co/RbqFEzlUip via @TheNewslo", "truncated": false, "entities": {"hashtags": [], "symbols": [], "user_mentions": [{"screen_name": "TheNewslo", "name": "Newslo", "id": 393693452, "id_str": "393693452", "indices": [121, 131]}], "urls": [{"url": "https://t.co/RbqFEzlUip", "expanded_url": "http://politicops.com/mike-pence-allowing-rape-victims-abortions-will-lead-women-trying-get-raped/", "display_url": "politicops.com/mike-pence-all\u2026", "indices": [93, 116]}]}, "source": "<a href=\"http://twitter.com\" rel=\"nofollow\">Twitter Web Client</a>", "in_reply_to_status_id": null, "in_reply_to_status_id_str": null, "in_reply_to_user_id": null, "in_reply_to_user_id_str": null, "in_reply_to_screen_name": null, "user": {"id": 124059210, "id_str": "124059210", "name": "Wanda Always Black #5", "screen_name": "wandar1of5", "location": "New Orleans", "description": "NMP", "url": "https://t.co/n6aSfbtLd3", "entities": {"url": {"urls": [{"url": "https://t.co/n6aSfbtLd3", "expanded_url": "https://www.buzzfeed.com/nicholasquah/heres-a-timeline-of-unarmed-black-men-killed-by-police-over?ut", "display_url": "buzzfeed.com/nicholasquah/h\u2026", "indices": [0, 23]}]}, "description": {"urls": []}}, "protected": false, "followers_count": 1022, "friends_count": 2415, "listed_count": 25, "created_at": "Thu Mar 18 03:57:25 +0000 2010", "favourites_count": 163888, "utc_offset": null, "time_zone": null, "geo_enabled": false, "verified": false, "statuses_count": 142206, "lang": null, "contributors_enabled": false, "is_translator": false, "is_translation_enabled": false, "profile_background_color": "000000", "profile_background_image_url": "http://abs.twimg.com/images/themes/theme1/bg.png", "profile_background_image_url_https": "https://abs.twimg.com/images/themes/theme1/bg.png", "profile_background_tile": false, "profile_image_url": "http://pbs.twimg.com/profile_images/1357775549364645891/zBKc6YNc_normal.jpg", "profile_image_url_https": "https://pbs.twimg.com/profile_images/1357775549364645891/zBKc6YNc_normal.jpg", "profile_banner_url": "https://pbs.twimg.com/profile_banners/124059210/1517546968", "profile_link_color": "ABB8C2", "profile_sidebar_border_color": "000000", "profile_sidebar_fill_color": "000000", "profile_text_color": "000000", "profile_use_background_image": false, "has_extended_profile": false, "default_profile": false, "default_profile_image": false, "following": false, "follow_request_sent": false, "notifications": false, "translator_type": "none", "withheld_in_countries": []}, "geo": null, "coordinates": null, "place": null, "contributors": null, "is_quote_status": false, "retweet_count": 1, "favorite_count": 1, "favorited": false, "retweeted": false, "possibly_sensitive": false, "lang": "en"}