{"created_at": "Mon Jul 18 17:15:16 +0000 2016", "id": 755088561658011649, "id_str": "755088561658011649", "text": "Mike Pence: \u201cAllowing Rape Victims To Have Abortions Will Lead To Women Trying To Get Raped\u201d (cont) https://t.co/De6BcMVlCf", "truncated": false, "entities": {"hashtags": [], "symbols": [], "user_mentions": [], "urls": [{"url": "https://t.co/De6BcMVlCf", "expanded_url": "http://tl.gd/nmllp2", "display_url": "tl.gd/nmllp2", "indices": [100, 123]}]}, "source": "<a href=\"https://onloft.com/tweetlogix\" rel=\"nofollow\">Tweetlogix</a>", "in_reply_to_status_id": null, "in_reply_to_status_id_str": null, "in_reply_to_user_id": null, "in_reply_to_user_id_str": null, "in_reply_to_screen_name": null, "user": {"id": 170903137, "id_str": "170903137", "name": "Lynn Glace", "screen_name": "Lyn_Michel", "location": "", "description": "\u201cit is a serious thing // just to be alive / on this fresh morning / in this broken world.\u201d Mary Oliver", "url": null, "entities": {"description": {"urls": []}}, "protected": false, "followers_count": 1235, "friends_count": 1212, "listed_count": 32, "created_at": "Mon Jul 26 02:16:44 +0000 2010", "favourites_count": 1254, "utc_offset": null, "time_zone": null, "geo_enabled": false, "verified": false, "statuses_count": 9613, "lang": null, "contributors_enabled": false, "is_translator": false, "is_translation_enabled": false, "profile_background_color": "0F0A02", "profile_background_image_url": "http://abs.twimg.com/images/themes/theme3/bg.gif", "profile_background_image_url_https": "https://abs.twimg.com/images/themes/theme3/bg.gif", "profile_background_tile": true, "profile_image_url": "http://pbs.twimg.com/profile_images/599290881032724481/6Sd-D6EG_normal.jpg", "profile_image_url_https": "https://pbs.twimg.com/profile_images/599290881032724481/6Sd-D6EG_normal.jpg", "profile_banner_url": "https://pbs.twimg.com/profile_banners/170903137/1502826070", "profile_link_color": "473623", "profile_sidebar_border_color": "FFFFFF", "profile_sidebar_fill_color": "171106", "profile_text_color": "8A7302", "profile_use_background_image": true, "has_extended_profile": false, "default_profile": false, "default_profile_image": false, "following": false, "follow_request_sent": false, "notifications": false, "translator_type": "none", "withheld_in_countries": []}, "geo": null, "coordinates": null, "place": null, "contributors": null, "is_quote_status": false, "retweet_count": 0, "favorite_count": 0, "favorited": false, "retweeted": false, "possibly_sensitive": false, "lang": "en"}