{"created_at": "Mon Jul 18 11:55:22 +0000 2016", "id": 755008057571024898, "id_str": "755008057571024898", "text": "Mike Pence: \u201cAllowing Rape Victims To Have Abortions Will Lead To Women Trying To Get Raped\u201d https://t.co/CaKJlGCHpS", "truncated": false, "entities": {"hashtags": [], "symbols": [], "user_mentions": [], "urls": [{"url": "https://t.co/CaKJlGCHpS", "expanded_url": "http://fb.me/5IbXPU0g9", "display_url": "fb.me/5IbXPU0g9", "indices": [93, 116]}]}, "source": "<a href=\"http://www.facebook.com/twitter\" rel=\"nofollow\">Facebook</a>", "in_reply_to_status_id": null, "in_reply_to_status_id_str": null, "in_reply_to_user_id": null, "in_reply_to_user_id_str": null, "in_reply_to_screen_name": null, "user": {"id": 18262268, "id_str": "18262268", "name": "7HL", "screen_name": "7HL", "location": "Bell, FL", "description": "Gary LaBelle", "url": "https://t.co/bXSLvZLNHr", "entities": {"url": {"urls": [{"url": "https://t.co/bXSLvZLNHr", "expanded_url": "http://garylabelle.com", "display_url": "garylabelle.com", "indices": [0, 23]}]}, "description": {"urls": []}}, "protected": false, "followers_count": 260, "friends_count": 1984, "listed_count": 13, "created_at": "Sat Dec 20 05:55:59 +0000 2008", "favourites_count": 1573, "utc_offset": null, "time_zone": null, "geo_enabled": true, "verified": false, "statuses_count": 44946, "lang": null, "contributors_enabled": false, "is_translator": false, "is_translation_enabled": false, "profile_background_color": "EEE9C6", "profile_background_image_url": "http://abs.twimg.com/images/themes/theme9/bg.gif", "profile_background_image_url_https": "https://abs.twimg.com/images/themes/theme9/bg.gif", "profile_background_tile": true, "profile_image_url": "http://pbs.twimg.com/profile_images/1223998820725424128/PY0-U4uy_normal.jpg", "profile_image_url_https": "https://pbs.twimg.com/profile_images/1223998820725424128/PY0-U4uy_normal.jpg", "profile_banner_url": "https://pbs.twimg.com/profile_banners/18262268/1580659035", "profile_link_color": "981CEB", "profile_sidebar_border_color": "EEC6D6", "profile_sidebar_fill_color": "D5D7D7", "profile_text_color": "663B12", "profile_use_background_image": true, "has_extended_profile": true, "default_profile": false, "default_profile_image": false, "following": false, "follow_request_sent": false, "notifications": false, "translator_type": "none", "withheld_in_countries": []}, "geo": null, "coordinates": null, "place": null, "contributors": null, "is_quote_status": false, "retweet_count": 0, "favorite_count": 0, "favorited": false, "retweeted": false, "possibly_sensitive": false, "lang": "en"}