{"created_at": "Mon Jul 18 15:37:02 +0000 2016", "id": 755063838043672576, "id_str": "755063838043672576", "text": "Mike Pence: \u201cAllowing Rape Victims To Have Abortions Will Lead To Women Trying To Get Raped\u201d https://t.co/z2XMDijtw3 via @TheNewslo", "truncated": false, "entities": {"hashtags": [], "symbols": [], "user_mentions": [{"screen_name": "TheNewslo", "name": "Newslo", "id": 393693452, "id_str": "393693452", "indices": [121, 131]}], "urls": [{"url": "https://t.co/z2XMDijtw3", "expanded_url": "http://politicops.com/mike-pence-allowing-rape-victims-abortions-will-lead-women-trying-get-raped/", "display_url": "politicops.com/mike-pence-all\u2026", "indices": [93, 116]}]}, "source": "<a href=\"http://mobile.twitter.com\" rel=\"nofollow\">Mobile Web</a>", "in_reply_to_status_id": null, "in_reply_to_status_id_str": null, "in_reply_to_user_id": null, "in_reply_to_user_id_str": null, "in_reply_to_screen_name": null, "user": {"id": 2873876650, "id_str": "2873876650", "name": "Jackie Camacho", "screen_name": "javkie_jackie", "location": "New York, USA", "description": "", "url": null, "entities": {"description": {"urls": []}}, "protected": false, "followers_count": 69, "friends_count": 307, "listed_count": 9, "created_at": "Wed Nov 12 15:25:52 +0000 2014", "favourites_count": 7683, "utc_offset": null, "time_zone": null, "geo_enabled": true, "verified": false, "statuses_count": 19813, "lang": null, "contributors_enabled": false, "is_translator": false, "is_translation_enabled": false, "profile_background_color": "C0DEED", "profile_background_image_url": "http://abs.twimg.com/images/themes/theme1/bg.png", "profile_background_image_url_https": "https://abs.twimg.com/images/themes/theme1/bg.png", "profile_background_tile": false, "profile_image_url": "http://pbs.twimg.com/profile_images/558533550740635649/-FCTIMGT_normal.jpeg", "profile_image_url_https": "https://pbs.twimg.com/profile_images/558533550740635649/-FCTIMGT_normal.jpeg", "profile_banner_url": "https://pbs.twimg.com/profile_banners/2873876650/1434386411", "profile_link_color": "1DA1F2", "profile_sidebar_border_color": "C0DEED", "profile_sidebar_fill_color": "DDEEF6", "profile_text_color": "333333", "profile_use_background_image": true, "has_extended_profile": false, "default_profile": true, "default_profile_image": false, "following": false, "follow_request_sent": false, "notifications": false, "translator_type": "none", "withheld_in_countries": []}, "geo": null, "coordinates": null, "place": null, "contributors": null, "is_quote_status": false, "retweet_count": 0, "favorite_count": 0, "favorited": false, "retweeted": false, "possibly_sensitive": false, "lang": "en"}