{"created_at": "Mon Jul 18 17:07:58 +0000 2016", "id": 755086724976504833, "id_str": "755086724976504833", "text": "OMG! Mike Pence: \u201cAllowing Rape Victims To Have Abortions Will Lead To Women Trying To Get Raped\u201d https://t.co/FO4xj0963p", "truncated": false, "entities": {"hashtags": [], "symbols": [], "user_mentions": [], "urls": [{"url": "https://t.co/FO4xj0963p", "expanded_url": "http://politicops.com/mike-pence-allowing-rape-victims-abortions-will-lead-women-trying-get-raped/", "display_url": "politicops.com/mike-pence-all\u2026", "indices": [98, 121]}]}, "source": "<a href=\"http://twitter.com\" rel=\"nofollow\">Twitter Web Client</a>", "in_reply_to_status_id": null, "in_reply_to_status_id_str": null, "in_reply_to_user_id": null, "in_reply_to_user_id_str": null, "in_reply_to_screen_name": null, "user": {"id": 27136084, "id_str": "27136084", "name": "Genevi\u00e8ve", "screen_name": "GenofMontreal", "location": "Montreal, Quebec", "description": "G\u00e9n\u00e9ration Passe-Partout v1.0. Sarcastique, pessimiste- optimiste. Ath\u00e9e. Marcheuse:1800 km sur les chemins de Compostelle. Scotch et vin rouge. #GoHabsGo", "url": "https://t.co/UVwWMX3i5r", "entities": {"url": {"urls": [{"url": "https://t.co/UVwWMX3i5r", "expanded_url": "https://plus.google.com/photos/104626310998545351340/albums/5629027378521447281", "display_url": "plus.google.com/photos/1046263\u2026", "indices": [0, 23]}]}, "description": {"urls": []}}, "protected": false, "followers_count": 244, "friends_count": 325, "listed_count": 0, "created_at": "Sat Mar 28 00:17:22 +0000 2009", "favourites_count": 34248, "utc_offset": null, "time_zone": null, "geo_enabled": true, "verified": false, "statuses_count": 31928, "lang": null, "contributors_enabled": false, "is_translator": false, "is_translation_enabled": false, "profile_background_color": "3B94D9", "profile_background_image_url": "http://abs.twimg.com/images/themes/theme5/bg.gif", "profile_background_image_url_https": "https://abs.twimg.com/images/themes/theme5/bg.gif", "profile_background_tile": false, "profile_image_url": "http://pbs.twimg.com/profile_images/804137906608676864/VBZfekID_normal.jpg", "profile_image_url_https": "https://pbs.twimg.com/profile_images/804137906608676864/VBZfekID_normal.jpg", "profile_banner_url": "https://pbs.twimg.com/profile_banners/27136084/1480556345", "profile_link_color": "D02B55", "profile_sidebar_border_color": "000000", "profile_sidebar_fill_color": "000000", "profile_text_color": "000000", "profile_use_background_image": true, "has_extended_profile": true, "default_profile": false, "default_profile_image": false, "following": false, "follow_request_sent": false, "notifications": false, "translator_type": "none", "withheld_in_countries": []}, "geo": null, "coordinates": null, "place": null, "contributors": null, "is_quote_status": false, "retweet_count": 0, "favorite_count": 0, "favorited": false, "retweeted": false, "possibly_sensitive": false, "lang": "en"}