{"created_at": "Mon Jul 18 16:22:33 +0000 2016", "id": 755075295581908992, "id_str": "755075295581908992", "text": "Snopes- Mike Pence: 'Allowing Rape Victims to Have Abortions Will Lead to Women Trying to Get Raped' https://t.co/JTWjT1Vvf3", "truncated": false, "entities": {"hashtags": [], "symbols": [], "user_mentions": [], "urls": [{"url": "https://t.co/JTWjT1Vvf3", "expanded_url": "http://bit.ly/2a5ZBrf", "display_url": "bit.ly/2a5ZBrf", "indices": [101, 124]}]}, "source": "<a href=\"http://twitterfeed.com\" rel=\"nofollow\">twitterfeed</a>", "in_reply_to_status_id": null, "in_reply_to_status_id_str": null, "in_reply_to_user_id": null, "in_reply_to_user_id_str": null, "in_reply_to_screen_name": null, "user": {"id": 17042353, "id_str": "17042353", "name": "Headline Post", "screen_name": "headlinepost", "location": "Random", "description": "Random Headlines", "url": null, "entities": {"description": {"urls": []}}, "protected": false, "followers_count": 99, "friends_count": 13, "listed_count": 4, "created_at": "Wed Oct 29 14:35:02 +0000 2008", "favourites_count": 0, "utc_offset": null, "time_zone": null, "geo_enabled": false, "verified": false, "statuses_count": 19657, "lang": null, "contributors_enabled": false, "is_translator": false, "is_translation_enabled": false, "profile_background_color": "C0DEED", "profile_background_image_url": "http://abs.twimg.com/images/themes/theme1/bg.png", "profile_background_image_url_https": "https://abs.twimg.com/images/themes/theme1/bg.png", "profile_background_tile": false, "profile_image_url": "http://pbs.twimg.com/profile_images/63101611/headline_normal.jpg", "profile_image_url_https": "https://pbs.twimg.com/profile_images/63101611/headline_normal.jpg", "profile_link_color": "1DA1F2", "profile_sidebar_border_color": "C0DEED", "profile_sidebar_fill_color": "DDEEF6", "profile_text_color": "333333", "profile_use_background_image": true, "has_extended_profile": false, "default_profile": true, "default_profile_image": false, "following": false, "follow_request_sent": false, "notifications": false, "translator_type": "none", "withheld_in_countries": []}, "geo": null, "coordinates": null, "place": null, "contributors": null, "is_quote_status": false, "retweet_count": 0, "favorite_count": 0, "favorited": false, "retweeted": false, "possibly_sensitive": false, "lang": "en"}