{"created_at": "Mon Jul 18 16:22:32 +0000 2016", "id": 755075289424601088, "id_str": "755075289424601088", "text": "Snopes: Mike Pence: 'Allowing Rape Victims to Have Abortions Will Lead to Women Trying to Get Raped': Mike Pe... https://t.co/KnsK67KEse", "truncated": false, "entities": {"hashtags": [], "symbols": [], "user_mentions": [], "urls": [{"url": "https://t.co/KnsK67KEse", "expanded_url": "http://bit.ly/29OVUnv", "display_url": "bit.ly/29OVUnv", "indices": [113, 136]}]}, "source": "<a href=\"http://twitterfeed.com\" rel=\"nofollow\">twitterfeed</a>", "in_reply_to_status_id": null, "in_reply_to_status_id_str": null, "in_reply_to_user_id": null, "in_reply_to_user_id_str": null, "in_reply_to_screen_name": null, "user": {"id": 16669742, "id_str": "16669742", "name": "Skeptic Network", "screen_name": "SkepNet", "location": "Everywhere", "description": "Let's make critical thinking easy (and fun).", "url": null, "entities": {"description": {"urls": []}}, "protected": false, "followers_count": 3510, "friends_count": 645, "listed_count": 232, "created_at": "Thu Oct 09 17:37:27 +0000 2008", "favourites_count": 3, "utc_offset": null, "time_zone": null, "geo_enabled": false, "verified": false, "statuses_count": 20464, "lang": null, "contributors_enabled": false, "is_translator": false, "is_translation_enabled": false, "profile_background_color": "000000", "profile_background_image_url": "http://abs.twimg.com/images/themes/theme1/bg.png", "profile_background_image_url_https": "https://abs.twimg.com/images/themes/theme1/bg.png", "profile_background_tile": true, "profile_image_url": "http://pbs.twimg.com/profile_images/90185083/fractile_sing_SN3_normal.jpg", "profile_image_url_https": "https://pbs.twimg.com/profile_images/90185083/fractile_sing_SN3_normal.jpg", "profile_banner_url": "https://pbs.twimg.com/profile_banners/16669742/1360552274", "profile_link_color": "B00B07", "profile_sidebar_border_color": "000000", "profile_sidebar_fill_color": "EBECEF", "profile_text_color": "15377E", "profile_use_background_image": true, "has_extended_profile": false, "default_profile": false, "default_profile_image": false, "following": false, "follow_request_sent": false, "notifications": false, "translator_type": "none", "withheld_in_countries": []}, "geo": null, "coordinates": null, "place": null, "contributors": null, "is_quote_status": false, "retweet_count": 0, "favorite_count": 0, "favorited": false, "retweeted": false, "possibly_sensitive": false, "lang": "en"}