{"created_at": "Mon Jul 18 14:16:18 +0000 2016", "id": 755043524102410240, "id_str": "755043524102410240", "text": "Mike Pence: \u201cAllowing Rape Victims To Have Abortions Will Lead To Women Trying To Get Raped\u201d https://t.co/swWCNFQfBI", "truncated": false, "entities": {"hashtags": [], "symbols": [], "user_mentions": [], "urls": [{"url": "https://t.co/swWCNFQfBI", "expanded_url": "http://fb.me/5uQ3zRm88", "display_url": "fb.me/5uQ3zRm88", "indices": [93, 116]}]}, "source": "<a href=\"http://www.facebook.com/twitter\" rel=\"nofollow\">Facebook</a>", "in_reply_to_status_id": null, "in_reply_to_status_id_str": null, "in_reply_to_user_id": null, "in_reply_to_user_id_str": null, "in_reply_to_screen_name": null, "user": {"id": 605373337, "id_str": "605373337", "name": "Dennis Calvin Loftis", "screen_name": "DennisCalvinLof", "location": "", "description": "Hairstylist", "url": null, "entities": {"description": {"urls": []}}, "protected": false, "followers_count": 2, "friends_count": 2, "listed_count": 0, "created_at": "Mon Jun 11 12:16:14 +0000 2012", "favourites_count": 2, "utc_offset": null, "time_zone": null, "geo_enabled": false, "verified": false, "statuses_count": 21785, "lang": null, "contributors_enabled": false, "is_translator": false, "is_translation_enabled": false, "profile_background_color": "C0DEED", "profile_background_image_url": "http://abs.twimg.com/images/themes/theme1/bg.png", "profile_background_image_url_https": "https://abs.twimg.com/images/themes/theme1/bg.png", "profile_background_tile": false, "profile_image_url": "http://pbs.twimg.com/profile_images/3727160797/18f720fb47e70368195ce13516cfffb6_normal.jpeg", "profile_image_url_https": "https://pbs.twimg.com/profile_images/3727160797/18f720fb47e70368195ce13516cfffb6_normal.jpeg", "profile_link_color": "1DA1F2", "profile_sidebar_border_color": "C0DEED", "profile_sidebar_fill_color": "DDEEF6", "profile_text_color": "333333", "profile_use_background_image": true, "has_extended_profile": true, "default_profile": true, "default_profile_image": false, "following": false, "follow_request_sent": false, "notifications": false, "translator_type": "none", "withheld_in_countries": []}, "geo": null, "coordinates": null, "place": null, "contributors": null, "is_quote_status": false, "retweet_count": 0, "favorite_count": 0, "favorited": false, "retweeted": false, "possibly_sensitive": false, "lang": "en"}