{"created_at": "Mon Jul 18 13:44:59 +0000 2016", "id": 755035641088503808, "id_str": "755035641088503808", "text": "Mike Pence: \u201cAllowing Rape Victims To Have Abortions Will Lead To Women Trying To Get Raped\u201d https://t.co/Z5anLQdNc8", "truncated": false, "entities": {"hashtags": [], "symbols": [], "user_mentions": [], "urls": [{"url": "https://t.co/Z5anLQdNc8", "expanded_url": "http://fb.me/GuBsJVIP", "display_url": "fb.me/GuBsJVIP", "indices": [93, 116]}]}, "source": "<a href=\"http://www.facebook.com/twitter\" rel=\"nofollow\">Facebook</a>", "in_reply_to_status_id": null, "in_reply_to_status_id_str": null, "in_reply_to_user_id": null, "in_reply_to_user_id_str": null, "in_reply_to_screen_name": null, "user": {"id": 35534269, "id_str": "35534269", "name": "All Things Tanya", "screen_name": "AllThingsTanya", "location": "Fayetteville, NC", "description": "Tanya Alkhaliq is a studious solopreneur and aspiring intersex business woman and life mentor to religious and non-religious entities across the United States.", "url": null, "entities": {"description": {"urls": []}}, "protected": false, "followers_count": 707, "friends_count": 1289, "listed_count": 20, "created_at": "Sun Apr 26 18:57:24 +0000 2009", "favourites_count": 462, "utc_offset": null, "time_zone": null, "geo_enabled": false, "verified": false, "statuses_count": 22145, "lang": null, "contributors_enabled": false, "is_translator": false, "is_translation_enabled": false, "profile_background_color": "001B52", "profile_background_image_url": "http://abs.twimg.com/images/themes/theme8/bg.gif", "profile_background_image_url_https": "https://abs.twimg.com/images/themes/theme8/bg.gif", "profile_background_tile": false, "profile_image_url": "http://pbs.twimg.com/profile_images/551259630215520256/IqMmgEs0_normal.png", "profile_image_url_https": "https://pbs.twimg.com/profile_images/551259630215520256/IqMmgEs0_normal.png", "profile_link_color": "FF6F00", "profile_sidebar_border_color": "FFFFFF", "profile_sidebar_fill_color": "452604", "profile_text_color": "E88905", "profile_use_background_image": true, "has_extended_profile": true, "default_profile": false, "default_profile_image": false, "following": false, "follow_request_sent": false, "notifications": false, "translator_type": "none", "withheld_in_countries": []}, "geo": null, "coordinates": null, "place": null, "contributors": null, "is_quote_status": false, "retweet_count": 0, "favorite_count": 0, "favorited": false, "retweeted": false, "possibly_sensitive": false, "lang": "en"}