{"created_at": "Mon Jul 18 15:51:15 +0000 2016", "id": 755067416237879296, "id_str": "755067416237879296", "text": "Mike Pence: 'Allowing Rape Victims to Have Abortions Will Lead to Women Trying to Get Raped' -\u2026 https://t.co/OKF5DepbMJ", "truncated": false, "entities": {"hashtags": [], "symbols": [], "user_mentions": [], "urls": [{"url": "https://t.co/OKF5DepbMJ", "expanded_url": "http://dlvr.it/LqX8fx", "display_url": "dlvr.it/LqX8fx", "indices": [96, 119]}]}, "source": "<a href=\"https://dlvrit.com/\" rel=\"nofollow\">dlvr.it</a>", "in_reply_to_status_id": null, "in_reply_to_status_id_str": null, "in_reply_to_user_id": null, "in_reply_to_user_id_str": null, "in_reply_to_screen_name": null, "user": {"id": 620463335, "id_str": "620463335", "name": "Women issues show", "screen_name": "Womenissuesshow", "location": "CANADA, Hamilton ", "description": "All the latest breaking news about Women issues", "url": null, "entities": {"description": {"urls": []}}, "protected": false, "followers_count": 2959, "friends_count": 3138, "listed_count": 57, "created_at": "Thu Jun 28 00:12:13 +0000 2012", "favourites_count": 0, "utc_offset": null, "time_zone": null, "geo_enabled": false, "verified": false, "statuses_count": 41130, "lang": null, "contributors_enabled": false, "is_translator": false, "is_translation_enabled": false, "profile_background_color": "000000", "profile_background_image_url": "http://abs.twimg.com/images/themes/theme1/bg.png", "profile_background_image_url_https": "https://abs.twimg.com/images/themes/theme1/bg.png", "profile_background_tile": true, "profile_image_url": "http://pbs.twimg.com/profile_images/2724967509/d3e73534619c6c15644bab96d88cf930_normal.jpeg", "profile_image_url_https": "https://pbs.twimg.com/profile_images/2724967509/d3e73534619c6c15644bab96d88cf930_normal.jpeg", "profile_link_color": "0000FF", "profile_sidebar_border_color": "FFFFFF", "profile_sidebar_fill_color": "DDEEF6", "profile_text_color": "333333", "profile_use_background_image": true, "has_extended_profile": false, "default_profile": false, "default_profile_image": false, "following": false, "follow_request_sent": false, "notifications": false, "translator_type": "none", "withheld_in_countries": []}, "geo": null, "coordinates": null, "place": null, "contributors": null, "is_quote_status": false, "retweet_count": 0, "favorite_count": 0, "favorited": false, "retweeted": false, "possibly_sensitive": false, "lang": "en"}