{"created_at": "Mon Jul 18 17:29:25 +0000 2016", "id": 755092120931672064, "id_str": "755092120931672064", "text": "Mike Pence: \u201cAllowing Rape Victims To Have Abortions Will Lead To Women Trying To Get Raped\u201d https://t.co/Nt7ZkdTIoH via @TheNewslo", "truncated": false, "entities": {"hashtags": [], "symbols": [], "user_mentions": [{"screen_name": "TheNewslo", "name": "Newslo", "id": 393693452, "id_str": "393693452", "indices": [121, 131]}], "urls": [{"url": "https://t.co/Nt7ZkdTIoH", "expanded_url": "http://politicops.com/mike-pence-allowing-rape-victims-abortions-will-lead-women-trying-get-raped/", "display_url": "politicops.com/mike-pence-all\u2026", "indices": [93, 116]}]}, "source": "<a href=\"http://twitter.com\" rel=\"nofollow\">Twitter Web Client</a>", "in_reply_to_status_id": null, "in_reply_to_status_id_str": null, "in_reply_to_user_id": null, "in_reply_to_user_id_str": null, "in_reply_to_screen_name": null, "user": {"id": 2244318204, "id_str": "2244318204", "name": "Sam Juno", "screen_name": "marscrumbs", "location": " Olympus Mons", "description": "The Universe is my oyster and I am its pearl.", "url": null, "entities": {"description": {"urls": []}}, "protected": false, "followers_count": 648, "friends_count": 2674, "listed_count": 91, "created_at": "Fri Dec 13 18:48:54 +0000 2013", "favourites_count": 48118, "utc_offset": null, "time_zone": null, "geo_enabled": true, "verified": false, "statuses_count": 42180, "lang": null, "contributors_enabled": false, "is_translator": false, "is_translation_enabled": false, "profile_background_color": "C0DEED", "profile_background_image_url": "http://abs.twimg.com/images/themes/theme1/bg.png", "profile_background_image_url_https": "https://abs.twimg.com/images/themes/theme1/bg.png", "profile_background_tile": false, "profile_image_url": "http://pbs.twimg.com/profile_images/417270574390317056/G0WkdFRX_normal.jpeg", "profile_image_url_https": "https://pbs.twimg.com/profile_images/417270574390317056/G0WkdFRX_normal.jpeg", "profile_banner_url": "https://pbs.twimg.com/profile_banners/2244318204/1389769127", "profile_link_color": "1DA1F2", "profile_sidebar_border_color": "C0DEED", "profile_sidebar_fill_color": "DDEEF6", "profile_text_color": "333333", "profile_use_background_image": true, "has_extended_profile": false, "default_profile": true, "default_profile_image": false, "following": false, "follow_request_sent": false, "notifications": false, "translator_type": "none", "withheld_in_countries": []}, "geo": null, "coordinates": null, "place": null, "contributors": null, "is_quote_status": false, "retweet_count": 0, "favorite_count": 0, "favorited": false, "retweeted": false, "possibly_sensitive": false, "lang": "en"}