{"created_at": "Mon Jul 18 12:35:00 +0000 2016", "id": 755018030552387586, "id_str": "755018030552387586", "text": "Logiikka-Mike Pence: \u201cAllowing Rape Victims To Have Abortions Will Lead To Women Trying To Get Raped\u201d https://t.co/b4PMn1c8yB via @TheNewslo", "truncated": false, "entities": {"hashtags": [], "symbols": [], "user_mentions": [{"screen_name": "TheNewslo", "name": "Newslo", "id": 393693452, "id_str": "393693452", "indices": [130, 140]}], "urls": [{"url": "https://t.co/b4PMn1c8yB", "expanded_url": "http://politicops.com/mike-pence-allowing-rape-victims-abortions-will-lead-women-trying-get-raped/", "display_url": "politicops.com/mike-pence-all\u2026", "indices": [102, 125]}]}, "source": "<a href=\"http://mobile.twitter.com\" rel=\"nofollow\">Mobile Web</a>", "in_reply_to_status_id": null, "in_reply_to_status_id_str": null, "in_reply_to_user_id": null, "in_reply_to_user_id_str": null, "in_reply_to_screen_name": null, "user": {"id": 14331162, "id_str": "14331162", "name": "hekanaho", "screen_name": "hekanaho", "location": "Villa Liviae, Roma", "description": "Tuff cookie on the Left. Lady of the house speaking at Villa Liviae, Roma (Herttoniemi, It\u00e4-Helsinki). #Rojava #Rojhelat #Bakur #Ba\u015fur #\u00d6calan #heval\u00ean", "url": null, "entities": {"description": {"urls": []}}, "protected": false, "followers_count": 870, "friends_count": 2220, "listed_count": 0, "created_at": "Tue Apr 08 10:36:44 +0000 2008", "favourites_count": 114383, "utc_offset": null, "time_zone": null, "geo_enabled": false, "verified": false, "statuses_count": 22272, "lang": null, "contributors_enabled": false, "is_translator": false, "is_translation_enabled": false, "profile_background_color": "C0DEED", "profile_background_image_url": "http://abs.twimg.com/images/themes/theme1/bg.png", "profile_background_image_url_https": "https://abs.twimg.com/images/themes/theme1/bg.png", "profile_background_tile": false, "profile_image_url": "http://pbs.twimg.com/profile_images/52563272/livia_First_Lady_normal.jpg", "profile_image_url_https": "https://pbs.twimg.com/profile_images/52563272/livia_First_Lady_normal.jpg", "profile_banner_url": "https://pbs.twimg.com/profile_banners/14331162/1590951932", "profile_link_color": "1DA1F2", "profile_sidebar_border_color": "C0DEED", "profile_sidebar_fill_color": "DDEEF6", "profile_text_color": "333333", "profile_use_background_image": true, "has_extended_profile": false, "default_profile": true, "default_profile_image": false, "following": false, "follow_request_sent": false, "notifications": false, "translator_type": "none", "withheld_in_countries": []}, "geo": null, "coordinates": null, "place": null, "contributors": null, "is_quote_status": false, "retweet_count": 0, "favorite_count": 0, "favorited": false, "retweeted": false, "possibly_sensitive": false, "lang": "en"}