{"created_at": "Mon Jul 18 16:02:46 +0000 2016", "id": 755070315554824192, "id_str": "755070315554824192", "text": "Trump's VP pick Mike Pence:\u201cAllowing Rape Victims To Have Abortions Will Lead To Women Trying To Get Raped\u201d https://t.co/Cqo3ivfEyo", "truncated": false, "entities": {"hashtags": [], "symbols": [], "user_mentions": [], "urls": [{"url": "https://t.co/Cqo3ivfEyo", "expanded_url": "http://politicops.com/mike-pence-allowing-rape-victims-abortions-will-lead-women-trying-get-raped/", "display_url": "politicops.com/mike-pence-all\u2026", "indices": [108, 131]}]}, "source": "<a href=\"http://twitter.com\" rel=\"nofollow\">Twitter Web Client</a>", "in_reply_to_status_id": null, "in_reply_to_status_id_str": null, "in_reply_to_user_id": null, "in_reply_to_user_id_str": null, "in_reply_to_screen_name": null, "user": {"id": 48663164, "id_str": "48663164", "name": "Rashmee Roshan Lall", "screen_name": "rashmeerl", "location": "London", "description": "Journalism by trade & inclination. PhD. What links Arab/Platonic philosophy? US/UK/India. Visiting Fellow @uniofeastanglia", "url": "https://t.co/Yzavnsk9EZ", "entities": {"url": {"urls": [{"url": "https://t.co/Yzavnsk9EZ", "expanded_url": "https://www.rashmee.com/", "display_url": "rashmee.com", "indices": [0, 23]}]}, "description": {"urls": []}}, "protected": false, "followers_count": 1936, "friends_count": 586, "listed_count": 40, "created_at": "Fri Jun 19 09:47:57 +0000 2009", "favourites_count": 2201, "utc_offset": null, "time_zone": null, "geo_enabled": false, "verified": false, "statuses_count": 29382, "lang": null, "contributors_enabled": false, "is_translator": false, "is_translation_enabled": false, "profile_background_color": "000000", "profile_background_image_url": "http://abs.twimg.com/images/themes/theme13/bg.gif", "profile_background_image_url_https": "https://abs.twimg.com/images/themes/theme13/bg.gif", "profile_background_tile": false, "profile_image_url": "http://pbs.twimg.com/profile_images/982973770397880320/9WC67CKn_normal.jpg", "profile_image_url_https": "https://pbs.twimg.com/profile_images/982973770397880320/9WC67CKn_normal.jpg", "profile_banner_url": "https://pbs.twimg.com/profile_banners/48663164/1471958096", "profile_link_color": "981CEB", "profile_sidebar_border_color": "000000", "profile_sidebar_fill_color": "000000", "profile_text_color": "000000", "profile_use_background_image": false, "has_extended_profile": false, "default_profile": false, "default_profile_image": false, "following": false, "follow_request_sent": false, "notifications": false, "translator_type": "none", "withheld_in_countries": []}, "geo": null, "coordinates": null, "place": null, "contributors": null, "is_quote_status": false, "retweet_count": 0, "favorite_count": 1, "favorited": false, "retweeted": false, "possibly_sensitive": false, "lang": "en"}