{"created_at": "Mon Jul 18 13:56:49 +0000 2016", "id": 755038618364837888, "id_str": "755038618364837888", "text": "Mike Pence: \u201cAllowing Rape Victims To Have Abortions Will Lead To Women Trying To Get Raped\u201d https://t.co/NCdxDyTEQH via @TheNewslo", "truncated": false, "entities": {"hashtags": [], "symbols": [], "user_mentions": [{"screen_name": "TheNewslo", "name": "Newslo", "id": 393693452, "id_str": "393693452", "indices": [121, 131]}], "urls": [{"url": "https://t.co/NCdxDyTEQH", "expanded_url": "http://politicops.com/mike-pence-allowing-rape-victims-abortions-will-lead-women-trying-get-raped/", "display_url": "politicops.com/mike-pence-all\u2026", "indices": [93, 116]}]}, "source": "<a href=\"http://twitter.com\" rel=\"nofollow\">Twitter Web Client</a>", "in_reply_to_status_id": null, "in_reply_to_status_id_str": null, "in_reply_to_user_id": null, "in_reply_to_user_id_str": null, "in_reply_to_screen_name": null, "user": {"id": 821557639, "id_str": "821557639", "name": "Pawl Iorwerth ap Robat \ud83c\udff4\udb40\udc67\udb40\udc62\udb40\udc77\udb40\udc6c\udb40\udc73\udb40\udc7f#endtheunion", "screen_name": "pauld4dog", "location": "Llanrwst, Wales", "description": "\ud83c\udff4\udb40\udc67\udb40\udc62\udb40\udc77\udb40\udc6c\udb40\udc73\udb40\udc7f \nCymraeg nid Prydeinig #Annibyniaeth", "url": null, "entities": {"description": {"urls": []}}, "protected": false, "followers_count": 2577, "friends_count": 2443, "listed_count": 59, "created_at": "Thu Sep 13 13:53:23 +0000 2012", "favourites_count": 149187, "utc_offset": null, "time_zone": null, "geo_enabled": true, "verified": false, "statuses_count": 85878, "lang": null, "contributors_enabled": false, "is_translator": false, "is_translation_enabled": false, "profile_background_color": "C0DEED", "profile_background_image_url": "http://abs.twimg.com/images/themes/theme1/bg.png", "profile_background_image_url_https": "https://abs.twimg.com/images/themes/theme1/bg.png", "profile_background_tile": false, "profile_image_url": "http://pbs.twimg.com/profile_images/1330229294799474700/j9Dfw5pJ_normal.jpg", "profile_image_url_https": "https://pbs.twimg.com/profile_images/1330229294799474700/j9Dfw5pJ_normal.jpg", "profile_banner_url": "https://pbs.twimg.com/profile_banners/821557639/1606582774", "profile_link_color": "1DA1F2", "profile_sidebar_border_color": "C0DEED", "profile_sidebar_fill_color": "DDEEF6", "profile_text_color": "333333", "profile_use_background_image": true, "has_extended_profile": false, "default_profile": true, "default_profile_image": false, "following": false, "follow_request_sent": false, "notifications": false, "translator_type": "none", "withheld_in_countries": []}, "geo": null, "coordinates": null, "place": null, "contributors": null, "is_quote_status": false, "retweet_count": 0, "favorite_count": 0, "favorited": false, "retweeted": false, "possibly_sensitive": false, "lang": "en"}