{"created_at": "Mon Jul 18 14:00:25 +0000 2016", "id": 755039526494568448, "id_str": "755039526494568448", "text": "\u201cAllowing Rape Victims To Have Abortions Will Lead To Women Trying To Get Raped\u201d  ~ @mike_pence #PeriodsForPence", "truncated": false, "entities": {"hashtags": [{"text": "PeriodsForPence", "indices": [96, 112]}], "symbols": [], "user_mentions": [{"screen_name": "Mike_Pence", "name": "Mike Pence", "id": 22203756, "id_str": "22203756", "indices": [84, 95]}], "urls": []}, "source": "<a href=\"http://twitter.com\" rel=\"nofollow\">Twitter Web Client</a>", "in_reply_to_status_id": null, "in_reply_to_status_id_str": null, "in_reply_to_user_id": null, "in_reply_to_user_id_str": null, "in_reply_to_screen_name": null, "user": {"id": 398885299, "id_str": "398885299", "name": "Trumps Bounced Czech", "screen_name": "GodH8sWindbags", "location": "United States", "description": "", "url": null, "entities": {"description": {"urls": []}}, "protected": false, "followers_count": 1359, "friends_count": 1254, "listed_count": 76, "created_at": "Wed Oct 26 17:48:02 +0000 2011", "favourites_count": 22418, "utc_offset": null, "time_zone": null, "geo_enabled": true, "verified": false, "statuses_count": 61981, "lang": null, "contributors_enabled": false, "is_translator": false, "is_translation_enabled": false, "profile_background_color": "C0DEED", "profile_background_image_url": "http://abs.twimg.com/images/themes/theme1/bg.png", "profile_background_image_url_https": "https://abs.twimg.com/images/themes/theme1/bg.png", "profile_background_tile": true, "profile_image_url": "http://pbs.twimg.com/profile_images/973903845414850561/tRAD17o5_normal.jpg", "profile_image_url_https": "https://pbs.twimg.com/profile_images/973903845414850561/tRAD17o5_normal.jpg", "profile_banner_url": "https://pbs.twimg.com/profile_banners/398885299/1531493748", "profile_link_color": "9266CC", "profile_sidebar_border_color": "C0DEED", "profile_sidebar_fill_color": "DDEEF6", "profile_text_color": "333333", "profile_use_background_image": true, "has_extended_profile": false, "default_profile": false, "default_profile_image": false, "following": false, "follow_request_sent": false, "notifications": false, "translator_type": "none", "withheld_in_countries": []}, "geo": null, "coordinates": null, "place": {"id": "94965b2c45386f87", "url": "https://api.twitter.com/1.1/geo/id/94965b2c45386f87.json", "place_type": "admin", "name": "New York", "full_name": "New York, USA", "country_code": "US", "country": "United States", "contained_within": [], "bounding_box": {"type": "Polygon", "coordinates": [[[-79.76259, 40.477383], [-71.777492, 40.477383], [-71.777492, 45.015851], [-79.76259, 45.015851]]]}, "attributes": {}}, "contributors": null, "is_quote_status": false, "retweet_count": 0, "favorite_count": 0, "favorited": false, "retweeted": false, "lang": "en"}