{"created_at": "Mon Jul 18 18:00:02 +0000 2016", "id": 755099828447748096, "id_str": "755099828447748096", "text": "Mike Pence attacks Women's Rights: \u201cAllowing Rape Victims To Have Abortions Will Lead To Women Trying To Get Raped\u201d https://t.co/eQcHcRtLZH", "truncated": false, "entities": {"hashtags": [], "symbols": [], "user_mentions": [], "urls": [{"url": "https://t.co/eQcHcRtLZH", "expanded_url": "http://politicops.com/mike-pence-allowing-rape-victims-abortions-will-lead-women-trying-get-raped/", "display_url": "politicops.com/mike-pence-all\u2026", "indices": [116, 139]}]}, "source": "<a href=\"http://twitter.com\" rel=\"nofollow\">Twitter Web Client</a>", "in_reply_to_status_id": null, "in_reply_to_status_id_str": null, "in_reply_to_user_id": null, "in_reply_to_user_id_str": null, "in_reply_to_screen_name": null, "user": {"id": 141645754, "id_str": "141645754", "name": "David K", "screen_name": "DavidKGather", "location": "", "description": "Writing about climate change, science communication, and history. Books on Nikola Tesla, Thomas Edison, and Abraham Lincoln.", "url": "https://t.co/uBf9fKqZmW", "entities": {"url": {"urls": [{"url": "https://t.co/uBf9fKqZmW", "expanded_url": "http://www.davidjkent-writer.com/", "display_url": "davidjkent-writer.com", "indices": [0, 23]}]}, "description": {"urls": []}}, "protected": false, "followers_count": 270, "friends_count": 426, "listed_count": 23, "created_at": "Sat May 08 16:39:31 +0000 2010", "favourites_count": 1172, "utc_offset": null, "time_zone": null, "geo_enabled": false, "verified": false, "statuses_count": 47962, "lang": null, "contributors_enabled": false, "is_translator": false, "is_translation_enabled": false, "profile_background_color": "C0DEED", "profile_background_image_url": "http://abs.twimg.com/images/themes/theme1/bg.png", "profile_background_image_url_https": "https://abs.twimg.com/images/themes/theme1/bg.png", "profile_background_tile": false, "profile_image_url": "http://pbs.twimg.com/profile_images/883829316/06790017_20_2__normal.JPG", "profile_image_url_https": "https://pbs.twimg.com/profile_images/883829316/06790017_20_2__normal.JPG", "profile_banner_url": "https://pbs.twimg.com/profile_banners/141645754/1485628981", "profile_link_color": "1DA1F2", "profile_sidebar_border_color": "C0DEED", "profile_sidebar_fill_color": "DDEEF6", "profile_text_color": "333333", "profile_use_background_image": true, "has_extended_profile": false, "default_profile": true, "default_profile_image": false, "following": false, "follow_request_sent": false, "notifications": false, "translator_type": "none", "withheld_in_countries": []}, "geo": null, "coordinates": null, "place": null, "contributors": null, "is_quote_status": false, "retweet_count": 0, "favorite_count": 0, "favorited": false, "retweeted": false, "possibly_sensitive": false, "lang": "en"}