{"created_at": "Mon Jul 18 15:29:09 +0000 2016", "id": 755061854343340032, "id_str": "755061854343340032", "text": "Mike Pence: 'Allowing Rape Victims to Have Abortions Will Lead to Women Trying to Get Raped' https://t.co/UmfXVg0Y6g https://t.co/CSJXgXmnRJ", "truncated": false, "entities": {"hashtags": [], "symbols": [], "user_mentions": [], "urls": [{"url": "https://t.co/UmfXVg0Y6g", "expanded_url": "http://www.snopes.com/mike-pence-allowing-rape-victims-to-have-abortions-will-lead-to-women-trying-to-get-raped/?utm_source=dlvr.it&utm_medium=twitter&utm_campaign=vinnysgreen", "display_url": "snopes.com/mike-pence-all\u2026", "indices": [93, 116]}], "media": [{"id": 755061851499532291, "id_str": "755061851499532291", "indices": [117, 140], "media_url": "http://pbs.twimg.com/media/CnqEwOIUEAMOMH7.jpg", "media_url_https": "https://pbs.twimg.com/media/CnqEwOIUEAMOMH7.jpg", "url": "https://t.co/CSJXgXmnRJ", "display_url": "pic.twitter.com/CSJXgXmnRJ", "expanded_url": "https://twitter.com/vinnysgreen/status/755061854343340032/photo/1", "type": "photo", "sizes": {"thumb": {"w": 150, "h": 150, "resize": "crop"}, "medium": {"w": 665, "h": 442, "resize": "fit"}, "large": {"w": 665, "h": 442, "resize": "fit"}, "small": {"w": 665, "h": 442, "resize": "fit"}}}]}, "extended_entities": {"media": [{"id": 755061851499532291, "id_str": "755061851499532291", "indices": [117, 140], "media_url": "http://pbs.twimg.com/media/CnqEwOIUEAMOMH7.jpg", "media_url_https": "https://pbs.twimg.com/media/CnqEwOIUEAMOMH7.jpg", "url": "https://t.co/CSJXgXmnRJ", "display_url": "pic.twitter.com/CSJXgXmnRJ", "expanded_url": "https://twitter.com/vinnysgreen/status/755061854343340032/photo/1", "type": "photo", "sizes": {"thumb": {"w": 150, "h": 150, "resize": "crop"}, "medium": {"w": 665, "h": 442, "resize": "fit"}, "large": {"w": 665, "h": 442, "resize": "fit"}, "small": {"w": 665, "h": 442, "resize": "fit"}}}]}, "source": "<a href=\"https://dlvrit.com/\" rel=\"nofollow\">dlvr.it</a>", "in_reply_to_status_id": null, "in_reply_to_status_id_str": null, "in_reply_to_user_id": null, "in_reply_to_user_id_str": null, "in_reply_to_screen_name": null, "user": {"id": 2896866728, "id_str": "2896866728", "name": "Vinny Green", "screen_name": "vinnysgreen", "location": "San Diego, CA", "description": "Marine Veteran | COO of @Snopes", "url": "https://t.co/XraUl4ggNO", "entities": {"url": {"urls": [{"url": "https://t.co/XraUl4ggNO", "expanded_url": "https://snopes.com", "display_url": "snopes.com", "indices": [0, 23]}]}, "description": {"urls": []}}, "protected": false, "followers_count": 1613, "friends_count": 981, "listed_count": 47, "created_at": "Tue Nov 11 20:09:34 +0000 2014", "favourites_count": 1293, "utc_offset": null, "time_zone": null, "geo_enabled": false, "verified": false, "statuses_count": 10077, "lang": null, "contributors_enabled": false, "is_translator": false, "is_translation_enabled": false, "profile_background_color": "000000", "profile_background_image_url": "http://abs.twimg.com/images/themes/theme1/bg.png", "profile_background_image_url_https": "https://abs.twimg.com/images/themes/theme1/bg.png", "profile_background_tile": false, "profile_image_url": "http://pbs.twimg.com/profile_images/1228771191873142784/bkWqehsp_normal.jpg", "profile_image_url_https": "https://pbs.twimg.com/profile_images/1228771191873142784/bkWqehsp_normal.jpg", "profile_banner_url": "https://pbs.twimg.com/profile_banners/2896866728/1556387861", "profile_link_color": "3B94D9", "profile_sidebar_border_color": "000000", "profile_sidebar_fill_color": "000000", "profile_text_color": "000000", "profile_use_background_image": false, "has_extended_profile": true, "default_profile": false, "default_profile_image": false, "following": false, "follow_request_sent": false, "notifications": false, "translator_type": "none", "withheld_in_countries": []}, "geo": null, "coordinates": null, "place": null, "contributors": null, "is_quote_status": false, "retweet_count": 0, "favorite_count": 0, "favorited": false, "retweeted": false, "possibly_sensitive": false, "lang": "en"}