{"created_at": "Mon Jul 18 22:23:26 +0000 2016", "id": 755166114167066625, "id_str": "755166114167066625", "text": "Mike Pence: \u201cAllowing Rape Victims To Have Abortions Will Lead To Women Trying To Get Raped\u201d https://t.co/q6eJeKl7WA", "truncated": false, "entities": {"hashtags": [], "symbols": [], "user_mentions": [], "urls": [{"url": "https://t.co/q6eJeKl7WA", "expanded_url": "http://fb.me/1ghfKwKt2", "display_url": "fb.me/1ghfKwKt2", "indices": [93, 116]}]}, "source": "<a href=\"http://www.facebook.com/twitter\" rel=\"nofollow\">Facebook</a>", "in_reply_to_status_id": null, "in_reply_to_status_id_str": null, "in_reply_to_user_id": null, "in_reply_to_user_id_str": null, "in_reply_to_screen_name": null, "user": {"id": 18348170, "id_str": "18348170", "name": "doodsterpdx", "screen_name": "doodsterpdx", "location": "Portland, OR, USA", "description": "Canadian Navy veteran living in Portland, Oregon now.", "url": null, "entities": {"description": {"urls": []}}, "protected": false, "followers_count": 40, "friends_count": 0, "listed_count": 0, "created_at": "Wed Dec 24 02:08:10 +0000 2008", "favourites_count": 1, "utc_offset": null, "time_zone": null, "geo_enabled": false, "verified": false, "statuses_count": 20079, "lang": null, "contributors_enabled": false, "is_translator": false, "is_translation_enabled": false, "profile_background_color": "709397", "profile_background_image_url": "http://abs.twimg.com/images/themes/theme12/bg.gif", "profile_background_image_url_https": "https://abs.twimg.com/images/themes/theme12/bg.gif", "profile_background_tile": true, "profile_image_url": "http://pbs.twimg.com/profile_images/905452055057260545/pnB51sTE_normal.jpg", "profile_image_url_https": "https://pbs.twimg.com/profile_images/905452055057260545/pnB51sTE_normal.jpg", "profile_banner_url": "https://pbs.twimg.com/profile_banners/18348170/1504711677", "profile_link_color": "FF3300", "profile_sidebar_border_color": "152B69", "profile_sidebar_fill_color": "2CB3BA", "profile_text_color": "851D85", "profile_use_background_image": true, "has_extended_profile": true, "default_profile": false, "default_profile_image": false, "following": false, "follow_request_sent": false, "notifications": false, "translator_type": "none", "withheld_in_countries": []}, "geo": null, "coordinates": null, "place": null, "contributors": null, "is_quote_status": false, "retweet_count": 0, "favorite_count": 0, "favorited": false, "retweeted": false, "possibly_sensitive": false, "lang": "en"}