{"created_at": "Mon Jul 18 18:28:15 +0000 2016", "id": 755106929081450496, "id_str": "755106929081450496", "text": "Mike Pence: \u201cAllowing Rape Victims To Have Abortions Will Lead To Women Trying To Get Raped\u201d https://t.co/JvLuKVq3DA", "truncated": false, "entities": {"hashtags": [], "symbols": [], "user_mentions": [], "urls": [{"url": "https://t.co/JvLuKVq3DA", "expanded_url": "http://fb.me/7SxUMdDZB", "display_url": "fb.me/7SxUMdDZB", "indices": [93, 116]}]}, "source": "<a href=\"http://www.facebook.com/twitter\" rel=\"nofollow\">Facebook</a>", "in_reply_to_status_id": null, "in_reply_to_status_id_str": null, "in_reply_to_user_id": null, "in_reply_to_user_id_str": null, "in_reply_to_screen_name": null, "user": {"id": 104696035, "id_str": "104696035", "name": "Matt Fectoe (shafty)", "screen_name": "shaftythebc1", "location": "Vancouver ", "description": "Audio designer and chef And big time basketball and music fan with a side of video games twitch streamer and film and other nerdy stuff !", "url": null, "entities": {"description": {"urls": []}}, "protected": false, "followers_count": 84, "friends_count": 787, "listed_count": 5, "created_at": "Thu Jan 14 03:20:03 +0000 2010", "favourites_count": 669, "utc_offset": null, "time_zone": null, "geo_enabled": false, "verified": false, "statuses_count": 7033, "lang": null, "contributors_enabled": false, "is_translator": false, "is_translation_enabled": false, "profile_background_color": "C6E2EE", "profile_background_image_url": "http://abs.twimg.com/images/themes/theme1/bg.png", "profile_background_image_url_https": "https://abs.twimg.com/images/themes/theme1/bg.png", "profile_background_tile": true, "profile_image_url": "http://pbs.twimg.com/profile_images/1073205539234955264/EcT5tFk3_normal.jpg", "profile_image_url_https": "https://pbs.twimg.com/profile_images/1073205539234955264/EcT5tFk3_normal.jpg", "profile_banner_url": "https://pbs.twimg.com/profile_banners/104696035/1547940720", "profile_link_color": "1F98C7", "profile_sidebar_border_color": "FFFFFF", "profile_sidebar_fill_color": "DDEEF6", "profile_text_color": "333333", "profile_use_background_image": true, "has_extended_profile": false, "default_profile": false, "default_profile_image": false, "following": false, "follow_request_sent": false, "notifications": false, "translator_type": "none", "withheld_in_countries": []}, "geo": null, "coordinates": null, "place": null, "contributors": null, "is_quote_status": false, "retweet_count": 0, "favorite_count": 0, "favorited": false, "retweeted": false, "possibly_sensitive": false, "lang": "en"}