{"created_at": "Mon Jul 18 21:42:07 +0000 2016", "id": 755155716961251328, "id_str": "755155716961251328", "text": "Mike Pence: 'Allowing Rape Victims to Have Abortions Will Lead to Women Trying to Get Raped' -\u2026 https://t.co/SlEG9vYsln", "truncated": false, "entities": {"hashtags": [], "symbols": [], "user_mentions": [], "urls": [{"url": "https://t.co/SlEG9vYsln", "expanded_url": "http://dlvr.it/Lqcw5q", "display_url": "dlvr.it/Lqcw5q", "indices": [96, 119]}]}, "source": "<a href=\"https://dlvrit.com/\" rel=\"nofollow\">dlvr.it</a>", "in_reply_to_status_id": null, "in_reply_to_status_id_str": null, "in_reply_to_user_id": null, "in_reply_to_user_id_str": null, "in_reply_to_screen_name": null, "user": {"id": 620467918, "id_str": "620467918", "name": "Sex Related Topic", "screen_name": "SexRelatedTopic", "location": "CANADA, Montreal ", "description": "Your source for the latest news on Sex Related Topic", "url": null, "entities": {"description": {"urls": []}}, "protected": false, "followers_count": 832, "friends_count": 1291, "listed_count": 17, "created_at": "Thu Jun 28 00:11:43 +0000 2012", "favourites_count": 0, "utc_offset": null, "time_zone": null, "geo_enabled": false, "verified": false, "statuses_count": 36752, "lang": null, "contributors_enabled": false, "is_translator": false, "is_translation_enabled": false, "profile_background_color": "000000", "profile_background_image_url": "http://abs.twimg.com/images/themes/theme1/bg.png", "profile_background_image_url_https": "https://abs.twimg.com/images/themes/theme1/bg.png", "profile_background_tile": true, "profile_image_url": "http://pbs.twimg.com/profile_images/2723899695/42522a91473e534a275cbfc8bc8bd3a0_normal.jpeg", "profile_image_url_https": "https://pbs.twimg.com/profile_images/2723899695/42522a91473e534a275cbfc8bc8bd3a0_normal.jpeg", "profile_link_color": "0000FF", "profile_sidebar_border_color": "FFFFFF", "profile_sidebar_fill_color": "DDEEF6", "profile_text_color": "333333", "profile_use_background_image": true, "has_extended_profile": false, "default_profile": false, "default_profile_image": false, "following": false, "follow_request_sent": false, "notifications": false, "translator_type": "none", "withheld_in_countries": []}, "geo": null, "coordinates": null, "place": null, "contributors": null, "is_quote_status": false, "retweet_count": 0, "favorite_count": 0, "favorited": false, "retweeted": false, "possibly_sensitive": false, "lang": "en"}