{"created_at": "Tue Jul 19 00:34:13 +0000 2016", "id": 755199025448570880, "id_str": "755199025448570880", "text": "Mike Pence: \u201cAllowing Rape Victims To Have Abortions Will Lead To Women Trying To Get Raped\u201d https://t.co/zE23hZ7dN0", "truncated": false, "entities": {"hashtags": [], "symbols": [], "user_mentions": [], "urls": [{"url": "https://t.co/zE23hZ7dN0", "expanded_url": "http://fb.me/NXYjwQyo", "display_url": "fb.me/NXYjwQyo", "indices": [93, 116]}]}, "source": "<a href=\"http://www.facebook.com/twitter\" rel=\"nofollow\">Facebook</a>", "in_reply_to_status_id": null, "in_reply_to_status_id_str": null, "in_reply_to_user_id": null, "in_reply_to_user_id_str": null, "in_reply_to_screen_name": null, "user": {"id": 1252834189, "id_str": "1252834189", "name": "Ronnee Audas\ud83c\udf0a\ud83c\udf0a\ud83c\udf0a", "screen_name": "ronnee123", "location": "Des Moines, IA", "description": "\ud83c\udf0a\ud83c\udf0a\ud83c\udf0a\ud83c\udf0a\ud83c\udf0a\ud83c\udf0a\ud83c\udf0a\n#CountryOverParty", "url": null, "entities": {"description": {"urls": []}}, "protected": false, "followers_count": 2085, "friends_count": 4996, "listed_count": 24, "created_at": "Fri Mar 08 21:57:22 +0000 2013", "favourites_count": 20077, "utc_offset": null, "time_zone": null, "geo_enabled": false, "verified": false, "statuses_count": 127685, "lang": null, "contributors_enabled": false, "is_translator": false, "is_translation_enabled": false, "profile_background_color": "C0DEED", "profile_background_image_url": "http://abs.twimg.com/images/themes/theme1/bg.png", "profile_background_image_url_https": "https://abs.twimg.com/images/themes/theme1/bg.png", "profile_background_tile": true, "profile_image_url": "http://pbs.twimg.com/profile_images/824452537394688000/OTd9xvV4_normal.jpg", "profile_image_url_https": "https://pbs.twimg.com/profile_images/824452537394688000/OTd9xvV4_normal.jpg", "profile_banner_url": "https://pbs.twimg.com/profile_banners/1252834189/1556208987", "profile_link_color": "0084B4", "profile_sidebar_border_color": "FFFFFF", "profile_sidebar_fill_color": "DDEEF6", "profile_text_color": "333333", "profile_use_background_image": true, "has_extended_profile": true, "default_profile": false, "default_profile_image": false, "following": false, "follow_request_sent": false, "notifications": false, "translator_type": "none", "withheld_in_countries": []}, "geo": null, "coordinates": null, "place": null, "contributors": null, "is_quote_status": false, "retweet_count": 0, "favorite_count": 0, "favorited": false, "retweeted": false, "possibly_sensitive": false, "lang": "en"}