{"created_at": "Mon Jul 18 18:44:02 +0000 2016", "id": 755110898331680769, "id_str": "755110898331680769", "text": "Mike Pence: \u201cAllowing Rape Victims To Have Abortions Will Lead To Women Trying To Get Raped\u201d https://t.co/99E9foGcfM", "truncated": false, "entities": {"hashtags": [], "symbols": [], "user_mentions": [], "urls": [{"url": "https://t.co/99E9foGcfM", "expanded_url": "http://fb.me/858WmUkz0", "display_url": "fb.me/858WmUkz0", "indices": [93, 116]}]}, "source": "<a href=\"http://www.facebook.com/twitter\" rel=\"nofollow\">Facebook</a>", "in_reply_to_status_id": null, "in_reply_to_status_id_str": null, "in_reply_to_user_id": null, "in_reply_to_user_id_str": null, "in_reply_to_screen_name": null, "user": {"id": 904184947, "id_str": "904184947", "name": "Mgck59", "screen_name": "mgck59", "location": "", "description": "I adhere to a Hindu lifestyle, am vegan, an artist, as well as someone living with MS. I enjoy each day of this wonderful adventure I hope you do the same.", "url": "https://t.co/pR1U6bY2ra", "entities": {"url": {"urls": [{"url": "https://t.co/pR1U6bY2ra", "expanded_url": "http://www.mgck59.webs.com", "display_url": "mgck59.webs.com", "indices": [0, 23]}]}, "description": {"urls": []}}, "protected": false, "followers_count": 157, "friends_count": 318, "listed_count": 6, "created_at": "Thu Oct 25 16:07:03 +0000 2012", "favourites_count": 1068, "utc_offset": null, "time_zone": null, "geo_enabled": false, "verified": false, "statuses_count": 41838, "lang": null, "contributors_enabled": false, "is_translator": false, "is_translation_enabled": false, "profile_background_color": "1A1B1F", "profile_background_image_url": "http://abs.twimg.com/images/themes/theme9/bg.gif", "profile_background_image_url_https": "https://abs.twimg.com/images/themes/theme9/bg.gif", "profile_background_tile": false, "profile_image_url": "http://pbs.twimg.com/profile_images/1313888101085908994/RpoG_uem_normal.jpg", "profile_image_url_https": "https://pbs.twimg.com/profile_images/1313888101085908994/RpoG_uem_normal.jpg", "profile_banner_url": "https://pbs.twimg.com/profile_banners/904184947/1602090310", "profile_link_color": "2FC2EF", "profile_sidebar_border_color": "FFFFFF", "profile_sidebar_fill_color": "252429", "profile_text_color": "666666", "profile_use_background_image": true, "has_extended_profile": false, "default_profile": false, "default_profile_image": false, "following": false, "follow_request_sent": false, "notifications": false, "translator_type": "none", "withheld_in_countries": []}, "geo": null, "coordinates": null, "place": null, "contributors": null, "is_quote_status": false, "retweet_count": 0, "favorite_count": 0, "favorited": false, "retweeted": false, "possibly_sensitive": false, "lang": "en"}