{"created_at": "Mon Jul 18 23:35:11 +0000 2016", "id": 755184168804425731, "id_str": "755184168804425731", "text": "*Jaw. On. Floor.* | mike_pence: \u201cAllowing #Rape Victims To Have #Abortions Will Lead To Women Trying To Get Raped\u201d https://t.co/2INVnZjMAx", "truncated": false, "entities": {"hashtags": [{"text": "Rape", "indices": [42, 47]}, {"text": "Abortions", "indices": [64, 74]}], "symbols": [], "user_mentions": [], "urls": [{"url": "https://t.co/2INVnZjMAx", "expanded_url": "http://bit.ly/2a3m7CT", "display_url": "bit.ly/2a3m7CT", "indices": [115, 138]}]}, "source": "<a href=\"https://buffer.com\" rel=\"nofollow\">Buffer</a>", "in_reply_to_status_id": null, "in_reply_to_status_id_str": null, "in_reply_to_user_id": null, "in_reply_to_user_id_str": null, "in_reply_to_screen_name": null, "user": {"id": 140638292, "id_str": "140638292", "name": "Laura Cereta #TeamPelosi #Biden2020", "screen_name": "laura_cereta", "location": "Tampa, FL", "description": "Independent capital defense investigator/attorney; family first; #intersectionalfeminist; #cjreform; #TheResistance; #DemsWork4USA; #ForThePeople", "url": "https://t.co/612K5L4SKe", "entities": {"url": {"urls": [{"url": "https://t.co/612K5L4SKe", "expanded_url": "http://45ragestreet.org", "display_url": "45ragestreet.org", "indices": [0, 23]}]}, "description": {"urls": []}}, "protected": false, "followers_count": 3427, "friends_count": 2444, "listed_count": 148, "created_at": "Thu May 06 01:35:21 +0000 2010", "favourites_count": 9927, "utc_offset": null, "time_zone": null, "geo_enabled": false, "verified": false, "statuses_count": 37323, "lang": null, "contributors_enabled": false, "is_translator": false, "is_translation_enabled": false, "profile_background_color": "BF0426", "profile_background_image_url": "http://abs.twimg.com/images/themes/theme9/bg.gif", "profile_background_image_url_https": "https://abs.twimg.com/images/themes/theme9/bg.gif", "profile_background_tile": true, "profile_image_url": "http://pbs.twimg.com/profile_images/1243861936091156480/EynAVczy_normal.jpg", "profile_image_url_https": "https://pbs.twimg.com/profile_images/1243861936091156480/EynAVczy_normal.jpg", "profile_banner_url": "https://pbs.twimg.com/profile_banners/140638292/1571343920", "profile_link_color": "1B95E0", "profile_sidebar_border_color": "A4B0BF", "profile_sidebar_fill_color": "F2BDE4", "profile_text_color": "4C2623", "profile_use_background_image": false, "has_extended_profile": false, "default_profile": false, "default_profile_image": false, "following": false, "follow_request_sent": false, "notifications": false, "translator_type": "none", "withheld_in_countries": []}, "geo": null, "coordinates": null, "place": null, "contributors": null, "is_quote_status": false, "retweet_count": 0, "favorite_count": 0, "favorited": false, "retweeted": false, "possibly_sensitive": false, "lang": "en"}