{"created_at": "Tue Jul 19 00:12:33 +0000 2016", "id": 755193575114235904, "id_str": "755193575114235904", "text": "Mike Pence: \u201cAllowing Rape Victims To Have Abortions Will Lead To Women Trying To Get Raped\u201d https://t.co/V6vXpBCYcU", "truncated": false, "entities": {"hashtags": [], "symbols": [], "user_mentions": [], "urls": [{"url": "https://t.co/V6vXpBCYcU", "expanded_url": "http://fb.me/3p6o1u6UM", "display_url": "fb.me/3p6o1u6UM", "indices": [93, 116]}]}, "source": "<a href=\"http://www.facebook.com/twitter\" rel=\"nofollow\">Facebook</a>", "in_reply_to_status_id": null, "in_reply_to_status_id_str": null, "in_reply_to_user_id": null, "in_reply_to_user_id_str": null, "in_reply_to_screen_name": null, "user": {"id": 71305907, "id_str": "71305907", "name": "Rachel Galindo", "screen_name": "Rachel_Gal", "location": "", "description": "", "url": null, "entities": {"description": {"urls": []}}, "protected": false, "followers_count": 217, "friends_count": 160, "listed_count": 12, "created_at": "Thu Sep 03 17:16:05 +0000 2009", "favourites_count": 1863, "utc_offset": null, "time_zone": null, "geo_enabled": true, "verified": false, "statuses_count": 9046, "lang": null, "contributors_enabled": false, "is_translator": false, "is_translation_enabled": false, "profile_background_color": "B2DFDA", "profile_background_image_url": "http://abs.twimg.com/images/themes/theme13/bg.gif", "profile_background_image_url_https": "https://abs.twimg.com/images/themes/theme13/bg.gif", "profile_background_tile": false, "profile_image_url": "http://pbs.twimg.com/profile_images/378800000050640026/e07007bca024c9b9ef5532185f171834_normal.jpeg", "profile_image_url_https": "https://pbs.twimg.com/profile_images/378800000050640026/e07007bca024c9b9ef5532185f171834_normal.jpeg", "profile_link_color": "93A644", "profile_sidebar_border_color": "EEEEEE", "profile_sidebar_fill_color": "FFFFFF", "profile_text_color": "333333", "profile_use_background_image": true, "has_extended_profile": false, "default_profile": false, "default_profile_image": false, "following": false, "follow_request_sent": false, "notifications": false, "translator_type": "none", "withheld_in_countries": []}, "geo": null, "coordinates": null, "place": null, "contributors": null, "is_quote_status": false, "retweet_count": 0, "favorite_count": 0, "favorited": false, "retweeted": false, "possibly_sensitive": false, "lang": "en"}