{"created_at": "Mon Jul 18 19:02:40 +0000 2016", "id": 755115590449258496, "id_str": "755115590449258496", "text": "Meet ur potential VPOTUS Mike Pence: \u201cAllowing Rape Victims 2 Have Abortions Will Lead To Women Trying To Get Raped\u201d https://t.co/t8OJbCBUcO", "truncated": false, "entities": {"hashtags": [], "symbols": [], "user_mentions": [], "urls": [{"url": "https://t.co/t8OJbCBUcO", "expanded_url": "http://politicops.com/mike-pence-allowing-rape-victims-abortions-will-lead-women-trying-get-raped/", "display_url": "politicops.com/mike-pence-all\u2026", "indices": [117, 140]}]}, "source": "<a href=\"http://twitter.com\" rel=\"nofollow\">Twitter Web Client</a>", "in_reply_to_status_id": null, "in_reply_to_status_id_str": null, "in_reply_to_user_id": null, "in_reply_to_user_id_str": null, "in_reply_to_screen_name": null, "user": {"id": 53176097, "id_str": "53176097", "name": "Julia C. Reinhart", "screen_name": "juliacreinhart", "location": "New York / Gothenburg", "description": "Photojournalist, diaspora Helvetian, newly minted Swede, published in NY Times, The Economist, The Guardian juliacreinhart@gmail.com", "url": "https://t.co/yH28M3rkre", "entities": {"url": {"urls": [{"url": "https://t.co/yH28M3rkre", "expanded_url": "https://www.facebook.com/juliareinhartphotography", "display_url": "facebook.com/juliareinhartp\u2026", "indices": [0, 23]}]}, "description": {"urls": []}}, "protected": false, "followers_count": 1925, "friends_count": 3681, "listed_count": 186, "created_at": "Thu Jul 02 20:23:15 +0000 2009", "favourites_count": 8654, "utc_offset": null, "time_zone": null, "geo_enabled": false, "verified": false, "statuses_count": 117901, "lang": null, "contributors_enabled": false, "is_translator": false, "is_translation_enabled": false, "profile_background_color": "1A1B1F", "profile_background_image_url": "http://abs.twimg.com/images/themes/theme1/bg.png", "profile_background_image_url_https": "https://abs.twimg.com/images/themes/theme1/bg.png", "profile_background_tile": false, "profile_image_url": "http://pbs.twimg.com/profile_images/1282080861115027457/33suUM4s_normal.jpg", "profile_image_url_https": "https://pbs.twimg.com/profile_images/1282080861115027457/33suUM4s_normal.jpg", "profile_banner_url": "https://pbs.twimg.com/profile_banners/53176097/1402704073", "profile_link_color": "2FC2EF", "profile_sidebar_border_color": "FFFFFF", "profile_sidebar_fill_color": "252429", "profile_text_color": "F2B629", "profile_use_background_image": true, "has_extended_profile": false, "default_profile": false, "default_profile_image": false, "following": false, "follow_request_sent": false, "notifications": false, "translator_type": "none", "withheld_in_countries": []}, "geo": null, "coordinates": null, "place": null, "contributors": null, "is_quote_status": false, "retweet_count": 1, "favorite_count": 0, "favorited": false, "retweeted": false, "possibly_sensitive": false, "lang": "en"}