{"created_at": "Mon Jul 18 18:14:01 +0000 2016", "id": 755103347892297728, "id_str": "755103347892297728", "text": "Mike Pence: \u201cAllowing Rape Victims To Have Abortions Will Lead To Women Trying To Get\u00a0Raped\u201d https://t.co/boDQ2Jg1nf https://t.co/GnjyyaWgzY", "truncated": false, "entities": {"hashtags": [], "symbols": [], "user_mentions": [], "urls": [{"url": "https://t.co/boDQ2Jg1nf", "expanded_url": "http://centraloregoncoastnow.com/2016/07/18/mike-pence-allowing-rape-victims-to-have-abortions-will-lead-to-women-trying-to-get-raped", "display_url": "centraloregoncoastnow.com/2016/07/18/mik\u2026", "indices": [93, 116]}], "media": [{"id": 755103345031786496, "id_str": "755103345031786496", "indices": [117, 140], "media_url": "http://pbs.twimg.com/media/CnqqfdlUMAAuRHB.jpg", "media_url_https": "https://pbs.twimg.com/media/CnqqfdlUMAAuRHB.jpg", "url": "https://t.co/GnjyyaWgzY", "display_url": "pic.twitter.com/GnjyyaWgzY", "expanded_url": "https://twitter.com/OregonCoastNOW/status/755103347892297728/photo/1", "type": "photo", "sizes": {"medium": {"w": 645, "h": 325, "resize": "fit"}, "small": {"w": 645, "h": 325, "resize": "fit"}, "thumb": {"w": 150, "h": 150, "resize": "crop"}, "large": {"w": 645, "h": 325, "resize": "fit"}}}]}, "extended_entities": {"media": [{"id": 755103345031786496, "id_str": "755103345031786496", "indices": [117, 140], "media_url": "http://pbs.twimg.com/media/CnqqfdlUMAAuRHB.jpg", "media_url_https": "https://pbs.twimg.com/media/CnqqfdlUMAAuRHB.jpg", "url": "https://t.co/GnjyyaWgzY", "display_url": "pic.twitter.com/GnjyyaWgzY", "expanded_url": "https://twitter.com/OregonCoastNOW/status/755103347892297728/photo/1", "type": "photo", "sizes": {"medium": {"w": 645, "h": 325, "resize": "fit"}, "small": {"w": 645, "h": 325, "resize": "fit"}, "thumb": {"w": 150, "h": 150, "resize": "crop"}, "large": {"w": 645, "h": 325, "resize": "fit"}}}]}, "source": "<a href=\"http://publicize.wp.com/\" rel=\"nofollow\">WordPress.com</a>", "in_reply_to_status_id": null, "in_reply_to_status_id_str": null, "in_reply_to_user_id": null, "in_reply_to_user_id_str": null, "in_reply_to_screen_name": null, "user": {"id": 937965702, "id_str": "937965702", "name": "Cen Oregon Coast NOW", "screen_name": "OregonCoastNOW", "location": "Newport, Oregon", "description": "The Central Oregon Coast Chapter of the National Organization for Women (NOW) works locally to promote equality for women.", "url": "http://t.co/9d8aw1YWOI", "entities": {"url": {"urls": [{"url": "http://t.co/9d8aw1YWOI", "expanded_url": "http://centraloregoncoastnow.wordpress.com/", "display_url": "centraloregoncoastnow.wordpress.com", "indices": [0, 22]}]}, "description": {"urls": []}}, "protected": false, "followers_count": 559, "friends_count": 222, "listed_count": 26, "created_at": "Fri Nov 09 23:19:29 +0000 2012", "favourites_count": 228, "utc_offset": null, "time_zone": null, "geo_enabled": true, "verified": false, "statuses_count": 12105, "lang": null, "contributors_enabled": false, "is_translator": false, "is_translation_enabled": false, "profile_background_color": "C0DEED", "profile_background_image_url": "http://abs.twimg.com/images/themes/theme1/bg.png", "profile_background_image_url_https": "https://abs.twimg.com/images/themes/theme1/bg.png", "profile_background_tile": false, "profile_image_url": "http://pbs.twimg.com/profile_images/411883302249709568/EXt1J7GO_normal.jpeg", "profile_image_url_https": "https://pbs.twimg.com/profile_images/411883302249709568/EXt1J7GO_normal.jpeg", "profile_banner_url": "https://pbs.twimg.com/profile_banners/937965702/1387036179", "profile_link_color": "1DA1F2", "profile_sidebar_border_color": "C0DEED", "profile_sidebar_fill_color": "DDEEF6", "profile_text_color": "333333", "profile_use_background_image": true, "has_extended_profile": false, "default_profile": true, "default_profile_image": false, "following": false, "follow_request_sent": false, "notifications": false, "translator_type": "none", "withheld_in_countries": []}, "geo": null, "coordinates": null, "place": null, "contributors": null, "is_quote_status": false, "retweet_count": 0, "favorite_count": 0, "favorited": false, "retweeted": false, "possibly_sensitive": false, "lang": "en"}