{"created_at": "Mon Jul 18 19:56:33 +0000 2016", "id": 755129150675877889, "id_str": "755129150675877889", "text": "Mike Pence: 'Allowing Rape Victims to Have Abortions Will Lead to Women Trying to Get Raped' -\u2026 https://t.co/1VnaPnkV49", "truncated": false, "entities": {"hashtags": [], "symbols": [], "user_mentions": [], "urls": [{"url": "https://t.co/1VnaPnkV49", "expanded_url": "http://dlvr.it/LqbdK3", "display_url": "dlvr.it/LqbdK3", "indices": [96, 119]}]}, "source": "<a href=\"https://dlvrit.com/\" rel=\"nofollow\">dlvr.it</a>", "in_reply_to_status_id": null, "in_reply_to_status_id_str": null, "in_reply_to_user_id": null, "in_reply_to_user_id_str": null, "in_reply_to_screen_name": null, "user": {"id": 617738449, "id_str": "617738449", "name": "Feminism view", "screen_name": "Feminismview", "location": "", "description": "Fantasy Feminism News from news sources all around the world", "url": null, "entities": {"description": {"urls": []}}, "protected": false, "followers_count": 1209, "friends_count": 1573, "listed_count": 17, "created_at": "Mon Jun 25 03:37:48 +0000 2012", "favourites_count": 0, "utc_offset": null, "time_zone": null, "geo_enabled": false, "verified": false, "statuses_count": 40535, "lang": null, "contributors_enabled": false, "is_translator": false, "is_translation_enabled": false, "profile_background_color": "C0DEED", "profile_background_image_url": "http://abs.twimg.com/images/themes/theme1/bg.png", "profile_background_image_url_https": "https://abs.twimg.com/images/themes/theme1/bg.png", "profile_background_tile": true, "profile_image_url": "http://pbs.twimg.com/profile_images/2398402041/7er9y7pikg5gdrc5wzfe_normal.jpeg", "profile_image_url_https": "https://pbs.twimg.com/profile_images/2398402041/7er9y7pikg5gdrc5wzfe_normal.jpeg", "profile_link_color": "0084B4", "profile_sidebar_border_color": "FFFFFF", "profile_sidebar_fill_color": "DDEEF6", "profile_text_color": "333333", "profile_use_background_image": true, "has_extended_profile": false, "default_profile": false, "default_profile_image": false, "following": false, "follow_request_sent": false, "notifications": false, "translator_type": "none", "withheld_in_countries": []}, "geo": null, "coordinates": null, "place": null, "contributors": null, "is_quote_status": false, "retweet_count": 0, "favorite_count": 0, "favorited": false, "retweeted": false, "possibly_sensitive": false, "lang": "en"}