{"created_at": "Tue Jul 19 05:05:35 +0000 2016", "id": 755267318612099073, "id_str": "755267318612099073", "text": "Mike Pence: \u201cAllowing Rape Victims To Have Abortions Will Lead To Women Trying To Get Raped\u201d. WTF https://t.co/6KaB3MES4A", "truncated": false, "entities": {"hashtags": [], "symbols": [], "user_mentions": [], "urls": [{"url": "https://t.co/6KaB3MES4A", "expanded_url": "http://politicops.com/mike-pence-allowing-rape-victims-abortions-will-lead-women-trying-get-raped/", "display_url": "politicops.com/mike-pence-all\u2026", "indices": [98, 121]}]}, "source": "<a href=\"http://twitter.com/download/iphone\" rel=\"nofollow\">Twitter for iPhone</a>", "in_reply_to_status_id": null, "in_reply_to_status_id_str": null, "in_reply_to_user_id": null, "in_reply_to_user_id_str": null, "in_reply_to_screen_name": null, "user": {"id": 1098787968, "id_str": "1098787968", "name": "Donald Munkacy", "screen_name": "don4488", "location": "", "description": "Unapologetic defender of progressive values. Former Marine and government employee. Will not usually respond to DM\u2019s.", "url": null, "entities": {"description": {"urls": []}}, "protected": false, "followers_count": 1882, "friends_count": 2268, "listed_count": 37, "created_at": "Thu Jan 17 17:34:22 +0000 2013", "favourites_count": 30400, "utc_offset": null, "time_zone": null, "geo_enabled": true, "verified": false, "statuses_count": 53578, "lang": null, "contributors_enabled": false, "is_translator": false, "is_translation_enabled": false, "profile_background_color": "C0DEED", "profile_background_image_url": "http://abs.twimg.com/images/themes/theme1/bg.png", "profile_background_image_url_https": "https://abs.twimg.com/images/themes/theme1/bg.png", "profile_background_tile": false, "profile_image_url": "http://pbs.twimg.com/profile_images/936799960837775362/7a-F8n5D_normal.jpg", "profile_image_url_https": "https://pbs.twimg.com/profile_images/936799960837775362/7a-F8n5D_normal.jpg", "profile_banner_url": "https://pbs.twimg.com/profile_banners/1098787968/1442536596", "profile_link_color": "1DA1F2", "profile_sidebar_border_color": "C0DEED", "profile_sidebar_fill_color": "DDEEF6", "profile_text_color": "333333", "profile_use_background_image": true, "has_extended_profile": false, "default_profile": true, "default_profile_image": false, "following": false, "follow_request_sent": false, "notifications": false, "translator_type": "none", "withheld_in_countries": []}, "geo": null, "coordinates": null, "place": null, "contributors": null, "is_quote_status": false, "retweet_count": 3, "favorite_count": 3, "favorited": false, "retweeted": false, "possibly_sensitive": false, "lang": "en"}