{"created_at": "Tue Jul 19 03:14:56 +0000 2016", "id": 755239474255261696, "id_str": "755239474255261696", "text": "Mike Pence: \u201cAllowing Rape Victims To Have Abortions Will Lead To Women Trying To Get Raped\u201d https://t.co/lngPOggLxg", "truncated": false, "entities": {"hashtags": [], "symbols": [], "user_mentions": [], "urls": [{"url": "https://t.co/lngPOggLxg", "expanded_url": "http://fb.me/5dG0Oq614", "display_url": "fb.me/5dG0Oq614", "indices": [93, 116]}]}, "source": "<a href=\"http://www.facebook.com/twitter\" rel=\"nofollow\">Facebook</a>", "in_reply_to_status_id": null, "in_reply_to_status_id_str": null, "in_reply_to_user_id": null, "in_reply_to_user_id_str": null, "in_reply_to_screen_name": null, "user": {"id": 89547014, "id_str": "89547014", "name": "Dave Barnes", "screen_name": "DBDrummo99", "location": "Indy", "description": "", "url": "https://t.co/2fpDzqilL3", "entities": {"url": {"urls": [{"url": "https://t.co/2fpDzqilL3", "expanded_url": "http://www.carlstorieband.com", "display_url": "carlstorieband.com", "indices": [0, 23]}]}, "description": {"urls": []}}, "protected": false, "followers_count": 29, "friends_count": 85, "listed_count": 0, "created_at": "Thu Nov 12 21:34:58 +0000 2009", "favourites_count": 6, "utc_offset": null, "time_zone": null, "geo_enabled": true, "verified": false, "statuses_count": 10584, "lang": null, "contributors_enabled": false, "is_translator": false, "is_translation_enabled": false, "profile_background_color": "131516", "profile_background_image_url": "http://abs.twimg.com/images/themes/theme14/bg.gif", "profile_background_image_url_https": "https://abs.twimg.com/images/themes/theme14/bg.gif", "profile_background_tile": true, "profile_image_url": "http://pbs.twimg.com/profile_images/3749085038/886fea5217421e3a3eebfbcfd83cb996_normal.jpeg", "profile_image_url_https": "https://pbs.twimg.com/profile_images/3749085038/886fea5217421e3a3eebfbcfd83cb996_normal.jpeg", "profile_link_color": "009999", "profile_sidebar_border_color": "EEEEEE", "profile_sidebar_fill_color": "EFEFEF", "profile_text_color": "333333", "profile_use_background_image": true, "has_extended_profile": true, "default_profile": false, "default_profile_image": false, "following": false, "follow_request_sent": false, "notifications": false, "translator_type": "none", "withheld_in_countries": []}, "geo": null, "coordinates": null, "place": null, "contributors": null, "is_quote_status": false, "retweet_count": 0, "favorite_count": 0, "favorited": false, "retweeted": false, "possibly_sensitive": false, "lang": "en"}