{"created_at": "Tue Jul 19 03:38:24 +0000 2016", "id": 755245377742221313, "id_str": "755245377742221313", "text": "Mike Pence: \u201cAllowing Rape Victims To Have Abortions Will Lead To Women Trying To Get Raped\u201d https://t.co/hqfRq6pHpI", "truncated": false, "entities": {"hashtags": [], "symbols": [], "user_mentions": [], "urls": [{"url": "https://t.co/hqfRq6pHpI", "expanded_url": "http://fb.me/1hFrkw39z", "display_url": "fb.me/1hFrkw39z", "indices": [93, 116]}]}, "source": "<a href=\"http://www.facebook.com/twitter\" rel=\"nofollow\">Facebook</a>", "in_reply_to_status_id": null, "in_reply_to_status_id_str": null, "in_reply_to_user_id": null, "in_reply_to_user_id_str": null, "in_reply_to_screen_name": null, "user": {"id": 260076606, "id_str": "260076606", "name": "Linda K. Morse", "screen_name": "Kate1347", "location": "Virginia, USA", "description": "#FBR  #TheResistance  #StrongerTogether \ud83c\udf0a #WalkForOurLives", "url": null, "entities": {"description": {"urls": []}}, "protected": false, "followers_count": 3634, "friends_count": 4194, "listed_count": 13, "created_at": "Thu Mar 03 04:31:37 +0000 2011", "favourites_count": 13685, "utc_offset": null, "time_zone": null, "geo_enabled": false, "verified": false, "statuses_count": 124742, "lang": null, "contributors_enabled": false, "is_translator": false, "is_translation_enabled": false, "profile_background_color": "000000", "profile_background_image_url": "http://abs.twimg.com/images/themes/theme1/bg.png", "profile_background_image_url_https": "https://abs.twimg.com/images/themes/theme1/bg.png", "profile_background_tile": false, "profile_image_url": "http://pbs.twimg.com/profile_images/442494623748222976/KE0akRMb_normal.jpeg", "profile_image_url_https": "https://pbs.twimg.com/profile_images/442494623748222976/KE0akRMb_normal.jpeg", "profile_banner_url": "https://pbs.twimg.com/profile_banners/260076606/1527264967", "profile_link_color": "FF691F", "profile_sidebar_border_color": "000000", "profile_sidebar_fill_color": "000000", "profile_text_color": "000000", "profile_use_background_image": false, "has_extended_profile": false, "default_profile": false, "default_profile_image": false, "following": false, "follow_request_sent": false, "notifications": false, "translator_type": "none", "withheld_in_countries": []}, "geo": null, "coordinates": null, "place": null, "contributors": null, "is_quote_status": false, "retweet_count": 0, "favorite_count": 0, "favorited": false, "retweeted": false, "possibly_sensitive": false, "lang": "en"}