{"created_at": "Tue Jul 19 03:03:43 +0000 2016", "id": 755236647843799040, "id_str": "755236647843799040", "text": "Mike Pence: \u201cAllowing Rape Victims To Have Abortions Will Lead To Women Trying To Get Raped\u201d https://t.co/ePM3Xw1KyI", "truncated": false, "entities": {"hashtags": [], "symbols": [], "user_mentions": [], "urls": [{"url": "https://t.co/ePM3Xw1KyI", "expanded_url": "http://fb.me/1FAbAxuLz", "display_url": "fb.me/1FAbAxuLz", "indices": [93, 116]}]}, "source": "<a href=\"http://www.facebook.com/twitter\" rel=\"nofollow\">Facebook</a>", "in_reply_to_status_id": null, "in_reply_to_status_id_str": null, "in_reply_to_user_id": null, "in_reply_to_user_id_str": null, "in_reply_to_screen_name": null, "user": {"id": 21145402, "id_str": "21145402", "name": "Dave Clarkin", "screen_name": "daveclarkin", "location": "Chicago metro", "description": "Any suggestion my tweets aren't my own is ridiculous.", "url": null, "entities": {"description": {"urls": []}}, "protected": false, "followers_count": 522, "friends_count": 470, "listed_count": 49, "created_at": "Tue Feb 17 23:25:06 +0000 2009", "favourites_count": 4592, "utc_offset": null, "time_zone": null, "geo_enabled": true, "verified": false, "statuses_count": 20720, "lang": null, "contributors_enabled": false, "is_translator": false, "is_translation_enabled": false, "profile_background_color": "0099B9", "profile_background_image_url": "http://abs.twimg.com/images/themes/theme4/bg.gif", "profile_background_image_url_https": "https://abs.twimg.com/images/themes/theme4/bg.gif", "profile_background_tile": false, "profile_image_url": "http://pbs.twimg.com/profile_images/1710165725/image_normal.jpg", "profile_image_url_https": "https://pbs.twimg.com/profile_images/1710165725/image_normal.jpg", "profile_link_color": "0099B9", "profile_sidebar_border_color": "5ED4DC", "profile_sidebar_fill_color": "95E8EC", "profile_text_color": "3C3940", "profile_use_background_image": true, "has_extended_profile": true, "default_profile": false, "default_profile_image": false, "following": false, "follow_request_sent": false, "notifications": false, "translator_type": "none", "withheld_in_countries": []}, "geo": null, "coordinates": null, "place": null, "contributors": null, "is_quote_status": false, "retweet_count": 0, "favorite_count": 0, "favorited": false, "retweeted": false, "possibly_sensitive": false, "lang": "en"}