{"created_at": "Tue Jul 19 03:17:13 +0000 2016", "id": 755240045053968384, "id_str": "755240045053968384", "text": "Mike Pence: \u201cAllowing Rape Victims To Have Abortions Will Lead To Women Trying To Get Raped\u201d https://t.co/dFy9Uf3IiZ", "truncated": false, "entities": {"hashtags": [], "symbols": [], "user_mentions": [], "urls": [{"url": "https://t.co/dFy9Uf3IiZ", "expanded_url": "http://fb.me/WwspWA9l", "display_url": "fb.me/WwspWA9l", "indices": [93, 116]}]}, "source": "<a href=\"http://www.facebook.com/twitter\" rel=\"nofollow\">Facebook</a>", "in_reply_to_status_id": null, "in_reply_to_status_id_str": null, "in_reply_to_user_id": null, "in_reply_to_user_id_str": null, "in_reply_to_screen_name": null, "user": {"id": 347330096, "id_str": "347330096", "name": "Annette McElhiney", "screen_name": "mcelhina", "location": "Colorado and California", "description": "I'm a former nurse, retired college professor, 8 year ovarian cancer survivor, researcher, painter, writer, and advocate.  I paint and write to heal.", "url": "https://t.co/1RikHpt3pU", "entities": {"url": {"urls": [{"url": "https://t.co/1RikHpt3pU", "expanded_url": "http://altheaannettedesigns.com/index.html", "display_url": "altheaannettedesigns.com/index.html", "indices": [0, 23]}]}, "description": {"urls": []}}, "protected": false, "followers_count": 131, "friends_count": 452, "listed_count": 12, "created_at": "Tue Aug 02 16:44:59 +0000 2011", "favourites_count": 2228, "utc_offset": null, "time_zone": null, "geo_enabled": false, "verified": false, "statuses_count": 9746, "lang": null, "contributors_enabled": false, "is_translator": false, "is_translation_enabled": false, "profile_background_color": "C0DEED", "profile_background_image_url": "http://abs.twimg.com/images/themes/theme1/bg.png", "profile_background_image_url_https": "https://abs.twimg.com/images/themes/theme1/bg.png", "profile_background_tile": false, "profile_image_url": "http://abs.twimg.com/sticky/default_profile_images/default_profile_normal.png", "profile_image_url_https": "https://abs.twimg.com/sticky/default_profile_images/default_profile_normal.png", "profile_banner_url": "https://pbs.twimg.com/profile_banners/347330096/1481508900", "profile_link_color": "1DA1F2", "profile_sidebar_border_color": "C0DEED", "profile_sidebar_fill_color": "DDEEF6", "profile_text_color": "333333", "profile_use_background_image": true, "has_extended_profile": true, "default_profile": true, "default_profile_image": true, "following": false, "follow_request_sent": false, "notifications": false, "translator_type": "none", "withheld_in_countries": []}, "geo": null, "coordinates": null, "place": null, "contributors": null, "is_quote_status": false, "retweet_count": 0, "favorite_count": 0, "favorited": false, "retweeted": false, "possibly_sensitive": false, "lang": "en"}