{"created_at": "Tue Jul 19 06:20:25 +0000 2016", "id": 755286149082521600, "id_str": "755286149082521600", "text": "Mike Pence: \u201cAllowing Rape Victims To Have Abortions Will Lead To Women Trying To Get Raped\u201d https://t.co/cj6R0yEgA3 via @TheNewslo", "truncated": false, "entities": {"hashtags": [], "symbols": [], "user_mentions": [{"screen_name": "TheNewslo", "name": "Newslo", "id": 393693452, "id_str": "393693452", "indices": [121, 131]}], "urls": [{"url": "https://t.co/cj6R0yEgA3", "expanded_url": "http://politicops.com/mike-pence-allowing-rape-victims-abortions-will-lead-women-trying-get-raped/", "display_url": "politicops.com/mike-pence-all\u2026", "indices": [93, 116]}]}, "source": "<a href=\"http://mobile.twitter.com\" rel=\"nofollow\">Mobile Web</a>", "in_reply_to_status_id": null, "in_reply_to_status_id_str": null, "in_reply_to_user_id": null, "in_reply_to_user_id_str": null, "in_reply_to_screen_name": null, "user": {"id": 3047952859, "id_str": "3047952859", "name": "Alternative Healing and Wellness", "screen_name": "lipomelt", "location": "Worldwide", "description": "My son vax injured at 4. Rheumatologist back then told me to know my stuff at Scottish Rite with docs and to remember the squeaky wheel gets the grease.", "url": null, "entities": {"description": {"urls": []}}, "protected": false, "followers_count": 2311, "friends_count": 2179, "listed_count": 89, "created_at": "Fri Feb 27 23:02:11 +0000 2015", "favourites_count": 12720, "utc_offset": null, "time_zone": null, "geo_enabled": true, "verified": false, "statuses_count": 3125, "lang": null, "contributors_enabled": false, "is_translator": false, "is_translation_enabled": false, "profile_background_color": "C0DEED", "profile_background_image_url": "http://abs.twimg.com/images/themes/theme1/bg.png", "profile_background_image_url_https": "https://abs.twimg.com/images/themes/theme1/bg.png", "profile_background_tile": false, "profile_image_url": "http://pbs.twimg.com/profile_images/966711109511098368/2jEcrGoN_normal.jpg", "profile_image_url_https": "https://pbs.twimg.com/profile_images/966711109511098368/2jEcrGoN_normal.jpg", "profile_banner_url": "https://pbs.twimg.com/profile_banners/3047952859/1621206075", "profile_link_color": "1B95E0", "profile_sidebar_border_color": "000000", "profile_sidebar_fill_color": "000000", "profile_text_color": "000000", "profile_use_background_image": true, "has_extended_profile": false, "default_profile": false, "default_profile_image": false, "following": false, "follow_request_sent": false, "notifications": false, "translator_type": "none", "withheld_in_countries": []}, "geo": null, "coordinates": null, "place": null, "contributors": null, "is_quote_status": false, "retweet_count": 0, "favorite_count": 0, "favorited": false, "retweeted": false, "possibly_sensitive": false, "lang": "en"}