{"created_at": "Tue Jul 19 02:35:01 +0000 2016", "id": 755229426871173120, "id_str": "755229426871173120", "text": "Mike Pence: \u201cAllowing Rape Victims To Have Abortions Will Lead To Women Trying To Get Raped\u201d https://t.co/NCJ5GgvWob", "truncated": false, "entities": {"hashtags": [], "symbols": [], "user_mentions": [], "urls": [{"url": "https://t.co/NCJ5GgvWob", "expanded_url": "http://fb.me/1oRTKJfDJ", "display_url": "fb.me/1oRTKJfDJ", "indices": [93, 116]}]}, "source": "<a href=\"http://www.facebook.com/twitter\" rel=\"nofollow\">Facebook</a>", "in_reply_to_status_id": null, "in_reply_to_status_id_str": null, "in_reply_to_user_id": null, "in_reply_to_user_id_str": null, "in_reply_to_screen_name": null, "user": {"id": 476453007, "id_str": "476453007", "name": "Myra Wilson", "screen_name": "itsthewilsonway", "location": "Weddington, NC", "description": "", "url": "https://t.co/GdbvJqsGZS", "entities": {"url": {"urls": [{"url": "https://t.co/GdbvJqsGZS", "expanded_url": "http://www.wilsonwayphotography.com", "display_url": "wilsonwayphotography.com", "indices": [0, 23]}]}, "description": {"urls": []}}, "protected": false, "followers_count": 51, "friends_count": 206, "listed_count": 1, "created_at": "Sat Jan 28 04:35:23 +0000 2012", "favourites_count": 193, "utc_offset": null, "time_zone": null, "geo_enabled": false, "verified": false, "statuses_count": 48236, "lang": null, "contributors_enabled": false, "is_translator": false, "is_translation_enabled": false, "profile_background_color": "000000", "profile_background_image_url": "http://abs.twimg.com/images/themes/theme1/bg.png", "profile_background_image_url_https": "https://abs.twimg.com/images/themes/theme1/bg.png", "profile_background_tile": false, "profile_image_url": "http://pbs.twimg.com/profile_images/514812548466483200/ALJZyjY8_normal.jpeg", "profile_image_url_https": "https://pbs.twimg.com/profile_images/514812548466483200/ALJZyjY8_normal.jpeg", "profile_banner_url": "https://pbs.twimg.com/profile_banners/476453007/1411576238", "profile_link_color": "1B95E0", "profile_sidebar_border_color": "000000", "profile_sidebar_fill_color": "000000", "profile_text_color": "000000", "profile_use_background_image": false, "has_extended_profile": true, "default_profile": false, "default_profile_image": false, "following": false, "follow_request_sent": false, "notifications": false, "translator_type": "none", "withheld_in_countries": []}, "geo": null, "coordinates": null, "place": null, "contributors": null, "is_quote_status": false, "retweet_count": 0, "favorite_count": 0, "favorited": false, "retweeted": false, "possibly_sensitive": false, "lang": "en"}