{"created_at": "Tue Jul 19 10:33:49 +0000 2016", "id": 755349922254323712, "id_str": "755349922254323712", "text": "Mike Pence: \u201cAllowing Rape Victims To Have Abortions Will Lead To Women Trying To Get Raped\u201d https://t.co/la9N1qlu2T", "truncated": false, "entities": {"hashtags": [], "symbols": [], "user_mentions": [], "urls": [{"url": "https://t.co/la9N1qlu2T", "expanded_url": "http://fb.me/5glvIMAyO", "display_url": "fb.me/5glvIMAyO", "indices": [93, 116]}]}, "source": "<a href=\"http://www.facebook.com/twitter\" rel=\"nofollow\">Facebook</a>", "in_reply_to_status_id": null, "in_reply_to_status_id_str": null, "in_reply_to_user_id": null, "in_reply_to_user_id_str": null, "in_reply_to_screen_name": null, "user": {"id": 18264469, "id_str": "18264469", "name": "Grumpa I/me #LeftofCenterDem", "screen_name": "Grumpa", "location": "near Chicago, Il", "description": "#BernieBots call me a #CorporateDemocrat. I call them #LeftwingMagats. Any #BernieBot I discover will be unfollowed and blocked.", "url": null, "entities": {"description": {"urls": []}}, "protected": false, "followers_count": 1060, "friends_count": 1851, "listed_count": 13, "created_at": "Sat Dec 20 10:15:05 +0000 2008", "favourites_count": 5946, "utc_offset": null, "time_zone": null, "geo_enabled": true, "verified": false, "statuses_count": 34658, "lang": null, "contributors_enabled": false, "is_translator": false, "is_translation_enabled": false, "profile_background_color": "000000", "profile_background_image_url": "http://abs.twimg.com/images/themes/theme5/bg.gif", "profile_background_image_url_https": "https://abs.twimg.com/images/themes/theme5/bg.gif", "profile_background_tile": false, "profile_image_url": "http://pbs.twimg.com/profile_images/1275004392668889090/HvF6OepX_normal.jpg", "profile_image_url_https": "https://pbs.twimg.com/profile_images/1275004392668889090/HvF6OepX_normal.jpg", "profile_banner_url": "https://pbs.twimg.com/profile_banners/18264469/1521830121", "profile_link_color": "1B95E0", "profile_sidebar_border_color": "000000", "profile_sidebar_fill_color": "000000", "profile_text_color": "000000", "profile_use_background_image": false, "has_extended_profile": true, "default_profile": false, "default_profile_image": false, "following": false, "follow_request_sent": false, "notifications": false, "translator_type": "none", "withheld_in_countries": []}, "geo": null, "coordinates": null, "place": null, "contributors": null, "is_quote_status": false, "retweet_count": 0, "favorite_count": 0, "favorited": false, "retweeted": false, "possibly_sensitive": false, "lang": "en"}