{"created_at": "Tue Jul 19 15:36:20 +0000 2016", "id": 755426051644231681, "id_str": "755426051644231681", "text": "Mike Pence: \u201cAllowing Rape Victims To Have Abortions Will Lead To Women Trying To Get Raped\u201d https://t.co/EWs0Lvkw1W", "truncated": false, "entities": {"hashtags": [], "symbols": [], "user_mentions": [], "urls": [{"url": "https://t.co/EWs0Lvkw1W", "expanded_url": "http://fb.me/4Q3A7XYvb", "display_url": "fb.me/4Q3A7XYvb", "indices": [93, 116]}]}, "source": "<a href=\"http://www.facebook.com/twitter\" rel=\"nofollow\">Facebook</a>", "in_reply_to_status_id": null, "in_reply_to_status_id_str": null, "in_reply_to_user_id": null, "in_reply_to_user_id_str": null, "in_reply_to_screen_name": null, "user": {"id": 56726788, "id_str": "56726788", "name": "Alma Moore", "screen_name": "amoore270", "location": "Virginia", "description": "Realtor / ,Real Estate Investor,\r\n\r\n I'll be happy to help you.", "url": "http://t.co/pNxgwvAC", "entities": {"url": {"urls": [{"url": "http://t.co/pNxgwvAC", "expanded_url": "http://almamoore.com", "display_url": "almamoore.com", "indices": [0, 20]}]}, "description": {"urls": []}}, "protected": false, "followers_count": 435, "friends_count": 1385, "listed_count": 18, "created_at": "Tue Jul 14 15:36:45 +0000 2009", "favourites_count": 7, "utc_offset": null, "time_zone": null, "geo_enabled": true, "verified": false, "statuses_count": 5746, "lang": null, "contributors_enabled": false, "is_translator": false, "is_translation_enabled": false, "profile_background_color": "C0DEED", "profile_background_image_url": "http://abs.twimg.com/images/themes/theme1/bg.png", "profile_background_image_url_https": "https://abs.twimg.com/images/themes/theme1/bg.png", "profile_background_tile": false, "profile_image_url": "http://pbs.twimg.com/profile_images/1112678061/n100000054858445_751_normal.jpg", "profile_image_url_https": "https://pbs.twimg.com/profile_images/1112678061/n100000054858445_751_normal.jpg", "profile_link_color": "1DA1F2", "profile_sidebar_border_color": "C0DEED", "profile_sidebar_fill_color": "DDEEF6", "profile_text_color": "333333", "profile_use_background_image": true, "has_extended_profile": false, "default_profile": true, "default_profile_image": false, "following": false, "follow_request_sent": false, "notifications": false, "translator_type": "none", "withheld_in_countries": []}, "geo": null, "coordinates": null, "place": null, "contributors": null, "is_quote_status": false, "retweet_count": 0, "favorite_count": 0, "favorited": false, "retweeted": false, "possibly_sensitive": false, "lang": "en"}