{"created_at": "Tue Jul 19 15:20:41 +0000 2016", "id": 755422113503277056, "id_str": "755422113503277056", "text": "Mike Pence: \u201cAllowing Rape Victims To Have Abortions Will Lead To Women Trying To Get Raped\u201d https://t.co/Trgp3dmC6q", "truncated": false, "entities": {"hashtags": [], "symbols": [], "user_mentions": [], "urls": [{"url": "https://t.co/Trgp3dmC6q", "expanded_url": "http://fb.me/2koqT6DqS", "display_url": "fb.me/2koqT6DqS", "indices": [93, 116]}]}, "source": "<a href=\"http://www.facebook.com/twitter\" rel=\"nofollow\">Facebook</a>", "in_reply_to_status_id": null, "in_reply_to_status_id_str": null, "in_reply_to_user_id": null, "in_reply_to_user_id_str": null, "in_reply_to_screen_name": null, "user": {"id": 29410203, "id_str": "29410203", "name": "Kenien", "screen_name": "Kenien", "location": "Nowhere", "description": "something something mental health something something Trump is going to cause the Second Civil War.", "url": null, "entities": {"description": {"urls": []}}, "protected": false, "followers_count": 647, "friends_count": 133, "listed_count": 53, "created_at": "Tue Apr 07 08:20:24 +0000 2009", "favourites_count": 169615, "utc_offset": null, "time_zone": null, "geo_enabled": true, "verified": false, "statuses_count": 151336, "lang": null, "contributors_enabled": false, "is_translator": false, "is_translation_enabled": false, "profile_background_color": "1A1B1F", "profile_background_image_url": "http://abs.twimg.com/images/themes/theme9/bg.gif", "profile_background_image_url_https": "https://abs.twimg.com/images/themes/theme9/bg.gif", "profile_background_tile": true, "profile_image_url": "http://pbs.twimg.com/profile_images/1287989605057388544/MubntB3V_normal.jpg", "profile_image_url_https": "https://pbs.twimg.com/profile_images/1287989605057388544/MubntB3V_normal.jpg", "profile_banner_url": "https://pbs.twimg.com/profile_banners/29410203/1595853705", "profile_link_color": "2FC2EF", "profile_sidebar_border_color": "181A1E", "profile_sidebar_fill_color": "252429", "profile_text_color": "666666", "profile_use_background_image": true, "has_extended_profile": true, "default_profile": false, "default_profile_image": false, "following": false, "follow_request_sent": false, "notifications": false, "translator_type": "none", "withheld_in_countries": []}, "geo": null, "coordinates": null, "place": null, "contributors": null, "is_quote_status": false, "retweet_count": 0, "favorite_count": 0, "favorited": false, "retweeted": false, "possibly_sensitive": false, "lang": "en"}