{"created_at": "Tue Jul 19 13:54:53 +0000 2016", "id": 755400521079328769, "id_str": "755400521079328769", "text": "Mike Pence: \u201cAllowing Rape Victims To Have Abortions Will Lead To Women Trying To Get Raped\u201d https://t.co/Mxd9Hjb9kV", "truncated": false, "entities": {"hashtags": [], "symbols": [], "user_mentions": [], "urls": [{"url": "https://t.co/Mxd9Hjb9kV", "expanded_url": "http://fb.me/3qBp2g4MJ", "display_url": "fb.me/3qBp2g4MJ", "indices": [93, 116]}]}, "source": "<a href=\"http://www.facebook.com/twitter\" rel=\"nofollow\">Facebook</a>", "in_reply_to_status_id": null, "in_reply_to_status_id_str": null, "in_reply_to_user_id": null, "in_reply_to_user_id_str": null, "in_reply_to_screen_name": null, "user": {"id": 225489249, "id_str": "225489249", "name": "Ayasam \u0153x", "screen_name": "Majin__Masaya", "location": "NYC", "description": "Editor and Graphics\nAn Evil Angel and Righteous Devil, Majin", "url": null, "entities": {"description": {"urls": []}}, "protected": false, "followers_count": 114, "friends_count": 87, "listed_count": 6, "created_at": "Sat Dec 11 17:57:23 +0000 2010", "favourites_count": 251, "utc_offset": null, "time_zone": null, "geo_enabled": false, "verified": false, "statuses_count": 35324, "lang": null, "contributors_enabled": false, "is_translator": false, "is_translation_enabled": false, "profile_background_color": "1A1B1F", "profile_background_image_url": "http://abs.twimg.com/images/themes/theme9/bg.gif", "profile_background_image_url_https": "https://abs.twimg.com/images/themes/theme9/bg.gif", "profile_background_tile": false, "profile_image_url": "http://pbs.twimg.com/profile_images/1347391441279053827/kico9dcp_normal.jpg", "profile_image_url_https": "https://pbs.twimg.com/profile_images/1347391441279053827/kico9dcp_normal.jpg", "profile_banner_url": "https://pbs.twimg.com/profile_banners/225489249/1610078126", "profile_link_color": "2FC2EF", "profile_sidebar_border_color": "181A1E", "profile_sidebar_fill_color": "252429", "profile_text_color": "666666", "profile_use_background_image": true, "has_extended_profile": true, "default_profile": false, "default_profile_image": false, "following": false, "follow_request_sent": false, "notifications": false, "translator_type": "none", "withheld_in_countries": []}, "geo": null, "coordinates": null, "place": null, "contributors": null, "is_quote_status": false, "retweet_count": 0, "favorite_count": 0, "favorited": false, "retweeted": false, "possibly_sensitive": false, "lang": "en"}