{"created_at": "Tue Jul 19 15:14:43 +0000 2016", "id": 755420610575073284, "id_str": "755420610575073284", "text": "Mike Pence: \u201cAllowing Rape Victims To Have Abortions Will Lead To Women Trying To Get Raped\u201d https://t.co/hDkXXdF55E", "truncated": false, "entities": {"hashtags": [], "symbols": [], "user_mentions": [], "urls": [{"url": "https://t.co/hDkXXdF55E", "expanded_url": "http://fb.me/2KiIMtQZD", "display_url": "fb.me/2KiIMtQZD", "indices": [93, 116]}]}, "source": "<a href=\"http://www.facebook.com/twitter\" rel=\"nofollow\">Facebook</a>", "in_reply_to_status_id": null, "in_reply_to_status_id_str": null, "in_reply_to_user_id": null, "in_reply_to_user_id_str": null, "in_reply_to_screen_name": null, "user": {"id": 1343397782, "id_str": "1343397782", "name": "Larry Terrell", "screen_name": "farmall6247", "location": "Eva, Tn", "description": "", "url": null, "entities": {"description": {"urls": []}}, "protected": false, "followers_count": 40, "friends_count": 37, "listed_count": 1, "created_at": "Thu Apr 11 02:58:52 +0000 2013", "favourites_count": 49, "utc_offset": null, "time_zone": null, "geo_enabled": true, "verified": false, "statuses_count": 9455, "lang": null, "contributors_enabled": false, "is_translator": false, "is_translation_enabled": false, "profile_background_color": "C6E2EE", "profile_background_image_url": "http://abs.twimg.com/images/themes/theme2/bg.gif", "profile_background_image_url_https": "https://abs.twimg.com/images/themes/theme2/bg.gif", "profile_background_tile": false, "profile_image_url": "http://pbs.twimg.com/profile_images/3733169006/b25a2b4e91a0a28262c12c382adcd6e7_normal.jpeg", "profile_image_url_https": "https://pbs.twimg.com/profile_images/3733169006/b25a2b4e91a0a28262c12c382adcd6e7_normal.jpeg", "profile_banner_url": "https://pbs.twimg.com/profile_banners/1343397782/1372389409", "profile_link_color": "1F98C7", "profile_sidebar_border_color": "C6E2EE", "profile_sidebar_fill_color": "DAECF4", "profile_text_color": "663B12", "profile_use_background_image": true, "has_extended_profile": true, "default_profile": false, "default_profile_image": false, "following": false, "follow_request_sent": false, "notifications": false, "translator_type": "none", "withheld_in_countries": []}, "geo": null, "coordinates": null, "place": null, "contributors": null, "is_quote_status": false, "retweet_count": 0, "favorite_count": 0, "favorited": false, "retweeted": false, "possibly_sensitive": false, "lang": "en"}