{"created_at": "Wed Jul 20 01:43:12 +0000 2016", "id": 755578773148471296, "id_str": "755578773148471296", "text": "Mike Pence: \u201cAllowing Rape Victims To Have Abortions Will Lead To Women Trying To Get Raped\u201d -... https://t.co/knClSEQbL8", "truncated": false, "entities": {"hashtags": [], "symbols": [], "user_mentions": [], "urls": [{"url": "https://t.co/knClSEQbL8", "expanded_url": "https://tmblr.co/ZHcvIs29Xzwku", "display_url": "tmblr.co/ZHcvIs29Xzwku", "indices": [98, 121]}]}, "source": "<a href=\"https://www.tumblr.com/\" rel=\"nofollow\">Tumblr</a>", "in_reply_to_status_id": null, "in_reply_to_status_id_str": null, "in_reply_to_user_id": null, "in_reply_to_user_id_str": null, "in_reply_to_screen_name": null, "user": {"id": 2419668043, "id_str": "2419668043", "name": "Phoenix The Goddess of Hell", "screen_name": "PhoenixHeart101", "location": "United States", "description": "I admit that in the past I've been a nasty...\nThey weren't kidding when they called me, well, a bitch.\ud83d\ude08\ud83d\udc19", "url": null, "entities": {"description": {"urls": []}}, "protected": false, "followers_count": 19, "friends_count": 173, "listed_count": 0, "created_at": "Sun Mar 30 23:33:38 +0000 2014", "favourites_count": 4078, "utc_offset": null, "time_zone": null, "geo_enabled": false, "verified": false, "statuses_count": 28562, "lang": null, "contributors_enabled": false, "is_translator": false, "is_translation_enabled": false, "profile_background_color": "000000", "profile_background_image_url": "http://abs.twimg.com/images/themes/theme1/bg.png", "profile_background_image_url_https": "https://abs.twimg.com/images/themes/theme1/bg.png", "profile_background_tile": false, "profile_image_url": "http://pbs.twimg.com/profile_images/1075946017810509824/CxNwHrxd_normal.jpg", "profile_image_url_https": "https://pbs.twimg.com/profile_images/1075946017810509824/CxNwHrxd_normal.jpg", "profile_banner_url": "https://pbs.twimg.com/profile_banners/2419668043/1545360607", "profile_link_color": "ABB8C2", "profile_sidebar_border_color": "000000", "profile_sidebar_fill_color": "000000", "profile_text_color": "000000", "profile_use_background_image": false, "has_extended_profile": true, "default_profile": false, "default_profile_image": false, "following": false, "follow_request_sent": false, "notifications": false, "translator_type": "none", "withheld_in_countries": []}, "geo": null, "coordinates": null, "place": null, "contributors": null, "is_quote_status": false, "retweet_count": 0, "favorite_count": 0, "favorited": false, "retweeted": false, "possibly_sensitive": false, "lang": "en"}