{"created_at": "Tue Jul 19 23:49:15 +0000 2016", "id": 755550097769889792, "id_str": "755550097769889792", "text": "Mike Pence: \u201cAllowing Rape Victims To Have Abortions Will Lead To Women Trying To Get Raped\u201d -... https://t.co/jPDOpjyf6m", "truncated": false, "entities": {"hashtags": [], "symbols": [], "user_mentions": [], "urls": [{"url": "https://t.co/jPDOpjyf6m", "expanded_url": "https://tmblr.co/ZUtz0y29XiRVu", "display_url": "tmblr.co/ZUtz0y29XiRVu", "indices": [98, 121]}]}, "source": "<a href=\"https://www.tumblr.com/\" rel=\"nofollow\">Tumblr</a>", "in_reply_to_status_id": null, "in_reply_to_status_id_str": null, "in_reply_to_user_id": null, "in_reply_to_user_id_str": null, "in_reply_to_screen_name": null, "user": {"id": 203985777, "id_str": "203985777", "name": "Dizzy \"The Untouchable Girl\" Dezzi", "screen_name": "dizzydezzi2010", "location": "Colorado Springs, CO", "description": "I'm 100% That B. Poet. Podcaster. Mother. Loner. Entrepreneur. Hopeful. Cynic. Just trying to make the most of these Dizzy Dayz #resist #hope #persist #overcome", "url": "https://t.co/MCiEXmkTeu", "entities": {"url": {"urls": [{"url": "https://t.co/MCiEXmkTeu", "expanded_url": "https://anchor.fm/thelaundrydiva/", "display_url": "anchor.fm/thelaundrydiva/", "indices": [0, 23]}]}, "description": {"urls": []}}, "protected": false, "followers_count": 2818, "friends_count": 4683, "listed_count": 141, "created_at": "Sun Oct 17 17:16:36 +0000 2010", "favourites_count": 354670, "utc_offset": null, "time_zone": null, "geo_enabled": true, "verified": false, "statuses_count": 119810, "lang": null, "contributors_enabled": false, "is_translator": false, "is_translation_enabled": false, "profile_background_color": "9AE4E8", "profile_background_image_url": "http://abs.twimg.com/images/themes/theme16/bg.gif", "profile_background_image_url_https": "https://abs.twimg.com/images/themes/theme16/bg.gif", "profile_background_tile": false, "profile_image_url": "http://pbs.twimg.com/profile_images/1351916056147853312/OXEpuxcd_normal.jpg", "profile_image_url_https": "https://pbs.twimg.com/profile_images/1351916056147853312/OXEpuxcd_normal.jpg", "profile_banner_url": "https://pbs.twimg.com/profile_banners/203985777/1451752297", "profile_link_color": "0084B4", "profile_sidebar_border_color": "BDDCAD", "profile_sidebar_fill_color": "DDFFCC", "profile_text_color": "333333", "profile_use_background_image": true, "has_extended_profile": true, "default_profile": false, "default_profile_image": false, "following": false, "follow_request_sent": false, "notifications": false, "translator_type": "none", "withheld_in_countries": []}, "geo": null, "coordinates": null, "place": null, "contributors": null, "is_quote_status": false, "retweet_count": 0, "favorite_count": 0, "favorited": false, "retweeted": false, "possibly_sensitive": true, "lang": "en"}