{"created_at": "Wed Jul 20 01:24:39 +0000 2016", "id": 755574106704138240, "id_str": "755574106704138240", "text": "Mike Pence: \u201cAllowing Rape Victims To Have Abortions Will Lead To Women Trying To Get Raped\u201d https://t.co/2me8eUFTvL via @TheNewslo WTF ??", "truncated": false, "entities": {"hashtags": [], "symbols": [], "user_mentions": [{"screen_name": "TheNewslo", "name": "Newslo", "id": 393693452, "id_str": "393693452", "indices": [121, 131]}], "urls": [{"url": "https://t.co/2me8eUFTvL", "expanded_url": "http://politicops.com/mike-pence-allowing-rape-victims-abortions-will-lead-women-trying-get-raped/", "display_url": "politicops.com/mike-pence-all\u2026", "indices": [93, 116]}]}, "source": "<a href=\"http://twitter.com\" rel=\"nofollow\">Twitter Web Client</a>", "in_reply_to_status_id": null, "in_reply_to_status_id_str": null, "in_reply_to_user_id": null, "in_reply_to_user_id_str": null, "in_reply_to_screen_name": null, "user": {"id": 118322302, "id_str": "118322302", "name": "per arne granbo", "screen_name": "thaigranbo", "location": "Bang Saphan, Thailand", "description": "", "url": null, "entities": {"description": {"urls": []}}, "protected": false, "followers_count": 1844, "friends_count": 2041, "listed_count": 66, "created_at": "Sun Feb 28 08:51:40 +0000 2010", "favourites_count": 4447, "utc_offset": null, "time_zone": null, "geo_enabled": true, "verified": false, "statuses_count": 64250, "lang": null, "contributors_enabled": false, "is_translator": false, "is_translation_enabled": false, "profile_background_color": "B2DFDA", "profile_background_image_url": "http://abs.twimg.com/images/themes/theme1/bg.png", "profile_background_image_url_https": "https://abs.twimg.com/images/themes/theme1/bg.png", "profile_background_tile": false, "profile_image_url": "http://pbs.twimg.com/profile_images/1192640696/img_0598_normal.jpg", "profile_image_url_https": "https://pbs.twimg.com/profile_images/1192640696/img_0598_normal.jpg", "profile_banner_url": "https://pbs.twimg.com/profile_banners/118322302/1395911031", "profile_link_color": "93A644", "profile_sidebar_border_color": "EEEEEE", "profile_sidebar_fill_color": "FFFFFF", "profile_text_color": "333333", "profile_use_background_image": true, "has_extended_profile": false, "default_profile": false, "default_profile_image": false, "following": false, "follow_request_sent": false, "notifications": false, "translator_type": "none", "withheld_in_countries": []}, "geo": null, "coordinates": null, "place": null, "contributors": null, "is_quote_status": false, "retweet_count": 0, "favorite_count": 0, "favorited": false, "retweeted": false, "possibly_sensitive": false, "lang": "en"}