{"created_at": "Wed Jul 20 01:18:55 +0000 2016", "id": 755572661711810560, "id_str": "755572661711810560", "text": "Mike Pence: \u201cAllowing Rape Victims To Have Abortions Will Lead To Women Trying To Get Raped\u201d https://t.co/SHu6CVRJ9i", "truncated": false, "entities": {"hashtags": [], "symbols": [], "user_mentions": [], "urls": [{"url": "https://t.co/SHu6CVRJ9i", "expanded_url": "http://fb.me/2n6LEIljS", "display_url": "fb.me/2n6LEIljS", "indices": [93, 116]}]}, "source": "<a href=\"http://www.facebook.com/twitter\" rel=\"nofollow\">Facebook</a>", "in_reply_to_status_id": null, "in_reply_to_status_id_str": null, "in_reply_to_user_id": null, "in_reply_to_user_id_str": null, "in_reply_to_screen_name": null, "user": {"id": 2341162723, "id_str": "2341162723", "name": "kd live", "screen_name": "aprifriends2014", "location": "", "description": "ALTERNATIVE PUBLIC RADIO INTERNATIONAL - APRI", "url": "http://t.co/mDGVQ5jSHL", "entities": {"url": {"urls": [{"url": "http://t.co/mDGVQ5jSHL", "expanded_url": "http://apribroadcasting.org", "display_url": "apribroadcasting.org", "indices": [0, 22]}]}, "description": {"urls": []}}, "protected": false, "followers_count": 59, "friends_count": 46, "listed_count": 4, "created_at": "Thu Feb 13 00:57:23 +0000 2014", "favourites_count": 7, "utc_offset": null, "time_zone": null, "geo_enabled": false, "verified": false, "statuses_count": 93389, "lang": null, "contributors_enabled": false, "is_translator": false, "is_translation_enabled": false, "profile_background_color": "C0DEED", "profile_background_image_url": "http://abs.twimg.com/images/themes/theme1/bg.png", "profile_background_image_url_https": "https://abs.twimg.com/images/themes/theme1/bg.png", "profile_background_tile": false, "profile_image_url": "http://pbs.twimg.com/profile_images/859482360500375554/iblT6Azk_normal.jpg", "profile_image_url_https": "https://pbs.twimg.com/profile_images/859482360500375554/iblT6Azk_normal.jpg", "profile_banner_url": "https://pbs.twimg.com/profile_banners/2341162723/1493751246", "profile_link_color": "1DA1F2", "profile_sidebar_border_color": "C0DEED", "profile_sidebar_fill_color": "DDEEF6", "profile_text_color": "333333", "profile_use_background_image": true, "has_extended_profile": false, "default_profile": true, "default_profile_image": false, "following": false, "follow_request_sent": false, "notifications": false, "translator_type": "none", "withheld_in_countries": []}, "geo": null, "coordinates": null, "place": null, "contributors": null, "is_quote_status": false, "retweet_count": 0, "favorite_count": 0, "favorited": false, "retweeted": false, "possibly_sensitive": false, "lang": "en"}