{"created_at": "Tue Jul 19 23:22:19 +0000 2016", "id": 755543319736819712, "id_str": "755543319736819712", "text": "Mike Pence: Allowing Rape Victims To Have Abortions Will Lead To Women Trying To Get Raped. FUCK THAT SHIT https://t.co/U6cdimn1JN #VoteBlue", "truncated": false, "entities": {"hashtags": [{"text": "VoteBlue", "indices": [131, 140]}], "symbols": [], "user_mentions": [], "urls": [{"url": "https://t.co/U6cdimn1JN", "expanded_url": "http://politicops.com/mike-pence-allowing-rape-victims-abortions-will-lead-women-trying-get-raped/", "display_url": "politicops.com/mike-pence-all\u2026", "indices": [107, 130]}]}, "source": "<a href=\"http://twitter.com\" rel=\"nofollow\">Twitter Web Client</a>", "in_reply_to_status_id": null, "in_reply_to_status_id_str": null, "in_reply_to_user_id": null, "in_reply_to_user_id_str": null, "in_reply_to_screen_name": null, "user": {"id": 26352872, "id_str": "26352872", "name": "Bubblypoo\ud83c\udf34", "screen_name": "FloridaAtheist", "location": "Palm Beach, FL ", "description": "Sassy atheist & cat whisperer who just wants nothing but the truth #ClimateChange #Secularism #AbolishElectoralCollege #Equality #medicareforall", "url": "https://t.co/56tcg36TM6", "entities": {"url": {"urls": [{"url": "https://t.co/56tcg36TM6", "expanded_url": "https://abolishtheelectoralcollegepac.org/", "display_url": "abolishtheelectoralcollegepac.org", "indices": [0, 23]}]}, "description": {"urls": []}}, "protected": false, "followers_count": 9346, "friends_count": 9289, "listed_count": 126, "created_at": "Tue Mar 24 23:14:15 +0000 2009", "favourites_count": 58607, "utc_offset": null, "time_zone": null, "geo_enabled": false, "verified": false, "statuses_count": 20077, "lang": null, "contributors_enabled": false, "is_translator": false, "is_translation_enabled": false, "profile_background_color": "3B94D9", "profile_background_image_url": "http://abs.twimg.com/images/themes/theme14/bg.gif", "profile_background_image_url_https": "https://abs.twimg.com/images/themes/theme14/bg.gif", "profile_background_tile": true, "profile_image_url": "http://pbs.twimg.com/profile_images/1256280833666801664/ISz3SksL_normal.jpg", "profile_image_url_https": "https://pbs.twimg.com/profile_images/1256280833666801664/ISz3SksL_normal.jpg", "profile_banner_url": "https://pbs.twimg.com/profile_banners/26352872/1604240010", "profile_link_color": "8B0000", "profile_sidebar_border_color": "000000", "profile_sidebar_fill_color": "29573A", "profile_text_color": "DB1D04", "profile_use_background_image": true, "has_extended_profile": false, "default_profile": false, "default_profile_image": false, "following": false, "follow_request_sent": false, "notifications": false, "translator_type": "none", "withheld_in_countries": []}, "geo": null, "coordinates": null, "place": null, "contributors": null, "is_quote_status": false, "retweet_count": 1, "favorite_count": 0, "favorited": false, "retweeted": false, "possibly_sensitive": false, "lang": "en"}