{"created_at": "Tue Jul 19 20:43:16 +0000 2016", "id": 755503295582601217, "id_str": "755503295582601217", "text": "Mike Pence: \u201cAllowing Rape Victims To Have Abortions Will Lead To Women Trying To Get Raped\u201d https://t.co/kXWBj6CWd9 via @TheNewslo", "truncated": false, "entities": {"hashtags": [], "symbols": [], "user_mentions": [{"screen_name": "TheNewslo", "name": "Newslo", "id": 393693452, "id_str": "393693452", "indices": [121, 131]}], "urls": [{"url": "https://t.co/kXWBj6CWd9", "expanded_url": "http://ln.is/politicops.com/fDpM8", "display_url": "ln.is/politicops.com\u2026", "indices": [93, 116]}]}, "source": "<a href=\"http://linkis.com\" rel=\"nofollow\">Linkis: turn sharing into growth</a>", "in_reply_to_status_id": null, "in_reply_to_status_id_str": null, "in_reply_to_user_id": null, "in_reply_to_user_id_str": null, "in_reply_to_screen_name": null, "user": {"id": 88539966, "id_str": "88539966", "name": "Nancy Counter", "screen_name": "easynan2", "location": "Gustine, California", "description": "Liberal living in the midst of misdirected conservatives", "url": null, "entities": {"description": {"urls": []}}, "protected": false, "followers_count": 1761, "friends_count": 1533, "listed_count": 119, "created_at": "Sun Nov 08 23:36:40 +0000 2009", "favourites_count": 60054, "utc_offset": null, "time_zone": null, "geo_enabled": false, "verified": false, "statuses_count": 136681, "lang": null, "contributors_enabled": false, "is_translator": false, "is_translation_enabled": false, "profile_background_color": "C0DEED", "profile_background_image_url": "http://abs.twimg.com/images/themes/theme1/bg.png", "profile_background_image_url_https": "https://abs.twimg.com/images/themes/theme1/bg.png", "profile_background_tile": false, "profile_image_url": "http://pbs.twimg.com/profile_images/839159978300588032/-XFs67MJ_normal.jpg", "profile_image_url_https": "https://pbs.twimg.com/profile_images/839159978300588032/-XFs67MJ_normal.jpg", "profile_link_color": "1DA1F2", "profile_sidebar_border_color": "C0DEED", "profile_sidebar_fill_color": "DDEEF6", "profile_text_color": "333333", "profile_use_background_image": true, "has_extended_profile": false, "default_profile": true, "default_profile_image": false, "following": false, "follow_request_sent": false, "notifications": false, "translator_type": "none", "withheld_in_countries": []}, "geo": null, "coordinates": null, "place": null, "contributors": null, "is_quote_status": false, "retweet_count": 1, "favorite_count": 0, "favorited": false, "retweeted": false, "possibly_sensitive": false, "lang": "en"}