{"created_at": "Tue Jul 19 22:21:34 +0000 2016", "id": 755528032710909952, "id_str": "755528032710909952", "text": "Mike Pence: 'Allowing Rape Victims to Have Abortions Will Lead to Women Trying to Get Raped' https://t.co/dbiv720LgU", "truncated": false, "entities": {"hashtags": [], "symbols": [], "user_mentions": [], "urls": [{"url": "https://t.co/dbiv720LgU", "expanded_url": "http://www.snopes.com/mike-pence-allowing-rape-victims-to-have-abortions-will-lead-to-women-trying-to-get-raped/", "display_url": "snopes.com/mike-pence-all\u2026", "indices": [93, 116]}]}, "source": "<a href=\"http://mobile.twitter.com\" rel=\"nofollow\">Mobile Web</a>", "in_reply_to_status_id": null, "in_reply_to_status_id_str": null, "in_reply_to_user_id": null, "in_reply_to_user_id_str": null, "in_reply_to_screen_name": null, "user": {"id": 522890046, "id_str": "522890046", "name": "Unsurprised green-eyed fianc\u00e9e", "screen_name": "SarahdragonGirl", "location": "The Ether", "description": "Deliver those who are being led to death and do not spare to save those that are being held to kill. Proverbs 24:11\nengaged \ud83d\udc8d\nad hom=instablock", "url": null, "entities": {"description": {"urls": []}}, "protected": false, "followers_count": 1398, "friends_count": 917, "listed_count": 13, "created_at": "Tue Mar 13 04:46:40 +0000 2012", "favourites_count": 170404, "utc_offset": null, "time_zone": null, "geo_enabled": false, "verified": false, "statuses_count": 43044, "lang": null, "contributors_enabled": false, "is_translator": false, "is_translation_enabled": false, "profile_background_color": "C0DEED", "profile_background_image_url": "http://abs.twimg.com/images/themes/theme1/bg.png", "profile_background_image_url_https": "https://abs.twimg.com/images/themes/theme1/bg.png", "profile_background_tile": false, "profile_image_url": "http://pbs.twimg.com/profile_images/1322827913880809472/NM2wR9G6_normal.jpg", "profile_image_url_https": "https://pbs.twimg.com/profile_images/1322827913880809472/NM2wR9G6_normal.jpg", "profile_banner_url": "https://pbs.twimg.com/profile_banners/522890046/1501079944", "profile_link_color": "1DA1F2", "profile_sidebar_border_color": "C0DEED", "profile_sidebar_fill_color": "DDEEF6", "profile_text_color": "333333", "profile_use_background_image": true, "has_extended_profile": true, "default_profile": true, "default_profile_image": false, "following": false, "follow_request_sent": false, "notifications": false, "translator_type": "none", "withheld_in_countries": []}, "geo": null, "coordinates": null, "place": null, "contributors": null, "is_quote_status": false, "retweet_count": 1, "favorite_count": 0, "favorited": false, "retweeted": false, "possibly_sensitive": false, "lang": "en"}