{"created_at": "Tue Jul 19 22:10:59 +0000 2016", "id": 755525369470607365, "id_str": "755525369470607365", "text": "Mike Pence: \u201cAllowing Rape Victims To Have Abortions Will Lead To Women Trying To Get Raped\u201d -... https://t.co/hSO5HyxsCe", "truncated": false, "entities": {"hashtags": [], "symbols": [], "user_mentions": [], "urls": [{"url": "https://t.co/hSO5HyxsCe", "expanded_url": "https://tmblr.co/Zwk8ix29XT9et", "display_url": "tmblr.co/Zwk8ix29XT9et", "indices": [98, 121]}]}, "source": "<a href=\"https://www.tumblr.com/\" rel=\"nofollow\">Tumblr</a>", "in_reply_to_status_id": null, "in_reply_to_status_id_str": null, "in_reply_to_user_id": null, "in_reply_to_user_id_str": null, "in_reply_to_screen_name": null, "user": {"id": 15443400, "id_str": "15443400", "name": "Bria Sativa", "screen_name": "briasativa", "location": "Atlanta, GA", "description": "Art, plants, love, life, fun...", "url": "http://t.co/PkaTgZKkLc", "entities": {"url": {"urls": [{"url": "http://t.co/PkaTgZKkLc", "expanded_url": "http://www.briasativa.com/", "display_url": "briasativa.com", "indices": [0, 22]}]}, "description": {"urls": []}}, "protected": false, "followers_count": 39, "friends_count": 67, "listed_count": 6, "created_at": "Tue Jul 15 17:45:58 +0000 2008", "favourites_count": 212, "utc_offset": null, "time_zone": null, "geo_enabled": false, "verified": false, "statuses_count": 746, "lang": null, "contributors_enabled": false, "is_translator": false, "is_translation_enabled": false, "profile_background_color": "EBEBEB", "profile_background_image_url": "http://abs.twimg.com/images/themes/theme7/bg.gif", "profile_background_image_url_https": "https://abs.twimg.com/images/themes/theme7/bg.gif", "profile_background_tile": false, "profile_image_url": "http://pbs.twimg.com/profile_images/911593299210756096/q0LugQlB_normal.jpg", "profile_image_url_https": "https://pbs.twimg.com/profile_images/911593299210756096/q0LugQlB_normal.jpg", "profile_banner_url": "https://pbs.twimg.com/profile_banners/15443400/1506175076", "profile_link_color": "990000", "profile_sidebar_border_color": "DFDFDF", "profile_sidebar_fill_color": "F3F3F3", "profile_text_color": "333333", "profile_use_background_image": true, "has_extended_profile": false, "default_profile": false, "default_profile_image": false, "following": false, "follow_request_sent": false, "notifications": false, "translator_type": "none", "withheld_in_countries": []}, "geo": null, "coordinates": null, "place": null, "contributors": null, "is_quote_status": false, "retweet_count": 0, "favorite_count": 0, "favorited": false, "retweeted": false, "possibly_sensitive": false, "lang": "en"}