{"created_at": "Wed Jul 20 03:19:12 +0000 2016", "id": 755602933711011840, "id_str": "755602933711011840", "text": "Mike Pence: \u201cAllowing Rape Victims To Have Abortions Will Lead To Women Trying To Get Raped\u201d -... https://t.co/7l5crdtazl", "truncated": false, "entities": {"hashtags": [], "symbols": [], "user_mentions": [], "urls": [{"url": "https://t.co/7l5crdtazl", "expanded_url": "https://tmblr.co/ZlsGXm29YDdxL", "display_url": "tmblr.co/ZlsGXm29YDdxL", "indices": [98, 121]}]}, "source": "<a href=\"https://www.tumblr.com/\" rel=\"nofollow\">Tumblr</a>", "in_reply_to_status_id": null, "in_reply_to_status_id_str": null, "in_reply_to_user_id": null, "in_reply_to_user_id_str": null, "in_reply_to_screen_name": null, "user": {"id": 149189627, "id_str": "149189627", "name": "Charles S.", "screen_name": "venusyprime", "location": "South Yorkshire, UK", "description": "He/they, #MCSA in Windows 7, #MCP in WinServer 2012. I RT a lot of stuff. Tweets for me, not employer.", "url": "http://t.co/V7nFOkMM0j", "entities": {"url": {"urls": [{"url": "http://t.co/V7nFOkMM0j", "expanded_url": "http://venusyprime.tumblr.com", "display_url": "venusyprime.tumblr.com", "indices": [0, 22]}]}, "description": {"urls": []}}, "protected": false, "followers_count": 264, "friends_count": 717, "listed_count": 52, "created_at": "Fri May 28 17:01:39 +0000 2010", "favourites_count": 11813, "utc_offset": null, "time_zone": null, "geo_enabled": true, "verified": false, "statuses_count": 46018, "lang": null, "contributors_enabled": false, "is_translator": false, "is_translation_enabled": false, "profile_background_color": "C0DEED", "profile_background_image_url": "http://abs.twimg.com/images/themes/theme1/bg.png", "profile_background_image_url_https": "https://abs.twimg.com/images/themes/theme1/bg.png", "profile_background_tile": false, "profile_image_url": "http://pbs.twimg.com/profile_images/903995335252561921/N7qb9ANm_normal.jpg", "profile_image_url_https": "https://pbs.twimg.com/profile_images/903995335252561921/N7qb9ANm_normal.jpg", "profile_banner_url": "https://pbs.twimg.com/profile_banners/149189627/1401968023", "profile_link_color": "0084B4", "profile_sidebar_border_color": "000000", "profile_sidebar_fill_color": "DDEEF6", "profile_text_color": "333333", "profile_use_background_image": true, "has_extended_profile": false, "default_profile": false, "default_profile_image": false, "following": false, "follow_request_sent": false, "notifications": false, "translator_type": "none", "withheld_in_countries": []}, "geo": null, "coordinates": null, "place": null, "contributors": null, "is_quote_status": false, "retweet_count": 0, "favorite_count": 0, "favorited": false, "retweeted": false, "possibly_sensitive": false, "lang": "en"}