{"created_at": "Wed Jul 20 05:04:04 +0000 2016", "id": 755629322883502080, "id_str": "755629322883502080", "text": "Mike Pence: \u201cAllowing Rape Victims To Have Abortions Will Lead To Women Trying To Get Raped\u201d -... https://t.co/jjYKO4DTTG", "truncated": false, "entities": {"hashtags": [], "symbols": [], "user_mentions": [], "urls": [{"url": "https://t.co/jjYKO4DTTG", "expanded_url": "https://tmblr.co/ZO4AXq29YVz2n", "display_url": "tmblr.co/ZO4AXq29YVz2n", "indices": [98, 121]}]}, "source": "<a href=\"https://www.tumblr.com/\" rel=\"nofollow\">Tumblr</a>", "in_reply_to_status_id": null, "in_reply_to_status_id_str": null, "in_reply_to_user_id": null, "in_reply_to_user_id_str": null, "in_reply_to_screen_name": null, "user": {"id": 1683885859, "id_str": "1683885859", "name": "rabid", "screen_name": "rabidinfection", "location": "Fairfield, CA", "description": "", "url": "https://t.co/9UL3nnl0Eg", "entities": {"url": {"urls": [{"url": "https://t.co/9UL3nnl0Eg", "expanded_url": "https://myfigurecollection.net/profile/rabidinfection", "display_url": "myfigurecollection.net/profile/rabidi\u2026", "indices": [0, 23]}]}, "description": {"urls": []}}, "protected": false, "followers_count": 217, "friends_count": 1989, "listed_count": 6, "created_at": "Mon Aug 19 18:09:53 +0000 2013", "favourites_count": 19334, "utc_offset": null, "time_zone": null, "geo_enabled": false, "verified": false, "statuses_count": 49989, "lang": null, "contributors_enabled": false, "is_translator": false, "is_translation_enabled": false, "profile_background_color": "C6E2EE", "profile_background_image_url": "http://abs.twimg.com/images/themes/theme2/bg.gif", "profile_background_image_url_https": "https://abs.twimg.com/images/themes/theme2/bg.gif", "profile_background_tile": false, "profile_image_url": "http://pbs.twimg.com/profile_images/378800000324736950/b1fefd7d107860c473054e0fc485d23a_normal.png", "profile_image_url_https": "https://pbs.twimg.com/profile_images/378800000324736950/b1fefd7d107860c473054e0fc485d23a_normal.png", "profile_banner_url": "https://pbs.twimg.com/profile_banners/1683885859/1620843702", "profile_link_color": "981CEB", "profile_sidebar_border_color": "FFFFFF", "profile_sidebar_fill_color": "DDEEF6", "profile_text_color": "333333", "profile_use_background_image": true, "has_extended_profile": true, "default_profile": false, "default_profile_image": false, "following": false, "follow_request_sent": false, "notifications": false, "translator_type": "none", "withheld_in_countries": []}, "geo": null, "coordinates": null, "place": null, "contributors": null, "is_quote_status": false, "retweet_count": 0, "favorite_count": 0, "favorited": false, "retweeted": false, "possibly_sensitive": false, "lang": "en"}