{"created_at": "Wed Jul 20 04:46:15 +0000 2016", "id": 755624842230136838, "id_str": "755624842230136838", "text": "Mike Pence: \u201cAllowing Rape Victims To Have Abortions Will Lead To Women Trying To Get Raped\u201d -... https://t.co/KFIcLWGMpf", "truncated": false, "entities": {"hashtags": [], "symbols": [], "user_mentions": [], "urls": [{"url": "https://t.co/KFIcLWGMpf", "expanded_url": "https://tmblr.co/ZBkT2y29YSuk8", "display_url": "tmblr.co/ZBkT2y29YSuk8", "indices": [98, 121]}]}, "source": "<a href=\"https://www.tumblr.com/\" rel=\"nofollow\">Tumblr</a>", "in_reply_to_status_id": null, "in_reply_to_status_id_str": null, "in_reply_to_user_id": null, "in_reply_to_user_id_str": null, "in_reply_to_screen_name": null, "user": {"id": 19010494, "id_str": "19010494", "name": "Sonyaliloquy \ud83c\udf39", "screen_name": "sonyaliloquy", "location": "Labelle, FL", "description": "A vegetarian and a geek, transcendentally queer. Writer. Music lover. Has an opinion on everything. She/Her 18+", "url": "https://t.co/nvqec3hERK", "entities": {"url": {"urls": [{"url": "https://t.co/nvqec3hERK", "expanded_url": "http://sonyaliloquy.tumblr.com", "display_url": "sonyaliloquy.tumblr.com", "indices": [0, 23]}]}, "description": {"urls": []}}, "protected": false, "followers_count": 453, "friends_count": 850, "listed_count": 20, "created_at": "Thu Jan 15 04:17:27 +0000 2009", "favourites_count": 123424, "utc_offset": null, "time_zone": null, "geo_enabled": false, "verified": false, "statuses_count": 129233, "lang": null, "contributors_enabled": false, "is_translator": false, "is_translation_enabled": false, "profile_background_color": "000000", "profile_background_image_url": "http://abs.twimg.com/images/themes/theme3/bg.gif", "profile_background_image_url_https": "https://abs.twimg.com/images/themes/theme3/bg.gif", "profile_background_tile": false, "profile_image_url": "http://pbs.twimg.com/profile_images/982703959126282240/8ZcS-j8r_normal.jpg", "profile_image_url_https": "https://pbs.twimg.com/profile_images/982703959126282240/8ZcS-j8r_normal.jpg", "profile_banner_url": "https://pbs.twimg.com/profile_banners/19010494/1355982898", "profile_link_color": "1B95E0", "profile_sidebar_border_color": "000000", "profile_sidebar_fill_color": "000000", "profile_text_color": "000000", "profile_use_background_image": false, "has_extended_profile": true, "default_profile": false, "default_profile_image": false, "following": false, "follow_request_sent": false, "notifications": false, "translator_type": "none", "withheld_in_countries": []}, "geo": null, "coordinates": null, "place": null, "contributors": null, "is_quote_status": false, "retweet_count": 0, "favorite_count": 0, "favorited": false, "retweeted": false, "possibly_sensitive": false, "lang": "en"}