{"created_at": "Wed Jul 20 14:31:06 +0000 2016", "id": 755772021125029889, "id_str": "755772021125029889", "text": "Mike Pence: 'Allowing Rape Victims to Have Abortions Will Lead to Women Trying to Get Raped' https://t.co/QTFuV0aFxA", "truncated": false, "entities": {"hashtags": [], "symbols": [], "user_mentions": [], "urls": [{"url": "https://t.co/QTFuV0aFxA", "expanded_url": "http://www.snopes.com/mike-pence-allowing-rape-victims-to-have-abortions-will-lead-to-women-trying-to-get-raped/", "display_url": "snopes.com/mike-pence-all\u2026", "indices": [93, 116]}]}, "source": "<a href=\"http://mobile.twitter.com\" rel=\"nofollow\">Mobile Web</a>", "in_reply_to_status_id": null, "in_reply_to_status_id_str": null, "in_reply_to_user_id": null, "in_reply_to_user_id_str": null, "in_reply_to_screen_name": null, "user": {"id": 465878909, "id_str": "465878909", "name": "Melinn#ForThePeople", "screen_name": "Melinn2", "location": "Pennsylvania, USA", "description": "", "url": null, "entities": {"description": {"urls": []}}, "protected": false, "followers_count": 1293, "friends_count": 4382, "listed_count": 64, "created_at": "Mon Jan 16 20:46:46 +0000 2012", "favourites_count": 46271, "utc_offset": null, "time_zone": null, "geo_enabled": true, "verified": false, "statuses_count": 68465, "lang": null, "contributors_enabled": false, "is_translator": false, "is_translation_enabled": false, "profile_background_color": "C0DEED", "profile_background_image_url": "http://abs.twimg.com/images/themes/theme1/bg.png", "profile_background_image_url_https": "https://abs.twimg.com/images/themes/theme1/bg.png", "profile_background_tile": false, "profile_image_url": "http://pbs.twimg.com/profile_images/1023867115047186432/_dg7bxxd_normal.jpg", "profile_image_url_https": "https://pbs.twimg.com/profile_images/1023867115047186432/_dg7bxxd_normal.jpg", "profile_banner_url": "https://pbs.twimg.com/profile_banners/465878909/1532194806", "profile_link_color": "1DA1F2", "profile_sidebar_border_color": "C0DEED", "profile_sidebar_fill_color": "DDEEF6", "profile_text_color": "333333", "profile_use_background_image": true, "has_extended_profile": false, "default_profile": true, "default_profile_image": false, "following": false, "follow_request_sent": false, "notifications": false, "translator_type": "none", "withheld_in_countries": []}, "geo": null, "coordinates": null, "place": null, "contributors": null, "is_quote_status": false, "retweet_count": 1, "favorite_count": 0, "favorited": false, "retweeted": false, "possibly_sensitive": false, "lang": "en"}