{"created_at": "Wed Jul 20 15:24:29 +0000 2016", "id": 755785455531065344, "id_str": "755785455531065344", "text": "Mike Pence: \u201cAllowing Rape Victims To Have Abortions Will Lead To Women Trying To Get Raped\u201d https://t.co/gPobkvgdAS", "truncated": false, "entities": {"hashtags": [], "symbols": [], "user_mentions": [], "urls": [{"url": "https://t.co/gPobkvgdAS", "expanded_url": "http://fb.me/4hFJVZGl0", "display_url": "fb.me/4hFJVZGl0", "indices": [93, 116]}]}, "source": "<a href=\"http://www.facebook.com/twitter\" rel=\"nofollow\">Facebook</a>", "in_reply_to_status_id": null, "in_reply_to_status_id_str": null, "in_reply_to_user_id": null, "in_reply_to_user_id_str": null, "in_reply_to_screen_name": null, "user": {"id": 1300115191, "id_str": "1300115191", "name": "Deborah Dalton", "screen_name": "Dlady4Evah", "location": "Charlotte, NC", "description": "Multifaceted, extraordinarily exuberant, effusively expressive, and remarkably humble,\u263a LOL! I be who I be, 'cause of I Am who I Am", "url": "https://t.co/J9ymiWsgSB", "entities": {"url": {"urls": [{"url": "https://t.co/J9ymiWsgSB", "expanded_url": "http://www.d-sqrd.com", "display_url": "d-sqrd.com", "indices": [0, 23]}]}, "description": {"urls": []}}, "protected": false, "followers_count": 346, "friends_count": 1316, "listed_count": 4, "created_at": "Mon Mar 25 16:16:52 +0000 2013", "favourites_count": 38533, "utc_offset": null, "time_zone": null, "geo_enabled": true, "verified": false, "statuses_count": 9653, "lang": null, "contributors_enabled": false, "is_translator": false, "is_translation_enabled": false, "profile_background_color": "C0DEED", "profile_background_image_url": "http://abs.twimg.com/images/themes/theme1/bg.png", "profile_background_image_url_https": "https://abs.twimg.com/images/themes/theme1/bg.png", "profile_background_tile": false, "profile_image_url": "http://pbs.twimg.com/profile_images/3429118688/714cc8263b76af226696df086f40b0e8_normal.jpeg", "profile_image_url_https": "https://pbs.twimg.com/profile_images/3429118688/714cc8263b76af226696df086f40b0e8_normal.jpeg", "profile_banner_url": "https://pbs.twimg.com/profile_banners/1300115191/1364229865", "profile_link_color": "1DA1F2", "profile_sidebar_border_color": "C0DEED", "profile_sidebar_fill_color": "DDEEF6", "profile_text_color": "333333", "profile_use_background_image": true, "has_extended_profile": true, "default_profile": true, "default_profile_image": false, "following": false, "follow_request_sent": false, "notifications": false, "translator_type": "none", "withheld_in_countries": []}, "geo": null, "coordinates": null, "place": null, "contributors": null, "is_quote_status": false, "retweet_count": 0, "favorite_count": 0, "favorited": false, "retweeted": false, "possibly_sensitive": false, "lang": "en"}