{"created_at": "Wed Jul 20 13:45:13 +0000 2016", "id": 755760477926371328, "id_str": "755760477926371328", "text": "Mike Pence: \u201cAllowing Rape Victims To Have Abortions Will Lead To Women Trying To Get Raped\u201d https://t.co/7LP2ew0Swg via @TheNewslo", "truncated": false, "entities": {"hashtags": [], "symbols": [], "user_mentions": [{"screen_name": "TheNewslo", "name": "Newslo", "id": 393693452, "id_str": "393693452", "indices": [121, 131]}], "urls": [{"url": "https://t.co/7LP2ew0Swg", "expanded_url": "http://politicops.com/mike-pence-allowing-rape-victims-abortions-will-lead-women-trying-get-raped/", "display_url": "politicops.com/mike-pence-all\u2026", "indices": [93, 116]}]}, "source": "<a href=\"http://twitter.com\" rel=\"nofollow\">Twitter Web Client</a>", "in_reply_to_status_id": null, "in_reply_to_status_id_str": null, "in_reply_to_user_id": null, "in_reply_to_user_id_str": null, "in_reply_to_screen_name": null, "user": {"id": 25403922, "id_str": "25403922", "name": "Sharon L Simon", "screen_name": "SHARONLSIMON", "location": "Delray Beach, FL", "description": "Film & Entertainment Producer, Progressive Political Activist", "url": null, "entities": {"description": {"urls": []}}, "protected": false, "followers_count": 161, "friends_count": 389, "listed_count": 4, "created_at": "Thu Mar 19 23:03:07 +0000 2009", "favourites_count": 138, "utc_offset": null, "time_zone": null, "geo_enabled": false, "verified": false, "statuses_count": 1239, "lang": null, "contributors_enabled": false, "is_translator": false, "is_translation_enabled": false, "profile_background_color": "642D8B", "profile_background_image_url": "http://abs.twimg.com/images/themes/theme10/bg.gif", "profile_background_image_url_https": "https://abs.twimg.com/images/themes/theme10/bg.gif", "profile_background_tile": true, "profile_image_url": "http://pbs.twimg.com/profile_images/896060840432021505/3QT9en1q_normal.jpg", "profile_image_url_https": "https://pbs.twimg.com/profile_images/896060840432021505/3QT9en1q_normal.jpg", "profile_banner_url": "https://pbs.twimg.com/profile_banners/25403922/1502472608", "profile_link_color": "FF0000", "profile_sidebar_border_color": "65B0DA", "profile_sidebar_fill_color": "7AC3EE", "profile_text_color": "3D1957", "profile_use_background_image": true, "has_extended_profile": true, "default_profile": false, "default_profile_image": false, "following": false, "follow_request_sent": false, "notifications": false, "translator_type": "none", "withheld_in_countries": []}, "geo": null, "coordinates": null, "place": null, "contributors": null, "is_quote_status": false, "retweet_count": 0, "favorite_count": 0, "favorited": false, "retweeted": false, "possibly_sensitive": false, "lang": "en"}