{"created_at": "Wed Jul 20 16:38:25 +0000 2016", "id": 755804063309201408, "id_str": "755804063309201408", "text": "Mike Pence: \u201cAllowing Rape Victims To Have Abortions Will Lead To Women Trying To Get Raped\u201d -... https://t.co/jtz6QjYHU7", "truncated": false, "entities": {"hashtags": [], "symbols": [], "user_mentions": [], "urls": [{"url": "https://t.co/jtz6QjYHU7", "expanded_url": "https://tmblr.co/ZHGenx29ZowJB", "display_url": "tmblr.co/ZHGenx29ZowJB", "indices": [98, 121]}]}, "source": "<a href=\"https://www.tumblr.com/\" rel=\"nofollow\">Tumblr</a>", "in_reply_to_status_id": null, "in_reply_to_status_id_str": null, "in_reply_to_user_id": null, "in_reply_to_user_id_str": null, "in_reply_to_screen_name": null, "user": {"id": 18003782, "id_str": "18003782", "name": "spidersVise", "screen_name": "spidersVise", "location": "TEXAS, EARTH", "description": "I'm Iris. At any given time I am bored, tired, excited, frustrated, scared, and broke!", "url": null, "entities": {"description": {"urls": []}}, "protected": false, "followers_count": 75, "friends_count": 266, "listed_count": 1, "created_at": "Tue Dec 09 21:53:13 +0000 2008", "favourites_count": 5369, "utc_offset": null, "time_zone": null, "geo_enabled": false, "verified": false, "statuses_count": 9223, "lang": null, "contributors_enabled": false, "is_translator": false, "is_translation_enabled": false, "profile_background_color": "1A1B1F", "profile_background_image_url": "http://abs.twimg.com/images/themes/theme9/bg.gif", "profile_background_image_url_https": "https://abs.twimg.com/images/themes/theme9/bg.gif", "profile_background_tile": false, "profile_image_url": "http://pbs.twimg.com/profile_images/1056908709928914944/TERozlJ-_normal.jpg", "profile_image_url_https": "https://pbs.twimg.com/profile_images/1056908709928914944/TERozlJ-_normal.jpg", "profile_link_color": "005682", "profile_sidebar_border_color": "181A1E", "profile_sidebar_fill_color": "252429", "profile_text_color": "3F8023", "profile_use_background_image": true, "has_extended_profile": true, "default_profile": false, "default_profile_image": false, "following": false, "follow_request_sent": false, "notifications": false, "translator_type": "none", "withheld_in_countries": []}, "geo": null, "coordinates": null, "place": null, "contributors": null, "is_quote_status": false, "retweet_count": 0, "favorite_count": 0, "favorited": false, "retweeted": false, "possibly_sensitive": false, "lang": "en"}