{"created_at": "Wed Jul 20 21:19:09 +0000 2016", "id": 755874713726029824, "id_str": "755874713726029824", "text": "Mike Pence: \u201cAllowing Rape Victims To Have Abortions Will Lead To Women Trying To Get Raped\u201d https://t.co/qrDJNAfoGf via @TheNewslo", "truncated": false, "entities": {"hashtags": [], "symbols": [], "user_mentions": [{"screen_name": "TheNewslo", "name": "Newslo", "id": 393693452, "id_str": "393693452", "indices": [121, 131]}], "urls": [{"url": "https://t.co/qrDJNAfoGf", "expanded_url": "http://politicops.com/mike-pence-allowing-rape-victims-abortions-will-lead-women-trying-get-raped/", "display_url": "politicops.com/mike-pence-all\u2026", "indices": [93, 116]}]}, "source": "<a href=\"http://twitter.com\" rel=\"nofollow\">Twitter Web Client</a>", "in_reply_to_status_id": null, "in_reply_to_status_id_str": null, "in_reply_to_user_id": null, "in_reply_to_user_id_str": null, "in_reply_to_screen_name": null, "user": {"id": 2314391640, "id_str": "2314391640", "name": "Dyanna Wyndesong", "screen_name": "DyannaWyndesong", "location": "United States", "description": "writer, spiritual life coach, editor, and teacher of Metaphysics, entrepreneur https://t.co/KmVJ4eAFaC      https://t.co/PE9wV5XjVu\nhttps://t.co/EuSqz7lwqU", "url": "https://t.co/BE0RzjAscy", "entities": {"url": {"urls": [{"url": "https://t.co/BE0RzjAscy", "expanded_url": "http://wyndesongcollectible.com", "display_url": "wyndesongcollectible.com", "indices": [0, 23]}]}, "description": {"urls": [{"url": "https://t.co/KmVJ4eAFaC", "expanded_url": "http://ladydyanna.org", "display_url": "ladydyanna.org", "indices": [79, 102]}, {"url": "https://t.co/PE9wV5XjVu", "expanded_url": "http://ladydyanna.net", "display_url": "ladydyanna.net", "indices": [108, 131]}, {"url": "https://t.co/EuSqz7lwqU", "expanded_url": "http://ladydyanna.com", "display_url": "ladydyanna.com", "indices": [132, 155]}]}}, "protected": false, "followers_count": 246, "friends_count": 383, "listed_count": 32, "created_at": "Mon Jan 27 22:07:04 +0000 2014", "favourites_count": 84, "utc_offset": null, "time_zone": null, "geo_enabled": false, "verified": false, "statuses_count": 7298, "lang": null, "contributors_enabled": false, "is_translator": false, "is_translation_enabled": false, "profile_background_color": "C6E2EE", "profile_background_image_url": "http://abs.twimg.com/images/themes/theme2/bg.gif", "profile_background_image_url_https": "https://abs.twimg.com/images/themes/theme2/bg.gif", "profile_background_tile": true, "profile_image_url": "http://pbs.twimg.com/profile_images/823932306700304384/1tC5ttim_normal.jpg", "profile_image_url_https": "https://pbs.twimg.com/profile_images/823932306700304384/1tC5ttim_normal.jpg", "profile_banner_url": "https://pbs.twimg.com/profile_banners/2314391640/1398297910", "profile_link_color": "033B4D", "profile_sidebar_border_color": "FFFFFF", "profile_sidebar_fill_color": "DAECF4", "profile_text_color": "663B12", "profile_use_background_image": true, "has_extended_profile": false, "default_profile": false, "default_profile_image": false, "following": false, "follow_request_sent": false, "notifications": false, "translator_type": "none", "withheld_in_countries": []}, "geo": null, "coordinates": null, "place": null, "contributors": null, "is_quote_status": false, "retweet_count": 0, "favorite_count": 0, "favorited": false, "retweeted": false, "possibly_sensitive": false, "lang": "en"}