{"created_at": "Wed Jul 20 18:16:29 +0000 2016", "id": 755828742551764992, "id_str": "755828742551764992", "text": "\u201cAllowing Rape Victims To Have Abortions Will Lead To Women Trying To Get Raped.\u201d-Mike Pence.  Really?\nhttps://t.co/Xtm4x4ZPJP", "truncated": false, "entities": {"hashtags": [], "symbols": [], "user_mentions": [], "urls": [{"url": "https://t.co/Xtm4x4ZPJP", "expanded_url": "https://www.yabberz.com/post/this-lifelong-republican-strenuously-objects-the-abominable/86605264/", "display_url": "yabberz.com/post/this-life\u2026", "indices": [103, 126]}]}, "source": "<a href=\"http://twitter.com\" rel=\"nofollow\">Twitter Web Client</a>", "in_reply_to_status_id": null, "in_reply_to_status_id_str": null, "in_reply_to_user_id": null, "in_reply_to_user_id_str": null, "in_reply_to_screen_name": null, "user": {"id": 25951456, "id_str": "25951456", "name": "Yabberz Inc.", "screen_name": "yabberz", "location": "Mountain View, CA", "description": "Yabberz empowers our members through spirited, yet respectful, discussions to think, engage, and ultimately act upon important issues that affect us all.", "url": "http://t.co/LMQUjTfjVN", "entities": {"url": {"urls": [{"url": "http://t.co/LMQUjTfjVN", "expanded_url": "http://www.yabberz.com", "display_url": "yabberz.com", "indices": [0, 22]}]}, "description": {"urls": []}}, "protected": false, "followers_count": 3721, "friends_count": 2761, "listed_count": 15, "created_at": "Mon Mar 23 04:18:22 +0000 2009", "favourites_count": 6475, "utc_offset": null, "time_zone": null, "geo_enabled": false, "verified": false, "statuses_count": 7367, "lang": null, "contributors_enabled": false, "is_translator": false, "is_translation_enabled": false, "profile_background_color": "E5E4E2", "profile_background_image_url": "http://abs.twimg.com/images/themes/theme2/bg.gif", "profile_background_image_url_https": "https://abs.twimg.com/images/themes/theme2/bg.gif", "profile_background_tile": true, "profile_image_url": "http://pbs.twimg.com/profile_images/834399092490907648/OMIOnuiB_normal.jpg", "profile_image_url_https": "https://pbs.twimg.com/profile_images/834399092490907648/OMIOnuiB_normal.jpg", "profile_banner_url": "https://pbs.twimg.com/profile_banners/25951456/1488312897", "profile_link_color": "ABB8C2", "profile_sidebar_border_color": "FFFFFF", "profile_sidebar_fill_color": "DAECF4", "profile_text_color": "663B12", "profile_use_background_image": true, "has_extended_profile": false, "default_profile": false, "default_profile_image": false, "following": false, "follow_request_sent": false, "notifications": false, "translator_type": "none", "withheld_in_countries": []}, "geo": null, "coordinates": null, "place": null, "contributors": null, "is_quote_status": false, "retweet_count": 7, "favorite_count": 5, "favorited": false, "retweeted": false, "possibly_sensitive": false, "lang": "en"}