{"created_at": "Thu Jul 21 01:20:33 +0000 2016", "id": 755935463597338624, "id_str": "755935463597338624", "text": "WTF!!!  Mike Pence: \u201cAllowing Rape Victims To Have Abortions Will Lead To Women Trying To Get Raped\u201d https://t.co/WHM9oTjNQZ via @TheNewslo", "truncated": false, "entities": {"hashtags": [], "symbols": [], "user_mentions": [{"screen_name": "TheNewslo", "name": "Newslo", "id": 393693452, "id_str": "393693452", "indices": [129, 139]}], "urls": [{"url": "https://t.co/WHM9oTjNQZ", "expanded_url": "http://politicops.com/mike-pence-allowing-rape-victims-abortions-will-lead-women-trying-get-raped/", "display_url": "politicops.com/mike-pence-all\u2026", "indices": [101, 124]}]}, "source": "<a href=\"http://twitter.com\" rel=\"nofollow\">Twitter Web Client</a>", "in_reply_to_status_id": null, "in_reply_to_status_id_str": null, "in_reply_to_user_id": null, "in_reply_to_user_id_str": null, "in_reply_to_screen_name": null, "user": {"id": 4660796295, "id_str": "4660796295", "name": "NotSoSmartCookie", "screen_name": "leighla13", "location": "Earth", "description": "Just trying to get through it and learn a little something along the way. I enjoy genealogy, beading, witchcraft, reading, crocheting and being outside.", "url": null, "entities": {"description": {"urls": []}}, "protected": false, "followers_count": 454, "friends_count": 927, "listed_count": 0, "created_at": "Thu Dec 31 04:18:29 +0000 2015", "favourites_count": 320, "utc_offset": null, "time_zone": null, "geo_enabled": false, "verified": false, "statuses_count": 712, "lang": null, "contributors_enabled": false, "is_translator": false, "is_translation_enabled": false, "profile_background_color": "000000", "profile_background_image_url": "http://abs.twimg.com/images/themes/theme1/bg.png", "profile_background_image_url_https": "https://abs.twimg.com/images/themes/theme1/bg.png", "profile_background_tile": false, "profile_image_url": "http://pbs.twimg.com/profile_images/682651351373856769/nPj-F5Op_normal.jpg", "profile_image_url_https": "https://pbs.twimg.com/profile_images/682651351373856769/nPj-F5Op_normal.jpg", "profile_banner_url": "https://pbs.twimg.com/profile_banners/4660796295/1451591788", "profile_link_color": "9266CC", "profile_sidebar_border_color": "000000", "profile_sidebar_fill_color": "000000", "profile_text_color": "000000", "profile_use_background_image": false, "has_extended_profile": false, "default_profile": false, "default_profile_image": false, "following": false, "follow_request_sent": false, "notifications": false, "translator_type": "none", "withheld_in_countries": []}, "geo": null, "coordinates": null, "place": null, "contributors": null, "is_quote_status": false, "retweet_count": 0, "favorite_count": 0, "favorited": false, "retweeted": false, "possibly_sensitive": false, "lang": "en"}