{"created_at": "Thu Jul 21 01:59:48 +0000 2016", "id": 755945340008747009, "id_str": "755945340008747009", "text": "Mike Pence: \u201cAllowing Rape Victims To Have Abortions Will Lead To Women Trying To Get Raped\u201d https://t.co/7CUzagdywD", "truncated": false, "entities": {"hashtags": [], "symbols": [], "user_mentions": [], "urls": [{"url": "https://t.co/7CUzagdywD", "expanded_url": "http://fb.me/1jBkItixY", "display_url": "fb.me/1jBkItixY", "indices": [93, 116]}]}, "source": "<a href=\"http://www.facebook.com/twitter\" rel=\"nofollow\">Facebook</a>", "in_reply_to_status_id": null, "in_reply_to_status_id_str": null, "in_reply_to_user_id": null, "in_reply_to_user_id_str": null, "in_reply_to_screen_name": null, "user": {"id": 275444157, "id_str": "275444157", "name": "gary  larson", "screen_name": "gwlarson2002", "location": "walla walla, wa", "description": "BEwell....PREPARE YOURSELVES.. A NON-PROPHET NEWS AGGREGATE BI-POLAR REPORTING THE WORLD IS A BIG PLACE #FREEDUMB #sadketo", "url": null, "entities": {"description": {"urls": []}}, "protected": false, "followers_count": 186, "friends_count": 26, "listed_count": 26, "created_at": "Fri Apr 01 08:45:42 +0000 2011", "favourites_count": 488, "utc_offset": null, "time_zone": null, "geo_enabled": true, "verified": false, "statuses_count": 268407, "lang": null, "contributors_enabled": false, "is_translator": false, "is_translation_enabled": false, "profile_background_color": "642D8B", "profile_background_image_url": "http://abs.twimg.com/images/themes/theme10/bg.gif", "profile_background_image_url_https": "https://abs.twimg.com/images/themes/theme10/bg.gif", "profile_background_tile": false, "profile_image_url": "http://pbs.twimg.com/profile_images/1302991087837929472/VHV3Tx6s_normal.jpg", "profile_image_url_https": "https://pbs.twimg.com/profile_images/1302991087837929472/VHV3Tx6s_normal.jpg", "profile_banner_url": "https://pbs.twimg.com/profile_banners/275444157/1540076571", "profile_link_color": "9266CC", "profile_sidebar_border_color": "000000", "profile_sidebar_fill_color": "000000", "profile_text_color": "000000", "profile_use_background_image": true, "has_extended_profile": true, "default_profile": false, "default_profile_image": false, "following": false, "follow_request_sent": false, "notifications": false, "translator_type": "none", "withheld_in_countries": []}, "geo": null, "coordinates": null, "place": null, "contributors": null, "is_quote_status": false, "retweet_count": 0, "favorite_count": 0, "favorited": false, "retweeted": false, "possibly_sensitive": false, "lang": "en"}