{"created_at": "Thu Jul 21 15:18:42 +0000 2016", "id": 756146391194411008, "id_str": "756146391194411008", "text": "Mike Pence: \u201cAllowing Rape Victims To Have Abortions Will Lead To Women Trying To Get Raped\u201d https://t.co/emMcd6aO7M", "truncated": false, "entities": {"hashtags": [], "symbols": [], "user_mentions": [], "urls": [{"url": "https://t.co/emMcd6aO7M", "expanded_url": "http://bit.ly/2a34XVh", "display_url": "bit.ly/2a34XVh", "indices": [93, 116]}]}, "source": "<a href=\"https://bitly.com/\" rel=\"nofollow\">Bitly</a>", "in_reply_to_status_id": null, "in_reply_to_status_id_str": null, "in_reply_to_user_id": null, "in_reply_to_user_id_str": null, "in_reply_to_screen_name": null, "user": {"id": 301517167, "id_str": "301517167", "name": "GIRE", "screen_name": "GIRE_mx", "location": "", "description": "Somos una organizaci\u00f3n feminista que promueve y trabaja por la #JusticiaReproductiva.", "url": "https://t.co/d1kMGNo4LN", "entities": {"url": {"urls": [{"url": "https://t.co/d1kMGNo4LN", "expanded_url": "http://www.gire.org.mx", "display_url": "gire.org.mx", "indices": [0, 23]}]}, "description": {"urls": []}}, "protected": false, "followers_count": 39713, "friends_count": 4482, "listed_count": 372, "created_at": "Thu May 19 16:12:22 +0000 2011", "favourites_count": 16145, "utc_offset": null, "time_zone": null, "geo_enabled": true, "verified": false, "statuses_count": 31626, "lang": null, "contributors_enabled": false, "is_translator": false, "is_translation_enabled": false, "profile_background_color": "4A913C", "profile_background_image_url": "http://abs.twimg.com/images/themes/theme1/bg.png", "profile_background_image_url_https": "https://abs.twimg.com/images/themes/theme1/bg.png", "profile_background_tile": false, "profile_image_url": "http://pbs.twimg.com/profile_images/1278756719104057344/uD9UeDWC_normal.jpg", "profile_image_url_https": "https://pbs.twimg.com/profile_images/1278756719104057344/uD9UeDWC_normal.jpg", "profile_banner_url": "https://pbs.twimg.com/profile_banners/301517167/1612287209", "profile_link_color": "94D487", "profile_sidebar_border_color": "FFFFFF", "profile_sidebar_fill_color": "DDEEF6", "profile_text_color": "333333", "profile_use_background_image": true, "has_extended_profile": false, "default_profile": false, "default_profile_image": false, "following": false, "follow_request_sent": false, "notifications": false, "translator_type": "none", "withheld_in_countries": []}, "geo": null, "coordinates": null, "place": null, "contributors": null, "is_quote_status": false, "retweet_count": 1, "favorite_count": 0, "favorited": false, "retweeted": false, "possibly_sensitive": false, "lang": "en"}