{"created_at": "Thu Jul 21 15:50:51 +0000 2016", "id": 756154479511121922, "id_str": "756154479511121922", "text": "Mike Pence: \u201cAllowing Rape Victims To Have Abortions Will Lead To Women Trying To Get Raped\u201d https://t.co/29V9T471ZY v\u00eda @TheNewslo", "truncated": false, "entities": {"hashtags": [], "symbols": [], "user_mentions": [{"screen_name": "TheNewslo", "name": "Newslo", "id": 393693452, "id_str": "393693452", "indices": [121, 131]}], "urls": [{"url": "https://t.co/29V9T471ZY", "expanded_url": "http://politicops.com/mike-pence-allowing-rape-victims-abortions-will-lead-women-trying-get-raped/", "display_url": "politicops.com/mike-pence-all\u2026", "indices": [93, 116]}]}, "source": "<a href=\"http://twitter.com\" rel=\"nofollow\">Twitter Web Client</a>", "in_reply_to_status_id": null, "in_reply_to_status_id_str": null, "in_reply_to_user_id": null, "in_reply_to_user_id_str": null, "in_reply_to_screen_name": null, "user": {"id": 203221913, "id_str": "203221913", "name": "Gina R\u00edos", "screen_name": "HadaGeorgina", "location": "M\u00e9xico M\u00e1xico", "description": "Vamos despacio porque vamos para encontrarnos. Por ahora nos encontramos despu\u00e9s del confinamiento. Se habla en abierto. All things #open #opengov @INAI @ExITAM", "url": null, "entities": {"description": {"urls": []}}, "protected": false, "followers_count": 335, "friends_count": 876, "listed_count": 2, "created_at": "Fri Oct 15 20:11:58 +0000 2010", "favourites_count": 3347, "utc_offset": null, "time_zone": null, "geo_enabled": false, "verified": false, "statuses_count": 3669, "lang": null, "contributors_enabled": false, "is_translator": false, "is_translation_enabled": false, "profile_background_color": "000000", "profile_background_image_url": "http://abs.twimg.com/images/themes/theme7/bg.gif", "profile_background_image_url_https": "https://abs.twimg.com/images/themes/theme7/bg.gif", "profile_background_tile": false, "profile_image_url": "http://pbs.twimg.com/profile_images/1304521931744579586/Ficl1JzN_normal.jpg", "profile_image_url_https": "https://pbs.twimg.com/profile_images/1304521931744579586/Ficl1JzN_normal.jpg", "profile_banner_url": "https://pbs.twimg.com/profile_banners/203221913/1454029087", "profile_link_color": "1B95E0", "profile_sidebar_border_color": "000000", "profile_sidebar_fill_color": "FFE700", "profile_text_color": "444444", "profile_use_background_image": false, "has_extended_profile": true, "default_profile": false, "default_profile_image": false, "following": false, "follow_request_sent": false, "notifications": false, "translator_type": "none", "withheld_in_countries": []}, "geo": null, "coordinates": null, "place": null, "contributors": null, "is_quote_status": false, "retweet_count": 1, "favorite_count": 0, "favorited": false, "retweeted": false, "possibly_sensitive": false, "lang": "en"}