{"created_at": "Fri Jul 22 05:20:13 +0000 2016", "id": 756358163700387840, "id_str": "756358163700387840", "text": "Mike Pence: \u201cAllowing Rape Victims To Have Abortions Will Lead To Women Trying To Get Raped\u201d https://t.co/TZ4Me0C03i via @TheNewslo", "truncated": false, "entities": {"hashtags": [], "symbols": [], "user_mentions": [{"screen_name": "TheNewslo", "name": "Newslo", "id": 393693452, "id_str": "393693452", "indices": [121, 131]}], "urls": [{"url": "https://t.co/TZ4Me0C03i", "expanded_url": "http://politicops.com/mike-pence-allowing-rape-victims-abortions-will-lead-women-trying-get-raped/", "display_url": "politicops.com/mike-pence-all\u2026", "indices": [93, 116]}]}, "source": "<a href=\"http://twitter.com\" rel=\"nofollow\">Twitter Web Client</a>", "in_reply_to_status_id": null, "in_reply_to_status_id_str": null, "in_reply_to_user_id": null, "in_reply_to_user_id_str": null, "in_reply_to_screen_name": null, "user": {"id": 72729200, "id_str": "72729200", "name": "BlueAnon Shaman \ud83c\udf0a\ud83e\udd85\ud83c\udf35\ud83c\udf0a", "screen_name": "Wildrider51", "location": "Phoenix", "description": "Perhaps Congress should receive only minimum wage.  \nPlease, no more DMs. #BidenHarris #VoteBlueNoMatterWho #RidinWithBiden  #BlueWave2020 \ud83e\udd81", "url": "https://t.co/Rm8thtaO5A", "entities": {"url": {"urls": [{"url": "https://t.co/Rm8thtaO5A", "expanded_url": "http://cowboysandvampires.com", "display_url": "cowboysandvampires.com", "indices": [0, 23]}]}, "description": {"urls": []}}, "protected": false, "followers_count": 1987, "friends_count": 2037, "listed_count": 28, "created_at": "Wed Sep 09 01:36:20 +0000 2009", "favourites_count": 124011, "utc_offset": null, "time_zone": null, "geo_enabled": true, "verified": false, "statuses_count": 39441, "lang": null, "contributors_enabled": false, "is_translator": false, "is_translation_enabled": false, "profile_background_color": "ACDED6", "profile_background_image_url": "http://abs.twimg.com/images/themes/theme18/bg.gif", "profile_background_image_url_https": "https://abs.twimg.com/images/themes/theme18/bg.gif", "profile_background_tile": true, "profile_image_url": "http://pbs.twimg.com/profile_images/1089741108618252289/HjFQWatT_normal.jpg", "profile_image_url_https": "https://pbs.twimg.com/profile_images/1089741108618252289/HjFQWatT_normal.jpg", "profile_banner_url": "https://pbs.twimg.com/profile_banners/72729200/1541381839", "profile_link_color": "038543", "profile_sidebar_border_color": "EEEEEE", "profile_sidebar_fill_color": "F6F6F6", "profile_text_color": "333333", "profile_use_background_image": true, "has_extended_profile": true, "default_profile": false, "default_profile_image": false, "following": false, "follow_request_sent": false, "notifications": false, "translator_type": "none", "withheld_in_countries": []}, "geo": null, "coordinates": null, "place": null, "contributors": null, "is_quote_status": false, "retweet_count": 2, "favorite_count": 0, "favorited": false, "retweeted": false, "possibly_sensitive": false, "lang": "en"}