{"created_at": "Fri Jul 22 08:54:28 +0000 2016", "id": 756412080501108740, "id_str": "756412080501108740", "text": "Mike Pence: \u201cAllowing Rape Victims To Have Abortions Will Lead To Women Trying To Get Raped\u201d https://t.co/MRi7rUzhF5", "truncated": false, "entities": {"hashtags": [], "symbols": [], "user_mentions": [], "urls": [{"url": "https://t.co/MRi7rUzhF5", "expanded_url": "http://fb.me/54M76dL8a", "display_url": "fb.me/54M76dL8a", "indices": [93, 116]}]}, "source": "<a href=\"http://www.facebook.com/twitter\" rel=\"nofollow\">Facebook</a>", "in_reply_to_status_id": null, "in_reply_to_status_id_str": null, "in_reply_to_user_id": null, "in_reply_to_user_id_str": null, "in_reply_to_screen_name": null, "user": {"id": 2586846527, "id_str": "2586846527", "name": "Connie maddox", "screen_name": "conniejojo1", "location": "San Jose, CA", "description": "", "url": null, "entities": {"description": {"urls": []}}, "protected": false, "followers_count": 60, "friends_count": 501, "listed_count": 13, "created_at": "Fri Jun 06 11:53:39 +0000 2014", "favourites_count": 22, "utc_offset": null, "time_zone": null, "geo_enabled": false, "verified": false, "statuses_count": 40809, "lang": null, "contributors_enabled": false, "is_translator": false, "is_translation_enabled": false, "profile_background_color": "C0DEED", "profile_background_image_url": "http://abs.twimg.com/images/themes/theme1/bg.png", "profile_background_image_url_https": "https://abs.twimg.com/images/themes/theme1/bg.png", "profile_background_tile": false, "profile_image_url": "http://pbs.twimg.com/profile_images/756847989264556032/ChvGjM6d_normal.jpg", "profile_image_url_https": "https://pbs.twimg.com/profile_images/756847989264556032/ChvGjM6d_normal.jpg", "profile_banner_url": "https://pbs.twimg.com/profile_banners/2586846527/1469282128", "profile_link_color": "1DA1F2", "profile_sidebar_border_color": "C0DEED", "profile_sidebar_fill_color": "DDEEF6", "profile_text_color": "333333", "profile_use_background_image": true, "has_extended_profile": true, "default_profile": true, "default_profile_image": false, "following": false, "follow_request_sent": false, "notifications": false, "translator_type": "none", "withheld_in_countries": []}, "geo": null, "coordinates": null, "place": null, "contributors": null, "is_quote_status": false, "retweet_count": 0, "favorite_count": 0, "favorited": false, "retweeted": false, "possibly_sensitive": false, "lang": "en"}