{"created_at": "Fri Jul 22 11:46:22 +0000 2016", "id": 756455343505506304, "id_str": "756455343505506304", "text": "Mike Pence: \u201cAllowing Rape Victims To Have Abortions Will Lead To Women Trying To Get Raped\u201d https://t.co/3L5ObJkT3M via @TheNewslo", "truncated": false, "entities": {"hashtags": [], "symbols": [], "user_mentions": [{"screen_name": "TheNewslo", "name": "Newslo", "id": 393693452, "id_str": "393693452", "indices": [121, 131]}], "urls": [{"url": "https://t.co/3L5ObJkT3M", "expanded_url": "http://politicops.com/mike-pence-allowing-rape-victims-abortions-will-lead-women-trying-get-raped/", "display_url": "politicops.com/mike-pence-all\u2026", "indices": [93, 116]}]}, "source": "<a href=\"http://twitter.com\" rel=\"nofollow\">Twitter Web Client</a>", "in_reply_to_status_id": null, "in_reply_to_status_id_str": null, "in_reply_to_user_id": null, "in_reply_to_user_id_str": null, "in_reply_to_screen_name": null, "user": {"id": 134472494, "id_str": "134472494", "name": "Rufus Polk", "screen_name": "rufuspolk", "location": "Wallonia region of Belgium", "description": "Expat New Orleanian in Belgium who likes to read. Posting about lots of things, including the Balkans, Gabon, Timor-Leste, and Uganda.", "url": "http://t.co/uyChANtLnJ", "entities": {"url": {"urls": [{"url": "http://t.co/uyChANtLnJ", "expanded_url": "https://twitter.com/rufuspolk", "display_url": "twitter.com/rufuspolk", "indices": [0, 22]}]}, "description": {"urls": []}}, "protected": false, "followers_count": 1811, "friends_count": 2068, "listed_count": 73, "created_at": "Sun Apr 18 14:28:09 +0000 2010", "favourites_count": 48017, "utc_offset": null, "time_zone": null, "geo_enabled": false, "verified": false, "statuses_count": 160780, "lang": null, "contributors_enabled": false, "is_translator": false, "is_translation_enabled": false, "profile_background_color": "C0DEED", "profile_background_image_url": "http://abs.twimg.com/images/themes/theme1/bg.png", "profile_background_image_url_https": "https://abs.twimg.com/images/themes/theme1/bg.png", "profile_background_tile": true, "profile_image_url": "http://pbs.twimg.com/profile_images/833254299/IMG_3226_1_1_normal.jpg", "profile_image_url_https": "https://pbs.twimg.com/profile_images/833254299/IMG_3226_1_1_normal.jpg", "profile_banner_url": "https://pbs.twimg.com/profile_banners/134472494/1578428276", "profile_link_color": "0084B4", "profile_sidebar_border_color": "C0DEED", "profile_sidebar_fill_color": "DDEEF6", "profile_text_color": "333333", "profile_use_background_image": true, "has_extended_profile": false, "default_profile": false, "default_profile_image": false, "following": false, "follow_request_sent": false, "notifications": false, "translator_type": "none", "withheld_in_countries": []}, "geo": null, "coordinates": null, "place": null, "contributors": null, "is_quote_status": false, "retweet_count": 0, "favorite_count": 1, "favorited": false, "retweeted": false, "possibly_sensitive": false, "lang": "en"}