{"created_at": "Sat Jul 23 03:43:39 +0000 2016", "id": 756696251987525632, "id_str": "756696251987525632", "text": "Mike Pence: \u201cAllowing Rape Victims To Have Abortions Will Lead To Women Trying To Get Raped\u201d https://t.co/EqI8OUA5m0", "truncated": false, "entities": {"hashtags": [], "symbols": [], "user_mentions": [], "urls": [{"url": "https://t.co/EqI8OUA5m0", "expanded_url": "http://fb.me/JyttDlEK", "display_url": "fb.me/JyttDlEK", "indices": [93, 116]}]}, "source": "<a href=\"http://www.facebook.com/twitter\" rel=\"nofollow\">Facebook</a>", "in_reply_to_status_id": null, "in_reply_to_status_id_str": null, "in_reply_to_user_id": null, "in_reply_to_user_id_str": null, "in_reply_to_screen_name": null, "user": {"id": 16700601, "id_str": "16700601", "name": "\ud83c\udff9OPPOSE\ud83d\uddfdCONSERVATISM", "screen_name": "mahilena", "location": "United States", "description": "\ud83d\uddfd\ud83d\udda5\ufe0fSOFTWARE ENGINEER\u2696\ud83c\udf34\u2615\ufe0f #TheResistance \u03a9 \ud83d\udd04 \ud83c\udf0a anti-communist \u2640\ufe0f\ud83c\udde8\ud83c\uddfa\ud83c\uddfa\ud83c\uddf8#fdr #secular #deepstate #globalist \u03a9 https://t.co/uIcMtfZUy1", "url": "https://t.co/lhNIIQPCWl", "entities": {"url": {"urls": [{"url": "https://t.co/lhNIIQPCWl", "expanded_url": "http://www.conservativemyths.com/", "display_url": "conservativemyths.com", "indices": [0, 23]}]}, "description": {"urls": [{"url": "https://t.co/uIcMtfZUy1", "expanded_url": "http://governmentisgood.com/index.php", "display_url": "governmentisgood.com/index.php", "indices": [105, 128]}]}}, "protected": false, "followers_count": 14877, "friends_count": 15711, "listed_count": 298, "created_at": "Sat Oct 11 21:43:53 +0000 2008", "favourites_count": 31353, "utc_offset": null, "time_zone": null, "geo_enabled": true, "verified": false, "statuses_count": 247223, "lang": null, "contributors_enabled": false, "is_translator": false, "is_translation_enabled": false, "profile_background_color": "8B0000", "profile_background_image_url": "http://abs.twimg.com/images/themes/theme4/bg.gif", "profile_background_image_url_https": "https://abs.twimg.com/images/themes/theme4/bg.gif", "profile_background_tile": false, "profile_image_url": "http://pbs.twimg.com/profile_images/1220759477479264257/yaHtv3YH_normal.jpg", "profile_image_url_https": "https://pbs.twimg.com/profile_images/1220759477479264257/yaHtv3YH_normal.jpg", "profile_banner_url": "https://pbs.twimg.com/profile_banners/16700601/1611359338", "profile_link_color": "1B95E0", "profile_sidebar_border_color": "000000", "profile_sidebar_fill_color": "23233A", "profile_text_color": "5A5A81", "profile_use_background_image": true, "has_extended_profile": true, "default_profile": false, "default_profile_image": false, "following": false, "follow_request_sent": false, "notifications": false, "translator_type": "none", "withheld_in_countries": []}, "geo": null, "coordinates": null, "place": null, "contributors": null, "is_quote_status": false, "retweet_count": 9, "favorite_count": 4, "favorited": false, "retweeted": false, "possibly_sensitive": false, "lang": "en"}