{"created_at": "Fri Jul 22 23:22:56 +0000 2016", "id": 756630637965115392, "id_str": "756630637965115392", "text": "Mike Pence: \u201cAllowing Rape Victims To Have Abortions Will Lead To Women Trying To Get Raped\u201d - noodlez3:... https://t.co/1Eni3dnXCf", "truncated": false, "entities": {"hashtags": [], "symbols": [], "user_mentions": [], "urls": [{"url": "https://t.co/1Eni3dnXCf", "expanded_url": "https://tmblr.co/Z2EIgx29ghYSQ", "display_url": "tmblr.co/Z2EIgx29ghYSQ", "indices": [108, 131]}]}, "source": "<a href=\"https://www.tumblr.com/\" rel=\"nofollow\">Tumblr</a>", "in_reply_to_status_id": null, "in_reply_to_status_id_str": null, "in_reply_to_user_id": null, "in_reply_to_user_id_str": null, "in_reply_to_screen_name": null, "user": {"id": 100093271, "id_str": "100093271", "name": "Elfy-poo", "screen_name": "wannabeelf", "location": "Ohio, USA", "description": "Instagram: @wannabe_elf", "url": null, "entities": {"description": {"urls": []}}, "protected": false, "followers_count": 56, "friends_count": 44, "listed_count": 2, "created_at": "Tue Dec 29 01:01:06 +0000 2009", "favourites_count": 147, "utc_offset": null, "time_zone": null, "geo_enabled": false, "verified": false, "statuses_count": 12469, "lang": null, "contributors_enabled": false, "is_translator": false, "is_translation_enabled": false, "profile_background_color": "642D8B", "profile_background_image_url": "http://abs.twimg.com/images/themes/theme10/bg.gif", "profile_background_image_url_https": "https://abs.twimg.com/images/themes/theme10/bg.gif", "profile_background_tile": false, "profile_image_url": "http://pbs.twimg.com/profile_images/1366419398270025734/V1r4wqMY_normal.jpg", "profile_image_url_https": "https://pbs.twimg.com/profile_images/1366419398270025734/V1r4wqMY_normal.jpg", "profile_banner_url": "https://pbs.twimg.com/profile_banners/100093271/1614614747", "profile_link_color": "0022FF", "profile_sidebar_border_color": "65B0DA", "profile_sidebar_fill_color": "7AC3EE", "profile_text_color": "3D1957", "profile_use_background_image": true, "has_extended_profile": false, "default_profile": false, "default_profile_image": false, "following": false, "follow_request_sent": false, "notifications": false, "translator_type": "none", "withheld_in_countries": []}, "geo": null, "coordinates": null, "place": null, "contributors": null, "is_quote_status": false, "retweet_count": 0, "favorite_count": 0, "favorited": false, "retweeted": false, "possibly_sensitive": false, "lang": "en"}