{"created_at": "Sun Jul 24 03:48:28 +0000 2016", "id": 757059848685047808, "id_str": "757059848685047808", "text": "Mike Pence: 'Allowing Rape Victims to Have Abortions Will Lead to Women Trying to Get Raped' https://t.co/OSPliVQQno via @particlenewsapp", "truncated": false, "entities": {"hashtags": [], "symbols": [], "user_mentions": [{"screen_name": "particlenewsapp", "name": "Particle News Now", "id": 3270656238, "id_str": "3270656238", "indices": [121, 137]}], "urls": [{"url": "https://t.co/OSPliVQQno", "expanded_url": "http://www.particlenews.com/n/03hAYBPd?f=twitter", "display_url": "particlenews.com/n/03hAYBPd?f=t\u2026", "indices": [93, 116]}]}, "source": "<a href=\"http://twitter.com/download/iphone\" rel=\"nofollow\">Twitter for iPhone</a>", "in_reply_to_status_id": null, "in_reply_to_status_id_str": null, "in_reply_to_user_id": null, "in_reply_to_user_id_str": null, "in_reply_to_screen_name": null, "user": {"id": 48098530, "id_str": "48098530", "name": "A Very Nice Resister\ud83d\udd96 \ud83c\udd98", "screen_name": "Mvbennett26", "location": "The Evergreen State", "description": "I refuse to feed the trolls because you can't reason with crazy, but I won\u2019t hesitate to channel my inner salty sailor when necessary!! #ShePersisted to #Resist", "url": null, "entities": {"description": {"urls": []}}, "protected": false, "followers_count": 5161, "friends_count": 4627, "listed_count": 164, "created_at": "Wed Jun 17 20:15:49 +0000 2009", "favourites_count": 3373, "utc_offset": null, "time_zone": null, "geo_enabled": false, "verified": false, "statuses_count": 189696, "lang": null, "contributors_enabled": false, "is_translator": false, "is_translation_enabled": false, "profile_background_color": "5E6641", "profile_background_image_url": "http://abs.twimg.com/images/themes/theme4/bg.gif", "profile_background_image_url_https": "https://abs.twimg.com/images/themes/theme4/bg.gif", "profile_background_tile": true, "profile_image_url": "http://pbs.twimg.com/profile_images/877135575186235393/Y5WgUeJ9_normal.jpg", "profile_image_url_https": "https://pbs.twimg.com/profile_images/877135575186235393/Y5WgUeJ9_normal.jpg", "profile_banner_url": "https://pbs.twimg.com/profile_banners/48098530/1486653780", "profile_link_color": "252C09", "profile_sidebar_border_color": "252C09", "profile_sidebar_fill_color": "5E634A", "profile_text_color": "551E18", "profile_use_background_image": true, "has_extended_profile": false, "default_profile": false, "default_profile_image": false, "following": false, "follow_request_sent": false, "notifications": false, "translator_type": "none", "withheld_in_countries": []}, "geo": null, "coordinates": null, "place": null, "contributors": null, "is_quote_status": false, "retweet_count": 0, "favorite_count": 0, "favorited": false, "retweeted": false, "possibly_sensitive": false, "lang": "en"}