{"created_at": "Sun Jul 24 16:54:18 +0000 2016", "id": 757257613876666370, "id_str": "757257613876666370", "text": "Mike Pence: \u201cAllowing Rape Victims To Have Abortions Will Lead To Women Trying To Get Raped\u201d https://t.co/qb3LB4KNAM via @TheNewslo: WTH ?", "truncated": false, "entities": {"hashtags": [], "symbols": [], "user_mentions": [{"screen_name": "TheNewslo", "name": "Newslo", "id": 393693452, "id_str": "393693452", "indices": [121, 131]}], "urls": [{"url": "https://t.co/qb3LB4KNAM", "expanded_url": "http://politicops.com/mike-pence-allowing-rape-victims-abortions-will-lead-women-trying-get-raped/", "display_url": "politicops.com/mike-pence-all\u2026", "indices": [93, 116]}]}, "source": "<a href=\"http://twitter.com\" rel=\"nofollow\">Twitter Web Client</a>", "in_reply_to_status_id": null, "in_reply_to_status_id_str": null, "in_reply_to_user_id": null, "in_reply_to_user_id_str": null, "in_reply_to_screen_name": null, "user": {"id": 34341362, "id_str": "34341362", "name": "Jim  McCarthy Jr.", "screen_name": "jimmacpam", "location": "Levittown, PA", "description": "HUGE  ALLY SHEEDY fan ! Cong. Heart Failure, Meniere's Disease: Baseball & Old Movies nut : Bob Seger # 1, #BidenHarris2020 ! #BLM #RESISTforever     \ud83c\udf0a\ud83c\udf0a", "url": null, "entities": {"description": {"urls": []}}, "protected": false, "followers_count": 30581, "friends_count": 28397, "listed_count": 294, "created_at": "Wed Apr 22 17:49:29 +0000 2009", "favourites_count": 131615, "utc_offset": null, "time_zone": null, "geo_enabled": true, "verified": false, "statuses_count": 195341, "lang": null, "contributors_enabled": false, "is_translator": false, "is_translation_enabled": false, "profile_background_color": "D60024", "profile_background_image_url": "http://abs.twimg.com/images/themes/theme1/bg.png", "profile_background_image_url_https": "https://abs.twimg.com/images/themes/theme1/bg.png", "profile_background_tile": true, "profile_image_url": "http://pbs.twimg.com/profile_images/866319155972255745/HkZnR9ng_normal.jpg", "profile_image_url_https": "https://pbs.twimg.com/profile_images/866319155972255745/HkZnR9ng_normal.jpg", "profile_banner_url": "https://pbs.twimg.com/profile_banners/34341362/1524324672", "profile_link_color": "D60024", "profile_sidebar_border_color": "5979D5", "profile_sidebar_fill_color": "5979D5", "profile_text_color": "000000", "profile_use_background_image": true, "has_extended_profile": true, "default_profile": false, "default_profile_image": false, "following": false, "follow_request_sent": false, "notifications": false, "translator_type": "none", "withheld_in_countries": []}, "geo": null, "coordinates": null, "place": null, "contributors": null, "is_quote_status": false, "retweet_count": 11, "favorite_count": 6, "favorited": false, "retweeted": false, "possibly_sensitive": false, "lang": "en"}