{"created_at": "Sun Jul 24 17:44:17 +0000 2016", "id": 757270188735815681, "id_str": "757270188735815681", "text": "Mike Pence: 'Allowing Rape Victims to Have Abortions Will Lead to Women Trying to Get Raped' https://t.co/JdKS1BmKMU", "truncated": false, "entities": {"hashtags": [], "symbols": [], "user_mentions": [], "urls": [{"url": "https://t.co/JdKS1BmKMU", "expanded_url": "http://www.snopes.com/mike-pence-allowing-rape-victims-to-have-abortions-will-lead-to-women-trying-to-get-raped/", "display_url": "snopes.com/mike-pence-all\u2026", "indices": [93, 116]}]}, "source": "<a href=\"http://twitter.com\" rel=\"nofollow\">Twitter Web Client</a>", "in_reply_to_status_id": null, "in_reply_to_status_id_str": null, "in_reply_to_user_id": null, "in_reply_to_user_id_str": null, "in_reply_to_screen_name": null, "user": {"id": 31456118, "id_str": "31456118", "name": "William Uchtman", "screen_name": "Thor_2000", "location": "Nashville, Tennessee", "description": "Author, Writer, Humorist, Paranormal Historian, Jedi Knight - If you read my sites or short stories, Let me know if you like them...", "url": "http://t.co/9iCwO8PfgU", "entities": {"url": {"urls": [{"url": "http://t.co/9iCwO8PfgU", "expanded_url": "http://www.fanfiction.net/~Thor2000", "display_url": "fanfiction.net/~Thor2000", "indices": [0, 22]}]}, "description": {"urls": []}}, "protected": false, "followers_count": 13325, "friends_count": 14668, "listed_count": 404, "created_at": "Wed Apr 15 17:05:03 +0000 2009", "favourites_count": 65191, "utc_offset": null, "time_zone": null, "geo_enabled": false, "verified": false, "statuses_count": 340921, "lang": null, "contributors_enabled": false, "is_translator": false, "is_translation_enabled": false, "profile_background_color": "1A1B1F", "profile_background_image_url": "http://abs.twimg.com/images/themes/theme9/bg.gif", "profile_background_image_url_https": "https://abs.twimg.com/images/themes/theme9/bg.gif", "profile_background_tile": false, "profile_image_url": "http://pbs.twimg.com/profile_images/378800000462465556/2c7bd5a33145f8a0699f8964f5d4724f_normal.jpeg", "profile_image_url_https": "https://pbs.twimg.com/profile_images/378800000462465556/2c7bd5a33145f8a0699f8964f5d4724f_normal.jpeg", "profile_banner_url": "https://pbs.twimg.com/profile_banners/31456118/1585494742", "profile_link_color": "2FC2EF", "profile_sidebar_border_color": "181A1E", "profile_sidebar_fill_color": "252429", "profile_text_color": "666666", "profile_use_background_image": true, "has_extended_profile": false, "default_profile": false, "default_profile_image": false, "following": false, "follow_request_sent": false, "notifications": false, "translator_type": "regular", "withheld_in_countries": []}, "geo": null, "coordinates": null, "place": null, "contributors": null, "is_quote_status": false, "retweet_count": 0, "favorite_count": 0, "favorited": false, "retweeted": false, "possibly_sensitive": false, "lang": "en"}