{"created_at": "Mon Jul 25 19:07:36 +0000 2016", "id": 757653545000861700, "id_str": "757653545000861700", "text": "Mike Pence: \u201cAllowing Rape Victims To Have Abortions Will Lead To Women Trying To Get Raped\u201d https://t.co/iAaI1xx19b via @TheNewslo", "truncated": false, "entities": {"hashtags": [], "symbols": [], "user_mentions": [{"screen_name": "TheNewslo", "name": "Newslo", "id": 393693452, "id_str": "393693452", "indices": [121, 131]}], "urls": [{"url": "https://t.co/iAaI1xx19b", "expanded_url": "http://politicops.com/mike-pence-allowing-rape-victims-abortions-will-lead-women-trying-get-raped/", "display_url": "politicops.com/mike-pence-all\u2026", "indices": [93, 116]}]}, "source": "<a href=\"http://twitter.com\" rel=\"nofollow\">Twitter Web Client</a>", "in_reply_to_status_id": null, "in_reply_to_status_id_str": null, "in_reply_to_user_id": null, "in_reply_to_user_id_str": null, "in_reply_to_screen_name": null, "user": {"id": 462147848, "id_str": "462147848", "name": "Rob Haynie", "screen_name": "RobHaynie1", "location": "FORT LAUDERDALE, FLORIDA", "description": "Husband, Father, Florida State University, Pi Kappa Alpha, Partner/Managing Director - Life Insurance Settlements, Inc., Top Life Settlement Broker in the World", "url": "https://t.co/f02ZJWik8p", "entities": {"url": {"urls": [{"url": "https://t.co/f02ZJWik8p", "expanded_url": "http://about.me/rob_haynie", "display_url": "about.me/rob_haynie", "indices": [0, 23]}]}, "description": {"urls": []}}, "protected": false, "followers_count": 6830, "friends_count": 6711, "listed_count": 40, "created_at": "Thu Jan 12 16:32:35 +0000 2012", "favourites_count": 6845, "utc_offset": null, "time_zone": null, "geo_enabled": true, "verified": false, "statuses_count": 104157, "lang": null, "contributors_enabled": false, "is_translator": false, "is_translation_enabled": false, "profile_background_color": "2D8A52", "profile_background_image_url": "http://abs.twimg.com/images/themes/theme10/bg.gif", "profile_background_image_url_https": "https://abs.twimg.com/images/themes/theme10/bg.gif", "profile_background_tile": true, "profile_image_url": "http://pbs.twimg.com/profile_images/922863490343292928/-Rghd80O_normal.jpg", "profile_image_url_https": "https://pbs.twimg.com/profile_images/922863490343292928/-Rghd80O_normal.jpg", "profile_banner_url": "https://pbs.twimg.com/profile_banners/462147848/1496158496", "profile_link_color": "981CEB", "profile_sidebar_border_color": "000000", "profile_sidebar_fill_color": "7AC3EE", "profile_text_color": "3D1957", "profile_use_background_image": true, "has_extended_profile": true, "default_profile": false, "default_profile_image": false, "following": false, "follow_request_sent": false, "notifications": false, "translator_type": "none", "withheld_in_countries": []}, "geo": null, "coordinates": null, "place": null, "contributors": null, "is_quote_status": false, "retweet_count": 0, "favorite_count": 0, "favorited": false, "retweeted": false, "possibly_sensitive": false, "lang": "en"}