{"created_at": "Wed Jul 27 20:23:14 +0000 2016", "id": 758397353623752705, "id_str": "758397353623752705", "text": "Mike Pence: \u201cAllowing Rape Victims To Have Abortions Will Lead To Women Trying To Get Raped\u201d https://t.co/G2r0o7WVMQ via @TheNewslo", "truncated": false, "entities": {"hashtags": [], "symbols": [], "user_mentions": [{"screen_name": "TheNewslo", "name": "Newslo", "id": 393693452, "id_str": "393693452", "indices": [121, 131]}], "urls": [{"url": "https://t.co/G2r0o7WVMQ", "expanded_url": "http://politicops.com/mike-pence-allowing-rape-victims-abortions-will-lead-women-trying-get-raped/", "display_url": "politicops.com/mike-pence-all\u2026", "indices": [93, 116]}]}, "source": "<a href=\"http://twitter.com\" rel=\"nofollow\">Twitter Web Client</a>", "in_reply_to_status_id": null, "in_reply_to_status_id_str": null, "in_reply_to_user_id": null, "in_reply_to_user_id_str": null, "in_reply_to_screen_name": null, "user": {"id": 364426964, "id_str": "364426964", "name": "nhlass", "screen_name": "nhlass", "location": "NH", "description": "Not ambiguous- Introvert-Animal Lover-Sighthound Fan-Organic Gardener-Tomato Obsessed-Mad Anglophile-Feminist-Nature Photographer-Proud New Member of the ACLU", "url": "https://t.co/Kadco1scjG", "entities": {"url": {"urls": [{"url": "https://t.co/Kadco1scjG", "expanded_url": "http://heidiseye.smugmug.com", "display_url": "heidiseye.smugmug.com", "indices": [0, 23]}]}, "description": {"urls": []}}, "protected": false, "followers_count": 376, "friends_count": 513, "listed_count": 64, "created_at": "Mon Aug 29 19:08:25 +0000 2011", "favourites_count": 14185, "utc_offset": null, "time_zone": null, "geo_enabled": false, "verified": false, "statuses_count": 47350, "lang": null, "contributors_enabled": false, "is_translator": false, "is_translation_enabled": false, "profile_background_color": "EFFBF8", "profile_background_image_url": "http://abs.twimg.com/images/themes/theme1/bg.png", "profile_background_image_url_https": "https://abs.twimg.com/images/themes/theme1/bg.png", "profile_background_tile": false, "profile_image_url": "http://pbs.twimg.com/profile_images/710533593924296704/9T3HwSUM_normal.jpg", "profile_image_url_https": "https://pbs.twimg.com/profile_images/710533593924296704/9T3HwSUM_normal.jpg", "profile_banner_url": "https://pbs.twimg.com/profile_banners/364426964/1471705883", "profile_link_color": "210B61", "profile_sidebar_border_color": "000000", "profile_sidebar_fill_color": "000000", "profile_text_color": "000000", "profile_use_background_image": false, "has_extended_profile": false, "default_profile": false, "default_profile_image": false, "following": false, "follow_request_sent": false, "notifications": false, "translator_type": "none", "withheld_in_countries": []}, "geo": null, "coordinates": null, "place": null, "contributors": null, "is_quote_status": false, "retweet_count": 0, "favorite_count": 0, "favorited": false, "retweeted": false, "possibly_sensitive": false, "lang": "en"}