{"created_at": "Wed Jul 27 23:23:59 +0000 2016", "id": 758442843530723328, "id_str": "758442843530723328", "text": "Mike Pence: \u201cAllowing Rape Victims To Have Abortions Will Lead To Women Trying To Get Raped\u201d https://t.co/k3g0OvsKx6 via @TheNewslo", "truncated": false, "entities": {"hashtags": [], "symbols": [], "user_mentions": [{"screen_name": "TheNewslo", "name": "Newslo", "id": 393693452, "id_str": "393693452", "indices": [121, 131]}], "urls": [{"url": "https://t.co/k3g0OvsKx6", "expanded_url": "http://politicops.com/mike-pence-allowing-rape-victims-abortions-will-lead-women-trying-get-raped/", "display_url": "politicops.com/mike-pence-all\u2026", "indices": [93, 116]}]}, "source": "<a href=\"http://twitter.com\" rel=\"nofollow\">Twitter Web Client</a>", "in_reply_to_status_id": null, "in_reply_to_status_id_str": null, "in_reply_to_user_id": null, "in_reply_to_user_id_str": null, "in_reply_to_screen_name": null, "user": {"id": 23931022, "id_str": "23931022", "name": "BABYDOLL666", "screen_name": "BABYDOLL666", "location": "England, United Kingdom", "description": "homo sapien", "url": null, "entities": {"description": {"urls": []}}, "protected": false, "followers_count": 384, "friends_count": 410, "listed_count": 32, "created_at": "Thu Mar 12 11:00:35 +0000 2009", "favourites_count": 924, "utc_offset": null, "time_zone": null, "geo_enabled": false, "verified": false, "statuses_count": 51078, "lang": null, "contributors_enabled": false, "is_translator": false, "is_translation_enabled": false, "profile_background_color": "000000", "profile_background_image_url": "http://abs.twimg.com/images/themes/theme1/bg.png", "profile_background_image_url_https": "https://abs.twimg.com/images/themes/theme1/bg.png", "profile_background_tile": false, "profile_image_url": "http://pbs.twimg.com/profile_images/818209772570865665/C1CEk4UZ_normal.jpg", "profile_image_url_https": "https://pbs.twimg.com/profile_images/818209772570865665/C1CEk4UZ_normal.jpg", "profile_banner_url": "https://pbs.twimg.com/profile_banners/23931022/1445201947", "profile_link_color": "981CEB", "profile_sidebar_border_color": "000000", "profile_sidebar_fill_color": "000000", "profile_text_color": "000000", "profile_use_background_image": false, "has_extended_profile": false, "default_profile": false, "default_profile_image": false, "following": false, "follow_request_sent": false, "notifications": false, "translator_type": "none", "withheld_in_countries": []}, "geo": null, "coordinates": null, "place": null, "contributors": null, "is_quote_status": false, "retweet_count": 0, "favorite_count": 0, "favorited": false, "retweeted": false, "possibly_sensitive": false, "lang": "en"}