{"created_at": "Wed Jul 27 22:49:06 +0000 2016", "id": 758434062008745985, "id_str": "758434062008745985", "text": "Mike Pence: \u201cAllowing Rape Victims To Have Abortions Will Lead To Women Trying To Get Raped\u201d https://t.co/Oduxs8qInk via @TheNewslo", "truncated": false, "entities": {"hashtags": [], "symbols": [], "user_mentions": [{"screen_name": "TheNewslo", "name": "Newslo", "id": 393693452, "id_str": "393693452", "indices": [121, 131]}], "urls": [{"url": "https://t.co/Oduxs8qInk", "expanded_url": "http://politicops.com/mike-pence-allowing-rape-victims-abortions-will-lead-women-trying-get-raped/", "display_url": "politicops.com/mike-pence-all\u2026", "indices": [93, 116]}]}, "source": "<a href=\"http://twitter.com\" rel=\"nofollow\">Twitter Web Client</a>", "in_reply_to_status_id": null, "in_reply_to_status_id_str": null, "in_reply_to_user_id": null, "in_reply_to_user_id_str": null, "in_reply_to_screen_name": null, "user": {"id": 17221696, "id_str": "17221696", "name": "Connie Amidei", "screen_name": "ConnieAmidei", "location": "Florida", "description": "Broadcaster, Political Strategist, Campaign Builder, Queen Maker, Lover of Women, Feminist Activist, Amazon Warrior She/her/hers", "url": "https://t.co/wG2r4mxpw8", "entities": {"url": {"urls": [{"url": "https://t.co/wG2r4mxpw8", "expanded_url": "https://amidei.wordpress.com/", "display_url": "amidei.wordpress.com", "indices": [0, 23]}]}, "description": {"urls": []}}, "protected": false, "followers_count": 670, "friends_count": 569, "listed_count": 48, "created_at": "Thu Nov 06 23:05:13 +0000 2008", "favourites_count": 30567, "utc_offset": null, "time_zone": null, "geo_enabled": true, "verified": false, "statuses_count": 64017, "lang": null, "contributors_enabled": false, "is_translator": false, "is_translation_enabled": false, "profile_background_color": "C0DEED", "profile_background_image_url": "http://abs.twimg.com/images/themes/theme1/bg.png", "profile_background_image_url_https": "https://abs.twimg.com/images/themes/theme1/bg.png", "profile_background_tile": false, "profile_image_url": "http://pbs.twimg.com/profile_images/872126545610985474/t_9SA_dY_normal.jpg", "profile_image_url_https": "https://pbs.twimg.com/profile_images/872126545610985474/t_9SA_dY_normal.jpg", "profile_banner_url": "https://pbs.twimg.com/profile_banners/17221696/1601037777", "profile_link_color": "1DA1F2", "profile_sidebar_border_color": "C0DEED", "profile_sidebar_fill_color": "DDEEF6", "profile_text_color": "333333", "profile_use_background_image": true, "has_extended_profile": false, "default_profile": true, "default_profile_image": false, "following": false, "follow_request_sent": false, "notifications": false, "translator_type": "none", "withheld_in_countries": []}, "geo": null, "coordinates": null, "place": null, "contributors": null, "is_quote_status": false, "retweet_count": 0, "favorite_count": 0, "favorited": false, "retweeted": false, "possibly_sensitive": false, "lang": "en"}