{"created_at": "Fri Jul 29 00:25:18 +0000 2016", "id": 758820659187240961, "id_str": "758820659187240961", "text": "Mike Pence: \u201cAllowing Rape Victims To Have Abortions Will Lead To Women Trying To Get Raped\u201d https://t.co/aMcyywHhqA", "truncated": false, "entities": {"hashtags": [], "symbols": [], "user_mentions": [], "urls": [{"url": "https://t.co/aMcyywHhqA", "expanded_url": "http://fb.me/2PRqMvVuD", "display_url": "fb.me/2PRqMvVuD", "indices": [93, 116]}]}, "source": "<a href=\"http://www.facebook.com/twitter\" rel=\"nofollow\">Facebook</a>", "in_reply_to_status_id": null, "in_reply_to_status_id_str": null, "in_reply_to_user_id": null, "in_reply_to_user_id_str": null, "in_reply_to_screen_name": null, "user": {"id": 5959952, "id_str": "5959952", "name": "al judson", "screen_name": "alnparadise", "location": "", "description": "", "url": null, "entities": {"description": {"urls": []}}, "protected": false, "followers_count": 618, "friends_count": 2742, "listed_count": 6, "created_at": "Fri May 11 12:36:01 +0000 2007", "favourites_count": 673, "utc_offset": null, "time_zone": null, "geo_enabled": false, "verified": false, "statuses_count": 66145, "lang": null, "contributors_enabled": false, "is_translator": false, "is_translation_enabled": false, "profile_background_color": "9AE4E8", "profile_background_image_url": "http://abs.twimg.com/images/themes/theme1/bg.png", "profile_background_image_url_https": "https://abs.twimg.com/images/themes/theme1/bg.png", "profile_background_tile": false, "profile_image_url": "http://pbs.twimg.com/profile_images/29183132/upload_pix_014_normal.jpg", "profile_image_url_https": "https://pbs.twimg.com/profile_images/29183132/upload_pix_014_normal.jpg", "profile_link_color": "0000FF", "profile_sidebar_border_color": "87BC44", "profile_sidebar_fill_color": "E0FF92", "profile_text_color": "000000", "profile_use_background_image": true, "has_extended_profile": false, "default_profile": false, "default_profile_image": false, "following": false, "follow_request_sent": false, "notifications": false, "translator_type": "none", "withheld_in_countries": []}, "geo": null, "coordinates": null, "place": null, "contributors": null, "is_quote_status": false, "retweet_count": 0, "favorite_count": 0, "favorited": false, "retweeted": false, "possibly_sensitive": true, "lang": "en"}