{"created_at": "Fri Jul 29 22:11:08 +0000 2016", "id": 759149285287956480, "id_str": "759149285287956480", "text": "Mike Pence: \u201cAllowing Rape Victims To Have Abortions Will Lead To Women Trying To Get Raped\u201d https://t.co/lyQ3xnKrkT", "truncated": false, "entities": {"hashtags": [], "symbols": [], "user_mentions": [], "urls": [{"url": "https://t.co/lyQ3xnKrkT", "expanded_url": "http://fb.me/1h7Gy1lxK", "display_url": "fb.me/1h7Gy1lxK", "indices": [93, 116]}]}, "source": "<a href=\"http://www.facebook.com/twitter\" rel=\"nofollow\">Facebook</a>", "in_reply_to_status_id": null, "in_reply_to_status_id_str": null, "in_reply_to_user_id": null, "in_reply_to_user_id_str": null, "in_reply_to_screen_name": null, "user": {"id": 167176052, "id_str": "167176052", "name": "Susanne Alexander", "screen_name": "monasolsita", "location": "worldwide", "description": "", "url": null, "entities": {"description": {"urls": []}}, "protected": false, "followers_count": 123, "friends_count": 148, "listed_count": 4, "created_at": "Thu Jul 15 23:13:08 +0000 2010", "favourites_count": 76, "utc_offset": null, "time_zone": null, "geo_enabled": false, "verified": false, "statuses_count": 12336, "lang": null, "contributors_enabled": false, "is_translator": false, "is_translation_enabled": false, "profile_background_color": "000000", "profile_background_image_url": "http://abs.twimg.com/images/themes/theme5/bg.gif", "profile_background_image_url_https": "https://abs.twimg.com/images/themes/theme5/bg.gif", "profile_background_tile": false, "profile_image_url": "http://pbs.twimg.com/profile_images/1371880319008305157/OhtxLJqO_normal.jpg", "profile_image_url_https": "https://pbs.twimg.com/profile_images/1371880319008305157/OhtxLJqO_normal.jpg", "profile_banner_url": "https://pbs.twimg.com/profile_banners/167176052/1497101842", "profile_link_color": "ABB8C2", "profile_sidebar_border_color": "000000", "profile_sidebar_fill_color": "000000", "profile_text_color": "000000", "profile_use_background_image": false, "has_extended_profile": false, "default_profile": false, "default_profile_image": false, "following": false, "follow_request_sent": false, "notifications": false, "translator_type": "none", "withheld_in_countries": []}, "geo": null, "coordinates": null, "place": null, "contributors": null, "is_quote_status": false, "retweet_count": 0, "favorite_count": 0, "favorited": false, "retweeted": false, "possibly_sensitive": false, "lang": "en"}