{"created_at": "Sun Jul 31 12:41:11 +0000 2016", "id": 759730629734903808, "id_str": "759730629734903808", "text": "Mike Pence: \u201cAllowing Rape Victims To Have Abortions Will Lead To Women Trying To Get Raped\u201d https://t.co/I6L6FhUokI v\u00eda @TheNewslo", "truncated": false, "entities": {"hashtags": [], "symbols": [], "user_mentions": [{"screen_name": "TheNewslo", "name": "Newslo", "id": 393693452, "id_str": "393693452", "indices": [121, 131]}], "urls": [{"url": "https://t.co/I6L6FhUokI", "expanded_url": "http://politicops.com/mike-pence-allowing-rape-victims-abortions-will-lead-women-trying-get-raped/", "display_url": "politicops.com/mike-pence-all\u2026", "indices": [93, 116]}]}, "source": "<a href=\"http://twitter.com/download/android\" rel=\"nofollow\">Twitter for Android</a>", "in_reply_to_status_id": null, "in_reply_to_status_id_str": null, "in_reply_to_user_id": null, "in_reply_to_user_id_str": null, "in_reply_to_screen_name": null, "user": {"id": 214494530, "id_str": "214494530", "name": "Susa, la ma\u00f1a del infierno.\u264a\ud83d\udc3b\ud83c\udfae\ud83d\udcbb", "screen_name": "Freigruber93", "location": "Teruel, Reino de Arag\u00f3n", "description": "Si me dejas en paz, yo te dejar\u00e9 en paz, b\u00e1sicamente. No me vengas con mamonadas de que he de temer al mundo por ser mujer. #tattooed. Ma\u00f1a nacida en Valencia.", "url": null, "entities": {"description": {"urls": []}}, "protected": false, "followers_count": 201, "friends_count": 735, "listed_count": 8, "created_at": "Thu Nov 11 14:56:01 +0000 2010", "favourites_count": 433, "utc_offset": null, "time_zone": null, "geo_enabled": true, "verified": false, "statuses_count": 4208, "lang": null, "contributors_enabled": false, "is_translator": false, "is_translation_enabled": false, "profile_background_color": "4A282D", "profile_background_image_url": "http://abs.twimg.com/images/themes/theme15/bg.png", "profile_background_image_url_https": "https://abs.twimg.com/images/themes/theme15/bg.png", "profile_background_tile": true, "profile_image_url": "http://pbs.twimg.com/profile_images/1374151952007901187/IhGcDx2K_normal.jpg", "profile_image_url_https": "https://pbs.twimg.com/profile_images/1374151952007901187/IhGcDx2K_normal.jpg", "profile_banner_url": "https://pbs.twimg.com/profile_banners/214494530/1616458378", "profile_link_color": "E81C4F", "profile_sidebar_border_color": "D6C99E", "profile_sidebar_fill_color": "3B7787", "profile_text_color": "323A88", "profile_use_background_image": true, "has_extended_profile": true, "default_profile": false, "default_profile_image": false, "following": false, "follow_request_sent": false, "notifications": false, "translator_type": "none", "withheld_in_countries": []}, "geo": null, "coordinates": null, "place": {"id": "071a52d3a927a1b8", "url": "https://api.twitter.com/1.1/geo/id/071a52d3a927a1b8.json", "place_type": "city", "name": "Valencia", "full_name": "Valencia, Spain", "country_code": "ES", "country": "Spain", "contained_within": [], "bounding_box": {"type": "Polygon", "coordinates": [[[-0.4325447, 39.2783813], [-0.2725131, 39.2783813], [-0.2725131, 39.5665875], [-0.4325447, 39.5665875]]]}, "attributes": {}}, "contributors": null, "is_quote_status": false, "retweet_count": 0, "favorite_count": 0, "favorited": false, "retweeted": false, "possibly_sensitive": false, "lang": "en"}