{"created_at": "Wed Aug 03 00:37:16 +0000 2016", "id": 760635613259399168, "id_str": "760635613259399168", "text": "Mike Pence: \u201cAllowing Rape Victims To Have Abortions Will Lead To Women Trying To Get Raped\u201d https://t.co/upJc2cPmIN via @TheNewslo", "truncated": false, "entities": {"hashtags": [], "symbols": [], "user_mentions": [{"screen_name": "TheNewslo", "name": "Newslo", "id": 393693452, "id_str": "393693452", "indices": [121, 131]}], "urls": [{"url": "https://t.co/upJc2cPmIN", "expanded_url": "http://politicops.com/mike-pence-allowing-rape-victims-abortions-will-lead-women-trying-get-raped/", "display_url": "politicops.com/mike-pence-all\u2026", "indices": [93, 116]}]}, "source": "<a href=\"http://twitter.com\" rel=\"nofollow\">Twitter Web Client</a>", "in_reply_to_status_id": null, "in_reply_to_status_id_str": null, "in_reply_to_user_id": null, "in_reply_to_user_id_str": null, "in_reply_to_screen_name": null, "user": {"id": 40601473, "id_str": "40601473", "name": "Gina", "screen_name": "redhed67", "location": "Haunting the GOP's nightmares.", "description": "Progressive. Activist. Passionate and Bold. I *heart* PBO. Please follow back! If I don't follow back right away, hang in there! P.S. RWNJs will be blocked.", "url": null, "entities": {"description": {"urls": []}}, "protected": false, "followers_count": 12627, "friends_count": 12769, "listed_count": 341, "created_at": "Sun May 17 03:41:10 +0000 2009", "favourites_count": 94143, "utc_offset": null, "time_zone": null, "geo_enabled": true, "verified": false, "statuses_count": 395176, "lang": null, "contributors_enabled": false, "is_translator": false, "is_translation_enabled": false, "profile_background_color": "FFF04D", "profile_background_image_url": "http://abs.twimg.com/images/themes/theme19/bg.gif", "profile_background_image_url_https": "https://abs.twimg.com/images/themes/theme19/bg.gif", "profile_background_tile": false, "profile_image_url": "http://pbs.twimg.com/profile_images/988933406976303104/dhHLQ4Xa_normal.jpg", "profile_image_url_https": "https://pbs.twimg.com/profile_images/988933406976303104/dhHLQ4Xa_normal.jpg", "profile_banner_url": "https://pbs.twimg.com/profile_banners/40601473/1484970845", "profile_link_color": "0099CC", "profile_sidebar_border_color": "FFF8AD", "profile_sidebar_fill_color": "F6FFD1", "profile_text_color": "333333", "profile_use_background_image": true, "has_extended_profile": false, "default_profile": false, "default_profile_image": false, "following": false, "follow_request_sent": false, "notifications": false, "translator_type": "none", "withheld_in_countries": []}, "geo": null, "coordinates": null, "place": null, "contributors": null, "is_quote_status": false, "retweet_count": 2, "favorite_count": 5, "favorited": false, "retweeted": false, "possibly_sensitive": false, "lang": "en"}