{"created_at": "Wed Aug 03 14:44:44 +0000 2016", "id": 760848882536284161, "id_str": "760848882536284161", "text": "Mike Pence: \u201cAllowing Rape Victims To Have Abortions Will Lead To Women Trying To Get Raped\u201d https://t.co/BAtE6Xdv6v", "truncated": false, "entities": {"hashtags": [], "symbols": [], "user_mentions": [], "urls": [{"url": "https://t.co/BAtE6Xdv6v", "expanded_url": "http://fb.me/7dDltWaxl", "display_url": "fb.me/7dDltWaxl", "indices": [93, 116]}]}, "source": "<a href=\"http://www.facebook.com/twitter\" rel=\"nofollow\">Facebook</a>", "in_reply_to_status_id": null, "in_reply_to_status_id_str": null, "in_reply_to_user_id": null, "in_reply_to_user_id_str": null, "in_reply_to_screen_name": null, "user": {"id": 590392651, "id_str": "590392651", "name": "Eric Norton", "screen_name": "ericdn627", "location": "Daytona Beach, FL", "description": "Poet. Dreamer. Na\u00efve cynic. Eternal wannabe, perpetual has-been.  He/him/his.", "url": "https://t.co/lqlvrCavru", "entities": {"url": {"urls": [{"url": "https://t.co/lqlvrCavru", "expanded_url": "http://www.lulu.com/spotlight/ericdn627", "display_url": "lulu.com/spotlight/eric\u2026", "indices": [0, 23]}]}, "description": {"urls": []}}, "protected": false, "followers_count": 609, "friends_count": 947, "listed_count": 11, "created_at": "Fri May 25 22:59:55 +0000 2012", "favourites_count": 11794, "utc_offset": null, "time_zone": null, "geo_enabled": true, "verified": false, "statuses_count": 40975, "lang": null, "contributors_enabled": false, "is_translator": false, "is_translation_enabled": false, "profile_background_color": "C6E2EE", "profile_background_image_url": "http://abs.twimg.com/images/themes/theme2/bg.gif", "profile_background_image_url_https": "https://abs.twimg.com/images/themes/theme2/bg.gif", "profile_background_tile": false, "profile_image_url": "http://pbs.twimg.com/profile_images/1222321515464658944/f_2bjp5u_normal.jpg", "profile_image_url_https": "https://pbs.twimg.com/profile_images/1222321515464658944/f_2bjp5u_normal.jpg", "profile_banner_url": "https://pbs.twimg.com/profile_banners/590392651/1593614079", "profile_link_color": "1F98C7", "profile_sidebar_border_color": "C6E2EE", "profile_sidebar_fill_color": "DAECF4", "profile_text_color": "663B12", "profile_use_background_image": true, "has_extended_profile": true, "default_profile": false, "default_profile_image": false, "following": false, "follow_request_sent": false, "notifications": false, "translator_type": "none", "withheld_in_countries": []}, "geo": null, "coordinates": null, "place": null, "contributors": null, "is_quote_status": false, "retweet_count": 0, "favorite_count": 0, "favorited": false, "retweeted": false, "possibly_sensitive": false, "lang": "en"}