{"created_at": "Thu Aug 04 00:14:04 +0000 2016", "id": 760992162347638788, "id_str": "760992162347638788", "text": "Mike Pence: \u201cAllowing Rape Victims To Have Abortions Will Lead To Women Trying To Get Raped\u201d https://t.co/r8Uz2mTJSA", "truncated": false, "entities": {"hashtags": [], "symbols": [], "user_mentions": [], "urls": [{"url": "https://t.co/r8Uz2mTJSA", "expanded_url": "http://fb.me/7DoYYZxjQ", "display_url": "fb.me/7DoYYZxjQ", "indices": [93, 116]}]}, "source": "<a href=\"http://www.facebook.com/twitter\" rel=\"nofollow\">Facebook</a>", "in_reply_to_status_id": null, "in_reply_to_status_id_str": null, "in_reply_to_user_id": null, "in_reply_to_user_id_str": null, "in_reply_to_screen_name": null, "user": {"id": 436156651, "id_str": "436156651", "name": "Babble and Speak", "screen_name": "BabbleandSpeak", "location": "Sheffield and Nottingham", "description": "Learn a language at your pace, at your place (or via the web). We provide a wide range of foreign languages for home tuition, business tuition & kids' clubs.", "url": "http://t.co/1FTykixlLK", "entities": {"url": {"urls": [{"url": "http://t.co/1FTykixlLK", "expanded_url": "http://www.babbleandspeak.com/", "display_url": "babbleandspeak.com", "indices": [0, 22]}]}, "description": {"urls": []}}, "protected": false, "followers_count": 344, "friends_count": 370, "listed_count": 13, "created_at": "Tue Dec 13 21:21:01 +0000 2011", "favourites_count": 8, "utc_offset": null, "time_zone": null, "geo_enabled": false, "verified": false, "statuses_count": 3615, "lang": null, "contributors_enabled": false, "is_translator": false, "is_translation_enabled": false, "profile_background_color": "C0DEED", "profile_background_image_url": "http://abs.twimg.com/images/themes/theme1/bg.png", "profile_background_image_url_https": "https://abs.twimg.com/images/themes/theme1/bg.png", "profile_background_tile": true, "profile_image_url": "http://pbs.twimg.com/profile_images/1844230640/Me_looking_nice__normal.jpg", "profile_image_url_https": "https://pbs.twimg.com/profile_images/1844230640/Me_looking_nice__normal.jpg", "profile_link_color": "0084B4", "profile_sidebar_border_color": "C0DEED", "profile_sidebar_fill_color": "DDEEF6", "profile_text_color": "333333", "profile_use_background_image": true, "has_extended_profile": false, "default_profile": false, "default_profile_image": false, "following": false, "follow_request_sent": false, "notifications": false, "translator_type": "none", "withheld_in_countries": []}, "geo": null, "coordinates": null, "place": null, "contributors": null, "is_quote_status": false, "retweet_count": 0, "favorite_count": 0, "favorited": false, "retweeted": false, "possibly_sensitive": false, "lang": "en"}