{"created_at": "Fri Aug 05 05:57:43 +0000 2016", "id": 761441033523638272, "id_str": "761441033523638272", "text": "Mike Pence: \u201cAllowing Rape Victims To Have Abortions Will Lead To Women Trying To Get Raped\u201d https://t.co/SBEtgTz1oX", "truncated": false, "entities": {"hashtags": [], "symbols": [], "user_mentions": [], "urls": [{"url": "https://t.co/SBEtgTz1oX", "expanded_url": "http://fb.me/81OWq2P9l", "display_url": "fb.me/81OWq2P9l", "indices": [93, 116]}]}, "source": "<a href=\"http://www.facebook.com/twitter\" rel=\"nofollow\">Facebook</a>", "in_reply_to_status_id": null, "in_reply_to_status_id_str": null, "in_reply_to_user_id": null, "in_reply_to_user_id_str": null, "in_reply_to_screen_name": null, "user": {"id": 96933351, "id_str": "96933351", "name": "Howard Levy", "screen_name": "howardlevy", "location": "Chicago, IL", "description": "New audiobook & recordings out now! 2X Grammy Award-winning \u2022 4X Grammy Nominated Composer \u2022 Harmonicist \u2022 Pianist", "url": "https://t.co/ol8bjA4V9u", "entities": {"url": {"urls": [{"url": "https://t.co/ol8bjA4V9u", "expanded_url": "http://www.levyland.com", "display_url": "levyland.com", "indices": [0, 23]}]}, "description": {"urls": []}}, "protected": false, "followers_count": 2425, "friends_count": 1430, "listed_count": 72, "created_at": "Tue Dec 15 07:18:03 +0000 2009", "favourites_count": 10, "utc_offset": null, "time_zone": null, "geo_enabled": true, "verified": false, "statuses_count": 2294, "lang": null, "contributors_enabled": false, "is_translator": false, "is_translation_enabled": false, "profile_background_color": "022330", "profile_background_image_url": "http://abs.twimg.com/images/themes/theme15/bg.png", "profile_background_image_url_https": "https://abs.twimg.com/images/themes/theme15/bg.png", "profile_background_tile": false, "profile_image_url": "http://pbs.twimg.com/profile_images/1304557187755278339/37TSkYg1_normal.jpg", "profile_image_url_https": "https://pbs.twimg.com/profile_images/1304557187755278339/37TSkYg1_normal.jpg", "profile_banner_url": "https://pbs.twimg.com/profile_banners/96933351/1609188532", "profile_link_color": "0084B4", "profile_sidebar_border_color": "A8C7F7", "profile_sidebar_fill_color": "C0DFEC", "profile_text_color": "333333", "profile_use_background_image": true, "has_extended_profile": false, "default_profile": false, "default_profile_image": false, "following": false, "follow_request_sent": false, "notifications": false, "translator_type": "none", "withheld_in_countries": []}, "geo": null, "coordinates": null, "place": null, "contributors": null, "is_quote_status": false, "retweet_count": 0, "favorite_count": 0, "favorited": false, "retweeted": false, "possibly_sensitive": false, "lang": "en"}