{"created_at": "Sat Aug 06 08:05:24 +0000 2016", "id": 761835550995312640, "id_str": "761835550995312640", "text": "Mike Pence: \u201cAllowing Rape Victims To Have Abortions Will Lead To Women Trying To Get Raped\u201d https://t.co/oAD77zQpID", "truncated": false, "entities": {"hashtags": [], "symbols": [], "user_mentions": [], "urls": [{"url": "https://t.co/oAD77zQpID", "expanded_url": "http://fb.me/1bnvAJl1W", "display_url": "fb.me/1bnvAJl1W", "indices": [93, 116]}]}, "source": "<a href=\"http://www.facebook.com/twitter\" rel=\"nofollow\">Facebook</a>", "in_reply_to_status_id": null, "in_reply_to_status_id_str": null, "in_reply_to_user_id": null, "in_reply_to_user_id_str": null, "in_reply_to_screen_name": null, "user": {"id": 199317006, "id_str": "199317006", "name": "George W. Manus, Jr.", "screen_name": "OutFrontExec", "location": "Murfreesboro, TN", "description": "President/CEO, Out Front on Main, Inc.\u00ae , Broadway World \u00ae Best Actor and Best Director 2012-2015 #UniteBlue FB: https://t.co/7nd1o653GQ", "url": "https://t.co/NmDPmFunsI", "entities": {"url": {"urls": [{"url": "https://t.co/NmDPmFunsI", "expanded_url": "https://www.facebook.com/outfrontonmain", "display_url": "facebook.com/outfrontonmain", "indices": [0, 23]}]}, "description": {"urls": [{"url": "https://t.co/7nd1o653GQ", "expanded_url": "https://www.facebook.com/OutFrontExec", "display_url": "facebook.com/OutFrontExec", "indices": [113, 136]}]}}, "protected": false, "followers_count": 100296, "friends_count": 173993, "listed_count": 344, "created_at": "Wed Oct 06 15:22:22 +0000 2010", "favourites_count": 11374, "utc_offset": null, "time_zone": null, "geo_enabled": true, "verified": false, "statuses_count": 66276, "lang": null, "contributors_enabled": false, "is_translator": false, "is_translation_enabled": false, "profile_background_color": "1A1B1F", "profile_background_image_url": "http://abs.twimg.com/images/themes/theme9/bg.gif", "profile_background_image_url_https": "https://abs.twimg.com/images/themes/theme9/bg.gif", "profile_background_tile": true, "profile_image_url": "http://pbs.twimg.com/profile_images/992460545751224320/F-WANRnD_normal.jpg", "profile_image_url_https": "https://pbs.twimg.com/profile_images/992460545751224320/F-WANRnD_normal.jpg", "profile_banner_url": "https://pbs.twimg.com/profile_banners/199317006/1525455960", "profile_link_color": "2FC2EF", "profile_sidebar_border_color": "FFFFFF", "profile_sidebar_fill_color": "252429", "profile_text_color": "666666", "profile_use_background_image": true, "has_extended_profile": true, "default_profile": false, "default_profile_image": false, "following": false, "follow_request_sent": false, "notifications": false, "translator_type": "none", "withheld_in_countries": []}, "geo": null, "coordinates": null, "place": null, "contributors": null, "is_quote_status": false, "retweet_count": 0, "favorite_count": 0, "favorited": false, "retweeted": false, "possibly_sensitive": false, "lang": "en"}