{"created_at": "Sat Aug 06 12:21:19 +0000 2016", "id": 761899956118495233, "id_str": "761899956118495233", "text": "Mike Pence: \u201cAllowing Rape Victims To Have Abortions Will Lead To Women Trying To Get Raped\u201d https://t.co/MRa5o2Rrzr via @TheNewslo", "truncated": false, "entities": {"hashtags": [], "symbols": [], "user_mentions": [{"screen_name": "TheNewslo", "name": "Newslo", "id": 393693452, "id_str": "393693452", "indices": [121, 131]}], "urls": [{"url": "https://t.co/MRa5o2Rrzr", "expanded_url": "http://politicops.com/mike-pence-allowing-rape-victims-abortions-will-lead-women-trying-get-raped/", "display_url": "politicops.com/mike-pence-all\u2026", "indices": [93, 116]}]}, "source": "<a href=\"http://twitter.com\" rel=\"nofollow\">Twitter Web Client</a>", "in_reply_to_status_id": null, "in_reply_to_status_id_str": null, "in_reply_to_user_id": null, "in_reply_to_user_id_str": null, "in_reply_to_screen_name": null, "user": {"id": 130936537, "id_str": "130936537", "name": "bluegeorgia", "screen_name": "shadtree", "location": "Georgia", "description": "No to Theocracy and right wing agenda for the US. All Trumpsters will be blocked, I have had enough bull from Trumpland.", "url": null, "entities": {"description": {"urls": []}}, "protected": false, "followers_count": 878, "friends_count": 2100, "listed_count": 35, "created_at": "Thu Apr 08 19:52:35 +0000 2010", "favourites_count": 13244, "utc_offset": null, "time_zone": null, "geo_enabled": true, "verified": false, "statuses_count": 34136, "lang": null, "contributors_enabled": false, "is_translator": false, "is_translation_enabled": false, "profile_background_color": "000000", "profile_background_image_url": "http://abs.twimg.com/images/themes/theme5/bg.gif", "profile_background_image_url_https": "https://abs.twimg.com/images/themes/theme5/bg.gif", "profile_background_tile": false, "profile_image_url": "http://pbs.twimg.com/profile_images/1222958831023554560/Q3L_wNLe_normal.jpg", "profile_image_url_https": "https://pbs.twimg.com/profile_images/1222958831023554560/Q3L_wNLe_normal.jpg", "profile_banner_url": "https://pbs.twimg.com/profile_banners/130936537/1367523520", "profile_link_color": "1B95E0", "profile_sidebar_border_color": "000000", "profile_sidebar_fill_color": "000000", "profile_text_color": "000000", "profile_use_background_image": false, "has_extended_profile": false, "default_profile": false, "default_profile_image": false, "following": false, "follow_request_sent": false, "notifications": false, "translator_type": "none", "withheld_in_countries": []}, "geo": null, "coordinates": null, "place": null, "contributors": null, "is_quote_status": false, "retweet_count": 0, "favorite_count": 0, "favorited": false, "retweeted": false, "possibly_sensitive": false, "lang": "en"}