{"created_at": "Sat Aug 06 05:59:47 +0000 2016", "id": 761803941478821888, "id_str": "761803941478821888", "text": "Mike Pence: \u201cAllowing Rape Victims To Have Abortions Will Lead To Women Trying To Get Raped\u201d https://t.co/2hlamEwO7w via @TheNewslo", "truncated": false, "entities": {"hashtags": [], "symbols": [], "user_mentions": [{"screen_name": "TheNewslo", "name": "Newslo", "id": 393693452, "id_str": "393693452", "indices": [121, 131]}], "urls": [{"url": "https://t.co/2hlamEwO7w", "expanded_url": "http://ln.is/politicops.com/7Ltvr", "display_url": "ln.is/politicops.com\u2026", "indices": [93, 116]}]}, "source": "<a href=\"http://linkis.com\" rel=\"nofollow\">Linkis: turn sharing into growth</a>", "in_reply_to_status_id": null, "in_reply_to_status_id_str": null, "in_reply_to_user_id": null, "in_reply_to_user_id_str": null, "in_reply_to_screen_name": null, "user": {"id": 21004302, "id_str": "21004302", "name": "Victoria", "screen_name": "vjc411", "location": "Anchorage, Alaska", "description": "", "url": null, "entities": {"description": {"urls": []}}, "protected": false, "followers_count": 1014, "friends_count": 2943, "listed_count": 40, "created_at": "Mon Feb 16 17:19:41 +0000 2009", "favourites_count": 48808, "utc_offset": null, "time_zone": null, "geo_enabled": true, "verified": false, "statuses_count": 60881, "lang": null, "contributors_enabled": false, "is_translator": false, "is_translation_enabled": false, "profile_background_color": "000000", "profile_background_image_url": "http://abs.twimg.com/images/themes/theme5/bg.gif", "profile_background_image_url_https": "https://abs.twimg.com/images/themes/theme5/bg.gif", "profile_background_tile": false, "profile_image_url": "http://pbs.twimg.com/profile_images/1292711389463601158/cvy0iTO7_normal.jpg", "profile_image_url_https": "https://pbs.twimg.com/profile_images/1292711389463601158/cvy0iTO7_normal.jpg", "profile_banner_url": "https://pbs.twimg.com/profile_banners/21004302/1597041388", "profile_link_color": "E81C4F", "profile_sidebar_border_color": "000000", "profile_sidebar_fill_color": "000000", "profile_text_color": "000000", "profile_use_background_image": false, "has_extended_profile": false, "default_profile": false, "default_profile_image": false, "following": false, "follow_request_sent": false, "notifications": false, "translator_type": "none", "withheld_in_countries": []}, "geo": null, "coordinates": null, "place": null, "contributors": null, "is_quote_status": false, "retweet_count": 0, "favorite_count": 0, "favorited": false, "retweeted": false, "possibly_sensitive": false, "lang": "en"}