{"created_at": "Sat Aug 06 17:21:00 +0000 2016", "id": 761975375442223104, "id_str": "761975375442223104", "text": "Mike Pence: \u201cAllowing Rape Victims To Have Abortions Will Lead To Women Trying To Get Raped\u201d https://t.co/8NxZsB6eoc", "truncated": false, "entities": {"hashtags": [], "symbols": [], "user_mentions": [], "urls": [{"url": "https://t.co/8NxZsB6eoc", "expanded_url": "http://fb.me/HxywYZXj", "display_url": "fb.me/HxywYZXj", "indices": [93, 116]}]}, "source": "<a href=\"http://www.facebook.com/twitter\" rel=\"nofollow\">Facebook</a>", "in_reply_to_status_id": null, "in_reply_to_status_id_str": null, "in_reply_to_user_id": null, "in_reply_to_user_id_str": null, "in_reply_to_screen_name": null, "user": {"id": 39124544, "id_str": "39124544", "name": "John Wanoa", "screen_name": "tidalelectric", "location": "Auckland City 1010 New Zealand", "description": "Fundamental Business Management Plan Networks for Gold Bullion Backed Liquid Hydrogen Fuel Tidal Energy  Co Op Cyber Ownership Shares strategies inquiries here", "url": "http://t.co/ct3byMqOww", "entities": {"url": {"urls": [{"url": "http://t.co/ct3byMqOww", "expanded_url": "http://www.moaipowerhouse.com", "display_url": "moaipowerhouse.com", "indices": [0, 22]}]}, "description": {"urls": []}}, "protected": false, "followers_count": 2393, "friends_count": 3137, "listed_count": 41, "created_at": "Sun May 10 22:25:57 +0000 2009", "favourites_count": 57, "utc_offset": null, "time_zone": null, "geo_enabled": true, "verified": false, "statuses_count": 88988, "lang": null, "contributors_enabled": false, "is_translator": false, "is_translation_enabled": false, "profile_background_color": "B2DFDA", "profile_background_image_url": "http://abs.twimg.com/images/themes/theme13/bg.gif", "profile_background_image_url_https": "https://abs.twimg.com/images/themes/theme13/bg.gif", "profile_background_tile": false, "profile_image_url": "http://pbs.twimg.com/profile_images/2332135438/m1tpl35q7xe8wvtwyqh3_normal.jpeg", "profile_image_url_https": "https://pbs.twimg.com/profile_images/2332135438/m1tpl35q7xe8wvtwyqh3_normal.jpeg", "profile_banner_url": "https://pbs.twimg.com/profile_banners/39124544/1413925581", "profile_link_color": "93A644", "profile_sidebar_border_color": "EEEEEE", "profile_sidebar_fill_color": "FFFFFF", "profile_text_color": "333333", "profile_use_background_image": true, "has_extended_profile": false, "default_profile": false, "default_profile_image": false, "following": false, "follow_request_sent": false, "notifications": false, "translator_type": "none", "withheld_in_countries": []}, "geo": null, "coordinates": null, "place": null, "contributors": null, "is_quote_status": false, "retweet_count": 0, "favorite_count": 0, "favorited": false, "retweeted": false, "possibly_sensitive": false, "lang": "en"}