{"created_at": "Sat Aug 06 15:38:38 +0000 2016", "id": 761949610562772992, "id_str": "761949610562772992", "text": "Mike Pence: \u201cAllowing Rape Victims To Have Abortions Will Lead To Women Trying To Get Raped\u201d https://t.co/n3VWcHAPfc", "truncated": false, "entities": {"hashtags": [], "symbols": [], "user_mentions": [], "urls": [{"url": "https://t.co/n3VWcHAPfc", "expanded_url": "http://fb.me/7sLaPFKoo", "display_url": "fb.me/7sLaPFKoo", "indices": [93, 116]}]}, "source": "<a href=\"http://www.facebook.com/twitter\" rel=\"nofollow\">Facebook</a>", "in_reply_to_status_id": null, "in_reply_to_status_id_str": null, "in_reply_to_user_id": null, "in_reply_to_user_id_str": null, "in_reply_to_screen_name": null, "user": {"id": 59055748, "id_str": "59055748", "name": "Michel CAO VINH PHUC", "screen_name": "mkvf69", "location": "Sarcelles, France", "description": "Normally, I'm a pleasant, smart & healthy man. I like High Tech Stuffs or Good Survival Ways. I Mostly like The Mathematical Sciences", "url": "https://t.co/jMeap4dr80", "entities": {"url": {"urls": [{"url": "https://t.co/jMeap4dr80", "expanded_url": "http://www.facebook.com/kvf28", "display_url": "facebook.com/kvf28", "indices": [0, 23]}]}, "description": {"urls": []}}, "protected": false, "followers_count": 236, "friends_count": 993, "listed_count": 22, "created_at": "Wed Jul 22 06:22:38 +0000 2009", "favourites_count": 975, "utc_offset": null, "time_zone": null, "geo_enabled": true, "verified": false, "statuses_count": 60934, "lang": null, "contributors_enabled": false, "is_translator": false, "is_translation_enabled": false, "profile_background_color": "131516", "profile_background_image_url": "http://abs.twimg.com/images/themes/theme10/bg.gif", "profile_background_image_url_https": "https://abs.twimg.com/images/themes/theme10/bg.gif", "profile_background_tile": true, "profile_image_url": "http://pbs.twimg.com/profile_images/1264435225880399872/2O_lCx_1_normal.jpg", "profile_image_url_https": "https://pbs.twimg.com/profile_images/1264435225880399872/2O_lCx_1_normal.jpg", "profile_banner_url": "https://pbs.twimg.com/profile_banners/59055748/1409581498", "profile_link_color": "0000DC", "profile_sidebar_border_color": "000000", "profile_sidebar_fill_color": "DDDDDD", "profile_text_color": "3D1957", "profile_use_background_image": true, "has_extended_profile": true, "default_profile": false, "default_profile_image": false, "following": false, "follow_request_sent": false, "notifications": false, "translator_type": "none", "withheld_in_countries": []}, "geo": null, "coordinates": null, "place": null, "contributors": null, "is_quote_status": false, "retweet_count": 0, "favorite_count": 0, "favorited": false, "retweeted": false, "possibly_sensitive": false, "lang": "en"}