{"created_at": "Sat Aug 06 16:39:00 +0000 2016", "id": 761964805154545664, "id_str": "761964805154545664", "text": "Mike Pence: \u201cAllowing Rape Victims To Have Abortions Will Lead To Women Trying To Get Raped\u201d https://t.co/bCnUTdwTWk", "truncated": false, "entities": {"hashtags": [], "symbols": [], "user_mentions": [], "urls": [{"url": "https://t.co/bCnUTdwTWk", "expanded_url": "http://fb.me/7wF9xfqjO", "display_url": "fb.me/7wF9xfqjO", "indices": [93, 116]}]}, "source": "<a href=\"http://www.facebook.com/twitter\" rel=\"nofollow\">Facebook</a>", "in_reply_to_status_id": null, "in_reply_to_status_id_str": null, "in_reply_to_user_id": null, "in_reply_to_user_id_str": null, "in_reply_to_screen_name": null, "user": {"id": 1262257328, "id_str": "1262257328", "name": "Rep. Bobbie Richardson", "screen_name": "bobbie4nc", "location": "Louisburg, NC", "description": "NC House Representative for District 7 (Franklin & Nash Counties) since 2013, Graduate of UNC-Chapel Hill & NCCU, Mother & Grandmother", "url": "https://t.co/eEQ55bx8hy", "entities": {"url": {"urls": [{"url": "https://t.co/eEQ55bx8hy", "expanded_url": "http://www.bobbie4nc.com", "display_url": "bobbie4nc.com", "indices": [0, 23]}]}, "description": {"urls": []}}, "protected": false, "followers_count": 1546, "friends_count": 544, "listed_count": 47, "created_at": "Tue Mar 12 15:39:16 +0000 2013", "favourites_count": 364, "utc_offset": null, "time_zone": null, "geo_enabled": true, "verified": false, "statuses_count": 15465, "lang": null, "contributors_enabled": false, "is_translator": false, "is_translation_enabled": false, "profile_background_color": "C0DEED", "profile_background_image_url": "http://abs.twimg.com/images/themes/theme1/bg.png", "profile_background_image_url_https": "https://abs.twimg.com/images/themes/theme1/bg.png", "profile_background_tile": true, "profile_image_url": "http://pbs.twimg.com/profile_images/378800000120766786/f59a56a7aa08ad1b2b5bb398c07f2903_normal.jpeg", "profile_image_url_https": "https://pbs.twimg.com/profile_images/378800000120766786/f59a56a7aa08ad1b2b5bb398c07f2903_normal.jpeg", "profile_banner_url": "https://pbs.twimg.com/profile_banners/1262257328/1532881363", "profile_link_color": "0084B4", "profile_sidebar_border_color": "FFFFFF", "profile_sidebar_fill_color": "DDEEF6", "profile_text_color": "333333", "profile_use_background_image": true, "has_extended_profile": false, "default_profile": false, "default_profile_image": false, "following": false, "follow_request_sent": false, "notifications": false, "translator_type": "none", "withheld_in_countries": []}, "geo": null, "coordinates": null, "place": null, "contributors": null, "is_quote_status": false, "retweet_count": 0, "favorite_count": 0, "favorited": false, "retweeted": false, "possibly_sensitive": false, "lang": "en"}