{"created_at": "Sat Aug 06 20:49:32 +0000 2016", "id": 762027851835211776, "id_str": "762027851835211776", "text": "Mike Pence: \u201cAllowing Rape Victims To Have Abortions Will Lead To Women Trying To Get Raped\u201d https://t.co/859oIu0PjM   WTF???", "truncated": false, "entities": {"hashtags": [], "symbols": [], "user_mentions": [], "urls": [{"url": "https://t.co/859oIu0PjM", "expanded_url": "http://politicops.com/mike-pence-allowing-rape-victims-abortions-will-lead-women-trying-get-raped/", "display_url": "politicops.com/mike-pence-all\u2026", "indices": [93, 116]}]}, "source": "<a href=\"http://twitter.com\" rel=\"nofollow\">Twitter Web Client</a>", "in_reply_to_status_id": null, "in_reply_to_status_id_str": null, "in_reply_to_user_id": null, "in_reply_to_user_id_str": null, "in_reply_to_screen_name": null, "user": {"id": 37435889, "id_str": "37435889", "name": "Larry Mason", "screen_name": "larrymasonbiz", "location": "Kansas City, MO", "description": "Magician, mentalist, author, political junkie, vegan. Together we can save the world. I think, therefore, I'm progressive. #NotMeUs", "url": null, "entities": {"description": {"urls": []}}, "protected": false, "followers_count": 19389, "friends_count": 17908, "listed_count": 326, "created_at": "Sun May 03 15:30:02 +0000 2009", "favourites_count": 126050, "utc_offset": null, "time_zone": null, "geo_enabled": false, "verified": false, "statuses_count": 150442, "lang": null, "contributors_enabled": false, "is_translator": false, "is_translation_enabled": false, "profile_background_color": "4341B5", "profile_background_image_url": "http://abs.twimg.com/images/themes/theme4/bg.gif", "profile_background_image_url_https": "https://abs.twimg.com/images/themes/theme4/bg.gif", "profile_background_tile": false, "profile_image_url": "http://pbs.twimg.com/profile_images/194422450/logo_normal.jpg", "profile_image_url_https": "https://pbs.twimg.com/profile_images/194422450/logo_normal.jpg", "profile_banner_url": "https://pbs.twimg.com/profile_banners/37435889/1398344473", "profile_link_color": "0913DE", "profile_sidebar_border_color": "FFFFFF", "profile_sidebar_fill_color": "C9D4D4", "profile_text_color": "3C3940", "profile_use_background_image": true, "has_extended_profile": false, "default_profile": false, "default_profile_image": false, "following": false, "follow_request_sent": false, "notifications": false, "translator_type": "none", "withheld_in_countries": []}, "geo": null, "coordinates": null, "place": null, "contributors": null, "is_quote_status": false, "retweet_count": 0, "favorite_count": 0, "favorited": false, "retweeted": false, "possibly_sensitive": false, "lang": "en"}