{"created_at": "Sun Aug 07 13:40:05 +0000 2016", "id": 762282164008411136, "id_str": "762282164008411136", "text": "Mike Pence: \u201cAllowing Rape Victims To Have Abortions Will Lead To Women Trying To Get Raped\u201d https://t.co/7U0bbkqZnp", "truncated": false, "entities": {"hashtags": [], "symbols": [], "user_mentions": [], "urls": [{"url": "https://t.co/7U0bbkqZnp", "expanded_url": "http://fb.me/5tMvtnyEU", "display_url": "fb.me/5tMvtnyEU", "indices": [93, 116]}]}, "source": "<a href=\"http://www.facebook.com/twitter\" rel=\"nofollow\">Facebook</a>", "in_reply_to_status_id": null, "in_reply_to_status_id_str": null, "in_reply_to_user_id": null, "in_reply_to_user_id_str": null, "in_reply_to_screen_name": null, "user": {"id": 715364514, "id_str": "715364514", "name": "Willie Deadwyler", "screen_name": "WDeadwyler", "location": "Montgomery Village, MD", "description": "", "url": null, "entities": {"description": {"urls": []}}, "protected": false, "followers_count": 346, "friends_count": 2794, "listed_count": 4, "created_at": "Wed Jul 25 03:04:00 +0000 2012", "favourites_count": 24406, "utc_offset": null, "time_zone": null, "geo_enabled": true, "verified": false, "statuses_count": 50600, "lang": null, "contributors_enabled": false, "is_translator": false, "is_translation_enabled": false, "profile_background_color": "C6E2EE", "profile_background_image_url": "http://abs.twimg.com/images/themes/theme2/bg.gif", "profile_background_image_url_https": "https://abs.twimg.com/images/themes/theme2/bg.gif", "profile_background_tile": false, "profile_image_url": "http://pbs.twimg.com/profile_images/2430659409/46b0jmpnlkpy918zpdz6_normal.jpeg", "profile_image_url_https": "https://pbs.twimg.com/profile_images/2430659409/46b0jmpnlkpy918zpdz6_normal.jpeg", "profile_link_color": "1F98C7", "profile_sidebar_border_color": "C6E2EE", "profile_sidebar_fill_color": "DAECF4", "profile_text_color": "663B12", "profile_use_background_image": true, "has_extended_profile": true, "default_profile": false, "default_profile_image": false, "following": false, "follow_request_sent": false, "notifications": false, "translator_type": "none", "withheld_in_countries": []}, "geo": null, "coordinates": null, "place": null, "contributors": null, "is_quote_status": false, "retweet_count": 0, "favorite_count": 0, "favorited": false, "retweeted": false, "possibly_sensitive": false, "lang": "en"}