{"created_at": "Sun Aug 07 21:42:41 +0000 2016", "id": 762403617051516928, "id_str": "762403617051516928", "text": "Mike Pence: \u201cAllowing Rape Victims To Have Abortions Will Lead To Women Trying To Get Raped\u201d - Newslo \nhttps://t.co/8Q4tAJPcRu", "truncated": false, "entities": {"hashtags": [], "symbols": [], "user_mentions": [], "urls": [{"url": "https://t.co/8Q4tAJPcRu", "expanded_url": "http://politicops.com/mike-pence-allowing-rape-victims-abortions-will-lead-women-trying-get-raped/", "display_url": "politicops.com/mike-pence-all\u2026", "indices": [103, 126]}]}, "source": "<a href=\"http://twitter.com\" rel=\"nofollow\">Twitter Web Client</a>", "in_reply_to_status_id": null, "in_reply_to_status_id_str": null, "in_reply_to_user_id": null, "in_reply_to_user_id_str": null, "in_reply_to_screen_name": null, "user": {"id": 2951838032, "id_str": "2951838032", "name": "Phra Nuntiyo", "screen_name": "PhraNuntiyo", "location": "Selleck Washington, USA", "description": "Fully ordained Buddhist monk in the Thai forest tradition, Sufi initiate and mystic anarcho-pacifist. I practice 'the heretical Zen of silent illumination'.", "url": "https://t.co/QraZKEKPxU", "entities": {"url": {"urls": [{"url": "https://t.co/QraZKEKPxU", "expanded_url": "http://liberationuponseeing.yolasite.com/", "display_url": "liberationuponseeing.yolasite.com", "indices": [0, 23]}]}, "description": {"urls": []}}, "protected": false, "followers_count": 1057, "friends_count": 1895, "listed_count": 20, "created_at": "Tue Dec 30 10:22:44 +0000 2014", "favourites_count": 7124, "utc_offset": null, "time_zone": null, "geo_enabled": false, "verified": false, "statuses_count": 18322, "lang": null, "contributors_enabled": false, "is_translator": false, "is_translation_enabled": false, "profile_background_color": "000000", "profile_background_image_url": "http://abs.twimg.com/images/themes/theme1/bg.png", "profile_background_image_url_https": "https://abs.twimg.com/images/themes/theme1/bg.png", "profile_background_tile": false, "profile_image_url": "http://pbs.twimg.com/profile_images/844316575205273600/JFkca48V_normal.jpg", "profile_image_url_https": "https://pbs.twimg.com/profile_images/844316575205273600/JFkca48V_normal.jpg", "profile_banner_url": "https://pbs.twimg.com/profile_banners/2951838032/1490134884", "profile_link_color": "ABB8C2", "profile_sidebar_border_color": "000000", "profile_sidebar_fill_color": "000000", "profile_text_color": "000000", "profile_use_background_image": false, "has_extended_profile": true, "default_profile": false, "default_profile_image": false, "following": false, "follow_request_sent": false, "notifications": false, "translator_type": "none", "withheld_in_countries": []}, "geo": null, "coordinates": null, "place": null, "contributors": null, "is_quote_status": false, "retweet_count": 0, "favorite_count": 0, "favorited": false, "retweeted": false, "possibly_sensitive": false, "lang": "en"}