{"created_at": "Mon Aug 08 20:52:12 +0000 2016", "id": 762753301473472517, "id_str": "762753301473472517", "text": "Mike Pence: \u201cAllowing Rape Victims To Have Abortions Will Lead To Women Trying To Get Raped\u201d https://t.co/eBTAyhPYFn via @TheNewslo", "truncated": false, "entities": {"hashtags": [], "symbols": [], "user_mentions": [{"screen_name": "TheNewslo", "name": "Newslo", "id": 393693452, "id_str": "393693452", "indices": [121, 131]}], "urls": [{"url": "https://t.co/eBTAyhPYFn", "expanded_url": "http://politicops.com/mike-pence-allowing-rape-victims-abortions-will-lead-women-trying-get-raped/", "display_url": "politicops.com/mike-pence-all\u2026", "indices": [93, 116]}]}, "source": "<a href=\"http://twitter.com\" rel=\"nofollow\">Twitter Web Client</a>", "in_reply_to_status_id": null, "in_reply_to_status_id_str": null, "in_reply_to_user_id": null, "in_reply_to_user_id_str": null, "in_reply_to_screen_name": null, "user": {"id": 468365388, "id_str": "468365388", "name": "Gradie", "screen_name": "gradie98", "location": "cleveland,ohio", "description": "fight for what is right", "url": null, "entities": {"description": {"urls": []}}, "protected": false, "followers_count": 319, "friends_count": 1920, "listed_count": 16, "created_at": "Thu Jan 19 13:20:30 +0000 2012", "favourites_count": 606, "utc_offset": null, "time_zone": null, "geo_enabled": true, "verified": false, "statuses_count": 98139, "lang": null, "contributors_enabled": false, "is_translator": false, "is_translation_enabled": false, "profile_background_color": "C0DEED", "profile_background_image_url": "http://abs.twimg.com/images/themes/theme1/bg.png", "profile_background_image_url_https": "https://abs.twimg.com/images/themes/theme1/bg.png", "profile_background_tile": false, "profile_image_url": "http://pbs.twimg.com/profile_images/3539510987/6eaf449495ef41cc03250ad07ec60a66_normal.jpeg", "profile_image_url_https": "https://pbs.twimg.com/profile_images/3539510987/6eaf449495ef41cc03250ad07ec60a66_normal.jpeg", "profile_link_color": "1DA1F2", "profile_sidebar_border_color": "C0DEED", "profile_sidebar_fill_color": "DDEEF6", "profile_text_color": "333333", "profile_use_background_image": true, "has_extended_profile": false, "default_profile": true, "default_profile_image": false, "following": false, "follow_request_sent": false, "notifications": false, "translator_type": "none", "withheld_in_countries": []}, "geo": null, "coordinates": null, "place": null, "contributors": null, "is_quote_status": false, "retweet_count": 0, "favorite_count": 0, "favorited": false, "retweeted": false, "possibly_sensitive": true, "lang": "en"}