{"created_at": "Mon Aug 08 21:06:08 +0000 2016", "id": 762756804749111296, "id_str": "762756804749111296", "text": "Mike Pence: \u201cAllowing Rape Victims To Have Abortions Will Lead To Women Trying To Get Raped\u201d https://t.co/QkNE8FDi7A", "truncated": false, "entities": {"hashtags": [], "symbols": [], "user_mentions": [], "urls": [{"url": "https://t.co/QkNE8FDi7A", "expanded_url": "http://fb.me/59j6oPKFF", "display_url": "fb.me/59j6oPKFF", "indices": [93, 116]}]}, "source": "<a href=\"http://www.facebook.com/twitter\" rel=\"nofollow\">Facebook</a>", "in_reply_to_status_id": null, "in_reply_to_status_id_str": null, "in_reply_to_user_id": null, "in_reply_to_user_id_str": null, "in_reply_to_screen_name": null, "user": {"id": 129307090, "id_str": "129307090", "name": "Chuck Isner", "screen_name": "chuckisner", "location": "Odessa, TX", "description": "73 yrs old, Teacher, liberal dem, married to Connie 38 yrs, father of 4, gdfthr of 9, gt gdfthr of 10, advocate 4 teachers & students,", "url": null, "entities": {"description": {"urls": []}}, "protected": false, "followers_count": 86, "friends_count": 131, "listed_count": 20, "created_at": "Sat Apr 03 21:42:58 +0000 2010", "favourites_count": 8, "utc_offset": null, "time_zone": null, "geo_enabled": true, "verified": false, "statuses_count": 13357, "lang": null, "contributors_enabled": false, "is_translator": false, "is_translation_enabled": false, "profile_background_color": "C0DEED", "profile_background_image_url": "http://abs.twimg.com/images/themes/theme1/bg.png", "profile_background_image_url_https": "https://abs.twimg.com/images/themes/theme1/bg.png", "profile_background_tile": false, "profile_image_url": "http://pbs.twimg.com/profile_images/1779932492/10378708_N06_normal.jpg", "profile_image_url_https": "https://pbs.twimg.com/profile_images/1779932492/10378708_N06_normal.jpg", "profile_link_color": "1DA1F2", "profile_sidebar_border_color": "C0DEED", "profile_sidebar_fill_color": "DDEEF6", "profile_text_color": "333333", "profile_use_background_image": true, "has_extended_profile": false, "default_profile": true, "default_profile_image": false, "following": false, "follow_request_sent": false, "notifications": false, "translator_type": "none", "withheld_in_countries": []}, "geo": null, "coordinates": null, "place": null, "contributors": null, "is_quote_status": false, "retweet_count": 0, "favorite_count": 0, "favorited": false, "retweeted": false, "possibly_sensitive": false, "lang": "en"}