{"created_at": "Mon Aug 08 20:30:51 +0000 2016", "id": 762747926334480384, "id_str": "762747926334480384", "text": "Mike Pence: \u201cAllowing Rape Victims To Have Abortions Will Lead To Women Trying To Get Raped\u201d https://t.co/ofpYHHnbnE", "truncated": false, "entities": {"hashtags": [], "symbols": [], "user_mentions": [], "urls": [{"url": "https://t.co/ofpYHHnbnE", "expanded_url": "http://fb.me/4MiECZ994", "display_url": "fb.me/4MiECZ994", "indices": [93, 116]}]}, "source": "<a href=\"http://www.facebook.com/twitter\" rel=\"nofollow\">Facebook</a>", "in_reply_to_status_id": null, "in_reply_to_status_id_str": null, "in_reply_to_user_id": null, "in_reply_to_user_id_str": null, "in_reply_to_screen_name": null, "user": {"id": 295925261, "id_str": "295925261", "name": "CakeFace Makeup", "screen_name": "CakeFace_Makeup", "location": "London", "description": "Merium Bhuiyan - Beyond Makeup", "url": "https://t.co/xUwuKFfUZc", "entities": {"url": {"urls": [{"url": "https://t.co/xUwuKFfUZc", "expanded_url": "http://www.cakeface-makeup.com", "display_url": "cakeface-makeup.com", "indices": [0, 23]}]}, "description": {"urls": []}}, "protected": false, "followers_count": 254, "friends_count": 993, "listed_count": 6, "created_at": "Mon May 09 22:06:44 +0000 2011", "favourites_count": 1889, "utc_offset": null, "time_zone": null, "geo_enabled": false, "verified": false, "statuses_count": 32088, "lang": null, "contributors_enabled": false, "is_translator": false, "is_translation_enabled": false, "profile_background_color": "C0DEED", "profile_background_image_url": "http://abs.twimg.com/images/themes/theme1/bg.png", "profile_background_image_url_https": "https://abs.twimg.com/images/themes/theme1/bg.png", "profile_background_tile": false, "profile_image_url": "http://pbs.twimg.com/profile_images/1151181408381132800/aPmMmZr__normal.jpg", "profile_image_url_https": "https://pbs.twimg.com/profile_images/1151181408381132800/aPmMmZr__normal.jpg", "profile_banner_url": "https://pbs.twimg.com/profile_banners/295925261/1563299447", "profile_link_color": "1DA1F2", "profile_sidebar_border_color": "C0DEED", "profile_sidebar_fill_color": "DDEEF6", "profile_text_color": "333333", "profile_use_background_image": true, "has_extended_profile": false, "default_profile": true, "default_profile_image": false, "following": false, "follow_request_sent": false, "notifications": false, "translator_type": "none", "withheld_in_countries": []}, "geo": null, "coordinates": null, "place": null, "contributors": null, "is_quote_status": false, "retweet_count": 0, "favorite_count": 0, "favorited": false, "retweeted": false, "possibly_sensitive": false, "lang": "en"}