{"created_at": "Mon Aug 08 21:24:59 +0000 2016", "id": 762761547953410049, "id_str": "762761547953410049", "text": "Mike Pence: \u201cAllowing Rape Victims To Have Abortions Will Lead To Women Trying To Get Raped\u201d https://t.co/VyxkurMWj5 via @TheNewslo WTF!?!", "truncated": false, "entities": {"hashtags": [], "symbols": [], "user_mentions": [{"screen_name": "TheNewslo", "name": "Newslo", "id": 393693452, "id_str": "393693452", "indices": [121, 131]}], "urls": [{"url": "https://t.co/VyxkurMWj5", "expanded_url": "http://politicops.com/mike-pence-allowing-rape-victims-abortions-will-lead-women-trying-get-raped/", "display_url": "politicops.com/mike-pence-all\u2026", "indices": [93, 116]}]}, "source": "<a href=\"http://twitter.com\" rel=\"nofollow\">Twitter Web Client</a>", "in_reply_to_status_id": null, "in_reply_to_status_id_str": null, "in_reply_to_user_id": null, "in_reply_to_user_id_str": null, "in_reply_to_screen_name": null, "user": {"id": 143923172, "id_str": "143923172", "name": "fr_larsson", "screen_name": "fr_larsson", "location": "Bor\u00e5s, Sweden", "description": "Kindleholic, went from funny pics to anger, I\u00b4m still angry =D \n\nAKA Quickie Queen Linda (book reviews) - https://t.co/NX1WHmW5rr (on hiatus atm)", "url": null, "entities": {"description": {"urls": [{"url": "https://t.co/NX1WHmW5rr", "expanded_url": "http://alturl.com/jrxnb", "display_url": "alturl.com/jrxnb", "indices": [106, 129]}]}}, "protected": false, "followers_count": 3291, "friends_count": 4179, "listed_count": 86, "created_at": "Fri May 14 20:14:03 +0000 2010", "favourites_count": 243560, "utc_offset": null, "time_zone": null, "geo_enabled": true, "verified": false, "statuses_count": 99796, "lang": null, "contributors_enabled": false, "is_translator": false, "is_translation_enabled": false, "profile_background_color": "8BF0C3", "profile_background_image_url": "http://abs.twimg.com/images/themes/theme3/bg.gif", "profile_background_image_url_https": "https://abs.twimg.com/images/themes/theme3/bg.gif", "profile_background_tile": false, "profile_image_url": "http://pbs.twimg.com/profile_images/1286360879911645184/uCrP6m-R_normal.jpg", "profile_image_url_https": "https://pbs.twimg.com/profile_images/1286360879911645184/uCrP6m-R_normal.jpg", "profile_banner_url": "https://pbs.twimg.com/profile_banners/143923172/1617273736", "profile_link_color": "088253", "profile_sidebar_border_color": "D3D2CF", "profile_sidebar_fill_color": "E3E2DE", "profile_text_color": "634047", "profile_use_background_image": true, "has_extended_profile": true, "default_profile": false, "default_profile_image": false, "following": false, "follow_request_sent": false, "notifications": false, "translator_type": "none", "withheld_in_countries": []}, "geo": null, "coordinates": null, "place": null, "contributors": null, "is_quote_status": false, "retweet_count": 2, "favorite_count": 0, "favorited": false, "retweeted": false, "possibly_sensitive": false, "lang": "en"}