{"created_at": "Mon Aug 08 19:00:17 +0000 2016", "id": 762725133761019904, "id_str": "762725133761019904", "text": "Mike Pence: \u201cAllowing Rape Victims To Have Abortions Will Lead To Women Trying To Get Raped\u201d -... https://t.co/VfR6vTP6JJ", "truncated": false, "entities": {"hashtags": [], "symbols": [], "user_mentions": [], "urls": [{"url": "https://t.co/VfR6vTP6JJ", "expanded_url": "https://tmblr.co/ZyIMLy2ASHjOl", "display_url": "tmblr.co/ZyIMLy2ASHjOl", "indices": [98, 121]}]}, "source": "<a href=\"https://www.tumblr.com/\" rel=\"nofollow\">Tumblr</a>", "in_reply_to_status_id": null, "in_reply_to_status_id_str": null, "in_reply_to_user_id": null, "in_reply_to_user_id_str": null, "in_reply_to_screen_name": null, "user": {"id": 55004456, "id_str": "55004456", "name": "KTTTIN \ud83d\udfe5\ud83c\udff4\u26a7\ufe0f\ud83c\udff4\ud83d\udfe9", "screen_name": "KTTTIN", "location": "Oakland, CA", "description": "she/her\nBird site stressful. Hit me up if you have mastodon. kittenlikeasmallcat@anarchism.space", "url": "https://t.co/MBXci2ATW5", "entities": {"url": {"urls": [{"url": "https://t.co/MBXci2ATW5", "expanded_url": "https://letterboxd.com/KTTTTTN/", "display_url": "letterboxd.com/KTTTTTN/", "indices": [0, 23]}]}, "description": {"urls": []}}, "protected": false, "followers_count": 132, "friends_count": 476, "listed_count": 5, "created_at": "Wed Jul 08 19:42:44 +0000 2009", "favourites_count": 974, "utc_offset": null, "time_zone": null, "geo_enabled": true, "verified": false, "statuses_count": 8026, "lang": null, "contributors_enabled": false, "is_translator": false, "is_translation_enabled": false, "profile_background_color": "000000", "profile_background_image_url": "http://abs.twimg.com/images/themes/theme14/bg.gif", "profile_background_image_url_https": "https://abs.twimg.com/images/themes/theme14/bg.gif", "profile_background_tile": false, "profile_image_url": "http://pbs.twimg.com/profile_images/807907119416516608/Oo88OzcC_normal.jpg", "profile_image_url_https": "https://pbs.twimg.com/profile_images/807907119416516608/Oo88OzcC_normal.jpg", "profile_banner_url": "https://pbs.twimg.com/profile_banners/55004456/1486640575", "profile_link_color": "2F4639", "profile_sidebar_border_color": "000000", "profile_sidebar_fill_color": "000000", "profile_text_color": "000000", "profile_use_background_image": false, "has_extended_profile": true, "default_profile": false, "default_profile_image": false, "following": false, "follow_request_sent": false, "notifications": false, "translator_type": "none", "withheld_in_countries": []}, "geo": null, "coordinates": null, "place": null, "contributors": null, "is_quote_status": false, "retweet_count": 0, "favorite_count": 0, "favorited": false, "retweeted": false, "possibly_sensitive": true, "lang": "en"}