{"created_at": "Mon Aug 08 19:27:30 +0000 2016", "id": 762731984661704704, "id_str": "762731984661704704", "text": "Mike Pence: \u201cAllowing Rape Victims To Have Abortions Will Lead To Women Trying To Get Raped\u201d https://t.co/oxF9IO9jLa", "truncated": false, "entities": {"hashtags": [], "symbols": [], "user_mentions": [], "urls": [{"url": "https://t.co/oxF9IO9jLa", "expanded_url": "http://fb.me/JMmiycWH", "display_url": "fb.me/JMmiycWH", "indices": [93, 116]}]}, "source": "<a href=\"http://www.facebook.com/twitter\" rel=\"nofollow\">Facebook</a>", "in_reply_to_status_id": null, "in_reply_to_status_id_str": null, "in_reply_to_user_id": null, "in_reply_to_user_id_str": null, "in_reply_to_screen_name": null, "user": {"id": 1429972128, "id_str": "1429972128", "name": "Nagy Tam\u00e1s", "screen_name": "sysy_usa", "location": "Washington.", "description": "Nagy Tam\u00e1s / Facebook", "url": "https://t.co/fveXg7yOQg", "entities": {"url": {"urls": [{"url": "https://t.co/fveXg7yOQg", "expanded_url": "http://www.hawaii.gov", "display_url": "hawaii.gov", "indices": [0, 23]}]}, "description": {"urls": []}}, "protected": false, "followers_count": 178, "friends_count": 3382, "listed_count": 6, "created_at": "Wed May 15 09:12:08 +0000 2013", "favourites_count": 15, "utc_offset": null, "time_zone": null, "geo_enabled": false, "verified": false, "statuses_count": 246324, "lang": null, "contributors_enabled": false, "is_translator": false, "is_translation_enabled": true, "profile_background_color": "C0DEED", "profile_background_image_url": "http://abs.twimg.com/images/themes/theme1/bg.png", "profile_background_image_url_https": "https://abs.twimg.com/images/themes/theme1/bg.png", "profile_background_tile": false, "profile_image_url": "http://pbs.twimg.com/profile_images/378800000085515197/f46ac007d8fbe7f4ff090b2c2a3289ec_normal.jpeg", "profile_image_url_https": "https://pbs.twimg.com/profile_images/378800000085515197/f46ac007d8fbe7f4ff090b2c2a3289ec_normal.jpeg", "profile_banner_url": "https://pbs.twimg.com/profile_banners/1429972128/1520923623", "profile_link_color": "1DA1F2", "profile_sidebar_border_color": "C0DEED", "profile_sidebar_fill_color": "DDEEF6", "profile_text_color": "333333", "profile_use_background_image": true, "has_extended_profile": false, "default_profile": true, "default_profile_image": false, "following": false, "follow_request_sent": false, "notifications": false, "translator_type": "none", "withheld_in_countries": []}, "geo": null, "coordinates": null, "place": null, "contributors": null, "is_quote_status": false, "retweet_count": 0, "favorite_count": 0, "favorited": false, "retweeted": false, "possibly_sensitive": true, "lang": "en"}