{"created_at": "Tue Aug 09 00:57:53 +0000 2016", "id": 762815129335377920, "id_str": "762815129335377920", "text": "Mike Pence: \u201cAllowing Rape Victims To Have Abortions Will Lead To Women Trying To Get Raped\u201d https://t.co/Ecaj0IsCXB", "truncated": false, "entities": {"hashtags": [], "symbols": [], "user_mentions": [], "urls": [{"url": "https://t.co/Ecaj0IsCXB", "expanded_url": "http://fb.me/1v7DyQSBV", "display_url": "fb.me/1v7DyQSBV", "indices": [93, 116]}]}, "source": "<a href=\"http://www.facebook.com/twitter\" rel=\"nofollow\">Facebook</a>", "in_reply_to_status_id": null, "in_reply_to_status_id_str": null, "in_reply_to_user_id": null, "in_reply_to_user_id_str": null, "in_reply_to_screen_name": null, "user": {"id": 256146187, "id_str": "256146187", "name": "Kathy Bennett Prokop", "screen_name": "KathsKrafts", "location": "Arvada, CO", "description": "I am an owner of a craft shop Specializing in Baby Things on Etsy https://t.co/CdYgnz6aW2. Like us on facebook.", "url": "https://t.co/nJbZrNBnQM", "entities": {"url": {"urls": [{"url": "https://t.co/nJbZrNBnQM", "expanded_url": "https://linktr.ee/KathyProkop", "display_url": "linktr.ee/KathyProkop", "indices": [0, 23]}]}, "description": {"urls": [{"url": "https://t.co/CdYgnz6aW2", "expanded_url": "https://www.etsy.com/shop/KathKrafts?ref=hdr_shop_menu", "display_url": "etsy.com/shop/KathKraft\u2026", "indices": [66, 89]}]}}, "protected": false, "followers_count": 97, "friends_count": 115, "listed_count": 4, "created_at": "Tue Feb 22 19:13:10 +0000 2011", "favourites_count": 603, "utc_offset": null, "time_zone": null, "geo_enabled": true, "verified": false, "statuses_count": 22188, "lang": null, "contributors_enabled": false, "is_translator": false, "is_translation_enabled": false, "profile_background_color": "022330", "profile_background_image_url": "http://abs.twimg.com/images/themes/theme15/bg.png", "profile_background_image_url_https": "https://abs.twimg.com/images/themes/theme15/bg.png", "profile_background_tile": true, "profile_image_url": "http://pbs.twimg.com/profile_images/978117590814871552/Y0lDMLsG_normal.jpg", "profile_image_url_https": "https://pbs.twimg.com/profile_images/978117590814871552/Y0lDMLsG_normal.jpg", "profile_banner_url": "https://pbs.twimg.com/profile_banners/256146187/1462669136", "profile_link_color": "0084B4", "profile_sidebar_border_color": "A8C7F7", "profile_sidebar_fill_color": "C0DFEC", "profile_text_color": "333333", "profile_use_background_image": true, "has_extended_profile": true, "default_profile": false, "default_profile_image": false, "following": false, "follow_request_sent": false, "notifications": false, "translator_type": "none", "withheld_in_countries": []}, "geo": null, "coordinates": null, "place": null, "contributors": null, "is_quote_status": false, "retweet_count": 0, "favorite_count": 0, "favorited": false, "retweeted": false, "possibly_sensitive": false, "lang": "en"}