{"created_at": "Tue Aug 09 07:10:22 +0000 2016", "id": 762908867739070465, "id_str": "762908867739070465", "text": "Mike Pence: \u201cAllowing Rape Victims To Have Abortions Will Lead To Women Trying To Get Raped\u201d\nThe Republican war... https://t.co/b9UeoM6EoZ", "truncated": false, "entities": {"hashtags": [], "symbols": [], "user_mentions": [], "urls": [{"url": "https://t.co/b9UeoM6EoZ", "expanded_url": "http://fb.me/178qbwcgX", "display_url": "fb.me/178qbwcgX", "indices": [115, 138]}]}, "source": "<a href=\"http://www.facebook.com/twitter\" rel=\"nofollow\">Facebook</a>", "in_reply_to_status_id": null, "in_reply_to_status_id_str": null, "in_reply_to_user_id": null, "in_reply_to_user_id_str": null, "in_reply_to_screen_name": null, "user": {"id": 16117925, "id_str": "16117925", "name": "missmaybell", "screen_name": "missmaybell", "location": "", "description": "", "url": null, "entities": {"description": {"urls": []}}, "protected": false, "followers_count": 459, "friends_count": 1449, "listed_count": 21, "created_at": "Wed Sep 03 19:28:08 +0000 2008", "favourites_count": 4419, "utc_offset": null, "time_zone": null, "geo_enabled": true, "verified": false, "statuses_count": 158653, "lang": null, "contributors_enabled": false, "is_translator": false, "is_translation_enabled": false, "profile_background_color": "8B542B", "profile_background_image_url": "http://abs.twimg.com/images/themes/theme5/bg.gif", "profile_background_image_url_https": "https://abs.twimg.com/images/themes/theme5/bg.gif", "profile_background_tile": true, "profile_image_url": "http://pbs.twimg.com/profile_images/1867245108/tumblr_lhcvgzrLxv1qg4wwmo1_500_normal.jpg", "profile_image_url_https": "https://pbs.twimg.com/profile_images/1867245108/tumblr_lhcvgzrLxv1qg4wwmo1_500_normal.jpg", "profile_link_color": "9D582E", "profile_sidebar_border_color": "FFFFFF", "profile_sidebar_fill_color": "99CC33", "profile_text_color": "3E4415", "profile_use_background_image": true, "has_extended_profile": false, "default_profile": false, "default_profile_image": false, "following": false, "follow_request_sent": false, "notifications": false, "translator_type": "none", "withheld_in_countries": []}, "geo": null, "coordinates": null, "place": null, "contributors": null, "is_quote_status": false, "retweet_count": 0, "favorite_count": 0, "favorited": false, "retweeted": false, "possibly_sensitive": false, "lang": "en"}