{"created_at": "Tue Aug 09 11:48:54 +0000 2016", "id": 762978962381213696, "id_str": "762978962381213696", "text": "Mike Pence: \u201cAllowing Rape Victims To Have Abortions Will Lead To Women Trying To Get Raped\u201d https://t.co/6oHZYFBWhd", "truncated": false, "entities": {"hashtags": [], "symbols": [], "user_mentions": [], "urls": [{"url": "https://t.co/6oHZYFBWhd", "expanded_url": "http://fb.me/1d2H5HKD4", "display_url": "fb.me/1d2H5HKD4", "indices": [93, 116]}]}, "source": "<a href=\"http://www.facebook.com/twitter\" rel=\"nofollow\">Facebook</a>", "in_reply_to_status_id": null, "in_reply_to_status_id_str": null, "in_reply_to_user_id": null, "in_reply_to_user_id_str": null, "in_reply_to_screen_name": null, "user": {"id": 251305431, "id_str": "251305431", "name": "Progressive", "screen_name": "Letsgetreal68", "location": "Tulsa, OK", "description": "Retired Contractor. Keeping up with the world we live in. Deist, Proud Liberal with a variety of interests.", "url": null, "entities": {"description": {"urls": []}}, "protected": false, "followers_count": 1787, "friends_count": 2001, "listed_count": 46, "created_at": "Sat Feb 12 21:34:03 +0000 2011", "favourites_count": 1771, "utc_offset": null, "time_zone": null, "geo_enabled": true, "verified": false, "statuses_count": 33917, "lang": null, "contributors_enabled": false, "is_translator": false, "is_translation_enabled": false, "profile_background_color": "C0DEED", "profile_background_image_url": "http://abs.twimg.com/images/themes/theme1/bg.png", "profile_background_image_url_https": "https://abs.twimg.com/images/themes/theme1/bg.png", "profile_background_tile": false, "profile_image_url": "http://pbs.twimg.com/profile_images/378800000584617881/ab5f3a70108fa1b9674bcad2124560a7_normal.png", "profile_image_url_https": "https://pbs.twimg.com/profile_images/378800000584617881/ab5f3a70108fa1b9674bcad2124560a7_normal.png", "profile_banner_url": "https://pbs.twimg.com/profile_banners/251305431/1378998407", "profile_link_color": "1DA1F2", "profile_sidebar_border_color": "C0DEED", "profile_sidebar_fill_color": "DDEEF6", "profile_text_color": "333333", "profile_use_background_image": true, "has_extended_profile": false, "default_profile": true, "default_profile_image": false, "following": false, "follow_request_sent": false, "notifications": false, "translator_type": "none", "withheld_in_countries": []}, "geo": null, "coordinates": null, "place": null, "contributors": null, "is_quote_status": false, "retweet_count": 1, "favorite_count": 0, "favorited": false, "retweeted": false, "possibly_sensitive": false, "lang": "en"}