{"created_at": "Tue Aug 09 17:33:21 +0000 2016", "id": 763065644640186368, "id_str": "763065644640186368", "text": "Mike Pence: \u201cAllowing Rape Victims To Have Abortions Will Lead To Women Trying To Get Raped\u201d https://t.co/9lK6vZySb8", "truncated": false, "entities": {"hashtags": [], "symbols": [], "user_mentions": [], "urls": [{"url": "https://t.co/9lK6vZySb8", "expanded_url": "http://fb.me/58JReg72R", "display_url": "fb.me/58JReg72R", "indices": [93, 116]}]}, "source": "<a href=\"http://www.facebook.com/twitter\" rel=\"nofollow\">Facebook</a>", "in_reply_to_status_id": null, "in_reply_to_status_id_str": null, "in_reply_to_user_id": null, "in_reply_to_user_id_str": null, "in_reply_to_screen_name": null, "user": {"id": 710718204, "id_str": "710718204", "name": "Pamela Curry", "screen_name": "pcurry57", "location": "Dallas", "description": "I'm finally joining the Twitter crowd. \nOpenly transgender", "url": null, "entities": {"description": {"urls": []}}, "protected": false, "followers_count": 247, "friends_count": 529, "listed_count": 4, "created_at": "Sun Jul 22 13:49:26 +0000 2012", "favourites_count": 395, "utc_offset": null, "time_zone": null, "geo_enabled": false, "verified": false, "statuses_count": 38601, "lang": null, "contributors_enabled": false, "is_translator": false, "is_translation_enabled": false, "profile_background_color": "C0DEED", "profile_background_image_url": "http://abs.twimg.com/images/themes/theme1/bg.png", "profile_background_image_url_https": "https://abs.twimg.com/images/themes/theme1/bg.png", "profile_background_tile": false, "profile_image_url": "http://pbs.twimg.com/profile_images/840087787474833409/CyLMtk3B_normal.jpg", "profile_image_url_https": "https://pbs.twimg.com/profile_images/840087787474833409/CyLMtk3B_normal.jpg", "profile_banner_url": "https://pbs.twimg.com/profile_banners/710718204/1607384876", "profile_link_color": "1DA1F2", "profile_sidebar_border_color": "C0DEED", "profile_sidebar_fill_color": "DDEEF6", "profile_text_color": "333333", "profile_use_background_image": true, "has_extended_profile": true, "default_profile": true, "default_profile_image": false, "following": false, "follow_request_sent": false, "notifications": false, "translator_type": "none", "withheld_in_countries": []}, "geo": null, "coordinates": null, "place": null, "contributors": null, "is_quote_status": false, "retweet_count": 0, "favorite_count": 0, "favorited": false, "retweeted": false, "possibly_sensitive": false, "lang": "en"}