{"created_at": "Tue Aug 09 18:56:29 +0000 2016", "id": 763086567485210624, "id_str": "763086567485210624", "text": "Mike Pence: \u201cAllowing Rape Victims To Have Abortions Will Lead To Women Trying To Get Raped\u201d https://t.co/QFxmEGvha5", "truncated": false, "entities": {"hashtags": [], "symbols": [], "user_mentions": [], "urls": [{"url": "https://t.co/QFxmEGvha5", "expanded_url": "http://fb.me/W7UF7MId", "display_url": "fb.me/W7UF7MId", "indices": [93, 116]}]}, "source": "<a href=\"http://www.facebook.com/twitter\" rel=\"nofollow\">Facebook</a>", "in_reply_to_status_id": null, "in_reply_to_status_id_str": null, "in_reply_to_user_id": null, "in_reply_to_user_id_str": null, "in_reply_to_screen_name": null, "user": {"id": 21393395, "id_str": "21393395", "name": "Ione Townsend", "screen_name": "sawasdeeme", "location": "", "description": "Love family, card making, Elvis, grassroots organizing", "url": null, "entities": {"description": {"urls": []}}, "protected": false, "followers_count": 200, "friends_count": 176, "listed_count": 3, "created_at": "Fri Feb 20 12:41:18 +0000 2009", "favourites_count": 95, "utc_offset": null, "time_zone": null, "geo_enabled": true, "verified": false, "statuses_count": 13112, "lang": null, "contributors_enabled": false, "is_translator": false, "is_translation_enabled": false, "profile_background_color": "C0DEED", "profile_background_image_url": "http://abs.twimg.com/images/themes/theme1/bg.png", "profile_background_image_url_https": "https://abs.twimg.com/images/themes/theme1/bg.png", "profile_background_tile": false, "profile_image_url": "http://pbs.twimg.com/profile_images/378800000202420336/180532f152b4c6158365048c60d309f0_normal.jpeg", "profile_image_url_https": "https://pbs.twimg.com/profile_images/378800000202420336/180532f152b4c6158365048c60d309f0_normal.jpeg", "profile_link_color": "1DA1F2", "profile_sidebar_border_color": "C0DEED", "profile_sidebar_fill_color": "DDEEF6", "profile_text_color": "333333", "profile_use_background_image": true, "has_extended_profile": false, "default_profile": true, "default_profile_image": false, "following": false, "follow_request_sent": false, "notifications": false, "translator_type": "none", "withheld_in_countries": []}, "geo": null, "coordinates": null, "place": null, "contributors": null, "is_quote_status": false, "retweet_count": 0, "favorite_count": 0, "favorited": false, "retweeted": false, "possibly_sensitive": false, "lang": "en"}