{"created_at": "Tue Aug 09 20:51:42 +0000 2016", "id": 763115560368541696, "id_str": "763115560368541696", "text": "Mike Pence: \u201cAllowing Rape Victims To Have Abortions Will Lead To Women Trying To Get Raped\u201d https://t.co/4PXcrZ3rLf via @TheNewslo", "truncated": false, "entities": {"hashtags": [], "symbols": [], "user_mentions": [{"screen_name": "TheNewslo", "name": "Newslo", "id": 393693452, "id_str": "393693452", "indices": [121, 131]}], "urls": [{"url": "https://t.co/4PXcrZ3rLf", "expanded_url": "http://politicops.com/mike-pence-allowing-rape-victims-abortions-will-lead-women-trying-get-raped/", "display_url": "politicops.com/mike-pence-all\u2026", "indices": [93, 116]}]}, "source": "<a href=\"http://twitter.com\" rel=\"nofollow\">Twitter Web Client</a>", "in_reply_to_status_id": null, "in_reply_to_status_id_str": null, "in_reply_to_user_id": null, "in_reply_to_user_id_str": null, "in_reply_to_screen_name": null, "user": {"id": 2229273212, "id_str": "2229273212", "name": "\ud83c\udf0a Voice \u2b1b\ufe0f\u2b1b\ufe0f Redacted \u2b1b\ufe0f\u2b1b\ufe0f", "screen_name": "Montgomery_bjm", "location": "Coastal Elite \ud83d\ude44", "description": "Thank-you HRC & RBG! #DitchMitch Abolish Electoral College. Wear a damned mask. #ERA #Resist #BLM #BanAssaultWeapons \ud83c\udf0a", "url": null, "entities": {"description": {"urls": []}}, "protected": false, "followers_count": 10417, "friends_count": 10293, "listed_count": 72, "created_at": "Wed Dec 04 04:20:15 +0000 2013", "favourites_count": 61803, "utc_offset": null, "time_zone": null, "geo_enabled": true, "verified": false, "statuses_count": 129353, "lang": null, "contributors_enabled": false, "is_translator": false, "is_translation_enabled": false, "profile_background_color": "352726", "profile_background_image_url": "http://abs.twimg.com/images/themes/theme7/bg.gif", "profile_background_image_url_https": "https://abs.twimg.com/images/themes/theme7/bg.gif", "profile_background_tile": false, "profile_image_url": "http://pbs.twimg.com/profile_images/1385310859145084928/nfsjGYzI_normal.jpg", "profile_image_url_https": "https://pbs.twimg.com/profile_images/1385310859145084928/nfsjGYzI_normal.jpg", "profile_banner_url": "https://pbs.twimg.com/profile_banners/2229273212/1604769640", "profile_link_color": "1B95E0", "profile_sidebar_border_color": "000000", "profile_sidebar_fill_color": "000000", "profile_text_color": "000000", "profile_use_background_image": true, "has_extended_profile": false, "default_profile": false, "default_profile_image": false, "following": false, "follow_request_sent": false, "notifications": false, "translator_type": "none", "withheld_in_countries": []}, "geo": null, "coordinates": null, "place": null, "contributors": null, "is_quote_status": false, "retweet_count": 6, "favorite_count": 0, "favorited": false, "retweeted": false, "possibly_sensitive": false, "lang": "en"}