{"created_at": "Thu Aug 11 02:32:29 +0000 2016", "id": 763563710610800641, "id_str": "763563710610800641", "text": "Mike Pence: \u201cAllowing Rape Victims To Have Abortions Will Lead To Women Trying To Get Raped\u201d https://t.co/J6se56zBN8 via @TheNewslo", "truncated": false, "entities": {"hashtags": [], "symbols": [], "user_mentions": [{"screen_name": "TheNewslo", "name": "Newslo", "id": 393693452, "id_str": "393693452", "indices": [121, 131]}], "urls": [{"url": "https://t.co/J6se56zBN8", "expanded_url": "http://ln.is/politicops.com/Qx4dG", "display_url": "ln.is/politicops.com\u2026", "indices": [93, 116]}]}, "source": "<a href=\"http://linkis.com\" rel=\"nofollow\">Linkis: turn sharing into growth</a>", "in_reply_to_status_id": null, "in_reply_to_status_id_str": null, "in_reply_to_user_id": null, "in_reply_to_user_id_str": null, "in_reply_to_screen_name": null, "user": {"id": 67899097, "id_str": "67899097", "name": "Larry Cooper", "screen_name": "coopah", "location": "North Carolina", "description": "My heart's fixed on the Democratic/Progressive way of doing things. I love my country and care about our citizens, so being a Liberal is the Godly way to be....", "url": null, "entities": {"description": {"urls": []}}, "protected": false, "followers_count": 21056, "friends_count": 18187, "listed_count": 192, "created_at": "Sat Aug 22 14:27:43 +0000 2009", "favourites_count": 131085, "utc_offset": null, "time_zone": null, "geo_enabled": true, "verified": false, "statuses_count": 361306, "lang": null, "contributors_enabled": false, "is_translator": false, "is_translation_enabled": false, "profile_background_color": "642D8B", "profile_background_image_url": "http://abs.twimg.com/images/themes/theme18/bg.gif", "profile_background_image_url_https": "https://abs.twimg.com/images/themes/theme18/bg.gif", "profile_background_tile": true, "profile_image_url": "http://pbs.twimg.com/profile_images/1369752078764154882/UxkCIQbA_normal.jpg", "profile_image_url_https": "https://pbs.twimg.com/profile_images/1369752078764154882/UxkCIQbA_normal.jpg", "profile_banner_url": "https://pbs.twimg.com/profile_banners/67899097/1614696107", "profile_link_color": "FF691F", "profile_sidebar_border_color": "000000", "profile_sidebar_fill_color": "F6F6F6", "profile_text_color": "333333", "profile_use_background_image": true, "has_extended_profile": false, "default_profile": false, "default_profile_image": false, "following": false, "follow_request_sent": false, "notifications": false, "translator_type": "none", "withheld_in_countries": []}, "geo": null, "coordinates": null, "place": null, "contributors": null, "is_quote_status": false, "retweet_count": 31, "favorite_count": 13, "favorited": false, "retweeted": false, "possibly_sensitive": false, "lang": "en"}