{"created_at": "Thu Aug 11 18:52:18 +0000 2016", "id": 763810287359234048, "id_str": "763810287359234048", "text": "Fucking bastard #MikePence \u201cAllowing Rape Victims To Have Abortions Will Lead To Women Trying To Get Raped\u201d https://t.co/wBIfbvMzJE", "truncated": false, "entities": {"hashtags": [{"text": "MikePence", "indices": [16, 26]}], "symbols": [], "user_mentions": [], "urls": [{"url": "https://t.co/wBIfbvMzJE", "expanded_url": "http://tinyurl.com/hqd8hgz", "display_url": "tinyurl.com/hqd8hgz", "indices": [108, 131]}]}, "source": "<a href=\"http://twitter.com\" rel=\"nofollow\">Twitter Web Client</a>", "in_reply_to_status_id": null, "in_reply_to_status_id_str": null, "in_reply_to_user_id": null, "in_reply_to_user_id_str": null, "in_reply_to_screen_name": null, "user": {"id": 115650912, "id_str": "115650912", "name": "Swati", "screen_name": "Facfortia", "location": "", "description": "Woman.Unbowed,Unbent,Unbroken.", "url": null, "entities": {"description": {"urls": []}}, "protected": false, "followers_count": 4759, "friends_count": 4581, "listed_count": 65, "created_at": "Fri Feb 19 12:25:53 +0000 2010", "favourites_count": 90809, "utc_offset": null, "time_zone": null, "geo_enabled": false, "verified": false, "statuses_count": 107342, "lang": null, "contributors_enabled": false, "is_translator": false, "is_translation_enabled": false, "profile_background_color": "ABB8C2", "profile_background_image_url": "http://abs.twimg.com/images/themes/theme10/bg.gif", "profile_background_image_url_https": "https://abs.twimg.com/images/themes/theme10/bg.gif", "profile_background_tile": false, "profile_image_url": "http://pbs.twimg.com/profile_images/1162026094553440256/Sw5dNcNe_normal.jpg", "profile_image_url_https": "https://pbs.twimg.com/profile_images/1162026094553440256/Sw5dNcNe_normal.jpg", "profile_banner_url": "https://pbs.twimg.com/profile_banners/115650912/1556977923", "profile_link_color": "19CF86", "profile_sidebar_border_color": "FFFFFF", "profile_sidebar_fill_color": "7AC3EE", "profile_text_color": "3D1957", "profile_use_background_image": true, "has_extended_profile": false, "default_profile": false, "default_profile_image": false, "following": false, "follow_request_sent": false, "notifications": false, "translator_type": "regular", "withheld_in_countries": []}, "geo": null, "coordinates": null, "place": null, "contributors": null, "is_quote_status": false, "retweet_count": 1, "favorite_count": 0, "favorited": false, "retweeted": false, "possibly_sensitive": false, "lang": "en"}