{"created_at": "Fri Aug 12 19:32:41 +0000 2016", "id": 764182841785782276, "id_str": "764182841785782276", "text": "Mike Pence: \u201cAllowing Rape Victims To Have Abortions Will Lead To Women Trying To Get Raped\u201d https://t.co/ZQ56ei84CR", "truncated": false, "entities": {"hashtags": [], "symbols": [], "user_mentions": [], "urls": [{"url": "https://t.co/ZQ56ei84CR", "expanded_url": "http://fb.me/7FfgfN7oh", "display_url": "fb.me/7FfgfN7oh", "indices": [93, 116]}]}, "source": "<a href=\"http://www.facebook.com/twitter\" rel=\"nofollow\">Facebook</a>", "in_reply_to_status_id": null, "in_reply_to_status_id_str": null, "in_reply_to_user_id": null, "in_reply_to_user_id_str": null, "in_reply_to_screen_name": null, "user": {"id": 110681312, "id_str": "110681312", "name": "Daniel Dickel", "screen_name": "1861_again", "location": "Eastern Iowa", "description": "KD\u00f8NHM tcot, Free-mrktr, prd husband 2 @farm_mom, Fthr of 3. Hunt, fish, farm, custom harvest, Amsoil Dealr, @SarahPalinUSA spprtr. https://t.co/ZaoJ7NbRnT", "url": "https://t.co/vYDbHP0wSO", "entities": {"url": {"urls": [{"url": "https://t.co/vYDbHP0wSO", "expanded_url": "http://tiny.cc/ddickel", "display_url": "tiny.cc/ddickel", "indices": [0, 23]}]}, "description": {"urls": [{"url": "https://t.co/ZaoJ7NbRnT", "expanded_url": "http://tiny.cc/Virginia1861", "display_url": "tiny.cc/Virginia1861", "indices": [132, 155]}]}}, "protected": false, "followers_count": 2790, "friends_count": 2109, "listed_count": 140, "created_at": "Tue Feb 02 12:01:00 +0000 2010", "favourites_count": 130, "utc_offset": null, "time_zone": null, "geo_enabled": true, "verified": false, "statuses_count": 225218, "lang": null, "contributors_enabled": false, "is_translator": false, "is_translation_enabled": false, "profile_background_color": "C0DEED", "profile_background_image_url": "http://abs.twimg.com/images/themes/theme1/bg.png", "profile_background_image_url_https": "https://abs.twimg.com/images/themes/theme1/bg.png", "profile_background_tile": false, "profile_image_url": "http://pbs.twimg.com/profile_images/2856564898/233d7fad1d351f1adf0c2e52b8af64d9_normal.gif", "profile_image_url_https": "https://pbs.twimg.com/profile_images/2856564898/233d7fad1d351f1adf0c2e52b8af64d9_normal.gif", "profile_link_color": "0084B4", "profile_sidebar_border_color": "C0DEED", "profile_sidebar_fill_color": "DDEEF6", "profile_text_color": "333333", "profile_use_background_image": true, "has_extended_profile": true, "default_profile": false, "default_profile_image": false, "following": false, "follow_request_sent": false, "notifications": false, "translator_type": "none", "withheld_in_countries": []}, "geo": null, "coordinates": null, "place": null, "contributors": null, "is_quote_status": false, "retweet_count": 0, "favorite_count": 0, "favorited": false, "retweeted": false, "possibly_sensitive": false, "lang": "en"}