{"created_at": "Sun Aug 14 18:20:23 +0000 2016", "id": 764889419383971840, "id_str": "764889419383971840", "text": "Mike Pence: \u201cAllowing Rape Victims To Have Abortions Will Lead To Women Trying To Get Raped\u201d https://t.co/wXZarA6dUl", "truncated": false, "entities": {"hashtags": [], "symbols": [], "user_mentions": [], "urls": [{"url": "https://t.co/wXZarA6dUl", "expanded_url": "http://fb.me/4XancHGNJ", "display_url": "fb.me/4XancHGNJ", "indices": [93, 116]}]}, "source": "<a href=\"http://www.facebook.com/twitter\" rel=\"nofollow\">Facebook</a>", "in_reply_to_status_id": null, "in_reply_to_status_id_str": null, "in_reply_to_user_id": null, "in_reply_to_user_id_str": null, "in_reply_to_screen_name": null, "user": {"id": 18459714, "id_str": "18459714", "name": "Jay Hamburger", "screen_name": "veggieburgerus", "location": "Houston & The World", "description": "Making peace by piece - father...vegan...peace/civil/human/animal rights activist...photographer/artiste", "url": null, "entities": {"description": {"urls": []}}, "protected": false, "followers_count": 149, "friends_count": 229, "listed_count": 10, "created_at": "Mon Dec 29 20:58:35 +0000 2008", "favourites_count": 11, "utc_offset": null, "time_zone": null, "geo_enabled": true, "verified": false, "statuses_count": 10873, "lang": null, "contributors_enabled": false, "is_translator": false, "is_translation_enabled": false, "profile_background_color": "1A1B1F", "profile_background_image_url": "http://abs.twimg.com/images/themes/theme9/bg.gif", "profile_background_image_url_https": "https://abs.twimg.com/images/themes/theme9/bg.gif", "profile_background_tile": false, "profile_image_url": "http://pbs.twimg.com/profile_images/68932952/Rachie___J_on_Lahaina_ferry_normal.JPG", "profile_image_url_https": "https://pbs.twimg.com/profile_images/68932952/Rachie___J_on_Lahaina_ferry_normal.JPG", "profile_link_color": "2FC2EF", "profile_sidebar_border_color": "181A1E", "profile_sidebar_fill_color": "252429", "profile_text_color": "666666", "profile_use_background_image": true, "has_extended_profile": false, "default_profile": false, "default_profile_image": false, "following": false, "follow_request_sent": false, "notifications": false, "translator_type": "none", "withheld_in_countries": []}, "geo": null, "coordinates": null, "place": null, "contributors": null, "is_quote_status": false, "retweet_count": 0, "favorite_count": 0, "favorited": false, "retweeted": false, "possibly_sensitive": false, "lang": "en"}