{"created_at": "Tue Aug 16 19:40:20 +0000 2016", "id": 765634317338968064, "id_str": "765634317338968064", "text": "Mike Pence: \u201cAllowing Rape Victims To Have Abortions Will Lead To Women Trying To Get Raped\u201d https://t.co/MHZ54eHYGj via @TheNewslo", "truncated": false, "entities": {"hashtags": [], "symbols": [], "user_mentions": [{"screen_name": "TheNewslo", "name": "Newslo", "id": 393693452, "id_str": "393693452", "indices": [121, 131]}], "urls": [{"url": "https://t.co/MHZ54eHYGj", "expanded_url": "http://politicops.com/mike-pence-allowing-rape-victims-abortions-will-lead-women-trying-get-raped/", "display_url": "politicops.com/mike-pence-all\u2026", "indices": [93, 116]}]}, "source": "<a href=\"http://twitter.com\" rel=\"nofollow\">Twitter Web Client</a>", "in_reply_to_status_id": null, "in_reply_to_status_id_str": null, "in_reply_to_user_id": null, "in_reply_to_user_id_str": null, "in_reply_to_screen_name": null, "user": {"id": 90713318, "id_str": "90713318", "name": "Phillip Dabadisbich", "screen_name": "alstonboy4315", "location": "Raleigh, North Carolina", "description": "I really don't know why I'm here anymore,  but I'm here.", "url": null, "entities": {"description": {"urls": []}}, "protected": false, "followers_count": 1277, "friends_count": 1043, "listed_count": 96, "created_at": "Tue Nov 17 20:36:18 +0000 2009", "favourites_count": 40187, "utc_offset": null, "time_zone": null, "geo_enabled": true, "verified": false, "statuses_count": 320343, "lang": null, "contributors_enabled": false, "is_translator": false, "is_translation_enabled": false, "profile_background_color": "1A1B1F", "profile_background_image_url": "http://abs.twimg.com/images/themes/theme9/bg.gif", "profile_background_image_url_https": "https://abs.twimg.com/images/themes/theme9/bg.gif", "profile_background_tile": false, "profile_image_url": "http://pbs.twimg.com/profile_images/1382629037118472201/eV1_eHfy_normal.jpg", "profile_image_url_https": "https://pbs.twimg.com/profile_images/1382629037118472201/eV1_eHfy_normal.jpg", "profile_banner_url": "https://pbs.twimg.com/profile_banners/90713318/1467854986", "profile_link_color": "2FC2EF", "profile_sidebar_border_color": "181A1E", "profile_sidebar_fill_color": "252429", "profile_text_color": "666666", "profile_use_background_image": true, "has_extended_profile": true, "default_profile": false, "default_profile_image": false, "following": false, "follow_request_sent": false, "notifications": false, "translator_type": "none", "withheld_in_countries": []}, "geo": null, "coordinates": null, "place": null, "contributors": null, "is_quote_status": false, "retweet_count": 5, "favorite_count": 1, "favorited": false, "retweeted": false, "possibly_sensitive": false, "lang": "en"}