{"created_at": "Wed Aug 17 06:41:43 +0000 2016", "id": 765800758923169792, "id_str": "765800758923169792", "text": "Mike Pence: \u201cAllowing Rape Victims To Have Abortions Will Lead To Women Trying To Get Raped\u201d https://t.co/PxqTyAGOZX", "truncated": false, "entities": {"hashtags": [], "symbols": [], "user_mentions": [], "urls": [{"url": "https://t.co/PxqTyAGOZX", "expanded_url": "http://fb.me/86l8CP0mg", "display_url": "fb.me/86l8CP0mg", "indices": [93, 116]}]}, "source": "<a href=\"http://www.facebook.com/twitter\" rel=\"nofollow\">Facebook</a>", "in_reply_to_status_id": null, "in_reply_to_status_id_str": null, "in_reply_to_user_id": null, "in_reply_to_user_id_str": null, "in_reply_to_screen_name": null, "user": {"id": 216458003, "id_str": "216458003", "name": "Doug Morrison", "screen_name": "theDougMorrison", "location": "Seattle", "description": "Political wise guy, stagehand and pamphleteer.", "url": null, "entities": {"description": {"urls": []}}, "protected": false, "followers_count": 87, "friends_count": 26, "listed_count": 26, "created_at": "Tue Nov 16 19:50:41 +0000 2010", "favourites_count": 3, "utc_offset": null, "time_zone": null, "geo_enabled": false, "verified": false, "statuses_count": 82430, "lang": null, "contributors_enabled": false, "is_translator": false, "is_translation_enabled": false, "profile_background_color": "642D8B", "profile_background_image_url": "http://abs.twimg.com/images/themes/theme10/bg.gif", "profile_background_image_url_https": "https://abs.twimg.com/images/themes/theme10/bg.gif", "profile_background_tile": true, "profile_image_url": "http://pbs.twimg.com/profile_images/453783867619426304/2lFheRII_normal.jpeg", "profile_image_url_https": "https://pbs.twimg.com/profile_images/453783867619426304/2lFheRII_normal.jpeg", "profile_banner_url": "https://pbs.twimg.com/profile_banners/216458003/1395128383", "profile_link_color": "FF0000", "profile_sidebar_border_color": "65B0DA", "profile_sidebar_fill_color": "7AC3EE", "profile_text_color": "3D1957", "profile_use_background_image": true, "has_extended_profile": false, "default_profile": false, "default_profile_image": false, "following": false, "follow_request_sent": false, "notifications": false, "translator_type": "none", "withheld_in_countries": []}, "geo": null, "coordinates": null, "place": null, "contributors": null, "is_quote_status": false, "retweet_count": 0, "favorite_count": 0, "favorited": false, "retweeted": false, "possibly_sensitive": false, "lang": "en"}