{"created_at": "Wed Aug 17 17:55:29 +0000 2016", "id": 765970316426293248, "id_str": "765970316426293248", "text": "Mike Pence: \u201cAllowing Rape Victims To Have Abortions Will Lead To Women Trying To Get Raped\u201d https://t.co/EIfARgCYwG via @TheNewslo", "truncated": false, "entities": {"hashtags": [], "symbols": [], "user_mentions": [{"screen_name": "TheNewslo", "name": "Newslo", "id": 393693452, "id_str": "393693452", "indices": [121, 131]}], "urls": [{"url": "https://t.co/EIfARgCYwG", "expanded_url": "http://politicops.com/mike-pence-allowing-rape-victims-abortions-will-lead-women-trying-get-raped/", "display_url": "politicops.com/mike-pence-all\u2026", "indices": [93, 116]}]}, "source": "<a href=\"http://mobile.twitter.com\" rel=\"nofollow\">Mobile Web</a>", "in_reply_to_status_id": null, "in_reply_to_status_id_str": null, "in_reply_to_user_id": null, "in_reply_to_user_id_str": null, "in_reply_to_screen_name": null, "user": {"id": 25645261, "id_str": "25645261", "name": "Peggy Lane O'Rourke", "screen_name": "peggylane", "location": "Beautiful Downtown Burbank", "description": "Creator, Producer and Director of the EMMY\u00ae\ufe0f submitted DONNA ON THE GO. Actress, Writer, and Acting and Dialogue Coach", "url": "https://t.co/8g9beK20cD", "entities": {"url": {"urls": [{"url": "https://t.co/8g9beK20cD", "expanded_url": "http://peggy-lane.com", "display_url": "peggy-lane.com", "indices": [0, 23]}]}, "description": {"urls": []}}, "protected": false, "followers_count": 67439, "friends_count": 2508, "listed_count": 39, "created_at": "Sat Mar 21 05:36:23 +0000 2009", "favourites_count": 28687, "utc_offset": null, "time_zone": null, "geo_enabled": false, "verified": false, "statuses_count": 15846, "lang": null, "contributors_enabled": false, "is_translator": false, "is_translation_enabled": false, "profile_background_color": "F457F3", "profile_background_image_url": "http://abs.twimg.com/images/themes/theme1/bg.png", "profile_background_image_url_https": "https://abs.twimg.com/images/themes/theme1/bg.png", "profile_background_tile": true, "profile_image_url": "http://pbs.twimg.com/profile_images/835042343392665600/A2-SzOR6_normal.jpg", "profile_image_url_https": "https://pbs.twimg.com/profile_images/835042343392665600/A2-SzOR6_normal.jpg", "profile_banner_url": "https://pbs.twimg.com/profile_banners/25645261/1550251197", "profile_link_color": "981CEB", "profile_sidebar_border_color": "33CC44", "profile_sidebar_fill_color": "FF0A8A", "profile_text_color": "362720", "profile_use_background_image": true, "has_extended_profile": false, "default_profile": false, "default_profile_image": false, "following": false, "follow_request_sent": false, "notifications": false, "translator_type": "none", "withheld_in_countries": []}, "geo": null, "coordinates": null, "place": null, "contributors": null, "is_quote_status": false, "retweet_count": 0, "favorite_count": 0, "favorited": false, "retweeted": false, "possibly_sensitive": false, "lang": "en"}