{"created_at": "Wed Aug 17 22:32:28 +0000 2016", "id": 766040022038355968, "id_str": "766040022038355968", "text": "Mike Pence: \u201cAllowing Rape Victims To Have Abortions Will Lead To Women Trying To Get Raped\u201d https://t.co/ewNBEITAwE", "truncated": false, "entities": {"hashtags": [], "symbols": [], "user_mentions": [], "urls": [{"url": "https://t.co/ewNBEITAwE", "expanded_url": "http://fb.me/88mpKc5CD", "display_url": "fb.me/88mpKc5CD", "indices": [93, 116]}]}, "source": "<a href=\"http://www.facebook.com/twitter\" rel=\"nofollow\">Facebook</a>", "in_reply_to_status_id": null, "in_reply_to_status_id_str": null, "in_reply_to_user_id": null, "in_reply_to_user_id_str": null, "in_reply_to_screen_name": null, "user": {"id": 463517978, "id_str": "463517978", "name": "Jared Mabie", "screen_name": "JaredMabie", "location": "", "description": "", "url": null, "entities": {"description": {"urls": []}}, "protected": false, "followers_count": 248, "friends_count": 236, "listed_count": 26, "created_at": "Sat Jan 14 05:43:36 +0000 2012", "favourites_count": 2260, "utc_offset": null, "time_zone": null, "geo_enabled": false, "verified": false, "statuses_count": 112093, "lang": null, "contributors_enabled": false, "is_translator": false, "is_translation_enabled": false, "profile_background_color": "C6E2EE", "profile_background_image_url": "http://abs.twimg.com/images/themes/theme2/bg.gif", "profile_background_image_url_https": "https://abs.twimg.com/images/themes/theme2/bg.gif", "profile_background_tile": false, "profile_image_url": "http://pbs.twimg.com/profile_images/1763534117/image1326873406_normal.png", "profile_image_url_https": "https://pbs.twimg.com/profile_images/1763534117/image1326873406_normal.png", "profile_link_color": "1F98C7", "profile_sidebar_border_color": "C6E2EE", "profile_sidebar_fill_color": "DAECF4", "profile_text_color": "663B12", "profile_use_background_image": true, "has_extended_profile": false, "default_profile": false, "default_profile_image": false, "following": false, "follow_request_sent": false, "notifications": false, "translator_type": "none", "withheld_in_countries": []}, "geo": null, "coordinates": null, "place": null, "contributors": null, "is_quote_status": false, "retweet_count": 0, "favorite_count": 0, "favorited": false, "retweeted": false, "possibly_sensitive": false, "lang": "en"}