{"created_at": "Thu Aug 18 14:09:46 +0000 2016", "id": 766275901130768384, "id_str": "766275901130768384", "text": "Mike Pence: \u201cAllowing Rape Victims To Have Abortions Will Lead To Women Trying To Get Raped\u201d https://t.co/q8O89ZKpDT", "truncated": false, "entities": {"hashtags": [], "symbols": [], "user_mentions": [], "urls": [{"url": "https://t.co/q8O89ZKpDT", "expanded_url": "http://fb.me/4NS7lwNYx", "display_url": "fb.me/4NS7lwNYx", "indices": [93, 116]}]}, "source": "<a href=\"http://www.facebook.com/twitter\" rel=\"nofollow\">Facebook</a>", "in_reply_to_status_id": null, "in_reply_to_status_id_str": null, "in_reply_to_user_id": null, "in_reply_to_user_id_str": null, "in_reply_to_screen_name": null, "user": {"id": 4144760895, "id_str": "4144760895", "name": "Alan Rawlings", "screen_name": "alanrawlings761", "location": "", "description": "", "url": null, "entities": {"description": {"urls": []}}, "protected": false, "followers_count": 24, "friends_count": 76, "listed_count": 0, "created_at": "Sun Nov 08 22:24:51 +0000 2015", "favourites_count": 6, "utc_offset": null, "time_zone": null, "geo_enabled": false, "verified": false, "statuses_count": 18349, "lang": null, "contributors_enabled": false, "is_translator": false, "is_translation_enabled": false, "profile_background_color": "C0DEED", "profile_background_image_url": "http://abs.twimg.com/images/themes/theme1/bg.png", "profile_background_image_url_https": "https://abs.twimg.com/images/themes/theme1/bg.png", "profile_background_tile": false, "profile_image_url": "http://pbs.twimg.com/profile_images/759326923726217221/TRF8Wl5v_normal.jpg", "profile_image_url_https": "https://pbs.twimg.com/profile_images/759326923726217221/TRF8Wl5v_normal.jpg", "profile_banner_url": "https://pbs.twimg.com/profile_banners/4144760895/1451908157", "profile_link_color": "1DA1F2", "profile_sidebar_border_color": "C0DEED", "profile_sidebar_fill_color": "DDEEF6", "profile_text_color": "333333", "profile_use_background_image": true, "has_extended_profile": true, "default_profile": true, "default_profile_image": false, "following": false, "follow_request_sent": false, "notifications": false, "translator_type": "none", "withheld_in_countries": []}, "geo": null, "coordinates": null, "place": null, "contributors": null, "is_quote_status": false, "retweet_count": 0, "favorite_count": 0, "favorited": false, "retweeted": false, "possibly_sensitive": false, "lang": "en"}