{"created_at": "Sat Aug 20 08:42:57 +0000 2016", "id": 766918431149006849, "id_str": "766918431149006849", "text": "Mike Pence: \u201cAllowing Rape Victims To Have Abortions Will Lead To Women Trying To Get Raped\u201d https://t.co/Xp1SyJBm4j", "truncated": false, "entities": {"hashtags": [], "symbols": [], "user_mentions": [], "urls": [{"url": "https://t.co/Xp1SyJBm4j", "expanded_url": "http://fb.me/7FyvtMDsg", "display_url": "fb.me/7FyvtMDsg", "indices": [93, 116]}]}, "source": "<a href=\"http://www.facebook.com/twitter\" rel=\"nofollow\">Facebook</a>", "in_reply_to_status_id": null, "in_reply_to_status_id_str": null, "in_reply_to_user_id": null, "in_reply_to_user_id_str": null, "in_reply_to_screen_name": null, "user": {"id": 242071863, "id_str": "242071863", "name": "massimo caronti", "screen_name": "saderjm", "location": "italia", "description": "alto 180cm peso 130kg  giardiniere Pensionato Mi interesso di tutto ho fatto il canottaggio il rugby ciclismo tanto tempo e kili fa'.abito in provincia di Como.", "url": "https://t.co/YtO4WJk8yW", "entities": {"url": {"urls": [{"url": "https://t.co/YtO4WJk8yW", "expanded_url": "http://magnum-ondalunga.blogspot.com", "display_url": "magnum-ondalunga.blogspot.com", "indices": [0, 23]}]}, "description": {"urls": []}}, "protected": false, "followers_count": 1160, "friends_count": 1587, "listed_count": 29, "created_at": "Sun Jan 23 21:44:16 +0000 2011", "favourites_count": 16673, "utc_offset": null, "time_zone": null, "geo_enabled": true, "verified": false, "statuses_count": 601475, "lang": null, "contributors_enabled": false, "is_translator": false, "is_translation_enabled": false, "profile_background_color": "000000", "profile_background_image_url": "http://abs.twimg.com/images/themes/theme12/bg.gif", "profile_background_image_url_https": "https://abs.twimg.com/images/themes/theme12/bg.gif", "profile_background_tile": false, "profile_image_url": "http://pbs.twimg.com/profile_images/817719058007257088/uSt1_otd_normal.jpg", "profile_image_url_https": "https://pbs.twimg.com/profile_images/817719058007257088/uSt1_otd_normal.jpg", "profile_banner_url": "https://pbs.twimg.com/profile_banners/242071863/1397347613", "profile_link_color": "9266CC", "profile_sidebar_border_color": "000000", "profile_sidebar_fill_color": "000000", "profile_text_color": "000000", "profile_use_background_image": false, "has_extended_profile": true, "default_profile": false, "default_profile_image": false, "following": false, "follow_request_sent": false, "notifications": false, "translator_type": "none", "withheld_in_countries": []}, "geo": null, "coordinates": null, "place": null, "contributors": null, "is_quote_status": false, "retweet_count": 0, "favorite_count": 0, "favorited": false, "retweeted": false, "possibly_sensitive": false, "lang": "en"}