{"created_at": "Fri Sep 30 03:23:12 +0000 2016", "id": 781695867120222208, "id_str": "781695867120222208", "text": "Mike Pence: \u201cAllowing Rape Victims To Have Abortions Will Lead To Women Trying To Get Raped\u201d", "truncated": false, "entities": {"hashtags": [], "symbols": [], "user_mentions": [], "urls": []}, "source": "<a href=\"http://twitter.com\" rel=\"nofollow\">Twitter Web Client</a>", "in_reply_to_status_id": null, "in_reply_to_status_id_str": null, "in_reply_to_user_id": null, "in_reply_to_user_id_str": null, "in_reply_to_screen_name": null, "user": {"id": 626738048, "id_str": "626738048", "name": "Jacpil", "screen_name": "jappille", "location": "", "description": "", "url": null, "entities": {"description": {"urls": []}}, "protected": false, "followers_count": 534, "friends_count": 4333, "listed_count": 4, "created_at": "Wed Jul 04 19:56:48 +0000 2012", "favourites_count": 5898, "utc_offset": null, "time_zone": null, "geo_enabled": false, "verified": false, "statuses_count": 6148, "lang": null, "contributors_enabled": false, "is_translator": false, "is_translation_enabled": false, "profile_background_color": "000000", "profile_background_image_url": "http://abs.twimg.com/images/themes/theme1/bg.png", "profile_background_image_url_https": "https://abs.twimg.com/images/themes/theme1/bg.png", "profile_background_tile": false, "profile_image_url": "http://pbs.twimg.com/profile_images/785493350396862464/JJS6CsU1_normal.jpg", "profile_image_url_https": "https://pbs.twimg.com/profile_images/785493350396862464/JJS6CsU1_normal.jpg", "profile_banner_url": "https://pbs.twimg.com/profile_banners/626738048/1476111088", "profile_link_color": "FAB81E", "profile_sidebar_border_color": "000000", "profile_sidebar_fill_color": "000000", "profile_text_color": "000000", "profile_use_background_image": false, "has_extended_profile": false, "default_profile": false, "default_profile_image": false, "following": false, "follow_request_sent": false, "notifications": false, "translator_type": "none", "withheld_in_countries": []}, "geo": null, "coordinates": null, "place": null, "contributors": null, "is_quote_status": false, "retweet_count": 0, "favorite_count": 0, "favorited": false, "retweeted": false, "lang": "en"}