{"created_at": "Fri Sep 30 03:20:03 +0000 2016", "id": 781695073515896833, "id_str": "781695073515896833", "text": "Mike Pence: \u201cAllowing Rape Victims To Have Abortions Will Lead To Women Trying To Get Raped\u201d https://t.co/xEYDqLKyPN via @TheNewslo", "truncated": false, "entities": {"hashtags": [], "symbols": [], "user_mentions": [{"screen_name": "TheNewslo", "name": "Newslo", "id": 393693452, "id_str": "393693452", "indices": [121, 131]}], "urls": [{"url": "https://t.co/xEYDqLKyPN", "expanded_url": "http://politicops.com/mike-pence-allowing-rape-victims-abortions-will-lead-women-trying-get-raped/", "display_url": "politicops.com/mike-pence-all\u2026", "indices": [93, 116]}]}, "source": "<a href=\"http://twitter.com\" rel=\"nofollow\">Twitter Web Client</a>", "in_reply_to_status_id": null, "in_reply_to_status_id_str": null, "in_reply_to_user_id": null, "in_reply_to_user_id_str": null, "in_reply_to_screen_name": null, "user": {"id": 18690830, "id_str": "18690830", "name": "Chabochi", "screen_name": "Chabochi", "location": "Tennessee  U.S.A.", "description": "Retired, erudite, well-read; sarcastic as hell, yellow dog Democrat, Peace Corps & Coast Guard; lead surgeon on Ann Coulter's gender re-assignment surgery", "url": null, "entities": {"description": {"urls": []}}, "protected": false, "followers_count": 474, "friends_count": 882, "listed_count": 6, "created_at": "Tue Jan 06 19:32:00 +0000 2009", "favourites_count": 649, "utc_offset": null, "time_zone": null, "geo_enabled": false, "verified": false, "statuses_count": 16489, "lang": null, "contributors_enabled": false, "is_translator": false, "is_translation_enabled": false, "profile_background_color": "131516", "profile_background_image_url": "http://abs.twimg.com/images/themes/theme10/bg.gif", "profile_background_image_url_https": "https://abs.twimg.com/images/themes/theme10/bg.gif", "profile_background_tile": false, "profile_image_url": "http://pbs.twimg.com/profile_images/532427870207889408/Q7vQP5kk_normal.jpeg", "profile_image_url_https": "https://pbs.twimg.com/profile_images/532427870207889408/Q7vQP5kk_normal.jpeg", "profile_banner_url": "https://pbs.twimg.com/profile_banners/18690830/1355269403", "profile_link_color": "AD0927", "profile_sidebar_border_color": "FFFFFF", "profile_sidebar_fill_color": "FAF4AF", "profile_text_color": "1B1BBF", "profile_use_background_image": true, "has_extended_profile": false, "default_profile": false, "default_profile_image": false, "following": false, "follow_request_sent": false, "notifications": false, "translator_type": "none", "withheld_in_countries": []}, "geo": null, "coordinates": null, "place": null, "contributors": null, "is_quote_status": false, "retweet_count": 0, "favorite_count": 0, "favorited": false, "retweeted": false, "possibly_sensitive": false, "lang": "en"}