{"created_at": "Fri Sep 30 02:30:03 +0000 2016", "id": 781682493061750784, "id_str": "781682493061750784", "text": "Mike Pence: \u201cAllowing Rape Victims To Have Abortions Will Lead To Women Trying To Get Raped\u201d https://t.co/XsNXz4PZpn via @TheNewslo", "truncated": false, "entities": {"hashtags": [], "symbols": [], "user_mentions": [{"screen_name": "TheNewslo", "name": "Newslo", "id": 393693452, "id_str": "393693452", "indices": [121, 131]}], "urls": [{"url": "https://t.co/XsNXz4PZpn", "expanded_url": "http://politicops.com/mike-pence-allowing-rape-victims-abortions-will-lead-women-trying-get-raped/", "display_url": "politicops.com/mike-pence-all\u2026", "indices": [93, 116]}]}, "source": "<a href=\"http://twitter.com\" rel=\"nofollow\">Twitter Web Client</a>", "in_reply_to_status_id": null, "in_reply_to_status_id_str": null, "in_reply_to_user_id": null, "in_reply_to_user_id_str": null, "in_reply_to_screen_name": null, "user": {"id": 22064255, "id_str": "22064255", "name": "Comella", "screen_name": "starfirst", "location": "", "description": "#The25thAmendmentNow!!!!", "url": "https://t.co/GlWe7AneEJ", "entities": {"url": {"urls": [{"url": "https://t.co/GlWe7AneEJ", "expanded_url": "https://www.facebook.com/Forward2012Usa", "display_url": "facebook.com/Forward2012Usa", "indices": [0, 23]}]}, "description": {"urls": []}}, "protected": false, "followers_count": 21498, "friends_count": 11548, "listed_count": 216, "created_at": "Thu Feb 26 21:24:09 +0000 2009", "favourites_count": 123527, "utc_offset": null, "time_zone": null, "geo_enabled": true, "verified": false, "statuses_count": 362360, "lang": null, "contributors_enabled": false, "is_translator": false, "is_translation_enabled": false, "profile_background_color": "F5ABB5", "profile_background_image_url": "http://abs.twimg.com/images/themes/theme15/bg.png", "profile_background_image_url_https": "https://abs.twimg.com/images/themes/theme15/bg.png", "profile_background_tile": false, "profile_image_url": "http://pbs.twimg.com/profile_images/867923416262815745/WyPFnsXc_normal.jpg", "profile_image_url_https": "https://pbs.twimg.com/profile_images/867923416262815745/WyPFnsXc_normal.jpg", "profile_banner_url": "https://pbs.twimg.com/profile_banners/22064255/1597188633", "profile_link_color": "3B94D9", "profile_sidebar_border_color": "FFFFFF", "profile_sidebar_fill_color": "C0DFEC", "profile_text_color": "333333", "profile_use_background_image": true, "has_extended_profile": false, "default_profile": false, "default_profile_image": false, "following": false, "follow_request_sent": false, "notifications": false, "translator_type": "none", "withheld_in_countries": []}, "geo": null, "coordinates": null, "place": null, "contributors": null, "is_quote_status": false, "retweet_count": 94, "favorite_count": 63, "favorited": false, "retweeted": false, "possibly_sensitive": false, "lang": "en"}