{"created_at": "Fri Sep 30 05:02:52 +0000 2016", "id": 781720949611790336, "id_str": "781720949611790336", "text": "Mike Pence: \u201cAllowing Rape Victims To Have Abortions Will Lead To Women Trying To Get Raped\u201d https://t.co/GMbWs7ze69 via @TheNewslo", "truncated": false, "entities": {"hashtags": [], "symbols": [], "user_mentions": [{"screen_name": "TheNewslo", "name": "Newslo", "id": 393693452, "id_str": "393693452", "indices": [121, 131]}], "urls": [{"url": "https://t.co/GMbWs7ze69", "expanded_url": "http://politicops.com/mike-pence-allowing-rape-victims-abortions-will-lead-women-trying-get-raped/", "display_url": "politicops.com/mike-pence-all\u2026", "indices": [93, 116]}]}, "source": "<a href=\"http://mobile.twitter.com\" rel=\"nofollow\">Mobile Web</a>", "in_reply_to_status_id": null, "in_reply_to_status_id_str": null, "in_reply_to_user_id": null, "in_reply_to_user_id_str": null, "in_reply_to_screen_name": null, "user": {"id": 924643506, "id_str": "924643506", "name": "Michael", "screen_name": "Mikew1767", "location": "", "description": "", "url": null, "entities": {"description": {"urls": []}}, "protected": false, "followers_count": 483, "friends_count": 1823, "listed_count": 11, "created_at": "Sun Nov 04 04:38:14 +0000 2012", "favourites_count": 1858, "utc_offset": null, "time_zone": null, "geo_enabled": false, "verified": false, "statuses_count": 16708, "lang": null, "contributors_enabled": false, "is_translator": false, "is_translation_enabled": false, "profile_background_color": "0E0D02", "profile_background_image_url": "http://abs.twimg.com/images/themes/theme1/bg.png", "profile_background_image_url_https": "https://abs.twimg.com/images/themes/theme1/bg.png", "profile_background_tile": false, "profile_image_url": "http://pbs.twimg.com/profile_images/2804284584/682829d9c082ad37c4d86068e1fe125b_normal.jpeg", "profile_image_url_https": "https://pbs.twimg.com/profile_images/2804284584/682829d9c082ad37c4d86068e1fe125b_normal.jpeg", "profile_link_color": "895429", "profile_sidebar_border_color": "BEDFB6", "profile_sidebar_fill_color": "0E0D02", "profile_text_color": "39BD91", "profile_use_background_image": true, "has_extended_profile": false, "default_profile": false, "default_profile_image": false, "following": false, "follow_request_sent": false, "notifications": false, "translator_type": "none", "withheld_in_countries": []}, "geo": null, "coordinates": null, "place": null, "contributors": null, "is_quote_status": false, "retweet_count": 0, "favorite_count": 0, "favorited": false, "retweeted": false, "possibly_sensitive": false, "lang": "en"}