{"created_at": "Fri Sep 30 06:00:36 +0000 2016", "id": 781735478668189696, "id_str": "781735478668189696", "text": "Mike Pence: \u201cAllowing Rape Victims To Have Abortions Will Lead To Women Trying To Get Raped\u201d https://t.co/UW7FydFPwh", "truncated": false, "entities": {"hashtags": [], "symbols": [], "user_mentions": [], "urls": [{"url": "https://t.co/UW7FydFPwh", "expanded_url": "http://fb.me/3g7nsOF3k", "display_url": "fb.me/3g7nsOF3k", "indices": [93, 116]}]}, "source": "<a href=\"http://www.facebook.com/twitter\" rel=\"nofollow\">Facebook</a>", "in_reply_to_status_id": null, "in_reply_to_status_id_str": null, "in_reply_to_user_id": null, "in_reply_to_user_id_str": null, "in_reply_to_screen_name": null, "user": {"id": 77897694, "id_str": "77897694", "name": "Domin L Somer", "screen_name": "oneness101", "location": "", "description": "", "url": null, "entities": {"description": {"urls": []}}, "protected": false, "followers_count": 2, "friends_count": 41, "listed_count": 0, "created_at": "Mon Sep 28 02:12:22 +0000 2009", "favourites_count": 2, "utc_offset": null, "time_zone": null, "geo_enabled": true, "verified": false, "statuses_count": 4118, "lang": null, "contributors_enabled": false, "is_translator": false, "is_translation_enabled": false, "profile_background_color": "642D8B", "profile_background_image_url": "http://abs.twimg.com/images/themes/theme10/bg.gif", "profile_background_image_url_https": "https://abs.twimg.com/images/themes/theme10/bg.gif", "profile_background_tile": true, "profile_image_url": "http://abs.twimg.com/sticky/default_profile_images/default_profile_normal.png", "profile_image_url_https": "https://abs.twimg.com/sticky/default_profile_images/default_profile_normal.png", "profile_link_color": "FF0000", "profile_sidebar_border_color": "65B0DA", "profile_sidebar_fill_color": "7AC3EE", "profile_text_color": "3D1957", "profile_use_background_image": true, "has_extended_profile": false, "default_profile": false, "default_profile_image": true, "following": false, "follow_request_sent": false, "notifications": false, "translator_type": "none", "withheld_in_countries": []}, "geo": null, "coordinates": null, "place": null, "contributors": null, "is_quote_status": false, "retweet_count": 0, "favorite_count": 0, "favorited": false, "retweeted": false, "possibly_sensitive": false, "lang": "en"}