{"created_at": "Fri Sep 30 12:59:01 +0000 2016", "id": 781840774174564353, "id_str": "781840774174564353", "text": "Mike Pence: \u201cAllowing Rape Victims To Have Abortions Will Lead To Women Trying To Get Raped\u201d https://t.co/wwatnSyf8d", "truncated": false, "entities": {"hashtags": [], "symbols": [], "user_mentions": [], "urls": [{"url": "https://t.co/wwatnSyf8d", "expanded_url": "http://fb.me/2zGiRybDQ", "display_url": "fb.me/2zGiRybDQ", "indices": [93, 116]}]}, "source": "<a href=\"http://www.facebook.com/twitter\" rel=\"nofollow\">Facebook</a>", "in_reply_to_status_id": null, "in_reply_to_status_id_str": null, "in_reply_to_user_id": null, "in_reply_to_user_id_str": null, "in_reply_to_screen_name": null, "user": {"id": 36467899, "id_str": "36467899", "name": "K8", "screen_name": "musecian", "location": "USA", "description": "", "url": null, "entities": {"description": {"urls": []}}, "protected": false, "followers_count": 374, "friends_count": 808, "listed_count": 1, "created_at": "Wed Apr 29 20:21:26 +0000 2009", "favourites_count": 52090, "utc_offset": null, "time_zone": null, "geo_enabled": false, "verified": false, "statuses_count": 96197, "lang": null, "contributors_enabled": false, "is_translator": false, "is_translation_enabled": false, "profile_background_color": "000000", "profile_background_image_url": "http://abs.twimg.com/images/themes/theme9/bg.gif", "profile_background_image_url_https": "https://abs.twimg.com/images/themes/theme9/bg.gif", "profile_background_tile": false, "profile_image_url": "http://pbs.twimg.com/profile_images/1100855797037248512/okpnB6KR_normal.png", "profile_image_url_https": "https://pbs.twimg.com/profile_images/1100855797037248512/okpnB6KR_normal.png", "profile_banner_url": "https://pbs.twimg.com/profile_banners/36467899/1551294254", "profile_link_color": "000000", "profile_sidebar_border_color": "181A1E", "profile_sidebar_fill_color": "252429", "profile_text_color": "666666", "profile_use_background_image": false, "has_extended_profile": false, "default_profile": false, "default_profile_image": false, "following": false, "follow_request_sent": false, "notifications": false, "translator_type": "none", "withheld_in_countries": []}, "geo": null, "coordinates": null, "place": null, "contributors": null, "is_quote_status": false, "retweet_count": 0, "favorite_count": 0, "favorited": false, "retweeted": false, "possibly_sensitive": false, "lang": "en"}