{"created_at": "Fri Sep 30 10:43:03 +0000 2016", "id": 781806556996333568, "id_str": "781806556996333568", "text": "Mike Pence: \u201cAllowing Rape Victims To Have Abortions Will Lead To Women Trying To Get Raped\u201d https://t.co/In20cjo0cu", "truncated": false, "entities": {"hashtags": [], "symbols": [], "user_mentions": [], "urls": [{"url": "https://t.co/In20cjo0cu", "expanded_url": "http://fb.me/8csrdHlkZ", "display_url": "fb.me/8csrdHlkZ", "indices": [93, 116]}]}, "source": "<a href=\"http://www.facebook.com/twitter\" rel=\"nofollow\">Facebook</a>", "in_reply_to_status_id": null, "in_reply_to_status_id_str": null, "in_reply_to_user_id": null, "in_reply_to_user_id_str": null, "in_reply_to_screen_name": null, "user": {"id": 16332027, "id_str": "16332027", "name": "Likipedia", "screen_name": "Likipedia", "location": "Freakin' Florida", "description": "Nick Molinari, Aspersion caster, on-looker, by-stander...", "url": "https://t.co/x2IS8bJjjU", "entities": {"url": {"urls": [{"url": "https://t.co/x2IS8bJjjU", "expanded_url": "http://www.facebook.com/nick.molinari", "display_url": "facebook.com/nick.molinari", "indices": [0, 23]}]}, "description": {"urls": []}}, "protected": false, "followers_count": 159, "friends_count": 1030, "listed_count": 4, "created_at": "Wed Sep 17 16:37:22 +0000 2008", "favourites_count": 1926, "utc_offset": null, "time_zone": null, "geo_enabled": false, "verified": false, "statuses_count": 9525, "lang": null, "contributors_enabled": false, "is_translator": false, "is_translation_enabled": false, "profile_background_color": "9AE4E8", "profile_background_image_url": "http://abs.twimg.com/images/themes/theme1/bg.png", "profile_background_image_url_https": "https://abs.twimg.com/images/themes/theme1/bg.png", "profile_background_tile": true, "profile_image_url": "http://pbs.twimg.com/profile_images/636146161204744192/SgLOKRBT_normal.jpg", "profile_image_url_https": "https://pbs.twimg.com/profile_images/636146161204744192/SgLOKRBT_normal.jpg", "profile_banner_url": "https://pbs.twimg.com/profile_banners/16332027/1359733936", "profile_link_color": "0084B4", "profile_sidebar_border_color": "BDDCAD", "profile_sidebar_fill_color": "DDFFCC", "profile_text_color": "333333", "profile_use_background_image": true, "has_extended_profile": true, "default_profile": false, "default_profile_image": false, "following": false, "follow_request_sent": false, "notifications": false, "translator_type": "none", "withheld_in_countries": []}, "geo": null, "coordinates": null, "place": null, "contributors": null, "is_quote_status": false, "retweet_count": 0, "favorite_count": 0, "favorited": false, "retweeted": false, "possibly_sensitive": false, "lang": "en"}