{"created_at": "Fri Sep 30 18:44:52 +0000 2016", "id": 781927809828659200, "id_str": "781927809828659200", "text": "Mike Pence: \u201cAllowing Rape Victims To Have Abortions Will Lead To Women Trying To Get Raped\u201d https://t.co/kTilyKf6uQ   Grad of Trump Univ?", "truncated": false, "entities": {"hashtags": [], "symbols": [], "user_mentions": [], "urls": [{"url": "https://t.co/kTilyKf6uQ", "expanded_url": "http://politicops.com/mike-pence-allowing-rape-victims-abortions-will-lead-women-trying-get-raped/", "display_url": "politicops.com/mike-pence-all\u2026", "indices": [93, 116]}]}, "source": "<a href=\"http://twitter.com\" rel=\"nofollow\">Twitter Web Client</a>", "in_reply_to_status_id": null, "in_reply_to_status_id_str": null, "in_reply_to_user_id": null, "in_reply_to_user_id_str": null, "in_reply_to_screen_name": null, "user": {"id": 17091238, "id_str": "17091238", "name": "Gary", "screen_name": "garynet", "location": "", "description": "Liberal; Secular; ACLU; MOW office; Soup Kitchen; Diversity; Law; Technology; Photography; ESL Tutor; English Cafe; Library Computer Tutor; Courthouse Info Desk", "url": null, "entities": {"description": {"urls": []}}, "protected": false, "followers_count": 540, "friends_count": 591, "listed_count": 0, "created_at": "Fri Oct 31 19:36:11 +0000 2008", "favourites_count": 19, "utc_offset": null, "time_zone": null, "geo_enabled": false, "verified": false, "statuses_count": 65170, "lang": null, "contributors_enabled": false, "is_translator": false, "is_translation_enabled": false, "profile_background_color": "8B542B", "profile_background_image_url": "http://abs.twimg.com/images/themes/theme8/bg.gif", "profile_background_image_url_https": "https://abs.twimg.com/images/themes/theme8/bg.gif", "profile_background_tile": false, "profile_image_url": "http://pbs.twimg.com/profile_images/432532803113058304/giuMm32i_normal.jpeg", "profile_image_url_https": "https://pbs.twimg.com/profile_images/432532803113058304/giuMm32i_normal.jpeg", "profile_link_color": "9D582E", "profile_sidebar_border_color": "FFFFFF", "profile_sidebar_fill_color": "EADEAA", "profile_text_color": "333333", "profile_use_background_image": true, "has_extended_profile": false, "default_profile": false, "default_profile_image": false, "following": false, "follow_request_sent": false, "notifications": false, "translator_type": "none", "withheld_in_countries": []}, "geo": null, "coordinates": null, "place": null, "contributors": null, "is_quote_status": false, "retweet_count": 0, "favorite_count": 0, "favorited": false, "retweeted": false, "possibly_sensitive": false, "lang": "en"}