{"created_at": "Fri Sep 30 23:20:09 +0000 2016", "id": 781997088259407872, "id_str": "781997088259407872", "text": "Mike Pence: \u201cAllowing Rape Victims To Have Abortions Will Lead To Women Trying To Get Raped\u201d https://t.co/aiuUg4wzmJ via @TheNewsloI # Hate", "truncated": false, "entities": {"hashtags": [], "symbols": [], "user_mentions": [], "urls": [{"url": "https://t.co/aiuUg4wzmJ", "expanded_url": "http://ln.is/politicops.com/vatgk", "display_url": "ln.is/politicops.com\u2026", "indices": [93, 116]}]}, "source": "<a href=\"http://linkis.com\" rel=\"nofollow\">Linkis: turn sharing into growth</a>", "in_reply_to_status_id": null, "in_reply_to_status_id_str": null, "in_reply_to_user_id": null, "in_reply_to_user_id_str": null, "in_reply_to_screen_name": null, "user": {"id": 2176046582, "id_str": "2176046582", "name": "Michael Manlove", "screen_name": "mikelm31", "location": "Ky. New Concord", "description": "Retired ,Cancer survivor , fishing , and the Beauty of Ky.,Three years in Marines during Vietnam War, Thirty years at GM , Resist, Happily Married", "url": "https://t.co/F5h9TjQ7q2", "entities": {"url": {"urls": [{"url": "https://t.co/F5h9TjQ7q2", "expanded_url": "http://msn.com", "display_url": "msn.com", "indices": [0, 23]}]}, "description": {"urls": []}}, "protected": false, "followers_count": 14314, "friends_count": 15326, "listed_count": 127, "created_at": "Tue Nov 05 13:07:14 +0000 2013", "favourites_count": 133148, "utc_offset": null, "time_zone": null, "geo_enabled": true, "verified": false, "statuses_count": 192604, "lang": null, "contributors_enabled": false, "is_translator": false, "is_translation_enabled": false, "profile_background_color": "C0DEED", "profile_background_image_url": "http://abs.twimg.com/images/themes/theme1/bg.png", "profile_background_image_url_https": "https://abs.twimg.com/images/themes/theme1/bg.png", "profile_background_tile": false, "profile_image_url": "http://pbs.twimg.com/profile_images/839569819393470464/vI_hwpAD_normal.jpg", "profile_image_url_https": "https://pbs.twimg.com/profile_images/839569819393470464/vI_hwpAD_normal.jpg", "profile_banner_url": "https://pbs.twimg.com/profile_banners/2176046582/1489003990", "profile_link_color": "0054B3", "profile_sidebar_border_color": "C0DEED", "profile_sidebar_fill_color": "DDEEF6", "profile_text_color": "333333", "profile_use_background_image": true, "has_extended_profile": true, "default_profile": false, "default_profile_image": false, "following": false, "follow_request_sent": false, "notifications": false, "translator_type": "none", "withheld_in_countries": []}, "geo": null, "coordinates": null, "place": null, "contributors": null, "is_quote_status": false, "retweet_count": 3, "favorite_count": 2, "favorited": false, "retweeted": false, "possibly_sensitive": false, "lang": "en"}