{"created_at": "Fri Sep 30 20:56:26 +0000 2016", "id": 781960919748194305, "id_str": "781960919748194305", "text": "Mike Pence: \u201cAllowing Rape Victims To Have Abortions Will Lead To Women Trying To Get Raped\u201d https://t.co/mUImEHuCia via @TheNewslo", "truncated": false, "entities": {"hashtags": [], "symbols": [], "user_mentions": [{"screen_name": "TheNewslo", "name": "Newslo", "id": 393693452, "id_str": "393693452", "indices": [121, 131]}], "urls": [{"url": "https://t.co/mUImEHuCia", "expanded_url": "http://politicops.com/mike-pence-allowing-rape-victims-abortions-will-lead-women-trying-get-raped/", "display_url": "politicops.com/mike-pence-all\u2026", "indices": [93, 116]}]}, "source": "<a href=\"http://twitter.com\" rel=\"nofollow\">Twitter Web Client</a>", "in_reply_to_status_id": null, "in_reply_to_status_id_str": null, "in_reply_to_user_id": null, "in_reply_to_user_id_str": null, "in_reply_to_screen_name": null, "user": {"id": 16270415, "id_str": "16270415", "name": "Kitte - #4StrongYears", "screen_name": "kiteie", "location": "", "description": "'We'll govern for everyone'-PM Trudeau \n\n\u201cIf all you\u2019re doing is casting stones, you\u2019re probably not going to get that far\u201d-FP Obama", "url": null, "entities": {"description": {"urls": []}}, "protected": false, "followers_count": 872, "friends_count": 1073, "listed_count": 4, "created_at": "Sat Sep 13 10:30:53 +0000 2008", "favourites_count": 12503, "utc_offset": null, "time_zone": null, "geo_enabled": true, "verified": false, "statuses_count": 92667, "lang": null, "contributors_enabled": false, "is_translator": false, "is_translation_enabled": false, "profile_background_color": "000000", "profile_background_image_url": "http://abs.twimg.com/images/themes/theme1/bg.png", "profile_background_image_url_https": "https://abs.twimg.com/images/themes/theme1/bg.png", "profile_background_tile": false, "profile_image_url": "http://pbs.twimg.com/profile_images/822636295906361345/6JTvy7dW_normal.jpg", "profile_image_url_https": "https://pbs.twimg.com/profile_images/822636295906361345/6JTvy7dW_normal.jpg", "profile_banner_url": "https://pbs.twimg.com/profile_banners/16270415/1484966713", "profile_link_color": "981CEB", "profile_sidebar_border_color": "000000", "profile_sidebar_fill_color": "000000", "profile_text_color": "000000", "profile_use_background_image": false, "has_extended_profile": false, "default_profile": false, "default_profile_image": false, "following": false, "follow_request_sent": false, "notifications": false, "translator_type": "none", "withheld_in_countries": []}, "geo": null, "coordinates": null, "place": null, "contributors": null, "is_quote_status": false, "retweet_count": 2, "favorite_count": 0, "favorited": false, "retweeted": false, "possibly_sensitive": false, "lang": "en"}