{"created_at": "Fri Sep 30 21:39:35 +0000 2016", "id": 781971781267501057, "id_str": "781971781267501057", "text": "Mike Pence: \u201cAllowing Rape Victims To Have Abortions Will Lead To Women Trying To Get Raped\u201d https://t.co/givKpQDC2p", "truncated": false, "entities": {"hashtags": [], "symbols": [], "user_mentions": [], "urls": [{"url": "https://t.co/givKpQDC2p", "expanded_url": "http://fb.me/7nfPJSu6j", "display_url": "fb.me/7nfPJSu6j", "indices": [93, 116]}]}, "source": "<a href=\"http://www.facebook.com/twitter\" rel=\"nofollow\">Facebook</a>", "in_reply_to_status_id": null, "in_reply_to_status_id_str": null, "in_reply_to_user_id": null, "in_reply_to_user_id_str": null, "in_reply_to_screen_name": null, "user": {"id": 304356826, "id_str": "304356826", "name": "melvin wayne moody", "screen_name": "melvinmoody", "location": "Paducah,Ky", "description": "Soon be 75.Widower.Retired. On , Twitter, MySpace. Has web site https://t.co/uJgut6tVnk", "url": "https://t.co/uJgut6tVnk", "entities": {"url": {"urls": [{"url": "https://t.co/uJgut6tVnk", "expanded_url": "http://www.wmwm-radio-com.webs.com", "display_url": "wmwm-radio-com.webs.com", "indices": [0, 23]}]}, "description": {"urls": [{"url": "https://t.co/uJgut6tVnk", "expanded_url": "http://www.wmwm-radio-com.webs.com", "display_url": "wmwm-radio-com.webs.com", "indices": [64, 87]}]}}, "protected": false, "followers_count": 7, "friends_count": 35, "listed_count": 0, "created_at": "Tue May 24 11:25:27 +0000 2011", "favourites_count": 1, "utc_offset": null, "time_zone": null, "geo_enabled": true, "verified": false, "statuses_count": 4447, "lang": null, "contributors_enabled": false, "is_translator": false, "is_translation_enabled": false, "profile_background_color": "000000", "profile_background_image_url": "http://abs.twimg.com/images/themes/theme4/bg.gif", "profile_background_image_url_https": "https://abs.twimg.com/images/themes/theme4/bg.gif", "profile_background_tile": false, "profile_image_url": "http://pbs.twimg.com/profile_images/983306906038095872/iOE1J-F6_normal.jpg", "profile_image_url_https": "https://pbs.twimg.com/profile_images/983306906038095872/iOE1J-F6_normal.jpg", "profile_banner_url": "https://pbs.twimg.com/profile_banners/304356826/1523273571", "profile_link_color": "91D2FA", "profile_sidebar_border_color": "D9B17E", "profile_sidebar_fill_color": "EADEAA", "profile_text_color": "333333", "profile_use_background_image": true, "has_extended_profile": true, "default_profile": false, "default_profile_image": false, "following": false, "follow_request_sent": false, "notifications": false, "translator_type": "none", "withheld_in_countries": []}, "geo": null, "coordinates": null, "place": null, "contributors": null, "is_quote_status": false, "retweet_count": 0, "favorite_count": 0, "favorited": false, "retweeted": false, "possibly_sensitive": false, "lang": "en"}