{"created_at": "Fri Sep 30 23:40:10 +0000 2016", "id": 782002125693825024, "id_str": "782002125693825024", "text": "Mike Pence: \u201cAllowing Rape Victims To Have Abortions Will Lead To Women Trying To Get Raped\u201d https://t.co/0ffDIhu2Uo via @TheNewslo", "truncated": false, "entities": {"hashtags": [], "symbols": [], "user_mentions": [{"screen_name": "TheNewslo", "name": "Newslo", "id": 393693452, "id_str": "393693452", "indices": [121, 131]}], "urls": [{"url": "https://t.co/0ffDIhu2Uo", "expanded_url": "http://politicops.com/mike-pence-allowing-rape-victims-abortions-will-lead-women-trying-get-raped/", "display_url": "politicops.com/mike-pence-all\u2026", "indices": [93, 116]}]}, "source": "<a href=\"http://twitter.com\" rel=\"nofollow\">Twitter Web Client</a>", "in_reply_to_status_id": null, "in_reply_to_status_id_str": null, "in_reply_to_user_id": null, "in_reply_to_user_id_str": null, "in_reply_to_screen_name": null, "user": {"id": 134021103, "id_str": "134021103", "name": "Von Coates", "screen_name": "eagoodlife", "location": "Blogging at", "description": "Author, adoptee, Murdoch Press boycotter, activist, optimistic realist, \"sexist dinosaur\", 'baby boomer harpie'", "url": "https://t.co/j21qRK0pE5", "entities": {"url": {"urls": [{"url": "https://t.co/j21qRK0pE5", "expanded_url": "http://eagoodlife.wordpress.com", "display_url": "eagoodlife.wordpress.com", "indices": [0, 23]}]}, "description": {"urls": []}}, "protected": false, "followers_count": 601, "friends_count": 856, "listed_count": 47, "created_at": "Sat Apr 17 07:13:21 +0000 2010", "favourites_count": 815, "utc_offset": null, "time_zone": null, "geo_enabled": false, "verified": false, "statuses_count": 19058, "lang": null, "contributors_enabled": false, "is_translator": false, "is_translation_enabled": false, "profile_background_color": "000000", "profile_background_image_url": "http://abs.twimg.com/images/themes/theme1/bg.png", "profile_background_image_url_https": "https://abs.twimg.com/images/themes/theme1/bg.png", "profile_background_tile": false, "profile_image_url": "http://pbs.twimg.com/profile_images/427614495892967425/_IoE3taZ_normal.jpeg", "profile_image_url_https": "https://pbs.twimg.com/profile_images/427614495892967425/_IoE3taZ_normal.jpeg", "profile_banner_url": "https://pbs.twimg.com/profile_banners/134021103/1405390532", "profile_link_color": "9266CC", "profile_sidebar_border_color": "000000", "profile_sidebar_fill_color": "000000", "profile_text_color": "000000", "profile_use_background_image": false, "has_extended_profile": true, "default_profile": false, "default_profile_image": false, "following": false, "follow_request_sent": false, "notifications": false, "translator_type": "none", "withheld_in_countries": []}, "geo": null, "coordinates": null, "place": null, "contributors": null, "is_quote_status": false, "retweet_count": 0, "favorite_count": 0, "favorited": false, "retweeted": false, "possibly_sensitive": false, "lang": "en"}