{"created_at": "Sat Oct 01 09:12:13 +0000 2016", "id": 782146086588723200, "id_str": "782146086588723200", "text": "Mike Pence: \u201cAllowing Rape Victims To Have Abortions Will Lead To Women Trying To Get Raped\u201d https://t.co/QTCBjBEYVX", "truncated": false, "entities": {"hashtags": [], "symbols": [], "user_mentions": [], "urls": [{"url": "https://t.co/QTCBjBEYVX", "expanded_url": "http://fb.me/1mipSkOrh", "display_url": "fb.me/1mipSkOrh", "indices": [93, 116]}]}, "source": "<a href=\"http://www.facebook.com/twitter\" rel=\"nofollow\">Facebook</a>", "in_reply_to_status_id": null, "in_reply_to_status_id_str": null, "in_reply_to_user_id": null, "in_reply_to_user_id_str": null, "in_reply_to_screen_name": null, "user": {"id": 134862032, "id_str": "134862032", "name": "Jay Kloosterman", "screen_name": "Jkloosterman", "location": "Galesburg, MI", "description": "", "url": null, "entities": {"description": {"urls": []}}, "protected": false, "followers_count": 525, "friends_count": 2277, "listed_count": 18, "created_at": "Mon Apr 19 17:19:33 +0000 2010", "favourites_count": 32, "utc_offset": null, "time_zone": null, "geo_enabled": false, "verified": false, "statuses_count": 43617, "lang": null, "contributors_enabled": false, "is_translator": false, "is_translation_enabled": false, "profile_background_color": "131516", "profile_background_image_url": "http://abs.twimg.com/images/themes/theme14/bg.gif", "profile_background_image_url_https": "https://abs.twimg.com/images/themes/theme14/bg.gif", "profile_background_tile": true, "profile_image_url": "http://pbs.twimg.com/profile_images/1208829880923836418/pY1bXQgs_normal.jpg", "profile_image_url_https": "https://pbs.twimg.com/profile_images/1208829880923836418/pY1bXQgs_normal.jpg", "profile_link_color": "009999", "profile_sidebar_border_color": "EEEEEE", "profile_sidebar_fill_color": "EFEFEF", "profile_text_color": "333333", "profile_use_background_image": true, "has_extended_profile": true, "default_profile": false, "default_profile_image": false, "following": false, "follow_request_sent": false, "notifications": false, "translator_type": "none", "withheld_in_countries": []}, "geo": null, "coordinates": null, "place": null, "contributors": null, "is_quote_status": false, "retweet_count": 0, "favorite_count": 0, "favorited": false, "retweeted": false, "possibly_sensitive": false, "lang": "en"}