{"created_at": "Sat Oct 01 09:00:48 +0000 2016", "id": 782143215264796673, "id_str": "782143215264796673", "text": "Mike Pence: \u201cAllowing Rape Victims To Have Abortions Will Lead To Women Trying To Get Raped\u201d https://t.co/QvEIHLCADA", "truncated": false, "entities": {"hashtags": [], "symbols": [], "user_mentions": [], "urls": [{"url": "https://t.co/QvEIHLCADA", "expanded_url": "http://fb.me/2lEpCGlaQ", "display_url": "fb.me/2lEpCGlaQ", "indices": [93, 116]}]}, "source": "<a href=\"http://www.facebook.com/twitter\" rel=\"nofollow\">Facebook</a>", "in_reply_to_status_id": null, "in_reply_to_status_id_str": null, "in_reply_to_user_id": null, "in_reply_to_user_id_str": null, "in_reply_to_screen_name": null, "user": {"id": 1905464682, "id_str": "1905464682", "name": "Loren Fox Palm Springs Realtor", "screen_name": "LiveThePSLife", "location": "Palm Springs California ", "description": "Palm Springs Realtor Loren Fox ~ KWHomes International 760.534.2499 Free Copy of 'What You Get For the Money Palm Springs' LiveThePalmSpringsLife@Gmail.com", "url": null, "entities": {"description": {"urls": []}}, "protected": false, "followers_count": 1287, "friends_count": 4991, "listed_count": 5, "created_at": "Wed Sep 25 21:47:08 +0000 2013", "favourites_count": 16556, "utc_offset": null, "time_zone": null, "geo_enabled": false, "verified": false, "statuses_count": 36527, "lang": null, "contributors_enabled": false, "is_translator": false, "is_translation_enabled": false, "profile_background_color": "000000", "profile_background_image_url": "http://abs.twimg.com/images/themes/theme4/bg.gif", "profile_background_image_url_https": "https://abs.twimg.com/images/themes/theme4/bg.gif", "profile_background_tile": false, "profile_image_url": "http://pbs.twimg.com/profile_images/1347411942994890753/yDuqSw0X_normal.jpg", "profile_image_url_https": "https://pbs.twimg.com/profile_images/1347411942994890753/yDuqSw0X_normal.jpg", "profile_banner_url": "https://pbs.twimg.com/profile_banners/1905464682/1580502216", "profile_link_color": "E81C4F", "profile_sidebar_border_color": "000000", "profile_sidebar_fill_color": "000000", "profile_text_color": "000000", "profile_use_background_image": false, "has_extended_profile": false, "default_profile": false, "default_profile_image": false, "following": false, "follow_request_sent": false, "notifications": false, "translator_type": "none", "withheld_in_countries": []}, "geo": null, "coordinates": null, "place": null, "contributors": null, "is_quote_status": false, "retweet_count": 0, "favorite_count": 0, "favorited": false, "retweeted": false, "possibly_sensitive": false, "lang": "en"}