{"created_at": "Sat Oct 01 14:52:01 +0000 2016", "id": 782231600981348352, "id_str": "782231600981348352", "text": "Mike Pence: \u201cAllowing Rape Victims To Have Abortions Will Lead To Women Trying To Get Raped\u201d https://t.co/KEUpCK0sDy", "truncated": false, "entities": {"hashtags": [], "symbols": [], "user_mentions": [], "urls": [{"url": "https://t.co/KEUpCK0sDy", "expanded_url": "http://fb.me/4NKxW1gzM", "display_url": "fb.me/4NKxW1gzM", "indices": [93, 116]}]}, "source": "<a href=\"http://www.facebook.com/twitter\" rel=\"nofollow\">Facebook</a>", "in_reply_to_status_id": null, "in_reply_to_status_id_str": null, "in_reply_to_user_id": null, "in_reply_to_user_id_str": null, "in_reply_to_screen_name": null, "user": {"id": 149927835, "id_str": "149927835", "name": "Pet Loss Support", "screen_name": "Andrea_Keith", "location": "Irvine, California, USA", "description": "Pet Loss Support Group. For more therapy, such as Anger Management; Relationship Boot Camp for Codependency; and Gambling Addiction. Visit the link below.", "url": "http://t.co/mKM0GFbBsJ", "entities": {"url": {"urls": [{"url": "http://t.co/mKM0GFbBsJ", "expanded_url": "http://www.time4therapy.com", "display_url": "time4therapy.com", "indices": [0, 22]}]}, "description": {"urls": []}}, "protected": false, "followers_count": 790, "friends_count": 2072, "listed_count": 0, "created_at": "Sun May 30 15:59:39 +0000 2010", "favourites_count": 265, "utc_offset": null, "time_zone": null, "geo_enabled": true, "verified": false, "statuses_count": 32535, "lang": null, "contributors_enabled": false, "is_translator": false, "is_translation_enabled": false, "profile_background_color": "BA9D4F", "profile_background_image_url": "http://abs.twimg.com/images/themes/theme11/bg.gif", "profile_background_image_url_https": "https://abs.twimg.com/images/themes/theme11/bg.gif", "profile_background_tile": true, "profile_image_url": "http://pbs.twimg.com/profile_images/3305171020/18426f91cf1350afdd17880a6b422d12_normal.jpeg", "profile_image_url_https": "https://pbs.twimg.com/profile_images/3305171020/18426f91cf1350afdd17880a6b422d12_normal.jpeg", "profile_banner_url": "https://pbs.twimg.com/profile_banners/149927835/1359244668", "profile_link_color": "DD3463", "profile_sidebar_border_color": "000000", "profile_sidebar_fill_color": "E5507E", "profile_text_color": "42250A", "profile_use_background_image": true, "has_extended_profile": false, "default_profile": false, "default_profile_image": false, "following": false, "follow_request_sent": false, "notifications": false, "translator_type": "none", "withheld_in_countries": []}, "geo": null, "coordinates": null, "place": null, "contributors": null, "is_quote_status": false, "retweet_count": 0, "favorite_count": 0, "favorited": false, "retweeted": false, "possibly_sensitive": false, "lang": "en"}