{"created_at": "Sat Oct 01 13:17:02 +0000 2016", "id": 782207698129616896, "id_str": "782207698129616896", "text": "Mike Pence: \u201cAllowing Rape Victims To Have Abortions Will Lead To Women Trying To Get Raped\u201d https://t.co/lebnj3gJKp", "truncated": false, "entities": {"hashtags": [], "symbols": [], "user_mentions": [], "urls": [{"url": "https://t.co/lebnj3gJKp", "expanded_url": "http://fb.me/5GQnTliVS", "display_url": "fb.me/5GQnTliVS", "indices": [93, 116]}]}, "source": "<a href=\"http://www.facebook.com/twitter\" rel=\"nofollow\">Facebook</a>", "in_reply_to_status_id": null, "in_reply_to_status_id_str": null, "in_reply_to_user_id": null, "in_reply_to_user_id_str": null, "in_reply_to_screen_name": null, "user": {"id": 1095745710, "id_str": "1095745710", "name": "TrishForsythVoss", "screen_name": "trishforsythvos", "location": "", "description": "", "url": "http://t.co/fIeMOFEsUh", "entities": {"url": {"urls": [{"url": "http://t.co/fIeMOFEsUh", "expanded_url": "http://spiritspeak1.com", "display_url": "spiritspeak1.com", "indices": [0, 22]}]}, "description": {"urls": []}}, "protected": false, "followers_count": 63, "friends_count": 101, "listed_count": 3, "created_at": "Wed Jan 16 16:57:38 +0000 2013", "favourites_count": 1, "utc_offset": null, "time_zone": null, "geo_enabled": false, "verified": false, "statuses_count": 43404, "lang": null, "contributors_enabled": false, "is_translator": false, "is_translation_enabled": false, "profile_background_color": "FCEBB6", "profile_background_image_url": "http://abs.twimg.com/images/themes/theme10/bg.gif", "profile_background_image_url_https": "https://abs.twimg.com/images/themes/theme10/bg.gif", "profile_background_tile": true, "profile_image_url": "http://pbs.twimg.com/profile_images/3264255332/b4c910648f14cab2cea05cb78c2db83a_normal.jpeg", "profile_image_url_https": "https://pbs.twimg.com/profile_images/3264255332/b4c910648f14cab2cea05cb78c2db83a_normal.jpeg", "profile_link_color": "CE7834", "profile_sidebar_border_color": "F0A830", "profile_sidebar_fill_color": "78C0A8", "profile_text_color": "5E412F", "profile_use_background_image": true, "has_extended_profile": false, "default_profile": false, "default_profile_image": false, "following": false, "follow_request_sent": false, "notifications": false, "translator_type": "none", "withheld_in_countries": []}, "geo": null, "coordinates": null, "place": null, "contributors": null, "is_quote_status": false, "retweet_count": 0, "favorite_count": 0, "favorited": false, "retweeted": false, "possibly_sensitive": false, "lang": "en"}