{"created_at": "Sat Oct 01 19:05:13 +0000 2016", "id": 782295321556709376, "id_str": "782295321556709376", "text": "Mike Pence: \u201cAllowing Rape Victims To Have Abortions Will Lead To Women Trying To Get Raped\u201d http://poli   Huh ? This is beyond idiotic !!!", "truncated": false, "entities": {"hashtags": [], "symbols": [], "user_mentions": [], "urls": []}, "source": "<a href=\"http://twitter.com\" rel=\"nofollow\">Twitter Web Client</a>", "in_reply_to_status_id": null, "in_reply_to_status_id_str": null, "in_reply_to_user_id": null, "in_reply_to_user_id_str": null, "in_reply_to_screen_name": null, "user": {"id": 133018525, "id_str": "133018525", "name": "Robert Berger", "screen_name": "mrclassicalmusi", "location": "New Rochelle,NY.", "description": "I'm a former freelance French hornist  and advocate for the popularization of classical music.\r\nMy classical music blog, The Horn, is at http://t.co/LTLk4WOUET", "url": "http://t.co/LTLk4WOUET", "entities": {"url": {"urls": [{"url": "http://t.co/LTLk4WOUET", "expanded_url": "http://blogiversity.org", "display_url": "blogiversity.org", "indices": [0, 22]}]}, "description": {"urls": [{"url": "http://t.co/LTLk4WOUET", "expanded_url": "http://blogiversity.org", "display_url": "blogiversity.org", "indices": [137, 159]}]}}, "protected": false, "followers_count": 542, "friends_count": 1558, "listed_count": 26, "created_at": "Wed Apr 14 20:13:00 +0000 2010", "favourites_count": 13346, "utc_offset": null, "time_zone": null, "geo_enabled": true, "verified": false, "statuses_count": 105852, "lang": null, "contributors_enabled": false, "is_translator": false, "is_translation_enabled": false, "profile_background_color": "C0DEED", "profile_background_image_url": "http://abs.twimg.com/images/themes/theme1/bg.png", "profile_background_image_url_https": "https://abs.twimg.com/images/themes/theme1/bg.png", "profile_background_tile": false, "profile_image_url": "http://pbs.twimg.com/profile_images/1288119818/0324111605_1_normal.jpg", "profile_image_url_https": "https://pbs.twimg.com/profile_images/1288119818/0324111605_1_normal.jpg", "profile_link_color": "1DA1F2", "profile_sidebar_border_color": "C0DEED", "profile_sidebar_fill_color": "DDEEF6", "profile_text_color": "333333", "profile_use_background_image": true, "has_extended_profile": false, "default_profile": true, "default_profile_image": false, "following": false, "follow_request_sent": false, "notifications": false, "translator_type": "none", "withheld_in_countries": []}, "geo": null, "coordinates": null, "place": null, "contributors": null, "is_quote_status": false, "retweet_count": 1, "favorite_count": 0, "favorited": false, "retweeted": false, "lang": "en"}