{"created_at": "Sat Oct 01 12:54:30 +0000 2016", "id": 782202028131057664, "id_str": "782202028131057664", "text": "Mike Pence: \u201cAllowing Rape Victims To Have Abortions Will Lead To Women Trying To Get Raped\u201d https://t.co/pyBllERbf6", "truncated": false, "entities": {"hashtags": [], "symbols": [], "user_mentions": [], "urls": [{"url": "https://t.co/pyBllERbf6", "expanded_url": "http://fb.me/7tbRGcjg5", "display_url": "fb.me/7tbRGcjg5", "indices": [93, 116]}]}, "source": "<a href=\"http://www.facebook.com/twitter\" rel=\"nofollow\">Facebook</a>", "in_reply_to_status_id": null, "in_reply_to_status_id_str": null, "in_reply_to_user_id": null, "in_reply_to_user_id_str": null, "in_reply_to_screen_name": null, "user": {"id": 32800767, "id_str": "32800767", "name": "James E. Sanders Jr", "screen_name": "MPRODUCTIONJS", "location": "San Antonio, Texas", "description": "", "url": "https://t.co/8Lbvs2wx9E", "entities": {"url": {"urls": [{"url": "https://t.co/8Lbvs2wx9E", "expanded_url": "http://www.musicalbridges.org/index.php/bravissimo/videos", "display_url": "musicalbridges.org/index.php/brav\u2026", "indices": [0, 23]}]}, "description": {"urls": []}}, "protected": false, "followers_count": 1102, "friends_count": 4958, "listed_count": 15, "created_at": "Sat Apr 18 05:20:15 +0000 2009", "favourites_count": 26527, "utc_offset": null, "time_zone": null, "geo_enabled": true, "verified": false, "statuses_count": 194216, "lang": null, "contributors_enabled": false, "is_translator": false, "is_translation_enabled": false, "profile_background_color": "EBEBEB", "profile_background_image_url": "http://abs.twimg.com/images/themes/theme7/bg.gif", "profile_background_image_url_https": "https://abs.twimg.com/images/themes/theme7/bg.gif", "profile_background_tile": false, "profile_image_url": "http://pbs.twimg.com/profile_images/1171212563985645573/Hl98GSxW_normal.jpg", "profile_image_url_https": "https://pbs.twimg.com/profile_images/1171212563985645573/Hl98GSxW_normal.jpg", "profile_banner_url": "https://pbs.twimg.com/profile_banners/32800767/1549402600", "profile_link_color": "990000", "profile_sidebar_border_color": "DFDFDF", "profile_sidebar_fill_color": "F3F3F3", "profile_text_color": "333333", "profile_use_background_image": true, "has_extended_profile": false, "default_profile": false, "default_profile_image": false, "following": false, "follow_request_sent": false, "notifications": false, "translator_type": "none", "withheld_in_countries": []}, "geo": null, "coordinates": null, "place": null, "contributors": null, "is_quote_status": false, "retweet_count": 0, "favorite_count": 0, "favorited": false, "retweeted": false, "possibly_sensitive": false, "lang": "en"}