{"created_at": "Sun Oct 02 00:53:35 +0000 2016", "id": 782382990718410752, "id_str": "782382990718410752", "text": "Mike Pence: \u201cAllowing Rape Victims To Have Abortions Will Lead To Women Trying To Get Raped\u201d https://t.co/6aVInSXo3N", "truncated": false, "entities": {"hashtags": [], "symbols": [], "user_mentions": [], "urls": [{"url": "https://t.co/6aVInSXo3N", "expanded_url": "http://fb.me/1yH7ST2l6", "display_url": "fb.me/1yH7ST2l6", "indices": [93, 116]}]}, "source": "<a href=\"http://www.facebook.com/twitter\" rel=\"nofollow\">Facebook</a>", "in_reply_to_status_id": null, "in_reply_to_status_id_str": null, "in_reply_to_user_id": null, "in_reply_to_user_id_str": null, "in_reply_to_screen_name": null, "user": {"id": 59188659, "id_str": "59188659", "name": "Susan Stec", "screen_name": "Suesan0814", "location": "PRAZERES CEMETERY ", "description": "A dreamer during the day\u2014night writer\u2014kick the darkness \u2018till it bleeds daylight. https://t.co/U45XU96nah", "url": "https://t.co/y3l7TQC8lb", "entities": {"url": {"urls": [{"url": "https://t.co/y3l7TQC8lb", "expanded_url": "https://www.facebook.com/EclecticDesignsBySusanStec/", "display_url": "facebook.com/EclecticDesign\u2026", "indices": [0, 23]}]}, "description": {"urls": [{"url": "https://t.co/U45XU96nah", "expanded_url": "https://www.amazon.com/kindle-dbs/author?_encoding=UTF8&asin=B004H6YF7M", "display_url": "amazon.com/kindle-dbs/aut\u2026", "indices": [82, 105]}]}}, "protected": false, "followers_count": 5316, "friends_count": 5113, "listed_count": 187, "created_at": "Wed Jul 22 17:31:27 +0000 2009", "favourites_count": 1093, "utc_offset": null, "time_zone": null, "geo_enabled": true, "verified": false, "statuses_count": 57635, "lang": null, "contributors_enabled": false, "is_translator": false, "is_translation_enabled": false, "profile_background_color": "642D8B", "profile_background_image_url": "http://abs.twimg.com/images/themes/theme1/bg.png", "profile_background_image_url_https": "https://abs.twimg.com/images/themes/theme1/bg.png", "profile_background_tile": true, "profile_image_url": "http://pbs.twimg.com/profile_images/1185710485838221313/Vs8_pX4T_normal.jpg", "profile_image_url_https": "https://pbs.twimg.com/profile_images/1185710485838221313/Vs8_pX4T_normal.jpg", "profile_banner_url": "https://pbs.twimg.com/profile_banners/59188659/1484874932", "profile_link_color": "FF0000", "profile_sidebar_border_color": "65B0DA", "profile_sidebar_fill_color": "7AC3EE", "profile_text_color": "3D1957", "profile_use_background_image": true, "has_extended_profile": false, "default_profile": false, "default_profile_image": false, "following": false, "follow_request_sent": false, "notifications": false, "translator_type": "none", "withheld_in_countries": []}, "geo": null, "coordinates": null, "place": null, "contributors": null, "is_quote_status": false, "retweet_count": 0, "favorite_count": 0, "favorited": false, "retweeted": false, "possibly_sensitive": false, "lang": "en"}