{"created_at": "Sun Oct 02 05:28:20 +0000 2016", "id": 782452132452544512, "id_str": "782452132452544512", "text": "Mike Pence: \u201cAllowing Rape Victims To Have Abortions Will Lead To Women Trying To Get Raped\u201d https://t.co/hiGb4lVfal", "truncated": false, "entities": {"hashtags": [], "symbols": [], "user_mentions": [], "urls": [{"url": "https://t.co/hiGb4lVfal", "expanded_url": "http://fb.me/8juKetRa7", "display_url": "fb.me/8juKetRa7", "indices": [93, 116]}]}, "source": "<a href=\"http://www.facebook.com/twitter\" rel=\"nofollow\">Facebook</a>", "in_reply_to_status_id": null, "in_reply_to_status_id_str": null, "in_reply_to_user_id": null, "in_reply_to_user_id_str": null, "in_reply_to_screen_name": null, "user": {"id": 443482053, "id_str": "443482053", "name": "John Hill", "screen_name": "hill4085", "location": "Fresno, CA", "description": "Worked 28 years in the Diversity Field, follow me on Facebook....Love to write....have published two books.", "url": "https://t.co/E4U1wBM5wR", "entities": {"url": {"urls": [{"url": "https://t.co/E4U1wBM5wR", "expanded_url": "http://www.thesermonatthecoliseum.com", "display_url": "thesermonatthecoliseum.com", "indices": [0, 23]}]}, "description": {"urls": []}}, "protected": false, "followers_count": 832, "friends_count": 1788, "listed_count": 2, "created_at": "Thu Dec 22 06:49:28 +0000 2011", "favourites_count": 1555, "utc_offset": null, "time_zone": null, "geo_enabled": true, "verified": false, "statuses_count": 4491, "lang": null, "contributors_enabled": false, "is_translator": false, "is_translation_enabled": false, "profile_background_color": "C0DEED", "profile_background_image_url": "http://abs.twimg.com/images/themes/theme1/bg.png", "profile_background_image_url_https": "https://abs.twimg.com/images/themes/theme1/bg.png", "profile_background_tile": false, "profile_image_url": "http://pbs.twimg.com/profile_images/996944456333967360/S2enJooc_normal.jpg", "profile_image_url_https": "https://pbs.twimg.com/profile_images/996944456333967360/S2enJooc_normal.jpg", "profile_banner_url": "https://pbs.twimg.com/profile_banners/443482053/1526525056", "profile_link_color": "1DA1F2", "profile_sidebar_border_color": "C0DEED", "profile_sidebar_fill_color": "DDEEF6", "profile_text_color": "333333", "profile_use_background_image": true, "has_extended_profile": true, "default_profile": true, "default_profile_image": false, "following": false, "follow_request_sent": false, "notifications": false, "translator_type": "none", "withheld_in_countries": []}, "geo": null, "coordinates": null, "place": null, "contributors": null, "is_quote_status": false, "retweet_count": 0, "favorite_count": 0, "favorited": false, "retweeted": false, "possibly_sensitive": false, "lang": "en"}