{"created_at": "Sun Oct 02 22:08:32 +0000 2016", "id": 782703840424562688, "id_str": "782703840424562688", "text": "He has a daughter, @mike_pence says \u201cAllowing Rape Victims To Have Abortions Will Lead To Women Trying To Get Raped\u201d https://t.co/IxvTC5y6mq", "truncated": false, "entities": {"hashtags": [], "symbols": [], "user_mentions": [{"screen_name": "Mike_Pence", "name": "Mike Pence", "id": 22203756, "id_str": "22203756", "indices": [19, 30]}], "urls": [{"url": "https://t.co/IxvTC5y6mq", "expanded_url": "http://ln.is/politicops.com/BvvBs", "display_url": "ln.is/politicops.com\u2026", "indices": [117, 140]}]}, "source": "<a href=\"http://linkis.com\" rel=\"nofollow\">Linkis: turn sharing into growth</a>", "in_reply_to_status_id": null, "in_reply_to_status_id_str": null, "in_reply_to_user_id": null, "in_reply_to_user_id_str": null, "in_reply_to_screen_name": null, "user": {"id": 122825865, "id_str": "122825865", "name": "Weezie Proud Resister", "screen_name": "itsweezie", "location": "", "description": "NO DM, please. #Libtard #Biden/Harris #Liberal #Progressive     #VoteTheGOPOut #TheResistance #Indivisible", "url": null, "entities": {"description": {"urls": []}}, "protected": false, "followers_count": 8818, "friends_count": 9709, "listed_count": 180, "created_at": "Sun Mar 14 02:02:16 +0000 2010", "favourites_count": 108612, "utc_offset": null, "time_zone": null, "geo_enabled": true, "verified": false, "statuses_count": 397831, "lang": null, "contributors_enabled": false, "is_translator": false, "is_translation_enabled": false, "profile_background_color": "54949C", "profile_background_image_url": "http://abs.twimg.com/images/themes/theme5/bg.gif", "profile_background_image_url_https": "https://abs.twimg.com/images/themes/theme5/bg.gif", "profile_background_tile": true, "profile_image_url": "http://pbs.twimg.com/profile_images/691838343978565633/6f_uT9DF_normal.png", "profile_image_url_https": "https://pbs.twimg.com/profile_images/691838343978565633/6f_uT9DF_normal.png", "profile_banner_url": "https://pbs.twimg.com/profile_banners/122825865/1399945256", "profile_link_color": "DECA71", "profile_sidebar_border_color": "000000", "profile_sidebar_fill_color": "9BBDBD", "profile_text_color": "3A8581", "profile_use_background_image": true, "has_extended_profile": false, "default_profile": false, "default_profile_image": false, "following": false, "follow_request_sent": false, "notifications": false, "translator_type": "none", "withheld_in_countries": []}, "geo": null, "coordinates": null, "place": null, "contributors": null, "is_quote_status": false, "retweet_count": 0, "favorite_count": 0, "favorited": false, "retweeted": false, "possibly_sensitive": false, "lang": "en"}