{"created_at": "Mon Oct 03 02:23:17 +0000 2016", "id": 782767952927920128, "id_str": "782767952927920128", "text": "Mike Pence: \u201cAllowing Rape Victims To Have Abortions Will Lead To Women Trying To Get Raped\u201d https://t.co/kOeyzc0F07 via @TheNewslo", "truncated": false, "entities": {"hashtags": [], "symbols": [], "user_mentions": [{"screen_name": "TheNewslo", "name": "Newslo", "id": 393693452, "id_str": "393693452", "indices": [121, 131]}], "urls": [{"url": "https://t.co/kOeyzc0F07", "expanded_url": "http://politicops.com/mike-pence-allowing-rape-victims-abortions-will-lead-women-trying-get-raped/", "display_url": "politicops.com/mike-pence-all\u2026", "indices": [93, 116]}]}, "source": "<a href=\"http://twitter.com\" rel=\"nofollow\">Twitter Web Client</a>", "in_reply_to_status_id": null, "in_reply_to_status_id_str": null, "in_reply_to_user_id": null, "in_reply_to_user_id_str": null, "in_reply_to_screen_name": null, "user": {"id": 140166872, "id_str": "140166872", "name": "immigration detention = $770/night squalor\ud83c\udf51", "screen_name": "pookietooth", "location": "United States", "description": "gov't should regulate co's & protect us, not protect co's & regulate us; Trump is racist; she/her or they\nEoE awareness: http://CUREDFOUNDATION.", "url": null, "entities": {"description": {"urls": []}}, "protected": false, "followers_count": 7220, "friends_count": 8233, "listed_count": 54, "created_at": "Tue May 04 19:41:28 +0000 2010", "favourites_count": 671374, "utc_offset": null, "time_zone": null, "geo_enabled": false, "verified": false, "statuses_count": 399256, "lang": null, "contributors_enabled": false, "is_translator": false, "is_translation_enabled": false, "profile_background_color": "000000", "profile_background_image_url": "http://abs.twimg.com/images/themes/theme1/bg.png", "profile_background_image_url_https": "https://abs.twimg.com/images/themes/theme1/bg.png", "profile_background_tile": false, "profile_image_url": "http://pbs.twimg.com/profile_images/1229820564912533505/-Inp55x0_normal.jpg", "profile_image_url_https": "https://pbs.twimg.com/profile_images/1229820564912533505/-Inp55x0_normal.jpg", "profile_banner_url": "https://pbs.twimg.com/profile_banners/140166872/1585148444", "profile_link_color": "981CEB", "profile_sidebar_border_color": "000000", "profile_sidebar_fill_color": "000000", "profile_text_color": "000000", "profile_use_background_image": false, "has_extended_profile": false, "default_profile": false, "default_profile_image": false, "following": false, "follow_request_sent": false, "notifications": false, "translator_type": "none", "withheld_in_countries": []}, "geo": null, "coordinates": null, "place": null, "contributors": null, "is_quote_status": false, "retweet_count": 0, "favorite_count": 0, "favorited": false, "retweeted": false, "possibly_sensitive": false, "lang": "en"}