{"created_at": "Mon Oct 03 06:00:41 +0000 2016", "id": 782822663806939136, "id_str": "782822663806939136", "text": "Real quote from #MikePence : \"Allowing rape victims to have abortions will lead to women trying to get raped.\" #Rape #WarOnWomen #Gross", "truncated": false, "entities": {"hashtags": [{"text": "MikePence", "indices": [16, 26]}, {"text": "Rape", "indices": [111, 116]}, {"text": "WarOnWomen", "indices": [117, 128]}, {"text": "Gross", "indices": [129, 135]}], "symbols": [], "user_mentions": [], "urls": []}, "source": "<a href=\"http://twitter.com/download/iphone\" rel=\"nofollow\">Twitter for iPhone</a>", "in_reply_to_status_id": null, "in_reply_to_status_id_str": null, "in_reply_to_user_id": null, "in_reply_to_user_id_str": null, "in_reply_to_screen_name": null, "user": {"id": 3255956402, "id_str": "3255956402", "name": "Hannah Deason", "screen_name": "Deasonized", "location": "Chicago, IL", "description": "If you see a void, claim that space. || Leadership Expert. Jewish. Downtown Chicagoan. Managing Director of Ops. || white feminism is trash. || views are mine.", "url": "https://t.co/L41nWecfQ0", "entities": {"url": {"urls": [{"url": "https://t.co/L41nWecfQ0", "expanded_url": "http://hannahdeason.com", "display_url": "hannahdeason.com", "indices": [0, 23]}]}, "description": {"urls": []}}, "protected": false, "followers_count": 1147, "friends_count": 1115, "listed_count": 26, "created_at": "Thu Jun 25 21:21:30 +0000 2015", "favourites_count": 31910, "utc_offset": null, "time_zone": null, "geo_enabled": false, "verified": false, "statuses_count": 13002, "lang": null, "contributors_enabled": false, "is_translator": false, "is_translation_enabled": false, "profile_background_color": "000000", "profile_background_image_url": "http://abs.twimg.com/images/themes/theme1/bg.png", "profile_background_image_url_https": "https://abs.twimg.com/images/themes/theme1/bg.png", "profile_background_tile": false, "profile_image_url": "http://pbs.twimg.com/profile_images/1332631635074932737/oRNfqAur_normal.jpg", "profile_image_url_https": "https://pbs.twimg.com/profile_images/1332631635074932737/oRNfqAur_normal.jpg", "profile_banner_url": "https://pbs.twimg.com/profile_banners/3255956402/1494050363", "profile_link_color": "50A6C2", "profile_sidebar_border_color": "000000", "profile_sidebar_fill_color": "000000", "profile_text_color": "000000", "profile_use_background_image": false, "has_extended_profile": true, "default_profile": false, "default_profile_image": false, "following": false, "follow_request_sent": false, "notifications": false, "translator_type": "none", "withheld_in_countries": []}, "geo": null, "coordinates": null, "place": null, "contributors": null, "is_quote_status": false, "retweet_count": 5, "favorite_count": 4, "favorited": false, "retweeted": false, "lang": "en"}