{"created_at": "Mon Oct 03 05:03:39 +0000 2016", "id": 782808307593379840, "id_str": "782808307593379840", "text": "Mike Pence: \u201cAllowing Rape Victims To Have Abortions Will Lead To Women Trying To Get Raped\u201d https://t.co/Li4GCbqhhd", "truncated": false, "entities": {"hashtags": [], "symbols": [], "user_mentions": [], "urls": [{"url": "https://t.co/Li4GCbqhhd", "expanded_url": "http://fb.me/89oT8yXTx", "display_url": "fb.me/89oT8yXTx", "indices": [93, 116]}]}, "source": "<a href=\"http://www.facebook.com/twitter\" rel=\"nofollow\">Facebook</a>", "in_reply_to_status_id": null, "in_reply_to_status_id_str": null, "in_reply_to_user_id": null, "in_reply_to_user_id_str": null, "in_reply_to_screen_name": null, "user": {"id": 32713428, "id_str": "32713428", "name": "Kelli Jae Baeli\u00a9BestsellingGenreHoppingIndieAuthor", "screen_name": "KelliJaeBaeli", "location": "Eureka Springs", "description": "33 bestsellers/60 books. #LoveAnimals #Treehugger #Democrat #DisabledVeteran #Humanist #Feminist #LGBTQ #GlovesOff #NoMoreSnowflakes #BLM #MeToo #BidenHarris", "url": "https://t.co/toHTyFzYIT", "entities": {"url": {"urls": [{"url": "https://t.co/toHTyFzYIT", "expanded_url": "http://kellijaebaeli.com", "display_url": "kellijaebaeli.com", "indices": [0, 23]}]}, "description": {"urls": []}}, "protected": false, "followers_count": 1925, "friends_count": 3414, "listed_count": 47, "created_at": "Sat Apr 18 01:33:16 +0000 2009", "favourites_count": 50597, "utc_offset": null, "time_zone": null, "geo_enabled": false, "verified": false, "statuses_count": 34105, "lang": null, "contributors_enabled": false, "is_translator": false, "is_translation_enabled": false, "profile_background_color": "8B542B", "profile_background_image_url": "http://abs.twimg.com/images/themes/theme8/bg.gif", "profile_background_image_url_https": "https://abs.twimg.com/images/themes/theme8/bg.gif", "profile_background_tile": false, "profile_image_url": "http://pbs.twimg.com/profile_images/1354968803633811456/86OBR_bA_normal.png", "profile_image_url_https": "https://pbs.twimg.com/profile_images/1354968803633811456/86OBR_bA_normal.png", "profile_banner_url": "https://pbs.twimg.com/profile_banners/32713428/1580022251", "profile_link_color": "9D582E", "profile_sidebar_border_color": "000000", "profile_sidebar_fill_color": "FCE2A4", "profile_text_color": "333333", "profile_use_background_image": true, "has_extended_profile": true, "default_profile": false, "default_profile_image": false, "following": false, "follow_request_sent": false, "notifications": false, "translator_type": "none", "withheld_in_countries": []}, "geo": null, "coordinates": null, "place": null, "contributors": null, "is_quote_status": false, "retweet_count": 0, "favorite_count": 0, "favorited": false, "retweeted": false, "possibly_sensitive": false, "lang": "en"}