{"created_at": "Mon Oct 03 14:41:16 +0000 2016", "id": 782953670908469249, "id_str": "782953670908469249", "text": "Mike Pence: \u201cAllowing Rape Victims To Have Abortions Will Lead To Women Trying To Get Raped\u201d - Newslo https://t.co/yd67Y5dXFP", "truncated": false, "entities": {"hashtags": [], "symbols": [], "user_mentions": [], "urls": [{"url": "https://t.co/yd67Y5dXFP", "expanded_url": "http://paper.li/movie1212/1474309089?read=http%3A%2F%2Fpoliticops.com%2Fmike-pence-allowing-rape-victims-abortions-will-lead-women-trying-get-raped%2F", "display_url": "paper.li/movie1212/1474\u2026", "indices": [102, 125]}]}, "source": "<a href=\"http://twitter.com\" rel=\"nofollow\">Twitter Web Client</a>", "in_reply_to_status_id": null, "in_reply_to_status_id_str": null, "in_reply_to_user_id": null, "in_reply_to_user_id_str": null, "in_reply_to_screen_name": null, "user": {"id": 20093793, "id_str": "20093793", "name": "Movie 1212", "screen_name": "movie1212", "location": "", "description": "Mark Fleming was the first TV adventurer with 17 years in syndication to 127 TV stations, CBS, NBC, and Travel Channel. Now retired but still very cool.", "url": "https://t.co/k2WwdUOA0E", "entities": {"url": {"urls": [{"url": "https://t.co/k2WwdUOA0E", "expanded_url": "http://www.movie1212.com", "display_url": "movie1212.com", "indices": [0, 23]}]}, "description": {"urls": []}}, "protected": false, "followers_count": 18497, "friends_count": 12272, "listed_count": 108, "created_at": "Wed Feb 04 21:08:31 +0000 2009", "favourites_count": 1766, "utc_offset": null, "time_zone": null, "geo_enabled": false, "verified": false, "statuses_count": 43283, "lang": null, "contributors_enabled": false, "is_translator": false, "is_translation_enabled": false, "profile_background_color": "1A1B1F", "profile_background_image_url": "http://abs.twimg.com/images/themes/theme9/bg.gif", "profile_background_image_url_https": "https://abs.twimg.com/images/themes/theme9/bg.gif", "profile_background_tile": false, "profile_image_url": "http://pbs.twimg.com/profile_images/831597623127764992/zly28lHX_normal.jpg", "profile_image_url_https": "https://pbs.twimg.com/profile_images/831597623127764992/zly28lHX_normal.jpg", "profile_banner_url": "https://pbs.twimg.com/profile_banners/20093793/1458831220", "profile_link_color": "2FC2EF", "profile_sidebar_border_color": "000000", "profile_sidebar_fill_color": "000000", "profile_text_color": "000000", "profile_use_background_image": true, "has_extended_profile": false, "default_profile": false, "default_profile_image": false, "following": false, "follow_request_sent": false, "notifications": false, "translator_type": "none", "withheld_in_countries": []}, "geo": null, "coordinates": null, "place": null, "contributors": null, "is_quote_status": false, "retweet_count": 0, "favorite_count": 0, "favorited": false, "retweeted": false, "possibly_sensitive": false, "lang": "en"}