{"created_at": "Tue Oct 04 10:50:10 +0000 2016", "id": 783257899170533376, "id_str": "783257899170533376", "text": "Mike Pence: \u201cAllowing Rape Victims To Have Abortions Will Lead To Women Trying To Get Raped\u201d https://t.co/mDUL3Ym0jx", "truncated": false, "entities": {"hashtags": [], "symbols": [], "user_mentions": [], "urls": [{"url": "https://t.co/mDUL3Ym0jx", "expanded_url": "http://fb.me/7E35DC1LY", "display_url": "fb.me/7E35DC1LY", "indices": [93, 116]}]}, "source": "<a href=\"http://www.facebook.com/twitter\" rel=\"nofollow\">Facebook</a>", "in_reply_to_status_id": null, "in_reply_to_status_id_str": null, "in_reply_to_user_id": null, "in_reply_to_user_id_str": null, "in_reply_to_screen_name": null, "user": {"id": 10186662, "id_str": "10186662", "name": "Kibblet", "screen_name": "Kibblet", "location": "Middleton, WI", "description": "This is it, that's the end of the joke.  She/her", "url": "https://t.co/MePD7S8HM9", "entities": {"url": {"urls": [{"url": "https://t.co/MePD7S8HM9", "expanded_url": "http://instagram.com/kibblette", "display_url": "instagram.com/kibblette", "indices": [0, 23]}]}, "description": {"urls": []}}, "protected": false, "followers_count": 1909, "friends_count": 2721, "listed_count": 38, "created_at": "Mon Nov 12 17:07:04 +0000 2007", "favourites_count": 30808, "utc_offset": null, "time_zone": null, "geo_enabled": true, "verified": false, "statuses_count": 66632, "lang": null, "contributors_enabled": false, "is_translator": false, "is_translation_enabled": false, "profile_background_color": "FFF04D", "profile_background_image_url": "http://abs.twimg.com/images/themes/theme19/bg.gif", "profile_background_image_url_https": "https://abs.twimg.com/images/themes/theme19/bg.gif", "profile_background_tile": false, "profile_image_url": "http://pbs.twimg.com/profile_images/451048907720511488/XCzCE29D_normal.jpeg", "profile_image_url_https": "https://pbs.twimg.com/profile_images/451048907720511488/XCzCE29D_normal.jpeg", "profile_banner_url": "https://pbs.twimg.com/profile_banners/10186662/1396995235", "profile_link_color": "0099CC", "profile_sidebar_border_color": "FFF8AD", "profile_sidebar_fill_color": "F6FFD1", "profile_text_color": "333333", "profile_use_background_image": true, "has_extended_profile": true, "default_profile": false, "default_profile_image": false, "following": false, "follow_request_sent": false, "notifications": false, "translator_type": "none", "withheld_in_countries": []}, "geo": null, "coordinates": null, "place": null, "contributors": null, "is_quote_status": false, "retweet_count": 0, "favorite_count": 0, "favorited": false, "retweeted": false, "possibly_sensitive": false, "lang": "en"}