{"created_at": "Tue Oct 04 20:21:53 +0000 2016", "id": 783401776359747584, "id_str": "783401776359747584", "text": "Mike Pence: 'Allowing Rape Victims to Have Abortions Will Lead to Women Trying to Get Raped' #VPdebate  https://t.co/MaqyJMwFKT", "truncated": false, "entities": {"hashtags": [{"text": "VPdebate", "indices": [93, 102]}], "symbols": [], "user_mentions": [], "urls": [{"url": "https://t.co/MaqyJMwFKT", "expanded_url": "http://www.snopes.com/mike-pence-allowing-rape-victims-to-have-abortions-will-lead-to-women-trying-to-get-raped/", "display_url": "snopes.com/mike-pence-all\u2026", "indices": [104, 127]}]}, "source": "<a href=\"http://twitter.com\" rel=\"nofollow\">Twitter Web Client</a>", "in_reply_to_status_id": null, "in_reply_to_status_id_str": null, "in_reply_to_user_id": null, "in_reply_to_user_id_str": null, "in_reply_to_screen_name": null, "user": {"id": 322874617, "id_str": "322874617", "name": "Evidence-based Suki", "screen_name": "freeandclear1", "location": "Berkeley, CA #CA13  #AD15", "description": "Coalition of Decent. Against fascism, racism & misogyny. Former HHS Fed & #1u steward. #ECE pro San Francisco-born #Democrat #Deadhead #migrainechat #Gurdjieff", "url": null, "entities": {"description": {"urls": []}}, "protected": false, "followers_count": 11009, "friends_count": 9738, "listed_count": 290, "created_at": "Thu Jun 23 21:56:53 +0000 2011", "favourites_count": 312901, "utc_offset": null, "time_zone": null, "geo_enabled": true, "verified": false, "statuses_count": 490139, "lang": null, "contributors_enabled": false, "is_translator": false, "is_translation_enabled": false, "profile_background_color": "C0DEED", "profile_background_image_url": "http://abs.twimg.com/images/themes/theme1/bg.png", "profile_background_image_url_https": "https://abs.twimg.com/images/themes/theme1/bg.png", "profile_background_tile": false, "profile_image_url": "http://pbs.twimg.com/profile_images/1273811910572404736/Gn3SJZCs_normal.png", "profile_image_url_https": "https://pbs.twimg.com/profile_images/1273811910572404736/Gn3SJZCs_normal.png", "profile_banner_url": "https://pbs.twimg.com/profile_banners/322874617/1613511359", "profile_link_color": "981CEB", "profile_sidebar_border_color": "C0DEED", "profile_sidebar_fill_color": "DDEEF6", "profile_text_color": "333333", "profile_use_background_image": true, "has_extended_profile": true, "default_profile": false, "default_profile_image": false, "following": false, "follow_request_sent": false, "notifications": false, "translator_type": "none", "withheld_in_countries": []}, "geo": null, "coordinates": null, "place": null, "contributors": null, "is_quote_status": false, "retweet_count": 57, "favorite_count": 23, "favorited": false, "retweeted": false, "possibly_sensitive": false, "lang": "en"}