{"created_at": "Tue Oct 04 22:30:46 +0000 2016", "id": 783434213919821824, "id_str": "783434213919821824", "text": "Mike Pence: \"Allowing rape victims to get abortions would lead to women trying to get raped.\"  \nHe is even worse than Trump #VPDebate", "truncated": false, "entities": {"hashtags": [{"text": "VPDebate", "indices": [124, 133]}], "symbols": [], "user_mentions": [], "urls": []}, "source": "<a href=\"http://twitter.com\" rel=\"nofollow\">Twitter Web Client</a>", "in_reply_to_status_id": null, "in_reply_to_status_id_str": null, "in_reply_to_user_id": null, "in_reply_to_user_id_str": null, "in_reply_to_screen_name": null, "user": {"id": 1259559439, "id_str": "1259559439", "name": "MONICA", "screen_name": "monicakasana", "location": "", "description": "I'm a rebel just for kicks. #StillWithHer", "url": null, "entities": {"description": {"urls": []}}, "protected": false, "followers_count": 104, "friends_count": 386, "listed_count": 5, "created_at": "Mon Mar 11 14:09:25 +0000 2013", "favourites_count": 3299, "utc_offset": null, "time_zone": null, "geo_enabled": false, "verified": false, "statuses_count": 6866, "lang": null, "contributors_enabled": false, "is_translator": false, "is_translation_enabled": false, "profile_background_color": "000000", "profile_background_image_url": "http://abs.twimg.com/images/themes/theme1/bg.png", "profile_background_image_url_https": "https://abs.twimg.com/images/themes/theme1/bg.png", "profile_background_tile": false, "profile_image_url": "http://pbs.twimg.com/profile_images/619907727532294144/aOCj54ph_normal.jpg", "profile_image_url_https": "https://pbs.twimg.com/profile_images/619907727532294144/aOCj54ph_normal.jpg", "profile_banner_url": "https://pbs.twimg.com/profile_banners/1259559439/1539104461", "profile_link_color": "E81C4F", "profile_sidebar_border_color": "000000", "profile_sidebar_fill_color": "000000", "profile_text_color": "000000", "profile_use_background_image": false, "has_extended_profile": false, "default_profile": false, "default_profile_image": false, "following": false, "follow_request_sent": false, "notifications": false, "translator_type": "none", "withheld_in_countries": []}, "geo": null, "coordinates": null, "place": null, "contributors": null, "is_quote_status": false, "retweet_count": 0, "favorite_count": 0, "favorited": false, "retweeted": false, "lang": "en"}