{"created_at": "Wed Oct 05 04:12:12 +0000 2016", "id": 783520137425092608, "id_str": "783520137425092608", "text": "Mike Pence: \u201cAllowing Rape Victims To Have Abortions Will Lead To Women Trying To Get Raped\u201d https://t.co/Zq88ArveNw via @TheNewslo", "truncated": false, "entities": {"hashtags": [], "symbols": [], "user_mentions": [{"screen_name": "TheNewslo", "name": "Newslo", "id": 393693452, "id_str": "393693452", "indices": [121, 131]}], "urls": [{"url": "https://t.co/Zq88ArveNw", "expanded_url": "http://politicops.com/mike-pence-allowing-rape-victims-abortions-will-lead-women-trying-get-raped/", "display_url": "politicops.com/mike-pence-all\u2026", "indices": [93, 116]}]}, "source": "<a href=\"http://twitter.com\" rel=\"nofollow\">Twitter Web Client</a>", "in_reply_to_status_id": null, "in_reply_to_status_id_str": null, "in_reply_to_user_id": null, "in_reply_to_user_id_str": null, "in_reply_to_screen_name": null, "user": {"id": 72978354, "id_str": "72978354", "name": "George Seedorff", "screen_name": "GeorgeSeedorff", "location": "Rochester Hills, Michigan USA.", "description": "Artist, writer, guitar collector, sound artist, radio personality, blues, jazz, rock \u2019n\u2019 roll, three cats, old cars, film noir, sngle. Trump must go away.", "url": "https://t.co/LbRMF96fma", "entities": {"url": {"urls": [{"url": "https://t.co/LbRMF96fma", "expanded_url": "http://Facebook.com/george.seedorff", "display_url": "Facebook.com/george.seedorff", "indices": [0, 23]}]}, "description": {"urls": []}}, "protected": false, "followers_count": 272, "friends_count": 974, "listed_count": 6, "created_at": "Wed Sep 09 23:11:41 +0000 2009", "favourites_count": 130, "utc_offset": null, "time_zone": null, "geo_enabled": true, "verified": false, "statuses_count": 3224, "lang": null, "contributors_enabled": false, "is_translator": false, "is_translation_enabled": false, "profile_background_color": "131516", "profile_background_image_url": "http://abs.twimg.com/images/themes/theme14/bg.gif", "profile_background_image_url_https": "https://abs.twimg.com/images/themes/theme14/bg.gif", "profile_background_tile": true, "profile_image_url": "http://pbs.twimg.com/profile_images/1263278743713431553/lFf0y-2W_normal.jpg", "profile_image_url_https": "https://pbs.twimg.com/profile_images/1263278743713431553/lFf0y-2W_normal.jpg", "profile_banner_url": "https://pbs.twimg.com/profile_banners/72978354/1560668115", "profile_link_color": "009999", "profile_sidebar_border_color": "FFFFFF", "profile_sidebar_fill_color": "EFEFEF", "profile_text_color": "333333", "profile_use_background_image": true, "has_extended_profile": false, "default_profile": false, "default_profile_image": false, "following": false, "follow_request_sent": false, "notifications": false, "translator_type": "none", "withheld_in_countries": []}, "geo": null, "coordinates": null, "place": null, "contributors": null, "is_quote_status": false, "retweet_count": 0, "favorite_count": 0, "favorited": false, "retweeted": false, "possibly_sensitive": false, "lang": "en"}