{"created_at": "Wed Oct 05 03:13:11 +0000 2016", "id": 783505285088284673, "id_str": "783505285088284673", "text": "Mike Pence: \u201cAllowing Rape Victims To Have Abortions Will Lead To Women Trying To Get Raped\u201d https://t.co/65gsYIyjmH", "truncated": false, "entities": {"hashtags": [], "symbols": [], "user_mentions": [], "urls": [{"url": "https://t.co/65gsYIyjmH", "expanded_url": "http://politicops.com/mike-pence-allowing-rape-victims-abortions-will-lead-women-trying-get-raped/", "display_url": "politicops.com/mike-pence-all\u2026", "indices": [93, 116]}]}, "source": "<a href=\"http://twitter.com\" rel=\"nofollow\">Twitter Web Client</a>", "in_reply_to_status_id": null, "in_reply_to_status_id_str": null, "in_reply_to_user_id": null, "in_reply_to_user_id_str": null, "in_reply_to_screen_name": null, "user": {"id": 1567748053, "id_str": "1567748053", "name": "Grace Brown", "screen_name": "AbletoRespond", "location": "Westbank, BC, Canada", "description": "\u201cBehold, I am sending you out as sheep amongst wolves. So be wise as serpents and harmless as doves.\u201d Matt 10:16", "url": null, "entities": {"description": {"urls": []}}, "protected": false, "followers_count": 17, "friends_count": 240, "listed_count": 4, "created_at": "Thu Jul 04 08:53:00 +0000 2013", "favourites_count": 1533, "utc_offset": null, "time_zone": null, "geo_enabled": true, "verified": false, "statuses_count": 1585, "lang": null, "contributors_enabled": false, "is_translator": false, "is_translation_enabled": false, "profile_background_color": "C0DEED", "profile_background_image_url": "http://abs.twimg.com/images/themes/theme1/bg.png", "profile_background_image_url_https": "https://abs.twimg.com/images/themes/theme1/bg.png", "profile_background_tile": false, "profile_image_url": "http://pbs.twimg.com/profile_images/580965086677725184/QXjSnyrL_normal.jpg", "profile_image_url_https": "https://pbs.twimg.com/profile_images/580965086677725184/QXjSnyrL_normal.jpg", "profile_link_color": "1DA1F2", "profile_sidebar_border_color": "C0DEED", "profile_sidebar_fill_color": "DDEEF6", "profile_text_color": "333333", "profile_use_background_image": true, "has_extended_profile": false, "default_profile": true, "default_profile_image": false, "following": false, "follow_request_sent": false, "notifications": false, "translator_type": "none", "withheld_in_countries": []}, "geo": null, "coordinates": null, "place": null, "contributors": null, "is_quote_status": false, "retweet_count": 0, "favorite_count": 0, "favorited": false, "retweeted": false, "possibly_sensitive": false, "lang": "en"}