{"created_at": "Wed Oct 05 13:28:13 +0000 2016", "id": 783660062724108288, "id_str": "783660062724108288", "text": "Mike Pence: 'Allowing Rape Victims to Have Abortions Will Lead to Women Trying to Get Raped' : snopes  https://t.co/SJIGDz1ZGC", "truncated": false, "entities": {"hashtags": [], "symbols": [], "user_mentions": [], "urls": [{"url": "https://t.co/SJIGDz1ZGC", "expanded_url": "http://www.snopes.com/mike-pence-allowing-rape-victims-to-have-abortions-will-lead-to-women-trying-to-get-raped/", "display_url": "snopes.com/mike-pence-all\u2026", "indices": [103, 126]}]}, "source": "<a href=\"http://twitter.com\" rel=\"nofollow\">Twitter Web Client</a>", "in_reply_to_status_id": null, "in_reply_to_status_id_str": null, "in_reply_to_user_id": null, "in_reply_to_user_id_str": null, "in_reply_to_screen_name": null, "user": {"id": 309132445, "id_str": "309132445", "name": "\ud83c\udf0e \u2797/ by / 0 \ud83c\udf0f", "screen_name": "pistach01", "location": "RT's do not = Endorsement", "description": "~Politics~Psychology~#ChurchToo~#MeToo~#Resist~#Antifascist~#BLM~#Persist~SupportGeorgia! Stacey Abrams & Heather Kilpatrick & Marcus Flowers", "url": null, "entities": {"description": {"urls": []}}, "protected": false, "followers_count": 10325, "friends_count": 11369, "listed_count": 660, "created_at": "Wed Jun 01 15:49:15 +0000 2011", "favourites_count": 222992, "utc_offset": null, "time_zone": null, "geo_enabled": false, "verified": false, "statuses_count": 406108, "lang": null, "contributors_enabled": false, "is_translator": false, "is_translation_enabled": false, "profile_background_color": "981CEB", "profile_background_image_url": "http://abs.twimg.com/images/themes/theme15/bg.png", "profile_background_image_url_https": "https://abs.twimg.com/images/themes/theme15/bg.png", "profile_background_tile": true, "profile_image_url": "http://pbs.twimg.com/profile_images/1371709060026753024/4CIB7kuu_normal.jpg", "profile_image_url_https": "https://pbs.twimg.com/profile_images/1371709060026753024/4CIB7kuu_normal.jpg", "profile_banner_url": "https://pbs.twimg.com/profile_banners/309132445/1612449511", "profile_link_color": "7FDBB6", "profile_sidebar_border_color": "FFFFFF", "profile_sidebar_fill_color": "C0DFEC", "profile_text_color": "333333", "profile_use_background_image": true, "has_extended_profile": false, "default_profile": false, "default_profile_image": false, "following": false, "follow_request_sent": false, "notifications": false, "translator_type": "none", "withheld_in_countries": []}, "geo": null, "coordinates": null, "place": null, "contributors": null, "is_quote_status": false, "retweet_count": 0, "favorite_count": 0, "favorited": false, "retweeted": false, "possibly_sensitive": false, "lang": "en"}