{"created_at": "Wed Oct 05 21:00:51 +0000 2016", "id": 783773971955134464, "id_str": "783773971955134464", "text": "Mike Pence: \u201cAllowing Rape Victims To Have Abortions Will Lead To Women Trying To Get Raped\u201d https://t.co/VmjvGfcAFU", "truncated": false, "entities": {"hashtags": [], "symbols": [], "user_mentions": [], "urls": [{"url": "https://t.co/VmjvGfcAFU", "expanded_url": "http://fb.me/5nMHsrAHI", "display_url": "fb.me/5nMHsrAHI", "indices": [93, 116]}]}, "source": "<a href=\"http://www.facebook.com/twitter\" rel=\"nofollow\">Facebook</a>", "in_reply_to_status_id": null, "in_reply_to_status_id_str": null, "in_reply_to_user_id": null, "in_reply_to_user_id_str": null, "in_reply_to_screen_name": null, "user": {"id": 576552875, "id_str": "576552875", "name": "Inge Seastone", "screen_name": "IngeSeastone", "location": "Portland, OR", "description": "born  on 11/10/1947 in Goellheim, Germany", "url": null, "entities": {"description": {"urls": []}}, "protected": false, "followers_count": 151, "friends_count": 248, "listed_count": 7, "created_at": "Thu May 10 20:38:32 +0000 2012", "favourites_count": 963, "utc_offset": null, "time_zone": null, "geo_enabled": false, "verified": false, "statuses_count": 62715, "lang": null, "contributors_enabled": false, "is_translator": false, "is_translation_enabled": false, "profile_background_color": "FCEBB6", "profile_background_image_url": "http://abs.twimg.com/images/themes/theme1/bg.png", "profile_background_image_url_https": "https://abs.twimg.com/images/themes/theme1/bg.png", "profile_background_tile": true, "profile_image_url": "http://pbs.twimg.com/profile_images/453559874580803584/S4a3kocL_normal.png", "profile_image_url_https": "https://pbs.twimg.com/profile_images/453559874580803584/S4a3kocL_normal.png", "profile_link_color": "5E412F", "profile_sidebar_border_color": "F0A830", "profile_sidebar_fill_color": "78C0A8", "profile_text_color": "CE7834", "profile_use_background_image": true, "has_extended_profile": false, "default_profile": false, "default_profile_image": false, "following": false, "follow_request_sent": false, "notifications": false, "translator_type": "none", "withheld_in_countries": []}, "geo": null, "coordinates": null, "place": null, "contributors": null, "is_quote_status": false, "retweet_count": 0, "favorite_count": 0, "favorited": false, "retweeted": false, "possibly_sensitive": false, "lang": "en"}