{"created_at": "Wed Oct 05 18:02:54 +0000 2016", "id": 783729189597962240, "id_str": "783729189597962240", "text": "Mike Pence: \u201cAllowing Rape Victims To Have Abortions Will Lead To Women Trying To Get Raped\u201d https://t.co/p5LSdp7bU3", "truncated": false, "entities": {"hashtags": [], "symbols": [], "user_mentions": [], "urls": [{"url": "https://t.co/p5LSdp7bU3", "expanded_url": "http://fb.me/4gLqYtABw", "display_url": "fb.me/4gLqYtABw", "indices": [93, 116]}]}, "source": "<a href=\"http://www.facebook.com/twitter\" rel=\"nofollow\">Facebook</a>", "in_reply_to_status_id": null, "in_reply_to_status_id_str": null, "in_reply_to_user_id": null, "in_reply_to_user_id_str": null, "in_reply_to_screen_name": null, "user": {"id": 1941685622, "id_str": "1941685622", "name": "Samuel W Crosby Jr", "screen_name": "Tiapula520", "location": "", "description": "Public Health Advocate who believe in empowering people to make changes on the local/community and state level.", "url": null, "entities": {"description": {"urls": []}}, "protected": false, "followers_count": 540, "friends_count": 1685, "listed_count": 32, "created_at": "Sun Oct 06 18:22:07 +0000 2013", "favourites_count": 30, "utc_offset": null, "time_zone": null, "geo_enabled": true, "verified": false, "statuses_count": 39420, "lang": null, "contributors_enabled": false, "is_translator": false, "is_translation_enabled": false, "profile_background_color": "C0DEED", "profile_background_image_url": "http://abs.twimg.com/images/themes/theme1/bg.png", "profile_background_image_url_https": "https://abs.twimg.com/images/themes/theme1/bg.png", "profile_background_tile": false, "profile_image_url": "http://pbs.twimg.com/profile_images/378800000558627370/ff071ffbebb118d801064e8031565572_normal.jpeg", "profile_image_url_https": "https://pbs.twimg.com/profile_images/378800000558627370/ff071ffbebb118d801064e8031565572_normal.jpeg", "profile_link_color": "1DA1F2", "profile_sidebar_border_color": "C0DEED", "profile_sidebar_fill_color": "DDEEF6", "profile_text_color": "333333", "profile_use_background_image": true, "has_extended_profile": true, "default_profile": true, "default_profile_image": false, "following": false, "follow_request_sent": false, "notifications": false, "translator_type": "none", "withheld_in_countries": []}, "geo": null, "coordinates": null, "place": null, "contributors": null, "is_quote_status": false, "retweet_count": 0, "favorite_count": 0, "favorited": false, "retweeted": false, "possibly_sensitive": false, "lang": "en"}