{"created_at": "Wed Oct 05 19:17:18 +0000 2016", "id": 783747914107645952, "id_str": "783747914107645952", "text": "Mike Pence: \u201cAllowing Rape Victims To Have Abortions Will Lead To Women Trying To Get Raped\u201d https://t.co/OYHgIYlKyi via @TheNewslo", "truncated": false, "entities": {"hashtags": [], "symbols": [], "user_mentions": [{"screen_name": "TheNewslo", "name": "Newslo", "id": 393693452, "id_str": "393693452", "indices": [121, 131]}], "urls": [{"url": "https://t.co/OYHgIYlKyi", "expanded_url": "http://politicops.com/mike-pence-allowing-rape-victims-abortions-will-lead-women-trying-get-raped/", "display_url": "politicops.com/mike-pence-all\u2026", "indices": [93, 116]}]}, "source": "<a href=\"http://twitter.com\" rel=\"nofollow\">Twitter Web Client</a>", "in_reply_to_status_id": null, "in_reply_to_status_id_str": null, "in_reply_to_user_id": null, "in_reply_to_user_id_str": null, "in_reply_to_screen_name": null, "user": {"id": 821756551, "id_str": "821756551", "name": "Chris Rogers", "screen_name": "ChrisRU45", "location": "Maywood, IL", "description": "Husband to Deb, Dad to Nate, Maddie,and Rhonda. Loves sports, and nature.", "url": null, "entities": {"description": {"urls": []}}, "protected": false, "followers_count": 369, "friends_count": 2049, "listed_count": 3, "created_at": "Thu Sep 13 16:01:41 +0000 2012", "favourites_count": 4967, "utc_offset": null, "time_zone": null, "geo_enabled": false, "verified": false, "statuses_count": 4248, "lang": null, "contributors_enabled": false, "is_translator": false, "is_translation_enabled": false, "profile_background_color": "C0DEED", "profile_background_image_url": "http://abs.twimg.com/images/themes/theme1/bg.png", "profile_background_image_url_https": "https://abs.twimg.com/images/themes/theme1/bg.png", "profile_background_tile": true, "profile_image_url": "http://pbs.twimg.com/profile_images/1320049581456056321/LYwkFijT_normal.jpg", "profile_image_url_https": "https://pbs.twimg.com/profile_images/1320049581456056321/LYwkFijT_normal.jpg", "profile_banner_url": "https://pbs.twimg.com/profile_banners/821756551/1602859875", "profile_link_color": "0084B4", "profile_sidebar_border_color": "FFFFFF", "profile_sidebar_fill_color": "DDEEF6", "profile_text_color": "333333", "profile_use_background_image": true, "has_extended_profile": false, "default_profile": false, "default_profile_image": false, "following": false, "follow_request_sent": false, "notifications": false, "translator_type": "none", "withheld_in_countries": []}, "geo": null, "coordinates": null, "place": null, "contributors": null, "is_quote_status": false, "retweet_count": 0, "favorite_count": 0, "favorited": false, "retweeted": false, "possibly_sensitive": false, "lang": "en"}