{"created_at": "Wed Oct 05 18:31:27 +0000 2016", "id": 783736376197996544, "id_str": "783736376197996544", "text": "Mike Pence: \u201cAllowing Rape Victims To Have Abortions Will Lead To Women Trying To Get Raped\u201d https://t.co/WdL9QW1Ejt", "truncated": false, "entities": {"hashtags": [], "symbols": [], "user_mentions": [], "urls": [{"url": "https://t.co/WdL9QW1Ejt", "expanded_url": "http://fb.me/1B2vlzUg2", "display_url": "fb.me/1B2vlzUg2", "indices": [93, 116]}]}, "source": "<a href=\"http://www.facebook.com/twitter\" rel=\"nofollow\">Facebook</a>", "in_reply_to_status_id": null, "in_reply_to_status_id_str": null, "in_reply_to_user_id": null, "in_reply_to_user_id_str": null, "in_reply_to_screen_name": null, "user": {"id": 19105180, "id_str": "19105180", "name": "christophe chaumont", "screen_name": "cchaumont", "location": "Paris, France", "description": "", "url": null, "entities": {"description": {"urls": []}}, "protected": false, "followers_count": 175, "friends_count": 831, "listed_count": 0, "created_at": "Sat Jan 17 08:33:30 +0000 2009", "favourites_count": 769, "utc_offset": null, "time_zone": null, "geo_enabled": true, "verified": false, "statuses_count": 10268, "lang": null, "contributors_enabled": false, "is_translator": false, "is_translation_enabled": false, "profile_background_color": "C0DEED", "profile_background_image_url": "http://abs.twimg.com/images/themes/theme1/bg.png", "profile_background_image_url_https": "https://abs.twimg.com/images/themes/theme1/bg.png", "profile_background_tile": false, "profile_image_url": "http://pbs.twimg.com/profile_images/611574622/menb_normal.jpg", "profile_image_url_https": "https://pbs.twimg.com/profile_images/611574622/menb_normal.jpg", "profile_link_color": "1DA1F2", "profile_sidebar_border_color": "C0DEED", "profile_sidebar_fill_color": "DDEEF6", "profile_text_color": "333333", "profile_use_background_image": true, "has_extended_profile": true, "default_profile": true, "default_profile_image": false, "following": false, "follow_request_sent": false, "notifications": false, "translator_type": "none", "withheld_in_countries": []}, "geo": null, "coordinates": null, "place": null, "contributors": null, "is_quote_status": false, "retweet_count": 0, "favorite_count": 0, "favorited": false, "retweeted": false, "possibly_sensitive": false, "lang": "en"}