{"created_at": "Wed Oct 05 22:57:40 +0000 2016", "id": 783803371530563584, "id_str": "783803371530563584", "text": "Mike Pence: \u201cAllowing Rape Victims To Have Abortions Will Lead To Women Trying To Get Raped\u201d https://t.co/1rpSqxU7H6 via @TheNewslo", "truncated": false, "entities": {"hashtags": [], "symbols": [], "user_mentions": [{"screen_name": "TheNewslo", "name": "Newslo", "id": 393693452, "id_str": "393693452", "indices": [121, 131]}], "urls": [{"url": "https://t.co/1rpSqxU7H6", "expanded_url": "http://politicops.com/mike-pence-allowing-rape-victims-abortions-will-lead-women-trying-get-raped/", "display_url": "politicops.com/mike-pence-all\u2026", "indices": [93, 116]}]}, "source": "<a href=\"http://twitter.com\" rel=\"nofollow\">Twitter Web Client</a>", "in_reply_to_status_id": null, "in_reply_to_status_id_str": null, "in_reply_to_user_id": null, "in_reply_to_user_id_str": null, "in_reply_to_screen_name": null, "user": {"id": 88480047, "id_str": "88480047", "name": "William Minix, M. Ed", "screen_name": "bill_minix", "location": "D A L L A S,   T E X A S", "description": "ARTIST / PHOTOGRAPHER / GRAPHIC DESIGNER / EDUCATOR An educator is the best gift that God can give a child. Parents are the first educators! ~Bill Minix~", "url": null, "entities": {"description": {"urls": []}}, "protected": false, "followers_count": 2934, "friends_count": 5001, "listed_count": 29, "created_at": "Sun Nov 08 18:45:16 +0000 2009", "favourites_count": 5038, "utc_offset": null, "time_zone": null, "geo_enabled": true, "verified": false, "statuses_count": 64355, "lang": null, "contributors_enabled": false, "is_translator": false, "is_translation_enabled": false, "profile_background_color": "C0DEED", "profile_background_image_url": "http://abs.twimg.com/images/themes/theme1/bg.png", "profile_background_image_url_https": "https://abs.twimg.com/images/themes/theme1/bg.png", "profile_background_tile": false, "profile_image_url": "http://pbs.twimg.com/profile_images/850700848011280384/ljJvm5gG_normal.jpg", "profile_image_url_https": "https://pbs.twimg.com/profile_images/850700848011280384/ljJvm5gG_normal.jpg", "profile_banner_url": "https://pbs.twimg.com/profile_banners/88480047/1601053916", "profile_link_color": "1DA1F2", "profile_sidebar_border_color": "C0DEED", "profile_sidebar_fill_color": "DDEEF6", "profile_text_color": "333333", "profile_use_background_image": true, "has_extended_profile": false, "default_profile": true, "default_profile_image": false, "following": false, "follow_request_sent": false, "notifications": false, "translator_type": "none", "withheld_in_countries": []}, "geo": null, "coordinates": null, "place": null, "contributors": null, "is_quote_status": false, "retweet_count": 0, "favorite_count": 0, "favorited": false, "retweeted": false, "possibly_sensitive": false, "lang": "en"}