{"created_at": "Thu Oct 06 11:49:38 +0000 2016", "id": 783997642699255808, "id_str": "783997642699255808", "text": "Mike Pence: \u201cAllowing Rape Victims To Have Abortions Will Lead To Women Trying To Get Raped\u201d https://t.co/KWduCxcvy1", "truncated": false, "entities": {"hashtags": [], "symbols": [], "user_mentions": [], "urls": [{"url": "https://t.co/KWduCxcvy1", "expanded_url": "http://fb.me/85GQJ8Vrj", "display_url": "fb.me/85GQJ8Vrj", "indices": [93, 116]}]}, "source": "<a href=\"http://www.facebook.com/twitter\" rel=\"nofollow\">Facebook</a>", "in_reply_to_status_id": null, "in_reply_to_status_id_str": null, "in_reply_to_user_id": null, "in_reply_to_user_id_str": null, "in_reply_to_screen_name": null, "user": {"id": 301745588, "id_str": "301745588", "name": "Blessed", "screen_name": "90Days2Fitness", "location": "Virginia", "description": "CEO of Money Minds Alliance. My intention is to create a health & wealth transformation in the online community via successful principles and networking.", "url": "https://t.co/PZ1xbifd9s", "entities": {"url": {"urls": [{"url": "https://t.co/PZ1xbifd9s", "expanded_url": "http://createyou.me", "display_url": "createyou.me", "indices": [0, 23]}]}, "description": {"urls": []}}, "protected": false, "followers_count": 119, "friends_count": 305, "listed_count": 11, "created_at": "Fri May 20 00:19:52 +0000 2011", "favourites_count": 571, "utc_offset": null, "time_zone": null, "geo_enabled": false, "verified": false, "statuses_count": 29892, "lang": null, "contributors_enabled": false, "is_translator": false, "is_translation_enabled": false, "profile_background_color": "C0DEED", "profile_background_image_url": "http://abs.twimg.com/images/themes/theme1/bg.png", "profile_background_image_url_https": "https://abs.twimg.com/images/themes/theme1/bg.png", "profile_background_tile": false, "profile_image_url": "http://pbs.twimg.com/profile_images/907308922792562688/8v6BOx9r_normal.jpg", "profile_image_url_https": "https://pbs.twimg.com/profile_images/907308922792562688/8v6BOx9r_normal.jpg", "profile_banner_url": "https://pbs.twimg.com/profile_banners/301745588/1508380365", "profile_link_color": "0084B4", "profile_sidebar_border_color": "C0DEED", "profile_sidebar_fill_color": "DDEEF6", "profile_text_color": "333333", "profile_use_background_image": true, "has_extended_profile": true, "default_profile": false, "default_profile_image": false, "following": false, "follow_request_sent": false, "notifications": false, "translator_type": "none", "withheld_in_countries": []}, "geo": null, "coordinates": null, "place": null, "contributors": null, "is_quote_status": false, "retweet_count": 0, "favorite_count": 0, "favorited": false, "retweeted": false, "possibly_sensitive": false, "lang": "en"}