{"created_at": "Thu Oct 06 06:52:35 +0000 2016", "id": 783922887333908481, "id_str": "783922887333908481", "text": "Mike Pence: \u201cAllowing Rape Victims To Have Abortions Will Lead To Women Trying To Get Raped\u201d https://t.co/jR7iEq64Lz", "truncated": false, "entities": {"hashtags": [], "symbols": [], "user_mentions": [], "urls": [{"url": "https://t.co/jR7iEq64Lz", "expanded_url": "http://fb.me/2LzsaKkIe", "display_url": "fb.me/2LzsaKkIe", "indices": [93, 116]}]}, "source": "<a href=\"http://www.facebook.com/twitter\" rel=\"nofollow\">Facebook</a>", "in_reply_to_status_id": null, "in_reply_to_status_id_str": null, "in_reply_to_user_id": null, "in_reply_to_user_id_str": null, "in_reply_to_screen_name": null, "user": {"id": 479412205, "id_str": "479412205", "name": "santo sardanelli", "screen_name": "SSardanelli", "location": "a Spilinga (VV)", "description": "", "url": null, "entities": {"description": {"urls": []}}, "protected": false, "followers_count": 980, "friends_count": 4483, "listed_count": 0, "created_at": "Tue Jan 31 10:47:36 +0000 2012", "favourites_count": 2488, "utc_offset": null, "time_zone": null, "geo_enabled": true, "verified": false, "statuses_count": 45546, "lang": null, "contributors_enabled": false, "is_translator": false, "is_translation_enabled": false, "profile_background_color": "ACDED6", "profile_background_image_url": "http://abs.twimg.com/images/themes/theme18/bg.gif", "profile_background_image_url_https": "https://abs.twimg.com/images/themes/theme18/bg.gif", "profile_background_tile": false, "profile_image_url": "http://pbs.twimg.com/profile_images/949753990593548293/70fVt8Xh_normal.jpg", "profile_image_url_https": "https://pbs.twimg.com/profile_images/949753990593548293/70fVt8Xh_normal.jpg", "profile_banner_url": "https://pbs.twimg.com/profile_banners/479412205/1515274083", "profile_link_color": "28B1F0", "profile_sidebar_border_color": "EEEEEE", "profile_sidebar_fill_color": "F6F6F6", "profile_text_color": "333333", "profile_use_background_image": true, "has_extended_profile": false, "default_profile": false, "default_profile_image": false, "following": false, "follow_request_sent": false, "notifications": false, "translator_type": "regular", "withheld_in_countries": []}, "geo": null, "coordinates": null, "place": null, "contributors": null, "is_quote_status": false, "retweet_count": 0, "favorite_count": 0, "favorited": false, "retweeted": false, "possibly_sensitive": true, "lang": "en"}