{"created_at": "Thu Oct 06 14:34:04 +0000 2016", "id": 784039023178231808, "id_str": "784039023178231808", "text": "@maddow Mike Pence: \u201cAllowing Rape Victims To Have Abortions Will Lead To Women Trying To Get Raped\u201d https://t.co/zQ8uq2Fo8F", "truncated": false, "entities": {"hashtags": [], "symbols": [], "user_mentions": [{"screen_name": "maddow", "name": "Rachel Maddow MSNBC", "id": 16129920, "id_str": "16129920", "indices": [0, 7]}], "urls": [{"url": "https://t.co/zQ8uq2Fo8F", "expanded_url": "http://politicops.com/mike-pence-allowing-rape-victims-abortions-will-lead-women-trying-get-raped/", "display_url": "politicops.com/mike-pence-all\u2026", "indices": [101, 124]}]}, "source": "<a href=\"http://twitter.com/download/iphone\" rel=\"nofollow\">Twitter for iPhone</a>", "in_reply_to_status_id": null, "in_reply_to_status_id_str": null, "in_reply_to_user_id": 16129920, "in_reply_to_user_id_str": "16129920", "in_reply_to_screen_name": "maddow", "user": {"id": 3664920377, "id_str": "3664920377", "name": "(((badhombre)))", "screen_name": "Badhombre2018", "location": "", "description": "Leave the world better for our children -appreciate the follow me back -peace #stopyulin #climatechange #womensrights", "url": null, "entities": {"description": {"urls": []}}, "protected": false, "followers_count": 4098, "friends_count": 4999, "listed_count": 89, "created_at": "Tue Sep 15 14:52:26 +0000 2015", "favourites_count": 47607, "utc_offset": null, "time_zone": null, "geo_enabled": false, "verified": false, "statuses_count": 172395, "lang": null, "contributors_enabled": false, "is_translator": false, "is_translation_enabled": false, "profile_background_color": "C0DEED", "profile_background_image_url": "http://abs.twimg.com/images/themes/theme1/bg.png", "profile_background_image_url_https": "https://abs.twimg.com/images/themes/theme1/bg.png", "profile_background_tile": false, "profile_image_url": "http://pbs.twimg.com/profile_images/825537269360685057/taVk_Om3_normal.jpg", "profile_image_url_https": "https://pbs.twimg.com/profile_images/825537269360685057/taVk_Om3_normal.jpg", "profile_banner_url": "https://pbs.twimg.com/profile_banners/3664920377/1485658401", "profile_link_color": "1DA1F2", "profile_sidebar_border_color": "C0DEED", "profile_sidebar_fill_color": "DDEEF6", "profile_text_color": "333333", "profile_use_background_image": true, "has_extended_profile": false, "default_profile": true, "default_profile_image": false, "following": false, "follow_request_sent": false, "notifications": false, "translator_type": "none", "withheld_in_countries": []}, "geo": null, "coordinates": null, "place": null, "contributors": null, "is_quote_status": false, "retweet_count": 0, "favorite_count": 0, "favorited": false, "retweeted": false, "possibly_sensitive": false, "lang": "en"}