{"created_at": "Fri Oct 07 10:37:09 +0000 2016", "id": 784341788064485380, "id_str": "784341788064485380", "text": "Mike Pence: \u201cAllowing Rape Victims To Have Abortions Will Lead To Women Trying To Get Raped\u201d https://t.co/04QsHZqIgL", "truncated": false, "entities": {"hashtags": [], "symbols": [], "user_mentions": [], "urls": [{"url": "https://t.co/04QsHZqIgL", "expanded_url": "http://fb.me/4f6qLWILi", "display_url": "fb.me/4f6qLWILi", "indices": [93, 116]}]}, "source": "<a href=\"http://www.facebook.com/twitter\" rel=\"nofollow\">Facebook</a>", "in_reply_to_status_id": null, "in_reply_to_status_id_str": null, "in_reply_to_user_id": null, "in_reply_to_user_id_str": null, "in_reply_to_screen_name": null, "user": {"id": 60766611, "id_str": "60766611", "name": "Trlblzr", "screen_name": "TRLBLZR", "location": "EAST WINSTON NC", "description": "COMMUNITY ORGANIZER", "url": null, "entities": {"description": {"urls": []}}, "protected": false, "followers_count": 294, "friends_count": 1088, "listed_count": 16, "created_at": "Tue Jul 28 01:06:46 +0000 2009", "favourites_count": 4897, "utc_offset": null, "time_zone": null, "geo_enabled": true, "verified": false, "statuses_count": 122824, "lang": null, "contributors_enabled": false, "is_translator": false, "is_translation_enabled": false, "profile_background_color": "FFF04D", "profile_background_image_url": "http://abs.twimg.com/images/themes/theme19/bg.gif", "profile_background_image_url_https": "https://abs.twimg.com/images/themes/theme19/bg.gif", "profile_background_tile": true, "profile_image_url": "http://pbs.twimg.com/profile_images/941834224625053696/pNJ8NNZD_normal.jpg", "profile_image_url_https": "https://pbs.twimg.com/profile_images/941834224625053696/pNJ8NNZD_normal.jpg", "profile_link_color": "0099CC", "profile_sidebar_border_color": "FFF8AD", "profile_sidebar_fill_color": "F6FFD1", "profile_text_color": "333333", "profile_use_background_image": true, "has_extended_profile": false, "default_profile": false, "default_profile_image": false, "following": false, "follow_request_sent": false, "notifications": false, "translator_type": "none", "withheld_in_countries": []}, "geo": null, "coordinates": null, "place": null, "contributors": null, "is_quote_status": false, "retweet_count": 0, "favorite_count": 0, "favorited": false, "retweeted": false, "possibly_sensitive": false, "lang": "en"}