{"created_at": "Fri Oct 07 15:44:05 +0000 2016", "id": 784419030891425793, "id_str": "784419030891425793", "text": "Mike Pence: \u201cAllowing Rape Victims To Have Abortions Will Lead To Women Trying To Get Raped\u201d https://t.co/dDDTT6Oarm", "truncated": false, "entities": {"hashtags": [], "symbols": [], "user_mentions": [], "urls": [{"url": "https://t.co/dDDTT6Oarm", "expanded_url": "http://fb.me/7P0GtDwNJ", "display_url": "fb.me/7P0GtDwNJ", "indices": [93, 116]}]}, "source": "<a href=\"http://www.facebook.com/twitter\" rel=\"nofollow\">Facebook</a>", "in_reply_to_status_id": null, "in_reply_to_status_id_str": null, "in_reply_to_user_id": null, "in_reply_to_user_id_str": null, "in_reply_to_screen_name": null, "user": {"id": 201597876, "id_str": "201597876", "name": "Rob Marly", "screen_name": "RDMILLZOFFICIAL", "location": "", "description": "I am a mystery and music is my gift", "url": "https://t.co/usYL3qaUPO", "entities": {"url": {"urls": [{"url": "https://t.co/usYL3qaUPO", "expanded_url": "http://www.youtube.com/RDMILLZ", "display_url": "youtube.com/RDMILLZ", "indices": [0, 23]}]}, "description": {"urls": []}}, "protected": false, "followers_count": 340, "friends_count": 295, "listed_count": 12, "created_at": "Tue Oct 12 05:52:55 +0000 2010", "favourites_count": 2136, "utc_offset": null, "time_zone": null, "geo_enabled": false, "verified": false, "statuses_count": 23365, "lang": null, "contributors_enabled": false, "is_translator": false, "is_translation_enabled": false, "profile_background_color": "1A1B1F", "profile_background_image_url": "http://abs.twimg.com/images/themes/theme9/bg.gif", "profile_background_image_url_https": "https://abs.twimg.com/images/themes/theme9/bg.gif", "profile_background_tile": false, "profile_image_url": "http://pbs.twimg.com/profile_images/818497904314896385/u8RbTGt6_normal.jpg", "profile_image_url_https": "https://pbs.twimg.com/profile_images/818497904314896385/u8RbTGt6_normal.jpg", "profile_banner_url": "https://pbs.twimg.com/profile_banners/201597876/1413188501", "profile_link_color": "2FC2EF", "profile_sidebar_border_color": "181A1E", "profile_sidebar_fill_color": "252429", "profile_text_color": "666666", "profile_use_background_image": true, "has_extended_profile": false, "default_profile": false, "default_profile_image": false, "following": false, "follow_request_sent": false, "notifications": false, "translator_type": "none", "withheld_in_countries": []}, "geo": null, "coordinates": null, "place": null, "contributors": null, "is_quote_status": false, "retweet_count": 0, "favorite_count": 0, "favorited": false, "retweeted": false, "possibly_sensitive": false, "lang": "en"}