{"created_at": "Sat Oct 15 19:43:13 +0000 2016", "id": 787378311957716992, "id_str": "787378311957716992", "text": "Mike Pence: ?Allowing Rape Victims To Have Abortions Will Lead To Women Trying To Get Raped? https://t.co/5a1CUvHV9k \nPENSE IS ANTI-AMERICA", "truncated": false, "entities": {"hashtags": [], "symbols": [], "user_mentions": [], "urls": [{"url": "https://t.co/5a1CUvHV9k", "expanded_url": "http://uspoln.com/2016/10/07/mike-pence-allowing-rape-victims-abortions-will-lead-women-trying-get-raped/", "display_url": "uspoln.com/2016/10/07/mik\u2026", "indices": [93, 116]}]}, "source": "<a href=\"http://twitter.com\" rel=\"nofollow\">Twitter Web Client</a>", "in_reply_to_status_id": null, "in_reply_to_status_id_str": null, "in_reply_to_user_id": null, "in_reply_to_user_id_str": null, "in_reply_to_screen_name": null, "user": {"id": 29960786, "id_str": "29960786", "name": "Marshall Adame", "screen_name": "Marshall1952", "location": "Jacksonville, NC, USA", "description": "Retired USMC, Vietnam Veteran, US DoS Official in Iraq, Congressional Commission Member, Wounded Warrior Dad, Author", "url": null, "entities": {"description": {"urls": []}}, "protected": false, "followers_count": 442, "friends_count": 431, "listed_count": 33, "created_at": "Thu Apr 09 10:54:48 +0000 2009", "favourites_count": 14, "utc_offset": null, "time_zone": null, "geo_enabled": false, "verified": false, "statuses_count": 12066, "lang": null, "contributors_enabled": false, "is_translator": false, "is_translation_enabled": false, "profile_background_color": "709397", "profile_background_image_url": "http://abs.twimg.com/images/themes/theme6/bg.gif", "profile_background_image_url_https": "https://abs.twimg.com/images/themes/theme6/bg.gif", "profile_background_tile": false, "profile_image_url": "http://pbs.twimg.com/profile_images/532953472010690560/75vj5VFn_normal.jpeg", "profile_image_url_https": "https://pbs.twimg.com/profile_images/532953472010690560/75vj5VFn_normal.jpeg", "profile_banner_url": "https://pbs.twimg.com/profile_banners/29960786/1427452732", "profile_link_color": "FF3300", "profile_sidebar_border_color": "86A4A6", "profile_sidebar_fill_color": "A0C5C7", "profile_text_color": "333333", "profile_use_background_image": true, "has_extended_profile": false, "default_profile": false, "default_profile_image": false, "following": false, "follow_request_sent": false, "notifications": false, "translator_type": "none", "withheld_in_countries": []}, "geo": null, "coordinates": null, "place": null, "contributors": null, "is_quote_status": false, "retweet_count": 0, "favorite_count": 0, "favorited": false, "retweeted": false, "possibly_sensitive": false, "lang": "en"}