{"created_at": "Fri Oct 28 05:48:36 +0000 2016", "id": 791879319500972032, "id_str": "791879319500972032", "text": "\u201cAllowing Rape Victims to Have Abortions Will Lead to Women Trying to Get Raped\u201d\n\nYup. That's @mike_pence alright.", "truncated": false, "entities": {"hashtags": [], "symbols": [], "user_mentions": [{"screen_name": "Mike_Pence", "name": "Mike Pence", "id": 22203756, "id_str": "22203756", "indices": [94, 105]}], "urls": []}, "source": "<a href=\"http://twitter.com/download/android\" rel=\"nofollow\">Twitter for Android</a>", "in_reply_to_status_id": null, "in_reply_to_status_id_str": null, "in_reply_to_user_id": null, "in_reply_to_user_id_str": null, "in_reply_to_screen_name": null, "user": {"id": 720902437603684352, "id_str": "720902437603684352", "name": "Ngo Linh (\u8c6a\u51db)", "screen_name": "morgarizzle", "location": "", "description": "", "url": null, "entities": {"description": {"urls": []}}, "protected": false, "followers_count": 742, "friends_count": 82, "listed_count": 78, "created_at": "Fri Apr 15 09:11:49 +0000 2016", "favourites_count": 604, "utc_offset": null, "time_zone": null, "geo_enabled": true, "verified": false, "statuses_count": 414, "lang": null, "contributors_enabled": false, "is_translator": false, "is_translation_enabled": false, "profile_background_color": "000000", "profile_background_image_url": "http://abs.twimg.com/images/themes/theme1/bg.png", "profile_background_image_url_https": "https://abs.twimg.com/images/themes/theme1/bg.png", "profile_background_tile": false, "profile_image_url": "http://pbs.twimg.com/profile_images/794376376543420416/oh21mV0o_normal.jpg", "profile_image_url_https": "https://pbs.twimg.com/profile_images/794376376543420416/oh21mV0o_normal.jpg", "profile_banner_url": "https://pbs.twimg.com/profile_banners/720902437603684352/1478229060", "profile_link_color": "FF691F", "profile_sidebar_border_color": "000000", "profile_sidebar_fill_color": "000000", "profile_text_color": "000000", "profile_use_background_image": false, "has_extended_profile": true, "default_profile": false, "default_profile_image": false, "following": false, "follow_request_sent": false, "notifications": false, "translator_type": "none", "withheld_in_countries": []}, "geo": null, "coordinates": null, "place": null, "contributors": null, "is_quote_status": false, "retweet_count": 42, "favorite_count": 36, "favorited": false, "retweeted": false, "lang": "en"}