{"created_at": "Sat Oct 29 10:49:45 +0000 2016", "id": 792317493519880192, "id_str": "792317493519880192", "text": "Mike Pence: 'Allowing Rape Victims to Have Abortions Will Lead to Women Trying to Get Raped' https://t.co/rbuPl2ZaHO *NO Vagina NO Opinion*", "truncated": false, "entities": {"hashtags": [], "symbols": [], "user_mentions": [], "urls": [{"url": "https://t.co/rbuPl2ZaHO", "expanded_url": "http://www.snopes.com/mike-pence-allowing-rape-victims-to-have-abortions-will-lead-to-women-trying-to-get-raped/", "display_url": "snopes.com/mike-pence-all\u2026", "indices": [93, 116]}]}, "source": "<a href=\"http://twitter.com\" rel=\"nofollow\">Twitter Web Client</a>", "in_reply_to_status_id": null, "in_reply_to_status_id_str": null, "in_reply_to_user_id": null, "in_reply_to_user_id_str": null, "in_reply_to_screen_name": null, "user": {"id": 26202000, "id_str": "26202000", "name": "Christine PLEASE #WearAMask / #STOPhateCrimes!!!!", "screen_name": "1legd_survivor", "location": "Medford, OR", "description": "#BlackLivesMatter #AsianLivesMatter\n#AnimalRights #AdoptDontShop #Rescue\n#ProLGBTQ #ProChoice\n#GunBackgroundChecks MUST be #MANDATORY\n#StricterGunLaws", "url": null, "entities": {"description": {"urls": []}}, "protected": false, "followers_count": 4755, "friends_count": 4655, "listed_count": 24, "created_at": "Tue Mar 24 08:48:03 +0000 2009", "favourites_count": 6560, "utc_offset": null, "time_zone": null, "geo_enabled": false, "verified": false, "statuses_count": 10460, "lang": null, "contributors_enabled": false, "is_translator": false, "is_translation_enabled": false, "profile_background_color": "000000", "profile_background_image_url": "http://abs.twimg.com/images/themes/theme1/bg.png", "profile_background_image_url_https": "https://abs.twimg.com/images/themes/theme1/bg.png", "profile_background_tile": false, "profile_image_url": "http://pbs.twimg.com/profile_images/1208205325314097152/_MtJP3Iw_normal.jpg", "profile_image_url_https": "https://pbs.twimg.com/profile_images/1208205325314097152/_MtJP3Iw_normal.jpg", "profile_banner_url": "https://pbs.twimg.com/profile_banners/26202000/1615896071", "profile_link_color": "E81C4F", "profile_sidebar_border_color": "000000", "profile_sidebar_fill_color": "000000", "profile_text_color": "000000", "profile_use_background_image": false, "has_extended_profile": true, "default_profile": false, "default_profile_image": false, "following": false, "follow_request_sent": false, "notifications": false, "translator_type": "none", "withheld_in_countries": []}, "geo": null, "coordinates": null, "place": null, "contributors": null, "is_quote_status": false, "retweet_count": 0, "favorite_count": 0, "favorited": false, "retweeted": false, "possibly_sensitive": false, "lang": "en"}