{"created_at": "Wed Nov 02 03:19:14 +0000 2016", "id": 793653669660991488, "id_str": "793653669660991488", "text": "\"@morgarizzle: \u201cAllowing Rape Victims to Have Abortions Will Lead to Women Trying to Get Raped\u201d\n\nYup. That's @mike_pence alright.\"What a guy", "truncated": false, "entities": {"hashtags": [], "symbols": [], "user_mentions": [{"screen_name": "morgarizzle", "name": "Ngo Linh (\u8c6a\u51db)", "id": 720902437603684352, "id_str": "720902437603684352", "indices": [1, 13]}, {"screen_name": "Mike_Pence", "name": "Mike Pence", "id": 22203756, "id_str": "22203756", "indices": [109, 120]}], "urls": []}, "source": "<a href=\"http://www.twitter.com\" rel=\"nofollow\">Twitter for BlackBerry</a>", "in_reply_to_status_id": null, "in_reply_to_status_id_str": null, "in_reply_to_user_id": null, "in_reply_to_user_id_str": null, "in_reply_to_screen_name": null, "user": {"id": 2991813337, "id_str": "2991813337", "name": "IhvTigereyes", "screen_name": "Loverskey48", "location": "US", "description": "Using my eyes 2 C thru Trump's LIES & BS!! Midwest Dem who's well educated & well informed! No wall! #LetRefugeesIN! Throw out the #Traitor who stands w Putin!", "url": null, "entities": {"description": {"urls": []}}, "protected": false, "followers_count": 291, "friends_count": 588, "listed_count": 5, "created_at": "Wed Jan 21 18:09:27 +0000 2015", "favourites_count": 2539, "utc_offset": null, "time_zone": null, "geo_enabled": false, "verified": false, "statuses_count": 10906, "lang": null, "contributors_enabled": false, "is_translator": false, "is_translation_enabled": false, "profile_background_color": "C0DEED", "profile_background_image_url": "http://abs.twimg.com/images/themes/theme1/bg.png", "profile_background_image_url_https": "https://abs.twimg.com/images/themes/theme1/bg.png", "profile_background_tile": false, "profile_image_url": "http://pbs.twimg.com/profile_images/670615237544972289/HjMKU5Uc_normal.jpg", "profile_image_url_https": "https://pbs.twimg.com/profile_images/670615237544972289/HjMKU5Uc_normal.jpg", "profile_banner_url": "https://pbs.twimg.com/profile_banners/2991813337/1421864618", "profile_link_color": "1DA1F2", "profile_sidebar_border_color": "C0DEED", "profile_sidebar_fill_color": "DDEEF6", "profile_text_color": "333333", "profile_use_background_image": true, "has_extended_profile": false, "default_profile": true, "default_profile_image": false, "following": false, "follow_request_sent": false, "notifications": false, "translator_type": "none", "withheld_in_countries": []}, "geo": null, "coordinates": null, "place": null, "contributors": null, "is_quote_status": false, "retweet_count": 0, "favorite_count": 0, "favorited": false, "retweeted": false, "lang": "en"}