{"created_at": "Mon Nov 07 06:26:40 +0000 2016", "id": 795512775464353792, "id_str": "795512775464353792", "text": "#ManyPeopleAreSaying  Mike Pence said \u201cAllowing Rape Victims To Have Abortions Will Lead To Women Trying To Get Raped\u201d - Is this true?", "truncated": false, "entities": {"hashtags": [{"text": "ManyPeopleAreSaying", "indices": [0, 20]}], "symbols": [], "user_mentions": [], "urls": []}, "source": "<a href=\"http://twitter.com\" rel=\"nofollow\">Twitter Web Client</a>", "in_reply_to_status_id": null, "in_reply_to_status_id_str": null, "in_reply_to_user_id": null, "in_reply_to_user_id_str": null, "in_reply_to_screen_name": null, "user": {"id": 847031612, "id_str": "847031612", "name": "Dudessa", "screen_name": "dudesssa", "location": "New Mexico", "description": "Dudessa Endures; Mom; anti-fascist; jazz/blues singer; Progressive feminist; Nasty Woman;Social Democrat;LGBTQ Ally;#METOO #BlackLivesMatterToo #DACA NO LISTS", "url": null, "entities": {"description": {"urls": []}}, "protected": false, "followers_count": 1507, "friends_count": 2400, "listed_count": 33, "created_at": "Wed Sep 26 08:42:50 +0000 2012", "favourites_count": 26429, "utc_offset": null, "time_zone": null, "geo_enabled": false, "verified": false, "statuses_count": 113316, "lang": null, "contributors_enabled": false, "is_translator": false, "is_translation_enabled": false, "profile_background_color": "000000", "profile_background_image_url": "http://abs.twimg.com/images/themes/theme1/bg.png", "profile_background_image_url_https": "https://abs.twimg.com/images/themes/theme1/bg.png", "profile_background_tile": false, "profile_image_url": "http://pbs.twimg.com/profile_images/726222416356102144/8Yc-yIrk_normal.jpg", "profile_image_url_https": "https://pbs.twimg.com/profile_images/726222416356102144/8Yc-yIrk_normal.jpg", "profile_banner_url": "https://pbs.twimg.com/profile_banners/847031612/1571330742", "profile_link_color": "1B95E0", "profile_sidebar_border_color": "000000", "profile_sidebar_fill_color": "000000", "profile_text_color": "000000", "profile_use_background_image": false, "has_extended_profile": true, "default_profile": false, "default_profile_image": false, "following": false, "follow_request_sent": false, "notifications": false, "translator_type": "none", "withheld_in_countries": []}, "geo": null, "coordinates": null, "place": null, "contributors": null, "is_quote_status": false, "retweet_count": 0, "favorite_count": 0, "favorited": false, "retweeted": false, "lang": "en"}