{"created_at": "Fri Nov 11 22:46:20 +0000 2016", "id": 797208869827133440, "id_str": "797208869827133440", "text": "Mike Pence: \u201cAllowing Rape Victims To Have Abortions Will Lead To Women Trying To Get Raped\u201d https://t.co/GpbwOgPU9K", "truncated": false, "entities": {"hashtags": [], "symbols": [], "user_mentions": [], "urls": [{"url": "https://t.co/GpbwOgPU9K", "expanded_url": "http://fb.me/8s08U94QV", "display_url": "fb.me/8s08U94QV", "indices": [93, 116]}]}, "source": "<a href=\"http://www.facebook.com/twitter\" rel=\"nofollow\">Facebook</a>", "in_reply_to_status_id": null, "in_reply_to_status_id_str": null, "in_reply_to_user_id": null, "in_reply_to_user_id_str": null, "in_reply_to_screen_name": null, "user": {"id": 755180385072451584, "id_str": "755180385072451584", "name": "ImTheDeadGirl", "screen_name": "ImTheDeadGirl", "location": "Hell, MI", "description": "I'm Dead....That Is All", "url": null, "entities": {"description": {"urls": []}}, "protected": false, "followers_count": 13, "friends_count": 208, "listed_count": 0, "created_at": "Mon Jul 18 23:20:09 +0000 2016", "favourites_count": 155, "utc_offset": null, "time_zone": null, "geo_enabled": false, "verified": false, "statuses_count": 10180, "lang": null, "contributors_enabled": false, "is_translator": false, "is_translation_enabled": false, "profile_background_color": "F5F8FA", "profile_background_image_url": null, "profile_background_image_url_https": null, "profile_background_tile": false, "profile_image_url": "http://pbs.twimg.com/profile_images/1228064113336692736/xGvxBDLJ_normal.jpg", "profile_image_url_https": "https://pbs.twimg.com/profile_images/1228064113336692736/xGvxBDLJ_normal.jpg", "profile_banner_url": "https://pbs.twimg.com/profile_banners/755180385072451584/1525439821", "profile_link_color": "1DA1F2", "profile_sidebar_border_color": "C0DEED", "profile_sidebar_fill_color": "DDEEF6", "profile_text_color": "333333", "profile_use_background_image": true, "has_extended_profile": false, "default_profile": true, "default_profile_image": false, "following": false, "follow_request_sent": false, "notifications": false, "translator_type": "none", "withheld_in_countries": []}, "geo": null, "coordinates": null, "place": null, "contributors": null, "is_quote_status": false, "retweet_count": 0, "favorite_count": 0, "favorited": false, "retweeted": false, "possibly_sensitive": false, "lang": "en"}