{"created_at": "Sat Nov 12 12:49:58 +0000 2016", "id": 797421177748783104, "id_str": "797421177748783104", "text": "Mike Pence: 'Allowing Rape Victims to Have Abortions Will Lead to Women Trying to Get Raped' https://t.co/M6z9LY9DD8", "truncated": false, "entities": {"hashtags": [], "symbols": [], "user_mentions": [], "urls": [{"url": "https://t.co/M6z9LY9DD8", "expanded_url": "http://www.snopes.com/mike-pence-allowing-rape-victims-to-have-abortions-will-lead-to-women-trying-to-get-raped/", "display_url": "snopes.com/mike-pence-all\u2026", "indices": [93, 116]}]}, "source": "<a href=\"http://twitter.com\" rel=\"nofollow\">Twitter Web Client</a>", "in_reply_to_status_id": null, "in_reply_to_status_id_str": null, "in_reply_to_user_id": null, "in_reply_to_user_id_str": null, "in_reply_to_screen_name": null, "user": {"id": 3256617340, "id_str": "3256617340", "name": "Just Joe With It", "screen_name": "IsThisShitOn", "location": "Wherever role models be at", "description": "Goodbye Jill. 4/3/13 I love you. RIP\n\nhttps://t.co/zQndhz0u57  $JWBurn", "url": "https://t.co/MZb6jUzEm6", "entities": {"url": {"urls": [{"url": "https://t.co/MZb6jUzEm6", "expanded_url": "https://teespring.com/stores/just-joe-with-it/collection/All%20Products?page=1#", "display_url": "teespring.com/stores/just-jo\u2026", "indices": [0, 23]}]}, "description": {"urls": [{"url": "https://t.co/zQndhz0u57", "expanded_url": "http://Paypal.me/JWBurn", "display_url": "Paypal.me/JWBurn", "indices": [38, 61]}]}}, "protected": false, "followers_count": 815, "friends_count": 439, "listed_count": 18, "created_at": "Fri May 15 13:33:04 +0000 2015", "favourites_count": 671, "utc_offset": null, "time_zone": null, "geo_enabled": false, "verified": false, "statuses_count": 301292, "lang": null, "contributors_enabled": false, "is_translator": false, "is_translation_enabled": false, "profile_background_color": "131516", "profile_background_image_url": "http://abs.twimg.com/images/themes/theme14/bg.gif", "profile_background_image_url_https": "https://abs.twimg.com/images/themes/theme14/bg.gif", "profile_background_tile": true, "profile_image_url": "http://pbs.twimg.com/profile_images/1105411760868245506/0Tjv4Vfz_normal.jpg", "profile_image_url_https": "https://pbs.twimg.com/profile_images/1105411760868245506/0Tjv4Vfz_normal.jpg", "profile_banner_url": "https://pbs.twimg.com/profile_banners/3256617340/1442618555", "profile_link_color": "009999", "profile_sidebar_border_color": "EEEEEE", "profile_sidebar_fill_color": "EFEFEF", "profile_text_color": "333333", "profile_use_background_image": true, "has_extended_profile": false, "default_profile": false, "default_profile_image": false, "following": false, "follow_request_sent": false, "notifications": false, "translator_type": "none", "withheld_in_countries": []}, "geo": null, "coordinates": null, "place": null, "contributors": null, "is_quote_status": false, "retweet_count": 0, "favorite_count": 0, "favorited": false, "retweeted": false, "possibly_sensitive": false, "lang": "en"}