{"created_at": "Sun Nov 13 00:23:24 +0000 2016", "id": 797595682630569986, "id_str": "797595682630569986", "text": "@abdeljalil1975 @jfeliciao Mike Pence:Allowing Rape Victims to Have Abortions Will Lead to Women Trying to Get Raped https://t.co/O9H9VvZaUi", "truncated": false, "entities": {"hashtags": [], "symbols": [], "user_mentions": [{"screen_name": "JFeliciao", "name": "Jason Feliciao", "id": 1002025411524476928, "id_str": "1002025411524476928", "indices": [16, 26]}], "urls": [{"url": "https://t.co/O9H9VvZaUi", "expanded_url": "http://www.snopes.com/mike-pence-allowing-rape-victims-to-have-abortions-will-lead-to-women-trying-to-get-raped/", "display_url": "snopes.com/mike-pence-all\u2026", "indices": [117, 140]}]}, "source": "<a href=\"http://twitter.com\" rel=\"nofollow\">Twitter Web Client</a>", "in_reply_to_status_id": null, "in_reply_to_status_id_str": null, "in_reply_to_user_id": null, "in_reply_to_user_id_str": null, "in_reply_to_screen_name": null, "user": {"id": 309251639, "id_str": "309251639", "name": "Tyler", "screen_name": "RiderFanTyler", "location": "YQR ", "description": "https://t.co/z5Ay4FqbwP.Wife-Sonia.Kids-Luca,Evan,Myla,Laci & baby Noah. Owner of MR MIKES SteakHouse Estevan. Fan of the Riders-BlueJays-Raptors & Tom Brady=GOAT", "url": "https://t.co/1tDO6kQEzE", "entities": {"url": {"urls": [{"url": "https://t.co/1tDO6kQEzE", "expanded_url": "http://WWW.MRMIKES.CA", "display_url": "MRMIKES.CA", "indices": [0, 23]}]}, "description": {"urls": [{"url": "https://t.co/z5Ay4FqbwP", "expanded_url": "http://Faith.Family.Football", "display_url": "Faith.Family.Football", "indices": [0, 23]}]}}, "protected": false, "followers_count": 1226, "friends_count": 503, "listed_count": 14, "created_at": "Wed Jun 01 19:51:20 +0000 2011", "favourites_count": 3185, "utc_offset": null, "time_zone": null, "geo_enabled": true, "verified": false, "statuses_count": 38800, "lang": null, "contributors_enabled": false, "is_translator": false, "is_translation_enabled": false, "profile_background_color": "352726", "profile_background_image_url": "http://abs.twimg.com/images/themes/theme5/bg.gif", "profile_background_image_url_https": "https://abs.twimg.com/images/themes/theme5/bg.gif", "profile_background_tile": false, "profile_image_url": "http://pbs.twimg.com/profile_images/1374434823662497797/bfkx4PbJ_normal.jpg", "profile_image_url_https": "https://pbs.twimg.com/profile_images/1374434823662497797/bfkx4PbJ_normal.jpg", "profile_banner_url": "https://pbs.twimg.com/profile_banners/309251639/1520476160", "profile_link_color": "175214", "profile_sidebar_border_color": "000000", "profile_sidebar_fill_color": "99CC33", "profile_text_color": "3E4415", "profile_use_background_image": true, "has_extended_profile": true, "default_profile": false, "default_profile_image": false, "following": false, "follow_request_sent": false, "notifications": false, "translator_type": "none", "withheld_in_countries": []}, "geo": null, "coordinates": null, "place": null, "contributors": null, "is_quote_status": false, "retweet_count": 0, "favorite_count": 0, "favorited": false, "retweeted": false, "possibly_sensitive": false, "lang": "en"}