{"created_at": "Sun Nov 13 01:59:45 +0000 2016", "id": 797619931814604800, "id_str": "797619931814604800", "text": "Fact Check: Mike Pence did not say 'Allowing Rape Victims to Have Abortions Will Lead to Women Trying to Get Raped' https://t.co/YnTFV36wSB", "truncated": false, "entities": {"hashtags": [], "symbols": [], "user_mentions": [], "urls": [{"url": "https://t.co/YnTFV36wSB", "expanded_url": "http://www.snopes.com/mike-pence-allowing-rape-victims-to-have-abortions-will-lead-to-women-trying-to-get-raped/", "display_url": "snopes.com/mike-pence-all\u2026", "indices": [116, 139]}]}, "source": "<a href=\"http://www.myplume.com/\" rel=\"nofollow\">Plume\u00a0for\u00a0Android</a>", "in_reply_to_status_id": null, "in_reply_to_status_id_str": null, "in_reply_to_user_id": null, "in_reply_to_user_id_str": null, "in_reply_to_screen_name": null, "user": {"id": 7720882, "id_str": "7720882", "name": "twistedcat (she/her)", "screen_name": "twistedcat", "location": "Los Angeles, CA", "description": "what? oh, me. i dunno... I mostly hear things and see things and bitch about pain. tell me something interesting.", "url": null, "entities": {"description": {"urls": []}}, "protected": false, "followers_count": 629, "friends_count": 638, "listed_count": 37, "created_at": "Wed Jul 25 20:44:04 +0000 2007", "favourites_count": 2771, "utc_offset": null, "time_zone": null, "geo_enabled": false, "verified": false, "statuses_count": 40558, "lang": null, "contributors_enabled": false, "is_translator": false, "is_translation_enabled": false, "profile_background_color": "9AE4E8", "profile_background_image_url": "http://abs.twimg.com/images/themes/theme1/bg.png", "profile_background_image_url_https": "https://abs.twimg.com/images/themes/theme1/bg.png", "profile_background_tile": false, "profile_image_url": "http://pbs.twimg.com/profile_images/931781608763305984/6QVfM5aK_normal.jpg", "profile_image_url_https": "https://pbs.twimg.com/profile_images/931781608763305984/6QVfM5aK_normal.jpg", "profile_banner_url": "https://pbs.twimg.com/profile_banners/7720882/1469337648", "profile_link_color": "0000FF", "profile_sidebar_border_color": "87BC44", "profile_sidebar_fill_color": "E0FF92", "profile_text_color": "000000", "profile_use_background_image": true, "has_extended_profile": false, "default_profile": false, "default_profile_image": false, "following": false, "follow_request_sent": false, "notifications": false, "translator_type": "none", "withheld_in_countries": []}, "geo": null, "coordinates": null, "place": null, "contributors": null, "is_quote_status": false, "retweet_count": 0, "favorite_count": 1, "favorited": false, "retweeted": false, "possibly_sensitive": false, "lang": "en"}