{"created_at": "Sun Nov 13 14:46:11 +0000 2016", "id": 797812810533183488, "id_str": "797812810533183488", "text": "Mike Pence: \u201cAllowing Rape Victims To Have Abortions Will Lead To Women Trying To Get Raped\u201d https://t.co/hLE6gvWdgT via @TheNewslo", "truncated": false, "entities": {"hashtags": [], "symbols": [], "user_mentions": [{"screen_name": "TheNewslo", "name": "Newslo", "id": 393693452, "id_str": "393693452", "indices": [121, 131]}], "urls": [{"url": "https://t.co/hLE6gvWdgT", "expanded_url": "http://www.newslo.com/mike-pence-allowing-rape-victims-abortions-will-lead-women-trying-get-raped/", "display_url": "newslo.com/mike-pence-all\u2026", "indices": [93, 116]}]}, "source": "<a href=\"http://twitter.com\" rel=\"nofollow\">Twitter Web Client</a>", "in_reply_to_status_id": null, "in_reply_to_status_id_str": null, "in_reply_to_user_id": null, "in_reply_to_user_id_str": null, "in_reply_to_screen_name": null, "user": {"id": 1346350202, "id_str": "1346350202", "name": "(((Warwick Hunt))) #3.5% #Revolution #FreeAssange", "screen_name": "WarwickHunt4", "location": "Durham. U.K.", "description": "Humanist, Socialist, Feminist, Atheist, woke, #NIP", "url": null, "entities": {"description": {"urls": []}}, "protected": false, "followers_count": 23049, "friends_count": 21353, "listed_count": 112, "created_at": "Fri Apr 12 08:49:29 +0000 2013", "favourites_count": 45018, "utc_offset": null, "time_zone": null, "geo_enabled": true, "verified": false, "statuses_count": 138637, "lang": null, "contributors_enabled": false, "is_translator": false, "is_translation_enabled": false, "profile_background_color": "131516", "profile_background_image_url": "http://abs.twimg.com/images/themes/theme14/bg.gif", "profile_background_image_url_https": "https://abs.twimg.com/images/themes/theme14/bg.gif", "profile_background_tile": true, "profile_image_url": "http://pbs.twimg.com/profile_images/900687792933658624/e7iCylNl_normal.jpg", "profile_image_url_https": "https://pbs.twimg.com/profile_images/900687792933658624/e7iCylNl_normal.jpg", "profile_banner_url": "https://pbs.twimg.com/profile_banners/1346350202/1457121565", "profile_link_color": "009999", "profile_sidebar_border_color": "EEEEEE", "profile_sidebar_fill_color": "EFEFEF", "profile_text_color": "333333", "profile_use_background_image": true, "has_extended_profile": false, "default_profile": false, "default_profile_image": false, "following": false, "follow_request_sent": false, "notifications": false, "translator_type": "none", "withheld_in_countries": []}, "geo": null, "coordinates": null, "place": null, "contributors": null, "is_quote_status": false, "retweet_count": 3, "favorite_count": 0, "favorited": false, "retweeted": false, "possibly_sensitive": false, "lang": "en"}