{"created_at": "Mon Nov 14 06:41:48 +0000 2016", "id": 798053300310605824, "id_str": "798053300310605824", "text": "Mike Pence: 'Allowing Rape Victims to Have Abortions Will Lead to Women Trying to Get Raped' : Hoax https://t.co/TpzOruwhr6", "truncated": false, "entities": {"hashtags": [], "symbols": [], "user_mentions": [], "urls": [{"url": "https://t.co/TpzOruwhr6", "expanded_url": "http://www.snopes.com/mike-pence-allowing-rape-victims-to-have-abortions-will-lead-to-women-trying-to-get-raped/", "display_url": "snopes.com/mike-pence-all\u2026", "indices": [100, 123]}]}, "source": "<a href=\"http://twitter.com/download/iphone\" rel=\"nofollow\">Twitter for iPhone</a>", "in_reply_to_status_id": null, "in_reply_to_status_id_str": null, "in_reply_to_user_id": null, "in_reply_to_user_id_str": null, "in_reply_to_screen_name": null, "user": {"id": 282710228, "id_str": "282710228", "name": "Mike Ward", "screen_name": "badsciencemonk", "location": "Earth 616", "description": "Sliding down the razor blade of life. Former National Security Analysist for Aslan. #MNGA #MakeNarniaGreatAgain", "url": null, "entities": {"description": {"urls": []}}, "protected": false, "followers_count": 988, "friends_count": 3696, "listed_count": 35, "created_at": "Fri Apr 15 19:13:14 +0000 2011", "favourites_count": 42529, "utc_offset": null, "time_zone": null, "geo_enabled": true, "verified": false, "statuses_count": 124965, "lang": null, "contributors_enabled": false, "is_translator": false, "is_translation_enabled": false, "profile_background_color": "C0DEED", "profile_background_image_url": "http://abs.twimg.com/images/themes/theme1/bg.png", "profile_background_image_url_https": "https://abs.twimg.com/images/themes/theme1/bg.png", "profile_background_tile": false, "profile_image_url": "http://pbs.twimg.com/profile_images/1349835932267114496/JE0MlCuQ_normal.jpg", "profile_image_url_https": "https://pbs.twimg.com/profile_images/1349835932267114496/JE0MlCuQ_normal.jpg", "profile_banner_url": "https://pbs.twimg.com/profile_banners/282710228/1610352572", "profile_link_color": "1DA1F2", "profile_sidebar_border_color": "C0DEED", "profile_sidebar_fill_color": "DDEEF6", "profile_text_color": "333333", "profile_use_background_image": true, "has_extended_profile": false, "default_profile": true, "default_profile_image": false, "following": false, "follow_request_sent": false, "notifications": false, "translator_type": "none", "withheld_in_countries": []}, "geo": null, "coordinates": null, "place": null, "contributors": null, "is_quote_status": false, "retweet_count": 1, "favorite_count": 0, "favorited": false, "retweeted": false, "possibly_sensitive": false, "lang": "en"}