{"created_at": "Mon Nov 14 08:42:37 +0000 2016", "id": 798083704035872768, "id_str": "798083704035872768", "text": "Mike Pence: 'Allowing Rape Victims to Have Abortions Will Lead to Women Trying to Get Raped' https://t.co/xIw3de6uiW", "truncated": false, "entities": {"hashtags": [], "symbols": [], "user_mentions": [], "urls": [{"url": "https://t.co/xIw3de6uiW", "expanded_url": "http://www.snopes.com/mike-pence-allowing-rape-victims-to-have-abortions-will-lead-to-women-trying-to-get-raped/", "display_url": "snopes.com/mike-pence-all\u2026", "indices": [93, 116]}]}, "source": "<a href=\"http://twitter.com\" rel=\"nofollow\">Twitter Web Client</a>", "in_reply_to_status_id": null, "in_reply_to_status_id_str": null, "in_reply_to_user_id": null, "in_reply_to_user_id_str": null, "in_reply_to_screen_name": null, "user": {"id": 3171632123, "id_str": "3171632123", "name": "SaraH", "screen_name": "SayNo2TRIDENT", "location": "", "description": "Some hae meat and canna eat, And some wad eat that want it; But we hae meat and we can eat, Sae let the Lord be thankit. \u267f", "url": null, "entities": {"description": {"urls": []}}, "protected": false, "followers_count": 1303, "friends_count": 1428, "listed_count": 15, "created_at": "Thu Apr 16 00:10:20 +0000 2015", "favourites_count": 52924, "utc_offset": null, "time_zone": null, "geo_enabled": false, "verified": false, "statuses_count": 32096, "lang": null, "contributors_enabled": false, "is_translator": false, "is_translation_enabled": false, "profile_background_color": "000000", "profile_background_image_url": "http://abs.twimg.com/images/themes/theme1/bg.png", "profile_background_image_url_https": "https://abs.twimg.com/images/themes/theme1/bg.png", "profile_background_tile": false, "profile_image_url": "http://pbs.twimg.com/profile_images/1137859692884045825/htOCXkQ6_normal.jpg", "profile_image_url_https": "https://pbs.twimg.com/profile_images/1137859692884045825/htOCXkQ6_normal.jpg", "profile_banner_url": "https://pbs.twimg.com/profile_banners/3171632123/1559212764", "profile_link_color": "19CF86", "profile_sidebar_border_color": "000000", "profile_sidebar_fill_color": "000000", "profile_text_color": "000000", "profile_use_background_image": false, "has_extended_profile": false, "default_profile": false, "default_profile_image": false, "following": false, "follow_request_sent": false, "notifications": false, "translator_type": "none", "withheld_in_countries": []}, "geo": null, "coordinates": null, "place": null, "contributors": null, "is_quote_status": false, "retweet_count": 4, "favorite_count": 1, "favorited": false, "retweeted": false, "possibly_sensitive": false, "lang": "en"}