{"created_at": "Mon Nov 14 03:26:03 +0000 2016", "id": 798004037492887552, "id_str": "798004037492887552", "text": "Mike Pence: 'Allowing Rape Victims to Have Abortions Will Lead to Women Trying to Get Raped' https://t.co/6CM6UoZknD", "truncated": false, "entities": {"hashtags": [], "symbols": [], "user_mentions": [], "urls": [{"url": "https://t.co/6CM6UoZknD", "expanded_url": "http://www.snopes.com/mike-pence-allowing-rape-victims-to-have-abortions-will-lead-to-women-trying-to-get-raped/", "display_url": "snopes.com/mike-pence-all\u2026", "indices": [93, 116]}]}, "source": "<a href=\"http://twitter.com\" rel=\"nofollow\">Twitter Web Client</a>", "in_reply_to_status_id": null, "in_reply_to_status_id_str": null, "in_reply_to_user_id": null, "in_reply_to_user_id_str": null, "in_reply_to_screen_name": null, "user": {"id": 73021442, "id_str": "73021442", "name": "\ud83d\udcdaDeke\ud83d\udcda is back in the book fort", "screen_name": "WereGeek", "location": "Colorado", "description": "God's perfect idiot & abomination unto Nuggan. Also a space pirate. Flexible on pronouns. Collecting every appearance of Power Pack. Not https://t.co/GZA01j17If", "url": null, "entities": {"description": {"urls": [{"url": "https://t.co/GZA01j17If", "expanded_url": "http://WereGeek.com", "display_url": "WereGeek.com", "indices": [137, 160]}]}}, "protected": false, "followers_count": 558, "friends_count": 563, "listed_count": 40, "created_at": "Thu Sep 10 02:36:17 +0000 2009", "favourites_count": 90770, "utc_offset": null, "time_zone": null, "geo_enabled": false, "verified": false, "statuses_count": 168385, "lang": null, "contributors_enabled": false, "is_translator": false, "is_translation_enabled": false, "profile_background_color": "022330", "profile_background_image_url": "http://abs.twimg.com/images/themes/theme15/bg.png", "profile_background_image_url_https": "https://abs.twimg.com/images/themes/theme15/bg.png", "profile_background_tile": false, "profile_image_url": "http://pbs.twimg.com/profile_images/1284569263492214789/wKaxMQE3_normal.jpg", "profile_image_url_https": "https://pbs.twimg.com/profile_images/1284569263492214789/wKaxMQE3_normal.jpg", "profile_link_color": "0084B4", "profile_sidebar_border_color": "A8C7F7", "profile_sidebar_fill_color": "C0DFEC", "profile_text_color": "333333", "profile_use_background_image": true, "has_extended_profile": false, "default_profile": false, "default_profile_image": false, "following": false, "follow_request_sent": false, "notifications": false, "translator_type": "none", "withheld_in_countries": []}, "geo": null, "coordinates": null, "place": null, "contributors": null, "is_quote_status": false, "retweet_count": 0, "favorite_count": 0, "favorited": false, "retweeted": false, "possibly_sensitive": false, "lang": "en"}