{"created_at": "Mon Nov 14 23:32:29 +0000 2016", "id": 798307647468556288, "id_str": "798307647468556288", "text": "Mike Pence: 'Allowing Rape Victims to Have Abortions Will Lead to Women Trying to Get Raped' https://t.co/0GjzNUodGs", "truncated": false, "entities": {"hashtags": [], "symbols": [], "user_mentions": [], "urls": [{"url": "https://t.co/0GjzNUodGs", "expanded_url": "http://www.snopes.com/mike-pence-allowing-rape-victims-to-have-abortions-will-lead-to-women-trying-to-get-raped/", "display_url": "snopes.com/mike-pence-all\u2026", "indices": [93, 116]}]}, "source": "<a href=\"http://twitter.com\" rel=\"nofollow\">Twitter Web Client</a>", "in_reply_to_status_id": null, "in_reply_to_status_id_str": null, "in_reply_to_user_id": null, "in_reply_to_user_id_str": null, "in_reply_to_screen_name": null, "user": {"id": 1714109736, "id_str": "1714109736", "name": "Noisy Rhubarb", "screen_name": "epiphany1000", "location": "From out in left field.", "description": "Nuclear physicist and part-time cage cleaner.", "url": "https://t.co/JymQX7XSeg", "entities": {"url": {"urls": [{"url": "https://t.co/JymQX7XSeg", "expanded_url": "http://www.yeahright.com", "display_url": "yeahright.com", "indices": [0, 23]}]}, "description": {"urls": []}}, "protected": false, "followers_count": 586, "friends_count": 1307, "listed_count": 1, "created_at": "Sat Aug 31 00:49:10 +0000 2013", "favourites_count": 26100, "utc_offset": null, "time_zone": null, "geo_enabled": true, "verified": false, "statuses_count": 14122, "lang": null, "contributors_enabled": false, "is_translator": false, "is_translation_enabled": false, "profile_background_color": "000000", "profile_background_image_url": "http://abs.twimg.com/images/themes/theme1/bg.png", "profile_background_image_url_https": "https://abs.twimg.com/images/themes/theme1/bg.png", "profile_background_tile": false, "profile_image_url": "http://pbs.twimg.com/profile_images/1368767175700475907/F2um9sJF_normal.jpg", "profile_image_url_https": "https://pbs.twimg.com/profile_images/1368767175700475907/F2um9sJF_normal.jpg", "profile_banner_url": "https://pbs.twimg.com/profile_banners/1714109736/1613013886", "profile_link_color": "ABB8C2", "profile_sidebar_border_color": "000000", "profile_sidebar_fill_color": "000000", "profile_text_color": "000000", "profile_use_background_image": false, "has_extended_profile": true, "default_profile": false, "default_profile_image": false, "following": false, "follow_request_sent": false, "notifications": false, "translator_type": "none", "withheld_in_countries": []}, "geo": null, "coordinates": null, "place": null, "contributors": null, "is_quote_status": false, "retweet_count": 0, "favorite_count": 0, "favorited": false, "retweeted": false, "possibly_sensitive": false, "lang": "en"}