{"created_at": "Tue Nov 15 00:14:26 +0000 2016", "id": 798318204267458560, "id_str": "798318204267458560", "text": "Mike Pence: 'Allowing Rape Victims to Have Abortions Will Lead to Women Trying to Get Raped' https://t.co/CbWjc5HReB", "truncated": false, "entities": {"hashtags": [], "symbols": [], "user_mentions": [], "urls": [{"url": "https://t.co/CbWjc5HReB", "expanded_url": "http://www.snopes.com/mike-pence-allowing-rape-victims-to-have-abortions-will-lead-to-women-trying-to-get-raped/", "display_url": "snopes.com/mike-pence-all\u2026", "indices": [93, 116]}]}, "source": "<a href=\"http://twitter.com\" rel=\"nofollow\">Twitter Web Client</a>", "in_reply_to_status_id": null, "in_reply_to_status_id_str": null, "in_reply_to_user_id": null, "in_reply_to_user_id_str": null, "in_reply_to_screen_name": null, "user": {"id": 759601952036487169, "id_str": "759601952036487169", "name": "bobby b", "screen_name": "thebobbyb", "location": "South Miami, FL", "description": "retired female, I WILL FB resisters & pups only. No Trumpsters. ACLU + typos", "url": null, "entities": {"description": {"urls": []}}, "protected": false, "followers_count": 4251, "friends_count": 4377, "listed_count": 31, "created_at": "Sun Jul 31 04:09:53 +0000 2016", "favourites_count": 34527, "utc_offset": null, "time_zone": null, "geo_enabled": false, "verified": false, "statuses_count": 157983, "lang": null, "contributors_enabled": false, "is_translator": false, "is_translation_enabled": false, "profile_background_color": "000000", "profile_background_image_url": "http://abs.twimg.com/images/themes/theme1/bg.png", "profile_background_image_url_https": "https://abs.twimg.com/images/themes/theme1/bg.png", "profile_background_tile": false, "profile_image_url": "http://pbs.twimg.com/profile_images/1207725966950354949/5i-R4TP1_normal.jpg", "profile_image_url_https": "https://pbs.twimg.com/profile_images/1207725966950354949/5i-R4TP1_normal.jpg", "profile_banner_url": "https://pbs.twimg.com/profile_banners/759601952036487169/1611159522", "profile_link_color": "981CEB", "profile_sidebar_border_color": "000000", "profile_sidebar_fill_color": "000000", "profile_text_color": "000000", "profile_use_background_image": false, "has_extended_profile": false, "default_profile": false, "default_profile_image": false, "following": false, "follow_request_sent": false, "notifications": false, "translator_type": "none", "withheld_in_countries": []}, "geo": null, "coordinates": null, "place": null, "contributors": null, "is_quote_status": false, "retweet_count": 0, "favorite_count": 0, "favorited": false, "retweeted": false, "possibly_sensitive": false, "lang": "en"}