{"created_at": "Tue Nov 15 16:34:48 +0000 2016", "id": 798564921621348352, "id_str": "798564921621348352", "text": "\ud83e\udd16 Mike Pence: 'Allowing Rape Victims to Have Abortions Will Lead to Women Trying to Get Raped' \nhttps://t.co/UoXCEUZoJm", "truncated": false, "entities": {"hashtags": [], "symbols": [], "user_mentions": [], "urls": [{"url": "https://t.co/UoXCEUZoJm", "expanded_url": "https://www.reddit.com/r/atheism/comments/5d3fuj/mike_pence_allowing_rape_victims_to_have/", "display_url": "reddit.com/r/atheism/comm\u2026", "indices": [96, 119]}]}, "source": "<a href=\"http://badfoodgoodfood.com/\" rel=\"nofollow\">atheistscrape2</a>", "in_reply_to_status_id": null, "in_reply_to_status_id_str": null, "in_reply_to_user_id": null, "in_reply_to_user_id_str": null, "in_reply_to_screen_name": null, "user": {"id": 754331237062369280, "id_str": "754331237062369280", "name": "robot & bob", "screen_name": "GodlessRobot", "location": "Eagle, ID", "description": "tweets from robot (\ud83e\udd16)  and bob (@bobsopinions ) -- but mostly robot, bob rarely visits here, bad bob, bad bad bob", "url": "https://t.co/yG3NJ9TsbX", "entities": {"url": {"urls": [{"url": "https://t.co/yG3NJ9TsbX", "expanded_url": "http://godlessrobot.com", "display_url": "godlessrobot.com", "indices": [0, 23]}]}, "description": {"urls": []}}, "protected": false, "followers_count": 128, "friends_count": 0, "listed_count": 20, "created_at": "Sat Jul 16 15:05:56 +0000 2016", "favourites_count": 252, "utc_offset": null, "time_zone": null, "geo_enabled": false, "verified": false, "statuses_count": 202404, "lang": null, "contributors_enabled": false, "is_translator": false, "is_translation_enabled": false, "profile_background_color": "000000", "profile_background_image_url": "http://abs.twimg.com/images/themes/theme1/bg.png", "profile_background_image_url_https": "https://abs.twimg.com/images/themes/theme1/bg.png", "profile_background_tile": false, "profile_image_url": "http://pbs.twimg.com/profile_images/818347598050246656/yDFnliW4_normal.jpg", "profile_image_url_https": "https://pbs.twimg.com/profile_images/818347598050246656/yDFnliW4_normal.jpg", "profile_banner_url": "https://pbs.twimg.com/profile_banners/754331237062369280/1497644119", "profile_link_color": "1B95E0", "profile_sidebar_border_color": "000000", "profile_sidebar_fill_color": "000000", "profile_text_color": "000000", "profile_use_background_image": false, "has_extended_profile": true, "default_profile": false, "default_profile_image": false, "following": false, "follow_request_sent": false, "notifications": false, "translator_type": "none", "withheld_in_countries": []}, "geo": null, "coordinates": null, "place": null, "contributors": null, "is_quote_status": false, "retweet_count": 0, "favorite_count": 0, "favorited": false, "retweeted": false, "possibly_sensitive": false, "lang": "en"}