{"created_at": "Mon Dec 12 17:17:05 +0000 2016", "id": 808360036095455232, "id_str": "808360036095455232", "text": "\"#MikePence: 'Allowing Rape Victims to Have Abortions Will Lead to Women Trying to Get Raped' \" https://t.co/u8R31gNVoe", "truncated": false, "entities": {"hashtags": [{"text": "MikePence", "indices": [1, 11]}], "symbols": [], "user_mentions": [], "urls": [{"url": "https://t.co/u8R31gNVoe", "expanded_url": "http://www.snopes.com/mike-pence-allowing-rape-victims-to-have-abortions-will-lead-to-women-trying-to-get-raped/", "display_url": "snopes.com/mike-pence-all\u2026", "indices": [96, 119]}]}, "source": "<a href=\"http://twitter.com\" rel=\"nofollow\">Twitter Web Client</a>", "in_reply_to_status_id": null, "in_reply_to_status_id_str": null, "in_reply_to_user_id": null, "in_reply_to_user_id_str": null, "in_reply_to_screen_name": null, "user": {"id": 73219066, "id_str": "73219066", "name": "Celine Signoret W", "screen_name": "Celinuchis90", "location": "", "description": "I am a writer and translator. I speak English, Spanish and French. I love languages. I am a #feminist and #LGBT activist.", "url": "http://t.co/lJfE0Tqt21", "entities": {"url": {"urls": [{"url": "http://t.co/lJfE0Tqt21", "expanded_url": "http://celinesignoret.blogspot.mx/", "display_url": "celinesignoret.blogspot.mx", "indices": [0, 22]}]}, "description": {"urls": []}}, "protected": false, "followers_count": 914, "friends_count": 2466, "listed_count": 45, "created_at": "Thu Sep 10 20:59:12 +0000 2009", "favourites_count": 4370, "utc_offset": null, "time_zone": null, "geo_enabled": false, "verified": false, "statuses_count": 29164, "lang": null, "contributors_enabled": false, "is_translator": false, "is_translation_enabled": false, "profile_background_color": "642D8B", "profile_background_image_url": "http://abs.twimg.com/images/themes/theme10/bg.gif", "profile_background_image_url_https": "https://abs.twimg.com/images/themes/theme10/bg.gif", "profile_background_tile": true, "profile_image_url": "http://pbs.twimg.com/profile_images/1356020042190778372/ujfQka6J_normal.jpg", "profile_image_url_https": "https://pbs.twimg.com/profile_images/1356020042190778372/ujfQka6J_normal.jpg", "profile_banner_url": "https://pbs.twimg.com/profile_banners/73219066/1548032725", "profile_link_color": "001EFF", "profile_sidebar_border_color": "FFFFFF", "profile_sidebar_fill_color": "E1E9ED", "profile_text_color": "3D1957", "profile_use_background_image": true, "has_extended_profile": true, "default_profile": false, "default_profile_image": false, "following": false, "follow_request_sent": false, "notifications": false, "translator_type": "none", "withheld_in_countries": []}, "geo": null, "coordinates": null, "place": null, "contributors": null, "is_quote_status": false, "retweet_count": 0, "favorite_count": 0, "favorited": false, "retweeted": false, "possibly_sensitive": false, "lang": "en"}