{"created_at": "Wed Jan 25 09:23:10 +0000 2017", "id": 824185834194825217, "id_str": "824185834194825217", "text": "Mike Pence: \u201cAllowing Rape Victims To Have Abortions Will Lead To Women Trying To Get Raped\u201d https://t.co/80bFzsPCsm", "truncated": false, "entities": {"hashtags": [], "symbols": [], "user_mentions": [], "urls": [{"url": "https://t.co/80bFzsPCsm", "expanded_url": "http://fb.me/1aE5SzN6w", "display_url": "fb.me/1aE5SzN6w", "indices": [93, 116]}]}, "source": "<a href=\"http://www.facebook.com/twitter\" rel=\"nofollow\">Facebook</a>", "in_reply_to_status_id": null, "in_reply_to_status_id_str": null, "in_reply_to_user_id": null, "in_reply_to_user_id_str": null, "in_reply_to_screen_name": null, "user": {"id": 32139187, "id_str": "32139187", "name": "Howard Hilliard", "screen_name": "hhmhilliard", "location": "Tonopah AZ", "description": "Frequency-Energy-Vibration\n11:11", "url": "https://t.co/gB8f5q56oD", "entities": {"url": {"urls": [{"url": "https://t.co/gB8f5q56oD", "expanded_url": "http://fb.me/blacknificent11", "display_url": "fb.me/blacknificent11", "indices": [0, 23]}]}, "description": {"urls": []}}, "protected": false, "followers_count": 399, "friends_count": 1736, "listed_count": 10, "created_at": "Thu Apr 16 20:25:12 +0000 2009", "favourites_count": 3598, "utc_offset": null, "time_zone": null, "geo_enabled": true, "verified": false, "statuses_count": 110004, "lang": null, "contributors_enabled": false, "is_translator": false, "is_translation_enabled": false, "profile_background_color": "8B542B", "profile_background_image_url": "http://abs.twimg.com/images/themes/theme4/bg.gif", "profile_background_image_url_https": "https://abs.twimg.com/images/themes/theme4/bg.gif", "profile_background_tile": false, "profile_image_url": "http://pbs.twimg.com/profile_images/926755942200250368/dhnRN3S1_normal.jpg", "profile_image_url_https": "https://pbs.twimg.com/profile_images/926755942200250368/dhnRN3S1_normal.jpg", "profile_banner_url": "https://pbs.twimg.com/profile_banners/32139187/1509790938", "profile_link_color": "9D582E", "profile_sidebar_border_color": "D9B07E", "profile_sidebar_fill_color": "EADEAA", "profile_text_color": "333333", "profile_use_background_image": true, "has_extended_profile": true, "default_profile": false, "default_profile_image": false, "following": false, "follow_request_sent": false, "notifications": false, "translator_type": "none", "withheld_in_countries": []}, "geo": null, "coordinates": null, "place": null, "contributors": null, "is_quote_status": false, "retweet_count": 0, "favorite_count": 0, "favorited": false, "retweeted": false, "possibly_sensitive": false, "lang": "en"}