{"created_at": "Wed Jan 25 16:27:30 +0000 2017", "id": 824292624295194624, "id_str": "824292624295194624", "text": "Mike Pence: \u201cAllowing Rape Victims To Have Abortions Will Lead To Women Trying To Get Raped\u201d https://t.co/AeLUPLpixo", "truncated": false, "entities": {"hashtags": [], "symbols": [], "user_mentions": [], "urls": [{"url": "https://t.co/AeLUPLpixo", "expanded_url": "http://fb.me/50dM7OC8M", "display_url": "fb.me/50dM7OC8M", "indices": [93, 116]}]}, "source": "<a href=\"http://www.facebook.com/twitter\" rel=\"nofollow\">Facebook</a>", "in_reply_to_status_id": null, "in_reply_to_status_id_str": null, "in_reply_to_user_id": null, "in_reply_to_user_id_str": null, "in_reply_to_screen_name": null, "user": {"id": 240099782, "id_str": "240099782", "name": "Marian Bradley", "screen_name": "marian0121", "location": "Montana", "description": "feminist, activist, political junkie, wife, mother, Working for the rights of women and equality for all! All comments are mine and mine alone.", "url": null, "entities": {"description": {"urls": []}}, "protected": false, "followers_count": 954, "friends_count": 1956, "listed_count": 32, "created_at": "Wed Jan 19 04:26:32 +0000 2011", "favourites_count": 931, "utc_offset": null, "time_zone": null, "geo_enabled": true, "verified": false, "statuses_count": 5454, "lang": null, "contributors_enabled": false, "is_translator": false, "is_translation_enabled": false, "profile_background_color": "642D8B", "profile_background_image_url": "http://abs.twimg.com/images/themes/theme10/bg.gif", "profile_background_image_url_https": "https://abs.twimg.com/images/themes/theme10/bg.gif", "profile_background_tile": true, "profile_image_url": "http://pbs.twimg.com/profile_images/1364773106/Marian_normal.jpg", "profile_image_url_https": "https://pbs.twimg.com/profile_images/1364773106/Marian_normal.jpg", "profile_link_color": "FF0000", "profile_sidebar_border_color": "65B0DA", "profile_sidebar_fill_color": "7AC3EE", "profile_text_color": "3D1957", "profile_use_background_image": true, "has_extended_profile": false, "default_profile": false, "default_profile_image": false, "following": false, "follow_request_sent": false, "notifications": false, "translator_type": "none", "withheld_in_countries": []}, "geo": null, "coordinates": null, "place": null, "contributors": null, "is_quote_status": false, "retweet_count": 0, "favorite_count": 0, "favorited": false, "retweeted": false, "possibly_sensitive": false, "lang": "en"}