{"created_at": "Wed Jan 25 16:35:48 +0000 2017", "id": 824294713159249921, "id_str": "824294713159249921", "text": "Mike Pence: \u201cAllowing Rape Victims To Have Abortions Will Lead To Women Trying To Get Raped\u201d https://t.co/445mwSRG7Y via @TheNewslo", "truncated": false, "entities": {"hashtags": [], "symbols": [], "user_mentions": [{"screen_name": "TheNewslo", "name": "Newslo", "id": 393693452, "id_str": "393693452", "indices": [121, 131]}], "urls": [{"url": "https://t.co/445mwSRG7Y", "expanded_url": "http://politicot.com/mike-pence-allowing-rape-victims-abortions-will-lead-women-trying-get-raped/", "display_url": "politicot.com/mike-pence-all\u2026", "indices": [93, 116]}]}, "source": "<a href=\"http://twitter.com\" rel=\"nofollow\">Twitter Web Client</a>", "in_reply_to_status_id": null, "in_reply_to_status_id_str": null, "in_reply_to_user_id": null, "in_reply_to_user_id_str": null, "in_reply_to_screen_name": null, "user": {"id": 14341445, "id_str": "14341445", "name": "Judith DM", "screen_name": "tricoter", "location": "Janesville, Wisconsin", "description": "Artist; UW student, bibliophile, advocate & activist; wool spinner; organic gardener w/ hens; nonprofit & coalition founder; global traveler always learning!", "url": null, "entities": {"description": {"urls": []}}, "protected": false, "followers_count": 361, "friends_count": 669, "listed_count": 5, "created_at": "Wed Apr 09 13:06:10 +0000 2008", "favourites_count": 42303, "utc_offset": null, "time_zone": null, "geo_enabled": false, "verified": false, "statuses_count": 33841, "lang": null, "contributors_enabled": false, "is_translator": false, "is_translation_enabled": false, "profile_background_color": "C6E2EE", "profile_background_image_url": "http://abs.twimg.com/images/themes/theme2/bg.gif", "profile_background_image_url_https": "https://abs.twimg.com/images/themes/theme2/bg.gif", "profile_background_tile": false, "profile_image_url": "http://pbs.twimg.com/profile_images/3481807356/22e6310ecd873104dc9b4d30bd8ebf08_normal.jpeg", "profile_image_url_https": "https://pbs.twimg.com/profile_images/3481807356/22e6310ecd873104dc9b4d30bd8ebf08_normal.jpeg", "profile_link_color": "1F98C7", "profile_sidebar_border_color": "FFFFFF", "profile_sidebar_fill_color": "DAECF4", "profile_text_color": "663B12", "profile_use_background_image": true, "has_extended_profile": false, "default_profile": false, "default_profile_image": false, "following": false, "follow_request_sent": false, "notifications": false, "translator_type": "none", "withheld_in_countries": []}, "geo": null, "coordinates": null, "place": null, "contributors": null, "is_quote_status": false, "retweet_count": 0, "favorite_count": 0, "favorited": false, "retweeted": false, "possibly_sensitive": false, "lang": "en"}