{"created_at": "Wed Jan 25 14:20:01 +0000 2017", "id": 824260541489311744, "id_str": "824260541489311744", "text": "Mike Pence: \u201cAllowing Rape Victims To Have Abortions Will Lead To Women Trying To Get Raped\u201d https://t.co/8NcaiXAmM3", "truncated": false, "entities": {"hashtags": [], "symbols": [], "user_mentions": [], "urls": [{"url": "https://t.co/8NcaiXAmM3", "expanded_url": "http://fb.me/17rFB1ei3", "display_url": "fb.me/17rFB1ei3", "indices": [93, 116]}]}, "source": "<a href=\"http://www.facebook.com/twitter\" rel=\"nofollow\">Facebook</a>", "in_reply_to_status_id": null, "in_reply_to_status_id_str": null, "in_reply_to_user_id": null, "in_reply_to_user_id_str": null, "in_reply_to_screen_name": null, "user": {"id": 26443128, "id_str": "26443128", "name": "D\u00f3ra Hafsteinsd\u00f3ttir \u00c2\u00fb", "screen_name": "Ofurtrunta", "location": "Iceland", "description": "Proud Autistic. Parent to perfection, 11 year old autistic girl. #ActuallyAutistic #Neurodivergent #ActuallyAutistpic  #REDinstead #LightItUpGold #Autigender", "url": "https://t.co/hvbHZrpWI3", "entities": {"url": {"urls": [{"url": "https://t.co/hvbHZrpWI3", "expanded_url": "https://www.facebook.com/dora.hafsteinsdottir", "display_url": "facebook.com/dora.hafsteins\u2026", "indices": [0, 23]}]}, "description": {"urls": []}}, "protected": false, "followers_count": 263, "friends_count": 250, "listed_count": 9, "created_at": "Wed Mar 25 06:03:30 +0000 2009", "favourites_count": 1067, "utc_offset": null, "time_zone": null, "geo_enabled": false, "verified": false, "statuses_count": 9725, "lang": null, "contributors_enabled": false, "is_translator": false, "is_translation_enabled": false, "profile_background_color": "000000", "profile_background_image_url": "http://abs.twimg.com/images/themes/theme1/bg.png", "profile_background_image_url_https": "https://abs.twimg.com/images/themes/theme1/bg.png", "profile_background_tile": false, "profile_image_url": "http://pbs.twimg.com/profile_images/893511186058276864/RdbGqPh2_normal.jpg", "profile_image_url_https": "https://pbs.twimg.com/profile_images/893511186058276864/RdbGqPh2_normal.jpg", "profile_banner_url": "https://pbs.twimg.com/profile_banners/26443128/1491114730", "profile_link_color": "FF0000", "profile_sidebar_border_color": "000000", "profile_sidebar_fill_color": "000000", "profile_text_color": "000000", "profile_use_background_image": false, "has_extended_profile": true, "default_profile": false, "default_profile_image": false, "following": false, "follow_request_sent": false, "notifications": false, "translator_type": "none", "withheld_in_countries": []}, "geo": null, "coordinates": null, "place": null, "contributors": null, "is_quote_status": false, "retweet_count": 0, "favorite_count": 0, "favorited": false, "retweeted": false, "possibly_sensitive": false, "lang": "en"}