{"created_at": "Wed Jan 25 17:57:38 +0000 2017", "id": 824315304549482503, "id_str": "824315304549482503", "text": "Mike Pence: \u201cAllowing Rape Victims To Have Abortions Will Lead To Women Trying To Get Raped\u201d | @scoopit https://t.co/0O9j77gkdH", "truncated": false, "entities": {"hashtags": [], "symbols": [], "user_mentions": [{"screen_name": "scoopit", "name": "Scoop.it", "id": 209484168, "id_str": "209484168", "indices": [95, 103]}], "urls": [{"url": "https://t.co/0O9j77gkdH", "expanded_url": "http://sco.lt/4rpWQD", "display_url": "sco.lt/4rpWQD", "indices": [104, 127]}]}, "source": "<a href=\"http://www.scoop.it\" rel=\"nofollow\">Scoop.it</a>", "in_reply_to_status_id": null, "in_reply_to_status_id_str": null, "in_reply_to_user_id": null, "in_reply_to_user_id_str": null, "in_reply_to_screen_name": null, "user": {"id": 457459552, "id_str": "457459552", "name": "BevR  \ud83c\uddec\ud83c\udde7\ud83c\uddfa\ud83c\uddf8", "screen_name": "britishroses1", "location": "", "description": "I'm a mother, advocate and carer. I believe in equality and a real living wage, hard work and self-determination. #Fibromyalgia #Autism #DisabledLivesMatter #Sp", "url": null, "entities": {"description": {"urls": []}}, "protected": false, "followers_count": 839, "friends_count": 916, "listed_count": 32, "created_at": "Sat Jan 07 12:45:03 +0000 2012", "favourites_count": 14064, "utc_offset": null, "time_zone": null, "geo_enabled": false, "verified": false, "statuses_count": 117944, "lang": null, "contributors_enabled": false, "is_translator": false, "is_translation_enabled": false, "profile_background_color": "642D8B", "profile_background_image_url": "http://abs.twimg.com/images/themes/theme10/bg.gif", "profile_background_image_url_https": "https://abs.twimg.com/images/themes/theme10/bg.gif", "profile_background_tile": true, "profile_image_url": "http://pbs.twimg.com/profile_images/470680518707515392/1t45mkYI_normal.png", "profile_image_url_https": "https://pbs.twimg.com/profile_images/470680518707515392/1t45mkYI_normal.png", "profile_banner_url": "https://pbs.twimg.com/profile_banners/457459552/1402690082", "profile_link_color": "FF0000", "profile_sidebar_border_color": "FFFFFF", "profile_sidebar_fill_color": "7AC3EE", "profile_text_color": "3D1957", "profile_use_background_image": true, "has_extended_profile": true, "default_profile": false, "default_profile_image": false, "following": false, "follow_request_sent": false, "notifications": false, "translator_type": "none", "withheld_in_countries": []}, "geo": null, "coordinates": null, "place": null, "contributors": null, "is_quote_status": false, "retweet_count": 0, "favorite_count": 0, "favorited": false, "retweeted": false, "possibly_sensitive": true, "lang": "en"}