{"created_at": "Wed Jan 25 22:47:41 +0000 2017", "id": 824388299150155776, "id_str": "824388299150155776", "text": "Mike Pence: \u201cAllowing Rape Victims To Have Abortions Will Lead To Women Trying To Get Raped\u201d https://t.co/6JZqyot9oI", "truncated": false, "entities": {"hashtags": [], "symbols": [], "user_mentions": [], "urls": [{"url": "https://t.co/6JZqyot9oI", "expanded_url": "http://fb.me/13kW7XyOc", "display_url": "fb.me/13kW7XyOc", "indices": [93, 116]}]}, "source": "<a href=\"http://www.facebook.com/twitter\" rel=\"nofollow\">Facebook</a>", "in_reply_to_status_id": null, "in_reply_to_status_id_str": null, "in_reply_to_user_id": null, "in_reply_to_user_id_str": null, "in_reply_to_screen_name": null, "user": {"id": 43351780, "id_str": "43351780", "name": "Alan  Parkins", "screen_name": "tophatal", "location": " C Florida", "description": "Avid sports fan  expat Brit former military   and   avid  MMA  and   martial arts    fanatic  !  https://t.co/it6zpOKEBY   \r\nhttp://http://tophatal.wordpre", "url": "https://t.co/4Gl1h8rfO7", "entities": {"url": {"urls": [{"url": "https://t.co/4Gl1h8rfO7", "expanded_url": "http://tophatal.wordpress.com", "display_url": "tophatal.wordpress.com", "indices": [0, 23]}]}, "description": {"urls": [{"url": "https://t.co/it6zpOKEBY", "expanded_url": "http://facebook.com/Tophata2", "display_url": "facebook.com/Tophata2", "indices": [97, 120]}]}}, "protected": false, "followers_count": 688, "friends_count": 1847, "listed_count": 16, "created_at": "Fri May 29 15:39:19 +0000 2009", "favourites_count": 7, "utc_offset": null, "time_zone": null, "geo_enabled": true, "verified": false, "statuses_count": 8817, "lang": null, "contributors_enabled": false, "is_translator": false, "is_translation_enabled": false, "profile_background_color": "E6D79A", "profile_background_image_url": "http://abs.twimg.com/images/themes/theme1/bg.png", "profile_background_image_url_https": "https://abs.twimg.com/images/themes/theme1/bg.png", "profile_background_tile": true, "profile_image_url": "http://pbs.twimg.com/profile_images/238021653/tophatal_normal.jpg", "profile_image_url_https": "https://pbs.twimg.com/profile_images/238021653/tophatal_normal.jpg", "profile_banner_url": "https://pbs.twimg.com/profile_banners/43351780/1406112644", "profile_link_color": "00B300", "profile_sidebar_border_color": "000000", "profile_sidebar_fill_color": "DDFFCC", "profile_text_color": "333333", "profile_use_background_image": false, "has_extended_profile": true, "default_profile": false, "default_profile_image": false, "following": false, "follow_request_sent": false, "notifications": false, "translator_type": "none", "withheld_in_countries": []}, "geo": null, "coordinates": null, "place": null, "contributors": null, "is_quote_status": false, "retweet_count": 0, "favorite_count": 0, "favorited": false, "retweeted": false, "possibly_sensitive": false, "lang": "en"}