{"created_at": "Wed Jan 25 21:56:39 +0000 2017", "id": 824375456363331595, "id_str": "824375456363331595", "text": "Mike Pence: \u201cAllowing Rape Victims To Have Abortions Will Lead To Women Trying To Get Raped\u201d https://t.co/LWzS3KlHGG via @TheNewslo", "truncated": false, "entities": {"hashtags": [], "symbols": [], "user_mentions": [{"screen_name": "TheNewslo", "name": "Newslo", "id": 393693452, "id_str": "393693452", "indices": [121, 131]}], "urls": [{"url": "https://t.co/LWzS3KlHGG", "expanded_url": "http://ln.is/politicot.com/IfRQQzs", "display_url": "ln.is/politicot.com/\u2026", "indices": [93, 116]}]}, "source": "<a href=\"http://linkis.com\" rel=\"nofollow\">Linkis: turn sharing into growth</a>", "in_reply_to_status_id": null, "in_reply_to_status_id_str": null, "in_reply_to_user_id": null, "in_reply_to_user_id_str": null, "in_reply_to_screen_name": null, "user": {"id": 35203556, "id_str": "35203556", "name": "Sarah", "screen_name": "sealighter", "location": "Blackpool", "description": "a female who has #Cerebralpalsy and #Achondroplasia", "url": null, "entities": {"description": {"urls": []}}, "protected": false, "followers_count": 197, "friends_count": 538, "listed_count": 4, "created_at": "Sat Apr 25 12:46:45 +0000 2009", "favourites_count": 67, "utc_offset": null, "time_zone": null, "geo_enabled": true, "verified": false, "statuses_count": 4379, "lang": null, "contributors_enabled": false, "is_translator": false, "is_translation_enabled": false, "profile_background_color": "C0DEED", "profile_background_image_url": "http://abs.twimg.com/images/themes/theme1/bg.png", "profile_background_image_url_https": "https://abs.twimg.com/images/themes/theme1/bg.png", "profile_background_tile": false, "profile_image_url": "http://pbs.twimg.com/profile_images/340240633/blue2_normal.jpg", "profile_image_url_https": "https://pbs.twimg.com/profile_images/340240633/blue2_normal.jpg", "profile_banner_url": "https://pbs.twimg.com/profile_banners/35203556/1353614678", "profile_link_color": "1DA1F2", "profile_sidebar_border_color": "C0DEED", "profile_sidebar_fill_color": "DDEEF6", "profile_text_color": "333333", "profile_use_background_image": true, "has_extended_profile": true, "default_profile": true, "default_profile_image": false, "following": false, "follow_request_sent": false, "notifications": false, "translator_type": "none", "withheld_in_countries": []}, "geo": null, "coordinates": null, "place": null, "contributors": null, "is_quote_status": false, "retweet_count": 0, "favorite_count": 0, "favorited": false, "retweeted": false, "possibly_sensitive": false, "lang": "en"}