{"created_at": "Wed Jan 25 21:55:51 +0000 2017", "id": 824375254684418050, "id_str": "824375254684418050", "text": "Gotohell Mike Pence: \u201cAllowing Rape Victims To Have Abortions Will Lead To Women Trying To Get Raped\u201d https://t.co/KjXgB0xmTm via @TheNewslo", "truncated": false, "entities": {"hashtags": [], "symbols": [], "user_mentions": [{"screen_name": "TheNewslo", "name": "Newslo", "id": 393693452, "id_str": "393693452", "indices": [130, 140]}], "urls": [{"url": "https://t.co/KjXgB0xmTm", "expanded_url": "http://politicot.com/mike-pence-allowing-rape-victims-abortions-will-lead-women-trying-get-raped/", "display_url": "politicot.com/mike-pence-all\u2026", "indices": [102, 125]}]}, "source": "<a href=\"http://twitter.com\" rel=\"nofollow\">Twitter Web Client</a>", "in_reply_to_status_id": null, "in_reply_to_status_id_str": null, "in_reply_to_user_id": null, "in_reply_to_user_id_str": null, "in_reply_to_screen_name": null, "user": {"id": 435661261, "id_str": "435661261", "name": "Till Wargalla", "screen_name": "TillWargalla", "location": "HH", "description": "KARATE F\u00dcR ALLE - Meine Meinung zu Werbung, Welt & Wenschen #XOXO", "url": "https://t.co/BD2ON5tOJr", "entities": {"url": {"urls": [{"url": "https://t.co/BD2ON5tOJr", "expanded_url": "https://www.xing.com/profile/Till_Wargalla", "display_url": "xing.com/profile/Till_W\u2026", "indices": [0, 23]}]}, "description": {"urls": []}}, "protected": false, "followers_count": 339, "friends_count": 720, "listed_count": 0, "created_at": "Tue Dec 13 09:26:22 +0000 2011", "favourites_count": 1262, "utc_offset": null, "time_zone": null, "geo_enabled": true, "verified": false, "statuses_count": 5751, "lang": null, "contributors_enabled": false, "is_translator": false, "is_translation_enabled": false, "profile_background_color": "FFFFFF", "profile_background_image_url": "http://abs.twimg.com/images/themes/theme14/bg.gif", "profile_background_image_url_https": "https://abs.twimg.com/images/themes/theme14/bg.gif", "profile_background_tile": true, "profile_image_url": "http://pbs.twimg.com/profile_images/675058352775409665/kg5hkGuu_normal.jpg", "profile_image_url_https": "https://pbs.twimg.com/profile_images/675058352775409665/kg5hkGuu_normal.jpg", "profile_banner_url": "https://pbs.twimg.com/profile_banners/435661261/1398254585", "profile_link_color": "0750B5", "profile_sidebar_border_color": "000000", "profile_sidebar_fill_color": "EFEFEF", "profile_text_color": "333333", "profile_use_background_image": true, "has_extended_profile": false, "default_profile": false, "default_profile_image": false, "following": false, "follow_request_sent": false, "notifications": false, "translator_type": "none", "withheld_in_countries": []}, "geo": null, "coordinates": null, "place": null, "contributors": null, "is_quote_status": false, "retweet_count": 0, "favorite_count": 0, "favorited": false, "retweeted": false, "possibly_sensitive": false, "lang": "en"}