{"created_at": "Wed Jan 25 18:37:39 +0000 2017", "id": 824325374993694720, "id_str": "824325374993694720", "text": "Mike Pence: 'Allowing Rape Victims to Have Abortions Will Lead to Women Trying to Get Raped' https://t.co/ogPDZrF21I snopes..fact check", "truncated": false, "entities": {"hashtags": [], "symbols": [], "user_mentions": [], "urls": [{"url": "https://t.co/ogPDZrF21I", "expanded_url": "http://www.snopes.com/mike-pence-allowing-rape-victims-to-have-abortions-will-lead-to-women-trying-to-get-raped/", "display_url": "snopes.com/mike-pence-all\u2026", "indices": [93, 116]}]}, "source": "<a href=\"http://twitter.com\" rel=\"nofollow\">Twitter Web Client</a>", "in_reply_to_status_id": null, "in_reply_to_status_id_str": null, "in_reply_to_user_id": null, "in_reply_to_user_id_str": null, "in_reply_to_screen_name": null, "user": {"id": 158080217, "id_str": "158080217", "name": "Jo Chapman", "screen_name": "Mschatnoir", "location": "", "description": "Word demon, Former TV Producer, trained Psychotherapist and TEFL/IELTS Teacher, Cat wrangler, truth seeker and Darth Vader fan.", "url": null, "entities": {"description": {"urls": []}}, "protected": false, "followers_count": 2863, "friends_count": 3472, "listed_count": 75, "created_at": "Mon Jun 21 18:38:18 +0000 2010", "favourites_count": 10529, "utc_offset": null, "time_zone": null, "geo_enabled": true, "verified": false, "statuses_count": 99009, "lang": null, "contributors_enabled": false, "is_translator": false, "is_translation_enabled": false, "profile_background_color": "ACDED6", "profile_background_image_url": "http://abs.twimg.com/images/themes/theme18/bg.gif", "profile_background_image_url_https": "https://abs.twimg.com/images/themes/theme18/bg.gif", "profile_background_tile": false, "profile_image_url": "http://pbs.twimg.com/profile_images/740246406779277312/B0mUAmn6_normal.jpg", "profile_image_url_https": "https://pbs.twimg.com/profile_images/740246406779277312/B0mUAmn6_normal.jpg", "profile_banner_url": "https://pbs.twimg.com/profile_banners/158080217/1511339271", "profile_link_color": "038543", "profile_sidebar_border_color": "EEEEEE", "profile_sidebar_fill_color": "F6F6F6", "profile_text_color": "333333", "profile_use_background_image": true, "has_extended_profile": true, "default_profile": false, "default_profile_image": false, "following": false, "follow_request_sent": false, "notifications": false, "translator_type": "none", "withheld_in_countries": []}, "geo": null, "coordinates": null, "place": null, "contributors": null, "is_quote_status": false, "retweet_count": 0, "favorite_count": 1, "favorited": false, "retweeted": false, "possibly_sensitive": false, "lang": "en"}