{"created_at": "Wed Jan 25 18:39:04 +0000 2017", "id": 824325730884583424, "id_str": "824325730884583424", "text": "Mike Pence: \u201cAllowing Rape Victims To Have Abortions Will Lead To Women Trying To Get\u00a0Raped\u201d https://t.co/eeo3XwbWIF https://t.co/mQ32WWbKy3", "truncated": false, "entities": {"hashtags": [], "symbols": [], "user_mentions": [], "urls": [{"url": "https://t.co/eeo3XwbWIF", "expanded_url": "http://talkingdrum.com.ng/2017/01/25/mike-pence-allowing-rape-victims-to-have-abortions-will-lead-to-women-trying-to-get-raped/", "display_url": "talkingdrum.com.ng/2017/01/25/mik\u2026", "indices": [93, 116]}], "media": [{"id": 824325727877140482, "id_str": "824325727877140482", "indices": [117, 140], "media_url": "http://pbs.twimg.com/media/C3CX4c1VEAIAYpf.jpg", "media_url_https": "https://pbs.twimg.com/media/C3CX4c1VEAIAYpf.jpg", "url": "https://t.co/mQ32WWbKy3", "display_url": "pic.twitter.com/mQ32WWbKy3", "expanded_url": "https://twitter.com/Omasan33/status/824325730884583424/photo/1", "type": "photo", "sizes": {"large": {"w": 572, "h": 325, "resize": "fit"}, "thumb": {"w": 150, "h": 150, "resize": "crop"}, "medium": {"w": 572, "h": 325, "resize": "fit"}, "small": {"w": 572, "h": 325, "resize": "fit"}}}]}, "extended_entities": {"media": [{"id": 824325727877140482, "id_str": "824325727877140482", "indices": [117, 140], "media_url": "http://pbs.twimg.com/media/C3CX4c1VEAIAYpf.jpg", "media_url_https": "https://pbs.twimg.com/media/C3CX4c1VEAIAYpf.jpg", "url": "https://t.co/mQ32WWbKy3", "display_url": "pic.twitter.com/mQ32WWbKy3", "expanded_url": "https://twitter.com/Omasan33/status/824325730884583424/photo/1", "type": "photo", "sizes": {"large": {"w": 572, "h": 325, "resize": "fit"}, "thumb": {"w": 150, "h": 150, "resize": "crop"}, "medium": {"w": 572, "h": 325, "resize": "fit"}, "small": {"w": 572, "h": 325, "resize": "fit"}}}]}, "source": "<a href=\"http://publicize.wp.com/\" rel=\"nofollow\">WordPress.com</a>", "in_reply_to_status_id": null, "in_reply_to_status_id_str": null, "in_reply_to_user_id": null, "in_reply_to_user_id_str": null, "in_reply_to_screen_name": null, "user": {"id": 356030033, "id_str": "356030033", "name": "Osho Baba", "screen_name": "Omasan33", "location": "nigeria", "description": "young, agile and married", "url": null, "entities": {"description": {"urls": []}}, "protected": false, "followers_count": 80, "friends_count": 173, "listed_count": 6, "created_at": "Tue Aug 16 07:16:56 +0000 2011", "favourites_count": 3, "utc_offset": null, "time_zone": null, "geo_enabled": true, "verified": false, "statuses_count": 9749, "lang": null, "contributors_enabled": false, "is_translator": false, "is_translation_enabled": false, "profile_background_color": "000000", "profile_background_image_url": "http://abs.twimg.com/images/themes/theme1/bg.png", "profile_background_image_url_https": "https://abs.twimg.com/images/themes/theme1/bg.png", "profile_background_tile": false, "profile_image_url": "http://pbs.twimg.com/profile_images/738368955358806017/xWbpOWiR_normal.jpg", "profile_image_url_https": "https://pbs.twimg.com/profile_images/738368955358806017/xWbpOWiR_normal.jpg", "profile_banner_url": "https://pbs.twimg.com/profile_banners/356030033/1464875752", "profile_link_color": "0084B4", "profile_sidebar_border_color": "000000", "profile_sidebar_fill_color": "000000", "profile_text_color": "000000", "profile_use_background_image": false, "has_extended_profile": false, "default_profile": false, "default_profile_image": false, "following": false, "follow_request_sent": false, "notifications": false, "translator_type": "none", "withheld_in_countries": []}, "geo": null, "coordinates": null, "place": null, "contributors": null, "is_quote_status": false, "retweet_count": 0, "favorite_count": 0, "favorited": false, "retweeted": false, "possibly_sensitive": false, "lang": "en"}