{"created_at": "Wed Jan 25 23:04:11 +0000 2017", "id": 824392451020484608, "id_str": "824392451020484608", "text": "Mike Pence: \u201cAllowing Rape Victims To Have Abortions Will Lead To Women Trying To Get Raped\u201d https://t.co/c8fXWzgICx via @TheNewslo", "truncated": false, "entities": {"hashtags": [], "symbols": [], "user_mentions": [{"screen_name": "TheNewslo", "name": "Newslo", "id": 393693452, "id_str": "393693452", "indices": [121, 131]}], "urls": [{"url": "https://t.co/c8fXWzgICx", "expanded_url": "http://politicot.com/mike-pence-allowing-rape-victims-abortions-will-lead-women-trying-get-raped/", "display_url": "politicot.com/mike-pence-all\u2026", "indices": [93, 116]}]}, "source": "<a href=\"http://twitter.com\" rel=\"nofollow\">Twitter Web Client</a>", "in_reply_to_status_id": null, "in_reply_to_status_id_str": null, "in_reply_to_user_id": null, "in_reply_to_user_id_str": null, "in_reply_to_screen_name": null, "user": {"id": 26182484, "id_str": "26182484", "name": "Midget Baby Moma (Chas)", "screen_name": "MidgetMoma", "location": "Crawfordsville, IN", "description": "Married @420goat #Vote  #GunReformNow #Resistance #NoHate Born & raised in https://t.co/lAEduMZFas of Twins + 1 #Beauty", "url": "https://t.co/dSCK9oKapW", "entities": {"url": {"urls": [{"url": "https://t.co/dSCK9oKapW", "expanded_url": "http://amazon.com/shop/midgetmoma", "display_url": "amazon.com/shop/midgetmoma", "indices": [0, 23]}]}, "description": {"urls": [{"url": "https://t.co/lAEduMZFas", "expanded_url": "http://TN.Mom", "display_url": "TN.Mom", "indices": [75, 98]}]}}, "protected": false, "followers_count": 5217, "friends_count": 5741, "listed_count": 38, "created_at": "Tue Mar 24 05:08:46 +0000 2009", "favourites_count": 72254, "utc_offset": null, "time_zone": null, "geo_enabled": true, "verified": false, "statuses_count": 65356, "lang": null, "contributors_enabled": false, "is_translator": false, "is_translation_enabled": false, "profile_background_color": "FF6699", "profile_background_image_url": "http://abs.twimg.com/images/themes/theme11/bg.gif", "profile_background_image_url_https": "https://abs.twimg.com/images/themes/theme11/bg.gif", "profile_background_tile": true, "profile_image_url": "http://pbs.twimg.com/profile_images/1363079172034351104/Dmy_ygEy_normal.jpg", "profile_image_url_https": "https://pbs.twimg.com/profile_images/1363079172034351104/Dmy_ygEy_normal.jpg", "profile_banner_url": "https://pbs.twimg.com/profile_banners/26182484/1599905753", "profile_link_color": "B40B43", "profile_sidebar_border_color": "CC3366", "profile_sidebar_fill_color": "E5507E", "profile_text_color": "362720", "profile_use_background_image": true, "has_extended_profile": true, "default_profile": false, "default_profile_image": false, "following": false, "follow_request_sent": false, "notifications": false, "translator_type": "none", "withheld_in_countries": []}, "geo": null, "coordinates": null, "place": null, "contributors": null, "is_quote_status": false, "retweet_count": 0, "favorite_count": 1, "favorited": false, "retweeted": false, "possibly_sensitive": false, "lang": "en"}