{"created_at": "Wed Jan 25 17:46:03 +0000 2017", "id": 824312390514835462, "id_str": "824312390514835462", "text": "Mike Pence: \u201cAllowing Rape Victims To Have Abortions Will Lead To Women Trying To Get Raped\u201d WTAF? https://t.co/8JnzrmWGr0 via @TheNewslo", "truncated": false, "entities": {"hashtags": [], "symbols": [], "user_mentions": [{"screen_name": "TheNewslo", "name": "Newslo", "id": 393693452, "id_str": "393693452", "indices": [127, 137]}], "urls": [{"url": "https://t.co/8JnzrmWGr0", "expanded_url": "http://politicot.com/mike-pence-allowing-rape-victims-abortions-will-lead-women-trying-get-raped/", "display_url": "politicot.com/mike-pence-all\u2026", "indices": [99, 122]}]}, "source": "<a href=\"http://twitter.com\" rel=\"nofollow\">Twitter Web Client</a>", "in_reply_to_status_id": null, "in_reply_to_status_id_str": null, "in_reply_to_user_id": null, "in_reply_to_user_id_str": null, "in_reply_to_screen_name": null, "user": {"id": 21138910, "id_str": "21138910", "name": "Tremayne", "screen_name": "Tremayne11", "location": "Newcastle upon Tyne", "description": "Born in Portsmouth but lived half my life in North Tyneside. Newcastle Utd season ticket sufferer. History/ NASA/ 6Music obsessive.'Biscuit munching music buff'", "url": "https://t.co/bZ5dFENkp5", "entities": {"url": {"urls": [{"url": "https://t.co/bZ5dFENkp5", "expanded_url": "http://www.signet-ac.co.uk", "display_url": "signet-ac.co.uk", "indices": [0, 23]}]}, "description": {"urls": []}}, "protected": false, "followers_count": 687, "friends_count": 1510, "listed_count": 14, "created_at": "Tue Feb 17 22:27:26 +0000 2009", "favourites_count": 11888, "utc_offset": null, "time_zone": null, "geo_enabled": true, "verified": false, "statuses_count": 12116, "lang": null, "contributors_enabled": false, "is_translator": false, "is_translation_enabled": false, "profile_background_color": "7724FC", "profile_background_image_url": "http://abs.twimg.com/images/themes/theme10/bg.gif", "profile_background_image_url_https": "https://abs.twimg.com/images/themes/theme10/bg.gif", "profile_background_tile": true, "profile_image_url": "http://pbs.twimg.com/profile_images/672844189621727234/yKGu2U61_normal.jpg", "profile_image_url_https": "https://pbs.twimg.com/profile_images/672844189621727234/yKGu2U61_normal.jpg", "profile_banner_url": "https://pbs.twimg.com/profile_banners/21138910/1477695850", "profile_link_color": "981CEB", "profile_sidebar_border_color": "FFFFFF", "profile_sidebar_fill_color": "7AC3EE", "profile_text_color": "3D1957", "profile_use_background_image": true, "has_extended_profile": false, "default_profile": false, "default_profile_image": false, "following": false, "follow_request_sent": false, "notifications": false, "translator_type": "none", "withheld_in_countries": []}, "geo": null, "coordinates": null, "place": null, "contributors": null, "is_quote_status": false, "retweet_count": 2, "favorite_count": 0, "favorited": false, "retweeted": false, "possibly_sensitive": false, "lang": "en"}