{"created_at": "Wed Jan 25 18:39:06 +0000 2017", "id": 824325740254658560, "id_str": "824325740254658560", "text": "Mike Pence: \u201cAllowing Rape Victims To Have Abortions Will Lead To Women Trying To Get\u00a0Raped\u201d https://t.co/Dtj9UeOWzN https://t.co/gZN2k9xqcA", "truncated": false, "entities": {"hashtags": [], "symbols": [], "user_mentions": [], "urls": [{"url": "https://t.co/Dtj9UeOWzN", "expanded_url": "http://talkingdrum.com.ng/2017/01/25/mike-pence-allowing-rape-victims-to-have-abortions-will-lead-to-women-trying-to-get-raped/", "display_url": "talkingdrum.com.ng/2017/01/25/mik\u2026", "indices": [93, 116]}], "media": [{"id": 824325737867923456, "id_str": "824325737867923456", "indices": [117, 140], "media_url": "http://pbs.twimg.com/media/C3CX5CDUUAA7Xky.jpg", "media_url_https": "https://pbs.twimg.com/media/C3CX5CDUUAA7Xky.jpg", "url": "https://t.co/gZN2k9xqcA", "display_url": "pic.twitter.com/gZN2k9xqcA", "expanded_url": "https://twitter.com/OshodiOnyinye/status/824325740254658560/photo/1", "type": "photo", "sizes": {"large": {"w": 572, "h": 325, "resize": "fit"}, "thumb": {"w": 150, "h": 150, "resize": "crop"}, "medium": {"w": 572, "h": 325, "resize": "fit"}, "small": {"w": 572, "h": 325, "resize": "fit"}}}]}, "extended_entities": {"media": [{"id": 824325737867923456, "id_str": "824325737867923456", "indices": [117, 140], "media_url": "http://pbs.twimg.com/media/C3CX5CDUUAA7Xky.jpg", "media_url_https": "https://pbs.twimg.com/media/C3CX5CDUUAA7Xky.jpg", "url": "https://t.co/gZN2k9xqcA", "display_url": "pic.twitter.com/gZN2k9xqcA", "expanded_url": "https://twitter.com/OshodiOnyinye/status/824325740254658560/photo/1", "type": "photo", "sizes": {"large": {"w": 572, "h": 325, "resize": "fit"}, "thumb": {"w": 150, "h": 150, "resize": "crop"}, "medium": {"w": 572, "h": 325, "resize": "fit"}, "small": {"w": 572, "h": 325, "resize": "fit"}}}]}, "source": "<a href=\"http://publicize.wp.com/\" rel=\"nofollow\">WordPress.com</a>", "in_reply_to_status_id": null, "in_reply_to_status_id_str": null, "in_reply_to_user_id": null, "in_reply_to_user_id_str": null, "in_reply_to_screen_name": null, "user": {"id": 734161059628650496, "id_str": "734161059628650496", "name": "Onyinye Oshodi", "screen_name": "OshodiOnyinye", "location": "", "description": "", "url": null, "entities": {"description": {"urls": []}}, "protected": false, "followers_count": 31, "friends_count": 78, "listed_count": 9, "created_at": "Sat May 21 23:16:51 +0000 2016", "favourites_count": 0, "utc_offset": null, "time_zone": null, "geo_enabled": false, "verified": false, "statuses_count": 18472, "lang": null, "contributors_enabled": false, "is_translator": false, "is_translation_enabled": false, "profile_background_color": "F5F8FA", "profile_background_image_url": null, "profile_background_image_url_https": null, "profile_background_tile": false, "profile_image_url": "http://abs.twimg.com/sticky/default_profile_images/default_profile_normal.png", "profile_image_url_https": "https://abs.twimg.com/sticky/default_profile_images/default_profile_normal.png", "profile_link_color": "1DA1F2", "profile_sidebar_border_color": "C0DEED", "profile_sidebar_fill_color": "DDEEF6", "profile_text_color": "333333", "profile_use_background_image": true, "has_extended_profile": false, "default_profile": true, "default_profile_image": true, "following": false, "follow_request_sent": false, "notifications": false, "translator_type": "none", "withheld_in_countries": []}, "geo": null, "coordinates": null, "place": null, "contributors": null, "is_quote_status": false, "retweet_count": 0, "favorite_count": 0, "favorited": false, "retweeted": false, "possibly_sensitive": false, "lang": "en"}