{"created_at": "Wed Jan 25 17:13:58 +0000 2017", "id": 824304318027366400, "id_str": "824304318027366400", "text": "Mike Pence: \u201cAllowing Rape Victims To Have Abortions Will Lead To Women Trying To Get Raped\u201d https://t.co/Lzsih340JG via @TheNewslo", "truncated": false, "entities": {"hashtags": [], "symbols": [], "user_mentions": [{"screen_name": "TheNewslo", "name": "Newslo", "id": 393693452, "id_str": "393693452", "indices": [121, 131]}], "urls": [{"url": "https://t.co/Lzsih340JG", "expanded_url": "http://politicot.com/mike-pence-allowing-rape-victims-abortions-will-lead-women-trying-get-raped/", "display_url": "politicot.com/mike-pence-all\u2026", "indices": [93, 116]}]}, "source": "<a href=\"http://twitter.com\" rel=\"nofollow\">Twitter Web Client</a>", "in_reply_to_status_id": null, "in_reply_to_status_id_str": null, "in_reply_to_user_id": null, "in_reply_to_user_id_str": null, "in_reply_to_screen_name": null, "user": {"id": 353982259, "id_str": "353982259", "name": "#SharonGraham4GS \ud83d\udd4e\ud83c\udf39#BlackJewsForTheMany #BLM", "screen_name": "candybrazao", "location": "", "description": "Long standing human. Lifelong proud https://t.co/ns5rdcxOog Unionist.\n#Unite4SharonGraham #WorkersUnite\nObviously RT's do not equal endorsements!", "url": null, "entities": {"description": {"urls": [{"url": "https://t.co/ns5rdcxOog", "expanded_url": "http://socialist.Trade", "display_url": "socialist.Trade", "indices": [36, 59]}]}}, "protected": false, "followers_count": 3194, "friends_count": 4952, "listed_count": 24, "created_at": "Fri Aug 12 23:20:34 +0000 2011", "favourites_count": 134914, "utc_offset": null, "time_zone": null, "geo_enabled": false, "verified": false, "statuses_count": 129803, "lang": null, "contributors_enabled": false, "is_translator": false, "is_translation_enabled": false, "profile_background_color": "C0DEED", "profile_background_image_url": "http://abs.twimg.com/images/themes/theme1/bg.png", "profile_background_image_url_https": "https://abs.twimg.com/images/themes/theme1/bg.png", "profile_background_tile": false, "profile_image_url": "http://pbs.twimg.com/profile_images/1372902017027473418/382KPxOU_normal.jpg", "profile_image_url_https": "https://pbs.twimg.com/profile_images/1372902017027473418/382KPxOU_normal.jpg", "profile_banner_url": "https://pbs.twimg.com/profile_banners/353982259/1616160322", "profile_link_color": "1DA1F2", "profile_sidebar_border_color": "C0DEED", "profile_sidebar_fill_color": "DDEEF6", "profile_text_color": "333333", "profile_use_background_image": true, "has_extended_profile": false, "default_profile": true, "default_profile_image": false, "following": false, "follow_request_sent": false, "notifications": false, "translator_type": "none", "withheld_in_countries": []}, "geo": null, "coordinates": null, "place": null, "contributors": null, "is_quote_status": false, "retweet_count": 0, "favorite_count": 0, "favorited": false, "retweeted": false, "possibly_sensitive": false, "lang": "en"}