{"created_at": "Wed Jan 25 18:03:07 +0000 2017", "id": 824316684177641474, "id_str": "824316684177641474", "text": "?? !! Mike #Pence: \u201cAllowing Rape Victims To Have Abortions Will Lead To Women Trying To Get Raped\u201d https://t.co/EELYRUcARk via @TheNewslo", "truncated": false, "entities": {"hashtags": [{"text": "Pence", "indices": [11, 17]}], "symbols": [], "user_mentions": [{"screen_name": "TheNewslo", "name": "Newslo", "id": 393693452, "id_str": "393693452", "indices": [128, 138]}], "urls": [{"url": "https://t.co/EELYRUcARk", "expanded_url": "http://ln.is/politicot.com/MkiRSNu", "display_url": "ln.is/politicot.com/\u2026", "indices": [100, 123]}]}, "source": "<a href=\"http://linkis.com\" rel=\"nofollow\">Linkis: turn sharing into growth</a>", "in_reply_to_status_id": null, "in_reply_to_status_id_str": null, "in_reply_to_user_id": null, "in_reply_to_user_id_str": null, "in_reply_to_screen_name": null, "user": {"id": 18774517, "id_str": "18774517", "name": "NORBET", "screen_name": "NORBET", "location": "Somewhere up North ", "description": "a younger Victor Meldrew but interesting - I hope - nice sometimes !", "url": "http://t.co/wE62aQeweh", "entities": {"url": {"urls": [{"url": "http://t.co/wE62aQeweh", "expanded_url": "http://page.is/norbet", "display_url": "page.is/norbet", "indices": [0, 22]}]}, "description": {"urls": []}}, "protected": false, "followers_count": 1672, "friends_count": 1435, "listed_count": 189, "created_at": "Thu Jan 08 19:06:29 +0000 2009", "favourites_count": 132541, "utc_offset": null, "time_zone": null, "geo_enabled": true, "verified": false, "statuses_count": 256068, "lang": null, "contributors_enabled": false, "is_translator": false, "is_translation_enabled": false, "profile_background_color": "C0DEED", "profile_background_image_url": "http://abs.twimg.com/images/themes/theme1/bg.png", "profile_background_image_url_https": "https://abs.twimg.com/images/themes/theme1/bg.png", "profile_background_tile": false, "profile_image_url": "http://pbs.twimg.com/profile_images/670347224/George_Harrison_young_normal.jpg", "profile_image_url_https": "https://pbs.twimg.com/profile_images/670347224/George_Harrison_young_normal.jpg", "profile_link_color": "1DA1F2", "profile_sidebar_border_color": "C0DEED", "profile_sidebar_fill_color": "DDEEF6", "profile_text_color": "333333", "profile_use_background_image": true, "has_extended_profile": false, "default_profile": true, "default_profile_image": false, "following": false, "follow_request_sent": false, "notifications": false, "translator_type": "none", "withheld_in_countries": []}, "geo": null, "coordinates": null, "place": null, "contributors": null, "is_quote_status": false, "retweet_count": 0, "favorite_count": 0, "favorited": false, "retweeted": false, "possibly_sensitive": false, "lang": "en"}