{"created_at": "Wed Jan 25 21:25:34 +0000 2017", "id": 824367634686902275, "id_str": "824367634686902275", "text": "Mike Pence: \u201cAllowing Rape Victims To Have Abortions Will Lead To Women Trying To Get Raped\u201d https://t.co/blnpr37oSc", "truncated": false, "entities": {"hashtags": [], "symbols": [], "user_mentions": [], "urls": [{"url": "https://t.co/blnpr37oSc", "expanded_url": "http://fb.me/Q9SsPhvK", "display_url": "fb.me/Q9SsPhvK", "indices": [93, 116]}]}, "source": "<a href=\"http://www.facebook.com/twitter\" rel=\"nofollow\">Facebook</a>", "in_reply_to_status_id": null, "in_reply_to_status_id_str": null, "in_reply_to_user_id": null, "in_reply_to_user_id_str": null, "in_reply_to_screen_name": null, "user": {"id": 16884489, "id_str": "16884489", "name": "Pete Riches", "screen_name": "Pete_Riches", "location": "UK", "description": "Some of my RT's do not necessarily reflect my personal opinion. I'm just passing on what others think. OK with that? Oh good!", "url": null, "entities": {"description": {"urls": []}}, "protected": false, "followers_count": 1315, "friends_count": 3290, "listed_count": 41, "created_at": "Tue Oct 21 11:44:31 +0000 2008", "favourites_count": 37616, "utc_offset": null, "time_zone": null, "geo_enabled": false, "verified": false, "statuses_count": 93881, "lang": null, "contributors_enabled": false, "is_translator": false, "is_translation_enabled": false, "profile_background_color": "022330", "profile_background_image_url": "http://abs.twimg.com/images/themes/theme15/bg.png", "profile_background_image_url_https": "https://abs.twimg.com/images/themes/theme15/bg.png", "profile_background_tile": false, "profile_image_url": "http://pbs.twimg.com/profile_images/1022275794452840451/sZ5VKgLb_normal.jpg", "profile_image_url_https": "https://pbs.twimg.com/profile_images/1022275794452840451/sZ5VKgLb_normal.jpg", "profile_banner_url": "https://pbs.twimg.com/profile_banners/16884489/1575504981", "profile_link_color": "0084B4", "profile_sidebar_border_color": "A8C7F7", "profile_sidebar_fill_color": "C0DFEC", "profile_text_color": "333333", "profile_use_background_image": true, "has_extended_profile": false, "default_profile": false, "default_profile_image": false, "following": false, "follow_request_sent": false, "notifications": false, "translator_type": "none", "withheld_in_countries": []}, "geo": null, "coordinates": null, "place": null, "contributors": null, "is_quote_status": false, "retweet_count": 0, "favorite_count": 0, "favorited": false, "retweeted": false, "possibly_sensitive": false, "lang": "en"}