{"created_at": "Thu Jan 26 03:38:58 +0000 2017", "id": 824461604653854725, "id_str": "824461604653854725", "text": "Mike Pence: \u201cAllowing Rape Victims To Have Abortions Will Lead To Women Trying To Get Raped\u201d https://t.co/GxXTvXZn1l", "truncated": false, "entities": {"hashtags": [], "symbols": [], "user_mentions": [], "urls": [{"url": "https://t.co/GxXTvXZn1l", "expanded_url": "http://fb.me/18k4nvj9s", "display_url": "fb.me/18k4nvj9s", "indices": [93, 116]}]}, "source": "<a href=\"http://www.facebook.com/twitter\" rel=\"nofollow\">Facebook</a>", "in_reply_to_status_id": null, "in_reply_to_status_id_str": null, "in_reply_to_user_id": null, "in_reply_to_user_id_str": null, "in_reply_to_screen_name": null, "user": {"id": 45765420, "id_str": "45765420", "name": "SACIIDO SHAIE FOR MPLS CITY COUNCIL - WARD 6", "screen_name": "SaciidoMpls", "location": "Minneapolis, MN", "description": "Minneapolis City Commissioner, Minneapolis Neighborhood Revitalization Policy Board member, member of MN Juvenile Justice Advisory council, & CEO Ummah Project", "url": "https://t.co/oW8gigbmgI", "entities": {"url": {"urls": [{"url": "https://t.co/oW8gigbmgI", "expanded_url": "http://www.saciido.com", "display_url": "saciido.com", "indices": [0, 23]}]}, "description": {"urls": []}}, "protected": false, "followers_count": 1596, "friends_count": 2943, "listed_count": 12, "created_at": "Tue Jun 09 04:37:44 +0000 2009", "favourites_count": 303, "utc_offset": null, "time_zone": null, "geo_enabled": true, "verified": false, "statuses_count": 18542, "lang": null, "contributors_enabled": false, "is_translator": false, "is_translation_enabled": false, "profile_background_color": "31A6AF", "profile_background_image_url": "http://abs.twimg.com/images/themes/theme18/bg.gif", "profile_background_image_url_https": "https://abs.twimg.com/images/themes/theme18/bg.gif", "profile_background_tile": true, "profile_image_url": "http://pbs.twimg.com/profile_images/1296335891707899905/kcpwWbTM_normal.jpg", "profile_image_url_https": "https://pbs.twimg.com/profile_images/1296335891707899905/kcpwWbTM_normal.jpg", "profile_banner_url": "https://pbs.twimg.com/profile_banners/45765420/1597905536", "profile_link_color": "981CEB", "profile_sidebar_border_color": "000000", "profile_sidebar_fill_color": "8A4A24", "profile_text_color": "B29A16", "profile_use_background_image": true, "has_extended_profile": true, "default_profile": false, "default_profile_image": false, "following": false, "follow_request_sent": false, "notifications": false, "translator_type": "none", "withheld_in_countries": []}, "geo": null, "coordinates": null, "place": null, "contributors": null, "is_quote_status": false, "retweet_count": 0, "favorite_count": 0, "favorited": false, "retweeted": false, "possibly_sensitive": false, "lang": "en"}