{"created_at": "Thu Jan 26 01:16:05 +0000 2017", "id": 824425644150792192, "id_str": "824425644150792192", "text": "Mike Pence: \u201cAllowing Rape Victims To Have Abortions Will Lead To Women Trying To Get Raped\u201d https://t.co/Xehae088dW", "truncated": false, "entities": {"hashtags": [], "symbols": [], "user_mentions": [], "urls": [{"url": "https://t.co/Xehae088dW", "expanded_url": "http://fb.me/VE0vGviZ", "display_url": "fb.me/VE0vGviZ", "indices": [93, 116]}]}, "source": "<a href=\"http://www.facebook.com/twitter\" rel=\"nofollow\">Facebook</a>", "in_reply_to_status_id": null, "in_reply_to_status_id_str": null, "in_reply_to_user_id": null, "in_reply_to_user_id_str": null, "in_reply_to_screen_name": null, "user": {"id": 9847152, "id_str": "9847152", "name": "Vladislav Davidzon #ReopenAmerica", "screen_name": "ecovladislav", "location": "San Francisco, CA", "description": "", "url": null, "entities": {"description": {"urls": []}}, "protected": false, "followers_count": 284, "friends_count": 354, "listed_count": 56, "created_at": "Thu Nov 01 07:42:13 +0000 2007", "favourites_count": 1458, "utc_offset": null, "time_zone": null, "geo_enabled": false, "verified": false, "statuses_count": 19956, "lang": null, "contributors_enabled": false, "is_translator": false, "is_translation_enabled": false, "profile_background_color": "709397", "profile_background_image_url": "http://abs.twimg.com/images/themes/theme6/bg.gif", "profile_background_image_url_https": "https://abs.twimg.com/images/themes/theme6/bg.gif", "profile_background_tile": false, "profile_image_url": "http://pbs.twimg.com/profile_images/1269645882619654144/vUaXCAA__normal.jpg", "profile_image_url_https": "https://pbs.twimg.com/profile_images/1269645882619654144/vUaXCAA__normal.jpg", "profile_banner_url": "https://pbs.twimg.com/profile_banners/9847152/1591542142", "profile_link_color": "FF3300", "profile_sidebar_border_color": "86A4A6", "profile_sidebar_fill_color": "A0C5C7", "profile_text_color": "333333", "profile_use_background_image": true, "has_extended_profile": false, "default_profile": false, "default_profile_image": false, "following": false, "follow_request_sent": false, "notifications": false, "translator_type": "none", "withheld_in_countries": []}, "geo": null, "coordinates": null, "place": null, "contributors": null, "is_quote_status": false, "retweet_count": 0, "favorite_count": 0, "favorited": false, "retweeted": false, "possibly_sensitive": false, "lang": "en"}