{"created_at": "Thu Jan 26 03:33:26 +0000 2017", "id": 824460210521698306, "id_str": "824460210521698306", "text": "Mike Pence: \u201cAllowing Rape Victims To Have Abortions Will Lead To Women Trying To Get Raped\u201d https://t.co/wdOTPnZaxJ", "truncated": false, "entities": {"hashtags": [], "symbols": [], "user_mentions": [], "urls": [{"url": "https://t.co/wdOTPnZaxJ", "expanded_url": "http://fb.me/7wZngXtGO", "display_url": "fb.me/7wZngXtGO", "indices": [93, 116]}]}, "source": "<a href=\"http://www.facebook.com/twitter\" rel=\"nofollow\">Facebook</a>", "in_reply_to_status_id": null, "in_reply_to_status_id_str": null, "in_reply_to_user_id": null, "in_reply_to_user_id_str": null, "in_reply_to_screen_name": null, "user": {"id": 2443753278, "id_str": "2443753278", "name": "Cryptic_Vyper (Bryttany Messina)", "screen_name": "Cryptic_Vyper", "location": "Seguin, TX", "description": "Avid gamer.. Former programmer for PC games.", "url": "https://t.co/IuKxbawtBS", "entities": {"url": {"urls": [{"url": "https://t.co/IuKxbawtBS", "expanded_url": "https://www.facebook.com/BryttanyMessina", "display_url": "facebook.com/BryttanyMessina", "indices": [0, 23]}]}, "description": {"urls": []}}, "protected": false, "followers_count": 230, "friends_count": 511, "listed_count": 9, "created_at": "Mon Apr 14 11:40:09 +0000 2014", "favourites_count": 1435, "utc_offset": null, "time_zone": null, "geo_enabled": true, "verified": false, "statuses_count": 42706, "lang": null, "contributors_enabled": false, "is_translator": false, "is_translation_enabled": false, "profile_background_color": "C0DEED", "profile_background_image_url": "http://abs.twimg.com/images/themes/theme1/bg.png", "profile_background_image_url_https": "https://abs.twimg.com/images/themes/theme1/bg.png", "profile_background_tile": false, "profile_image_url": "http://pbs.twimg.com/profile_images/1228888682859499520/ttt9ykrF_normal.jpg", "profile_image_url_https": "https://pbs.twimg.com/profile_images/1228888682859499520/ttt9ykrF_normal.jpg", "profile_banner_url": "https://pbs.twimg.com/profile_banners/2443753278/1397476461", "profile_link_color": "1DA1F2", "profile_sidebar_border_color": "C0DEED", "profile_sidebar_fill_color": "DDEEF6", "profile_text_color": "333333", "profile_use_background_image": true, "has_extended_profile": true, "default_profile": true, "default_profile_image": false, "following": false, "follow_request_sent": false, "notifications": false, "translator_type": "none", "withheld_in_countries": []}, "geo": null, "coordinates": null, "place": null, "contributors": null, "is_quote_status": false, "retweet_count": 0, "favorite_count": 0, "favorited": false, "retweeted": false, "possibly_sensitive": false, "lang": "en"}