{"created_at": "Thu Jan 26 02:40:39 +0000 2017", "id": 824446928251482112, "id_str": "824446928251482112", "text": "Mike Pence: \u201cAllowing Rape Victims To Have Abortions Will Lead To Women Trying To Get Raped\u201d https://t.co/16qApSvJ2U via @TheNewslo", "truncated": false, "entities": {"hashtags": [], "symbols": [], "user_mentions": [{"screen_name": "TheNewslo", "name": "Newslo", "id": 393693452, "id_str": "393693452", "indices": [121, 131]}], "urls": [{"url": "https://t.co/16qApSvJ2U", "expanded_url": "http://politicot.com/mike-pence-allowing-rape-victims-abortions-will-lead-women-trying-get-raped/", "display_url": "politicot.com/mike-pence-all\u2026", "indices": [93, 116]}]}, "source": "<a href=\"http://twitter.com\" rel=\"nofollow\">Twitter Web Client</a>", "in_reply_to_status_id": null, "in_reply_to_status_id_str": null, "in_reply_to_user_id": null, "in_reply_to_user_id_str": null, "in_reply_to_screen_name": null, "user": {"id": 821125811436748800, "id_str": "821125811436748800", "name": "Gale Turner Strong", "screen_name": "GaleTStrong", "location": "In the mountains", "description": "Retired VA RN and queen of my domain.... Mom, evil stepmom, proud Gigi, devoted mommy of spoiled rotten min pin,  #PresidentBidenVPHarris  #YoureFiredTrump", "url": null, "entities": {"description": {"urls": []}}, "protected": false, "followers_count": 11891, "friends_count": 11176, "listed_count": 18, "created_at": "Mon Jan 16 22:43:44 +0000 2017", "favourites_count": 133778, "utc_offset": null, "time_zone": null, "geo_enabled": false, "verified": false, "statuses_count": 134140, "lang": null, "contributors_enabled": false, "is_translator": false, "is_translation_enabled": false, "profile_background_color": "000000", "profile_background_image_url": "http://abs.twimg.com/images/themes/theme1/bg.png", "profile_background_image_url_https": "https://abs.twimg.com/images/themes/theme1/bg.png", "profile_background_tile": false, "profile_image_url": "http://pbs.twimg.com/profile_images/1265829421732245506/MbN_elS6_normal.jpg", "profile_image_url_https": "https://pbs.twimg.com/profile_images/1265829421732245506/MbN_elS6_normal.jpg", "profile_banner_url": "https://pbs.twimg.com/profile_banners/821125811436748800/1503728460", "profile_link_color": "1B95E0", "profile_sidebar_border_color": "000000", "profile_sidebar_fill_color": "000000", "profile_text_color": "000000", "profile_use_background_image": false, "has_extended_profile": false, "default_profile": false, "default_profile_image": false, "following": false, "follow_request_sent": false, "notifications": false, "translator_type": "none", "withheld_in_countries": []}, "geo": null, "coordinates": null, "place": null, "contributors": null, "is_quote_status": false, "retweet_count": 0, "favorite_count": 0, "favorited": false, "retweeted": false, "possibly_sensitive": false, "lang": "en"}