{"created_at": "Thu Jan 26 01:55:18 +0000 2017", "id": 824435515785170944, "id_str": "824435515785170944", "text": "Mike Pence: \u201cAllowing Rape Victims To Have Abortions Will Lead To Women Trying To Get Raped\u201d https://t.co/1VXnKjR7Ne via @TheNewslo", "truncated": false, "entities": {"hashtags": [], "symbols": [], "user_mentions": [{"screen_name": "TheNewslo", "name": "Newslo", "id": 393693452, "id_str": "393693452", "indices": [121, 131]}], "urls": [{"url": "https://t.co/1VXnKjR7Ne", "expanded_url": "http://politicot.com/mike-pence-allowing-rape-victims-abortions-will-lead-women-trying-get-raped/", "display_url": "politicot.com/mike-pence-all\u2026", "indices": [93, 116]}]}, "source": "<a href=\"http://twitter.com\" rel=\"nofollow\">Twitter Web Client</a>", "in_reply_to_status_id": null, "in_reply_to_status_id_str": null, "in_reply_to_user_id": null, "in_reply_to_user_id_str": null, "in_reply_to_screen_name": null, "user": {"id": 454263747, "id_str": "454263747", "name": "Sandra Meyer", "screen_name": "slmbs9", "location": "", "description": "\ud83c\udf38I WILL NEVER BE SILENT #StrongerTogether #WomensRights #LGBTQIA #SaveOurPlanet #AnimalRights #WeAreAllOfTheHumanRace #BLM #VoteBlue \ud83c\udf38", "url": null, "entities": {"description": {"urls": []}}, "protected": false, "followers_count": 3477, "friends_count": 4993, "listed_count": 31, "created_at": "Tue Jan 03 20:08:46 +0000 2012", "favourites_count": 142376, "utc_offset": null, "time_zone": null, "geo_enabled": false, "verified": false, "statuses_count": 81638, "lang": null, "contributors_enabled": false, "is_translator": false, "is_translation_enabled": false, "profile_background_color": "C0DEED", "profile_background_image_url": "http://abs.twimg.com/images/themes/theme1/bg.png", "profile_background_image_url_https": "https://abs.twimg.com/images/themes/theme1/bg.png", "profile_background_tile": false, "profile_image_url": "http://pbs.twimg.com/profile_images/1345963427467038721/BG2njbhu_normal.jpg", "profile_image_url_https": "https://pbs.twimg.com/profile_images/1345963427467038721/BG2njbhu_normal.jpg", "profile_banner_url": "https://pbs.twimg.com/profile_banners/454263747/1611587902", "profile_link_color": "1DA1F2", "profile_sidebar_border_color": "C0DEED", "profile_sidebar_fill_color": "DDEEF6", "profile_text_color": "333333", "profile_use_background_image": true, "has_extended_profile": false, "default_profile": true, "default_profile_image": false, "following": false, "follow_request_sent": false, "notifications": false, "translator_type": "none", "withheld_in_countries": []}, "geo": null, "coordinates": null, "place": null, "contributors": null, "is_quote_status": false, "retweet_count": 0, "favorite_count": 0, "favorited": false, "retweeted": false, "possibly_sensitive": false, "lang": "en"}