{"created_at": "Thu Jan 26 02:36:30 +0000 2017", "id": 824445882603016192, "id_str": "824445882603016192", "text": "FUCKER Mike Pence: \u201cAllowing Rape Victims To Have Abortions Will Lead To Women Trying To Get Raped\u201d https://t.co/oASwolDEyC via @TheNewslo", "truncated": false, "entities": {"hashtags": [], "symbols": [], "user_mentions": [{"screen_name": "TheNewslo", "name": "Newslo", "id": 393693452, "id_str": "393693452", "indices": [128, 138]}], "urls": [{"url": "https://t.co/oASwolDEyC", "expanded_url": "http://politicot.com/mike-pence-allowing-rape-victims-abortions-will-lead-women-trying-get-raped/", "display_url": "politicot.com/mike-pence-all\u2026", "indices": [100, 123]}]}, "source": "<a href=\"http://twitter.com\" rel=\"nofollow\">Twitter Web Client</a>", "in_reply_to_status_id": null, "in_reply_to_status_id_str": null, "in_reply_to_user_id": null, "in_reply_to_user_id_str": null, "in_reply_to_screen_name": null, "user": {"id": 297191567, "id_str": "297191567", "name": "vooda", "screen_name": "vooda1", "location": "Colorado, USA", "description": "pro-choice crusader, = rights 4 all, democrat, S.W.A.T. Pres Obama\u2764\ufe0f #BoycottNRA , #Hillary2016, love 2 laugh, love my family. I have 0 time 4 trolls...BLOCKED!", "url": null, "entities": {"description": {"urls": []}}, "protected": false, "followers_count": 19266, "friends_count": 21221, "listed_count": 159, "created_at": "Thu May 12 02:57:03 +0000 2011", "favourites_count": 82071, "utc_offset": null, "time_zone": null, "geo_enabled": true, "verified": false, "statuses_count": 158720, "lang": null, "contributors_enabled": false, "is_translator": false, "is_translation_enabled": false, "profile_background_color": "C0DEED", "profile_background_image_url": "http://abs.twimg.com/images/themes/theme1/bg.png", "profile_background_image_url_https": "https://abs.twimg.com/images/themes/theme1/bg.png", "profile_background_tile": false, "profile_image_url": "http://pbs.twimg.com/profile_images/1272194164239679490/-in0kVtG_normal.jpg", "profile_image_url_https": "https://pbs.twimg.com/profile_images/1272194164239679490/-in0kVtG_normal.jpg", "profile_banner_url": "https://pbs.twimg.com/profile_banners/297191567/1584604058", "profile_link_color": "1DA1F2", "profile_sidebar_border_color": "C0DEED", "profile_sidebar_fill_color": "DDEEF6", "profile_text_color": "333333", "profile_use_background_image": true, "has_extended_profile": false, "default_profile": true, "default_profile_image": false, "following": false, "follow_request_sent": false, "notifications": false, "translator_type": "none", "withheld_in_countries": []}, "geo": null, "coordinates": null, "place": null, "contributors": null, "is_quote_status": false, "retweet_count": 42, "favorite_count": 23, "favorited": false, "retweeted": false, "possibly_sensitive": false, "lang": "en"}