{"created_at": "Thu Jan 26 03:05:48 +0000 2017", "id": 824453255753297920, "id_str": "824453255753297920", "text": "Oh bordel, \"Mike Pence: \u201cAllowing Rape Victims To Have Abortions Will Lead To Women Trying To Get Raped\u201d\" https://t.co/duTwm4L5dA", "truncated": false, "entities": {"hashtags": [], "symbols": [], "user_mentions": [], "urls": [{"url": "https://t.co/duTwm4L5dA", "expanded_url": "http://politicot.com/mike-pence-allowing-rape-victims-abortions-will-lead-women-trying-get-raped/", "display_url": "politicot.com/mike-pence-all\u2026", "indices": [106, 129]}]}, "source": "<a href=\"http://itunes.apple.com/us/app/twitter/id409789998?mt=12\" rel=\"nofollow\">Twitter for Mac</a>", "in_reply_to_status_id": null, "in_reply_to_status_id_str": null, "in_reply_to_user_id": null, "in_reply_to_user_id_str": null, "in_reply_to_screen_name": null, "user": {"id": 524366332, "id_str": "524366332", "name": "elihah", "screen_name": "elihah1", "location": "", "description": "Grmbllllll. Et il y a de quoi.", "url": null, "entities": {"description": {"urls": []}}, "protected": false, "followers_count": 393, "friends_count": 602, "listed_count": 22, "created_at": "Wed Mar 14 13:43:22 +0000 2012", "favourites_count": 30298, "utc_offset": null, "time_zone": null, "geo_enabled": false, "verified": false, "statuses_count": 55231, "lang": null, "contributors_enabled": false, "is_translator": false, "is_translation_enabled": true, "profile_background_color": "9AE4E8", "profile_background_image_url": "http://abs.twimg.com/images/themes/theme16/bg.gif", "profile_background_image_url_https": "https://abs.twimg.com/images/themes/theme16/bg.gif", "profile_background_tile": false, "profile_image_url": "http://pbs.twimg.com/profile_images/1896414911/avatar_normal.jpg", "profile_image_url_https": "https://pbs.twimg.com/profile_images/1896414911/avatar_normal.jpg", "profile_link_color": "0084B4", "profile_sidebar_border_color": "BDDCAD", "profile_sidebar_fill_color": "DDFFCC", "profile_text_color": "333333", "profile_use_background_image": true, "has_extended_profile": false, "default_profile": false, "default_profile_image": false, "following": false, "follow_request_sent": false, "notifications": false, "translator_type": "none", "withheld_in_countries": []}, "geo": null, "coordinates": null, "place": null, "contributors": null, "is_quote_status": false, "retweet_count": 1, "favorite_count": 0, "favorited": false, "retweeted": false, "possibly_sensitive": false, "lang": "en"}