{"created_at": "Thu Jan 26 04:52:20 +0000 2017", "id": 824480066100867072, "id_str": "824480066100867072", "text": "Mike Pence: \u201cAllowing Rape Victims To Have Abortions Will Lead To Women Trying To Get Raped\u201d https://t.co/NIReQ3SfFG", "truncated": false, "entities": {"hashtags": [], "symbols": [], "user_mentions": [], "urls": [{"url": "https://t.co/NIReQ3SfFG", "expanded_url": "http://fb.me/5GA3B3Hd6", "display_url": "fb.me/5GA3B3Hd6", "indices": [93, 116]}]}, "source": "<a href=\"http://www.facebook.com/twitter\" rel=\"nofollow\">Facebook</a>", "in_reply_to_status_id": null, "in_reply_to_status_id_str": null, "in_reply_to_user_id": null, "in_reply_to_user_id_str": null, "in_reply_to_screen_name": null, "user": {"id": 2806295005, "id_str": "2806295005", "name": "Ralph Carlson", "screen_name": "LeKinhKha71", "location": "La Verne, CA 91750", "description": "English prof -- retired; author of  WAITING TO SAY AMEN available via https://t.co/J2MSu5XImW, Amazon, B&N and more; amateur photog on https://t.co/XWJiuE9CLE.", "url": null, "entities": {"description": {"urls": [{"url": "https://t.co/J2MSu5XImW", "expanded_url": "http://Lulu.com", "display_url": "Lulu.com", "indices": [70, 93]}, {"url": "https://t.co/XWJiuE9CLE", "expanded_url": "http://Society6.com", "display_url": "Society6.com", "indices": [135, 158]}]}}, "protected": false, "followers_count": 264, "friends_count": 800, "listed_count": 16, "created_at": "Fri Sep 12 22:00:07 +0000 2014", "favourites_count": 130, "utc_offset": null, "time_zone": null, "geo_enabled": true, "verified": false, "statuses_count": 18936, "lang": null, "contributors_enabled": false, "is_translator": false, "is_translation_enabled": false, "profile_background_color": "C0DEED", "profile_background_image_url": "http://abs.twimg.com/images/themes/theme1/bg.png", "profile_background_image_url_https": "https://abs.twimg.com/images/themes/theme1/bg.png", "profile_background_tile": false, "profile_image_url": "http://pbs.twimg.com/profile_images/533658921999679488/e33Hqv4F_normal.jpeg", "profile_image_url_https": "https://pbs.twimg.com/profile_images/533658921999679488/e33Hqv4F_normal.jpeg", "profile_banner_url": "https://pbs.twimg.com/profile_banners/2806295005/1416039340", "profile_link_color": "1DA1F2", "profile_sidebar_border_color": "C0DEED", "profile_sidebar_fill_color": "DDEEF6", "profile_text_color": "333333", "profile_use_background_image": true, "has_extended_profile": false, "default_profile": true, "default_profile_image": false, "following": false, "follow_request_sent": false, "notifications": false, "translator_type": "none", "withheld_in_countries": []}, "geo": null, "coordinates": null, "place": null, "contributors": null, "is_quote_status": false, "retweet_count": 0, "favorite_count": 0, "favorited": false, "retweeted": false, "possibly_sensitive": false, "lang": "en"}