{"created_at": "Thu Jan 26 02:09:35 +0000 2017", "id": 824439109389352960, "id_str": "824439109389352960", "text": "Mike Pence: \u201cAllowing Rape Victims To Have Abortions Will Lead To Women Trying To Get Raped\u201d https://t.co/s9HrHpsO6E via @TheNewslo", "truncated": false, "entities": {"hashtags": [], "symbols": [], "user_mentions": [{"screen_name": "TheNewslo", "name": "Newslo", "id": 393693452, "id_str": "393693452", "indices": [121, 131]}], "urls": [{"url": "https://t.co/s9HrHpsO6E", "expanded_url": "http://politicot.com/mike-pence-allowing-rape-victims-abortions-will-lead-women-trying-get-raped/", "display_url": "politicot.com/mike-pence-all\u2026", "indices": [93, 116]}]}, "source": "<a href=\"http://twitter.com\" rel=\"nofollow\">Twitter Web Client</a>", "in_reply_to_status_id": null, "in_reply_to_status_id_str": null, "in_reply_to_user_id": null, "in_reply_to_user_id_str": null, "in_reply_to_screen_name": null, "user": {"id": 27752166, "id_str": "27752166", "name": "Ciarra Deep XC", "screen_name": "MrsDeep", "location": "Wisconsin, USA", "description": "I am a Truth-seeker, Question everything. Woke Life.\n #OPWakeUp #DonaldMarshall #Killuminati #PoleShift", "url": "https://t.co/iKfJg7M4i8", "entities": {"url": {"urls": [{"url": "https://t.co/iKfJg7M4i8", "expanded_url": "https://www.facebook.com/DeepXC", "display_url": "facebook.com/DeepXC", "indices": [0, 23]}]}, "description": {"urls": []}}, "protected": false, "followers_count": 1318, "friends_count": 1095, "listed_count": 55, "created_at": "Mon Mar 30 22:51:47 +0000 2009", "favourites_count": 13515, "utc_offset": null, "time_zone": null, "geo_enabled": false, "verified": false, "statuses_count": 15549, "lang": null, "contributors_enabled": false, "is_translator": false, "is_translation_enabled": false, "profile_background_color": "000000", "profile_background_image_url": "http://abs.twimg.com/images/themes/theme5/bg.gif", "profile_background_image_url_https": "https://abs.twimg.com/images/themes/theme5/bg.gif", "profile_background_tile": false, "profile_image_url": "http://pbs.twimg.com/profile_images/1265471866501824513/yy47vht-_normal.jpg", "profile_image_url_https": "https://pbs.twimg.com/profile_images/1265471866501824513/yy47vht-_normal.jpg", "profile_banner_url": "https://pbs.twimg.com/profile_banners/27752166/1508117544", "profile_link_color": "1B95E0", "profile_sidebar_border_color": "000000", "profile_sidebar_fill_color": "000000", "profile_text_color": "000000", "profile_use_background_image": false, "has_extended_profile": true, "default_profile": false, "default_profile_image": false, "following": false, "follow_request_sent": false, "notifications": false, "translator_type": "none", "withheld_in_countries": []}, "geo": null, "coordinates": null, "place": null, "contributors": null, "is_quote_status": false, "retweet_count": 0, "favorite_count": 0, "favorited": false, "retweeted": false, "possibly_sensitive": false, "lang": "en"}