{"created_at": "Thu Jan 26 02:37:24 +0000 2017", "id": 824446109208743937, "id_str": "824446109208743937", "text": "Mike Pence: \u201cAllowing Rape Victims To Have Abortions Will Lead To Women Trying To Get Raped\u201d https://t.co/I2cUoKfmj7 via @TheNewslo", "truncated": false, "entities": {"hashtags": [], "symbols": [], "user_mentions": [{"screen_name": "TheNewslo", "name": "Newslo", "id": 393693452, "id_str": "393693452", "indices": [121, 131]}], "urls": [{"url": "https://t.co/I2cUoKfmj7", "expanded_url": "http://ln.is/politicot.com/okjVea9", "display_url": "ln.is/politicot.com/\u2026", "indices": [93, 116]}]}, "source": "<a href=\"http://linkis.com\" rel=\"nofollow\">Linkis: turn sharing into growth</a>", "in_reply_to_status_id": null, "in_reply_to_status_id_str": null, "in_reply_to_user_id": null, "in_reply_to_user_id_str": null, "in_reply_to_screen_name": null, "user": {"id": 586855139, "id_str": "586855139", "name": "Joseph Lewczak", "screen_name": "Truth_Seeker59", "location": "The Land of Enchantment ", "description": "It is easier to fool people than to convince them that they have been fooled ~ Mark Twain \ud83c\udf0a\ud83c\udf0a\ud83c\udf0a", "url": "https://t.co/DKRuEVCclD", "entities": {"url": {"urls": [{"url": "https://t.co/DKRuEVCclD", "expanded_url": "http://page.is/joseph-lewczak", "display_url": "page.is/joseph-lewczak", "indices": [0, 23]}]}, "description": {"urls": []}}, "protected": false, "followers_count": 28094, "friends_count": 16324, "listed_count": 161, "created_at": "Mon May 21 20:37:01 +0000 2012", "favourites_count": 74025, "utc_offset": null, "time_zone": null, "geo_enabled": true, "verified": false, "statuses_count": 56504, "lang": null, "contributors_enabled": false, "is_translator": false, "is_translation_enabled": false, "profile_background_color": "C0DEED", "profile_background_image_url": "http://abs.twimg.com/images/themes/theme1/bg.png", "profile_background_image_url_https": "https://abs.twimg.com/images/themes/theme1/bg.png", "profile_background_tile": false, "profile_image_url": "http://pbs.twimg.com/profile_images/1320460547033387008/YiGnp1pE_normal.jpg", "profile_image_url_https": "https://pbs.twimg.com/profile_images/1320460547033387008/YiGnp1pE_normal.jpg", "profile_banner_url": "https://pbs.twimg.com/profile_banners/586855139/1560832992", "profile_link_color": "1DA1F2", "profile_sidebar_border_color": "C0DEED", "profile_sidebar_fill_color": "DDEEF6", "profile_text_color": "333333", "profile_use_background_image": true, "has_extended_profile": true, "default_profile": true, "default_profile_image": false, "following": false, "follow_request_sent": false, "notifications": false, "translator_type": "none", "withheld_in_countries": []}, "geo": null, "coordinates": null, "place": null, "contributors": null, "is_quote_status": false, "retweet_count": 1, "favorite_count": 1, "favorited": false, "retweeted": false, "possibly_sensitive": false, "lang": "en"}