{"created_at": "Thu Jan 26 04:44:39 +0000 2017", "id": 824478130433916929, "id_str": "824478130433916929", "text": "Mike Pence: \u201cAllowing Rape Victims To Have Abortions Will Lead To Women Trying To Get Raped\u201d https://t.co/oqVnbP4ljQ via @TheNewslo", "truncated": false, "entities": {"hashtags": [], "symbols": [], "user_mentions": [{"screen_name": "TheNewslo", "name": "Newslo", "id": 393693452, "id_str": "393693452", "indices": [121, 131]}], "urls": [{"url": "https://t.co/oqVnbP4ljQ", "expanded_url": "http://ln.is/politicot.com/RDXUMng", "display_url": "ln.is/politicot.com/\u2026", "indices": [93, 116]}]}, "source": "<a href=\"http://linkis.com\" rel=\"nofollow\">Linkis: turn sharing into growth</a>", "in_reply_to_status_id": null, "in_reply_to_status_id_str": null, "in_reply_to_user_id": null, "in_reply_to_user_id_str": null, "in_reply_to_screen_name": null, "user": {"id": 22743752, "id_str": "22743752", "name": "Excessively and Openly Black \ud83e\uddc1", "screen_name": "MzYummyDread", "location": "60637", "description": "Parenting, entertainment, culture & book journalist. Publisher of @fabulizemag\u2014a Black feminist nerd mag for blerds. Subscribe: https://t.co/N8MkZo2YOp", "url": "https://t.co/hHBkMb4dvj", "entities": {"url": {"urls": [{"url": "https://t.co/hHBkMb4dvj", "expanded_url": "http://FabulizeMag.com", "display_url": "FabulizeMag.com", "indices": [0, 23]}]}, "description": {"urls": [{"url": "https://t.co/N8MkZo2YOp", "expanded_url": "http://eepurl.com/gLuJeX", "display_url": "eepurl.com/gLuJeX", "indices": [128, 151]}]}}, "protected": false, "followers_count": 5594, "friends_count": 1210, "listed_count": 167, "created_at": "Wed Mar 04 06:48:30 +0000 2009", "favourites_count": 10004, "utc_offset": null, "time_zone": null, "geo_enabled": true, "verified": true, "statuses_count": 269040, "lang": null, "contributors_enabled": false, "is_translator": false, "is_translation_enabled": false, "profile_background_color": "21212B", "profile_background_image_url": "http://abs.twimg.com/images/themes/theme19/bg.gif", "profile_background_image_url_https": "https://abs.twimg.com/images/themes/theme19/bg.gif", "profile_background_tile": true, "profile_image_url": "http://pbs.twimg.com/profile_images/1391976001429770243/cviVtqnK_normal.jpg", "profile_image_url_https": "https://pbs.twimg.com/profile_images/1391976001429770243/cviVtqnK_normal.jpg", "profile_banner_url": "https://pbs.twimg.com/profile_banners/22743752/1618442778", "profile_link_color": "981CEB", "profile_sidebar_border_color": "FFFFFF", "profile_sidebar_fill_color": "FA7F14", "profile_text_color": "FF4E47", "profile_use_background_image": true, "has_extended_profile": true, "default_profile": false, "default_profile_image": false, "following": false, "follow_request_sent": false, "notifications": false, "translator_type": "none", "withheld_in_countries": []}, "geo": null, "coordinates": null, "place": null, "contributors": null, "is_quote_status": false, "retweet_count": 3, "favorite_count": 1, "favorited": false, "retweeted": false, "possibly_sensitive": false, "lang": "en"}