{"created_at": "Thu Jan 26 02:36:48 +0000 2017", "id": 824445959862177793, "id_str": "824445959862177793", "text": "Mike Pence: \u201cAllowing Rape Victims To Have Abortions Will Lead To Women Trying To Get Raped\u201d https://t.co/MLuYwtI6m7", "truncated": false, "entities": {"hashtags": [], "symbols": [], "user_mentions": [], "urls": [{"url": "https://t.co/MLuYwtI6m7", "expanded_url": "http://fb.me/5hvjw7THc", "display_url": "fb.me/5hvjw7THc", "indices": [93, 116]}]}, "source": "<a href=\"http://www.facebook.com/twitter\" rel=\"nofollow\">Facebook</a>", "in_reply_to_status_id": null, "in_reply_to_status_id_str": null, "in_reply_to_user_id": null, "in_reply_to_user_id_str": null, "in_reply_to_screen_name": null, "user": {"id": 2951783542, "id_str": "2951783542", "name": "David L. Fisher", "screen_name": "GetOffTheMeter", "location": "Northumberland, PA", "description": "PhD Theoretical Physics, MS Electrical and Electronics Enigineering\nInformation Security, Embedded Encryption Technologies, Data Recovery, Data Forensics", "url": "https://t.co/ZZEj1LBOl7", "entities": {"url": {"urls": [{"url": "https://t.co/ZZEj1LBOl7", "expanded_url": "http://www.david-fisher.com", "display_url": "david-fisher.com", "indices": [0, 23]}]}, "description": {"urls": []}}, "protected": false, "followers_count": 135, "friends_count": 871, "listed_count": 19, "created_at": "Tue Dec 30 19:52:03 +0000 2014", "favourites_count": 1937, "utc_offset": null, "time_zone": null, "geo_enabled": false, "verified": false, "statuses_count": 35943, "lang": null, "contributors_enabled": false, "is_translator": false, "is_translation_enabled": false, "profile_background_color": "C0DEED", "profile_background_image_url": "http://abs.twimg.com/images/themes/theme1/bg.png", "profile_background_image_url_https": "https://abs.twimg.com/images/themes/theme1/bg.png", "profile_background_tile": false, "profile_image_url": "http://pbs.twimg.com/profile_images/732171912642760704/slAtm6V8_normal.jpg", "profile_image_url_https": "https://pbs.twimg.com/profile_images/732171912642760704/slAtm6V8_normal.jpg", "profile_banner_url": "https://pbs.twimg.com/profile_banners/2951783542/1463398360", "profile_link_color": "1DA1F2", "profile_sidebar_border_color": "C0DEED", "profile_sidebar_fill_color": "DDEEF6", "profile_text_color": "333333", "profile_use_background_image": true, "has_extended_profile": true, "default_profile": true, "default_profile_image": false, "following": false, "follow_request_sent": false, "notifications": false, "translator_type": "none", "withheld_in_countries": []}, "geo": null, "coordinates": null, "place": null, "contributors": null, "is_quote_status": false, "retweet_count": 0, "favorite_count": 0, "favorited": false, "retweeted": false, "possibly_sensitive": false, "lang": "en"}