{"created_at": "Thu Jan 26 09:50:51 +0000 2017", "id": 824555190506442752, "id_str": "824555190506442752", "text": "Mike Pence: \u201cAllowing Rape Victims To Have Abortions Will Lead To Women Trying To Get Raped\u201d https://t.co/CQAhqIYf2S", "truncated": false, "entities": {"hashtags": [], "symbols": [], "user_mentions": [], "urls": [{"url": "https://t.co/CQAhqIYf2S", "expanded_url": "http://fb.me/1EWvvCc5S", "display_url": "fb.me/1EWvvCc5S", "indices": [93, 116]}]}, "source": "<a href=\"http://www.facebook.com/twitter\" rel=\"nofollow\">Facebook</a>", "in_reply_to_status_id": null, "in_reply_to_status_id_str": null, "in_reply_to_user_id": null, "in_reply_to_user_id_str": null, "in_reply_to_screen_name": null, "user": {"id": 109966716, "id_str": "109966716", "name": "Kervin Julien", "screen_name": "DeKervsta", "location": "Coventry", "description": "I love God, I love my family, I love serving God through ministry, and I love those I serve. It's great to have a purpose.", "url": null, "entities": {"description": {"urls": []}}, "protected": false, "followers_count": 497, "friends_count": 616, "listed_count": 22, "created_at": "Sat Jan 30 21:51:22 +0000 2010", "favourites_count": 1643, "utc_offset": null, "time_zone": null, "geo_enabled": true, "verified": false, "statuses_count": 11598, "lang": null, "contributors_enabled": false, "is_translator": false, "is_translation_enabled": false, "profile_background_color": "C0DEED", "profile_background_image_url": "http://abs.twimg.com/images/themes/theme1/bg.png", "profile_background_image_url_https": "https://abs.twimg.com/images/themes/theme1/bg.png", "profile_background_tile": false, "profile_image_url": "http://pbs.twimg.com/profile_images/828936672830160896/BlXyR7km_normal.jpg", "profile_image_url_https": "https://pbs.twimg.com/profile_images/828936672830160896/BlXyR7km_normal.jpg", "profile_banner_url": "https://pbs.twimg.com/profile_banners/109966716/1452439905", "profile_link_color": "1DA1F2", "profile_sidebar_border_color": "C0DEED", "profile_sidebar_fill_color": "DDEEF6", "profile_text_color": "333333", "profile_use_background_image": true, "has_extended_profile": true, "default_profile": true, "default_profile_image": false, "following": false, "follow_request_sent": false, "notifications": false, "translator_type": "none", "withheld_in_countries": []}, "geo": null, "coordinates": null, "place": null, "contributors": null, "is_quote_status": false, "retweet_count": 0, "favorite_count": 0, "favorited": false, "retweeted": false, "possibly_sensitive": false, "lang": "en"}