{"created_at": "Thu Jan 26 06:55:55 +0000 2017", "id": 824511166722506752, "id_str": "824511166722506752", "text": "Mike Pence: \u201cAllowing Rape Victims To Have Abortions Will Lead To Women Trying To Get Raped\u201d https://t.co/ihxDMqLE4n", "truncated": false, "entities": {"hashtags": [], "symbols": [], "user_mentions": [], "urls": [{"url": "https://t.co/ihxDMqLE4n", "expanded_url": "http://fb.me/11TfxzAvM", "display_url": "fb.me/11TfxzAvM", "indices": [93, 116]}]}, "source": "<a href=\"http://www.facebook.com/twitter\" rel=\"nofollow\">Facebook</a>", "in_reply_to_status_id": null, "in_reply_to_status_id_str": null, "in_reply_to_user_id": null, "in_reply_to_user_id_str": null, "in_reply_to_screen_name": null, "user": {"id": 631624682, "id_str": "631624682", "name": "melissa elsje", "screen_name": "melvin_missa", "location": "Chicago, IL", "description": "piercings are cool. sex and body positive!", "url": null, "entities": {"description": {"urls": []}}, "protected": false, "followers_count": 91, "friends_count": 52, "listed_count": 0, "created_at": "Tue Jul 10 03:00:15 +0000 2012", "favourites_count": 689, "utc_offset": null, "time_zone": null, "geo_enabled": true, "verified": false, "statuses_count": 16765, "lang": null, "contributors_enabled": false, "is_translator": false, "is_translation_enabled": false, "profile_background_color": "C0DEED", "profile_background_image_url": "http://abs.twimg.com/images/themes/theme1/bg.png", "profile_background_image_url_https": "https://abs.twimg.com/images/themes/theme1/bg.png", "profile_background_tile": true, "profile_image_url": "http://pbs.twimg.com/profile_images/1033232645180801024/9QmrOuvc_normal.jpg", "profile_image_url_https": "https://pbs.twimg.com/profile_images/1033232645180801024/9QmrOuvc_normal.jpg", "profile_banner_url": "https://pbs.twimg.com/profile_banners/631624682/1536727062", "profile_link_color": "0084B4", "profile_sidebar_border_color": "FFFFFF", "profile_sidebar_fill_color": "DDEEF6", "profile_text_color": "333333", "profile_use_background_image": true, "has_extended_profile": true, "default_profile": false, "default_profile_image": false, "following": false, "follow_request_sent": false, "notifications": false, "translator_type": "none", "withheld_in_countries": []}, "geo": null, "coordinates": null, "place": null, "contributors": null, "is_quote_status": false, "retweet_count": 0, "favorite_count": 0, "favorited": false, "retweeted": false, "possibly_sensitive": false, "lang": "en"}