{"created_at": "Thu Jan 26 08:47:37 +0000 2017", "id": 824539276356550656, "id_str": "824539276356550656", "text": "Mike Pence: \u201cAllowing Rape Victims To Have Abortions Will Lead To Women Trying To Get Raped\u201d https://t.co/xx0c8ALorI via @TheNewslo", "truncated": false, "entities": {"hashtags": [], "symbols": [], "user_mentions": [{"screen_name": "TheNewslo", "name": "Newslo", "id": 393693452, "id_str": "393693452", "indices": [121, 131]}], "urls": [{"url": "https://t.co/xx0c8ALorI", "expanded_url": "http://ln.is/politicot.com/ableJ5U", "display_url": "ln.is/politicot.com/\u2026", "indices": [93, 116]}]}, "source": "<a href=\"http://linkis.com\" rel=\"nofollow\">Linkis: turn sharing into growth</a>", "in_reply_to_status_id": null, "in_reply_to_status_id_str": null, "in_reply_to_user_id": null, "in_reply_to_user_id_str": null, "in_reply_to_screen_name": null, "user": {"id": 716009929, "id_str": "716009929", "name": "A freedom fighting grandma..\ud83d\udc83\ud83d\udc83", "screen_name": "TBHonestlizz", "location": "A country thats lost its way ", "description": "A winner is a dreamer who never gives up.Mandela", "url": null, "entities": {"description": {"urls": []}}, "protected": false, "followers_count": 6477, "friends_count": 5612, "listed_count": 69, "created_at": "Wed Jul 25 12:46:18 +0000 2012", "favourites_count": 122278, "utc_offset": null, "time_zone": null, "geo_enabled": true, "verified": false, "statuses_count": 166456, "lang": null, "contributors_enabled": false, "is_translator": false, "is_translation_enabled": false, "profile_background_color": "251810", "profile_background_image_url": "http://abs.twimg.com/images/themes/theme18/bg.gif", "profile_background_image_url_https": "https://abs.twimg.com/images/themes/theme18/bg.gif", "profile_background_tile": false, "profile_image_url": "http://pbs.twimg.com/profile_images/1390923100905168897/8Zc-KfK9_normal.jpg", "profile_image_url_https": "https://pbs.twimg.com/profile_images/1390923100905168897/8Zc-KfK9_normal.jpg", "profile_banner_url": "https://pbs.twimg.com/profile_banners/716009929/1617689972", "profile_link_color": "A98E6F", "profile_sidebar_border_color": "94A4AE", "profile_sidebar_fill_color": "1D110A", "profile_text_color": "94A4AE", "profile_use_background_image": true, "has_extended_profile": false, "default_profile": false, "default_profile_image": false, "following": false, "follow_request_sent": false, "notifications": false, "translator_type": "none", "withheld_in_countries": []}, "geo": null, "coordinates": null, "place": null, "contributors": null, "is_quote_status": false, "retweet_count": 1, "favorite_count": 1, "favorited": false, "retweeted": false, "possibly_sensitive": false, "lang": "en"}