{"created_at": "Thu Jan 26 06:21:23 +0000 2017", "id": 824502477143683072, "id_str": "824502477143683072", "text": "@Mike_Pence: \u201cAllowing Rape Victims To Have Abortions Will Lead To Women Trying To Get Raped\u201d https://t.co/wEDBikkZs8 @TheNewslo @VP #SickMF", "truncated": false, "entities": {"hashtags": [{"text": "SickMF", "indices": [133, 140]}], "symbols": [], "user_mentions": [{"screen_name": "Mike_Pence", "name": "Mike Pence", "id": 22203756, "id_str": "22203756", "indices": [0, 11]}, {"screen_name": "TheNewslo", "name": "Newslo", "id": 393693452, "id_str": "393693452", "indices": [118, 128]}, {"screen_name": "VP", "name": "Vice President Kamala Harris", "id": 803694179079458816, "id_str": "803694179079458816", "indices": [129, 132]}], "urls": [{"url": "https://t.co/wEDBikkZs8", "expanded_url": "http://politicot.com/mike-pence-allowing-rape-victims-abortions-will-lead-women-trying-get-raped/", "display_url": "politicot.com/mike-pence-all\u2026", "indices": [94, 117]}]}, "source": "<a href=\"http://twitter.com\" rel=\"nofollow\">Twitter Web Client</a>", "in_reply_to_status_id": null, "in_reply_to_status_id_str": null, "in_reply_to_user_id": 22203756, "in_reply_to_user_id_str": "22203756", "in_reply_to_screen_name": "Mike_Pence", "user": {"id": 67139171, "id_str": "67139171", "name": "Ace Annese", "screen_name": "AceRealityCheck", "location": "San Francisco", "description": "Host/Producer @RealityCheckTV2 & #AcesSpaceRadio coming to @RadioValencia 6/21. Client- @TheRTrainBand, Road Mgr 4 @FlaminGroovies & StageMgr/MC @haightstfairbb", "url": "http://t.co/ARQReuHmvV", "entities": {"url": {"urls": [{"url": "http://t.co/ARQReuHmvV", "expanded_url": "http://realitychecktv.com", "display_url": "realitychecktv.com", "indices": [0, 22]}]}, "description": {"urls": []}}, "protected": false, "followers_count": 2266, "friends_count": 5001, "listed_count": 66, "created_at": "Wed Aug 19 22:12:59 +0000 2009", "favourites_count": 38812, "utc_offset": null, "time_zone": null, "geo_enabled": false, "verified": false, "statuses_count": 56823, "lang": null, "contributors_enabled": false, "is_translator": false, "is_translation_enabled": false, "profile_background_color": "9AE4E8", "profile_background_image_url": "http://abs.twimg.com/images/themes/theme1/bg.png", "profile_background_image_url_https": "https://abs.twimg.com/images/themes/theme1/bg.png", "profile_background_tile": true, "profile_image_url": "http://pbs.twimg.com/profile_images/946144303226568704/XOPIMlXN_normal.jpg", "profile_image_url_https": "https://pbs.twimg.com/profile_images/946144303226568704/XOPIMlXN_normal.jpg", "profile_banner_url": "https://pbs.twimg.com/profile_banners/67139171/1620775175", "profile_link_color": "DD2E44", "profile_sidebar_border_color": "61779C", "profile_sidebar_fill_color": "00000B", "profile_text_color": "686899", "profile_use_background_image": true, "has_extended_profile": false, "default_profile": false, "default_profile_image": false, "following": false, "follow_request_sent": false, "notifications": false, "translator_type": "none", "withheld_in_countries": []}, "geo": null, "coordinates": null, "place": null, "contributors": null, "is_quote_status": false, "retweet_count": 2, "favorite_count": 2, "favorited": false, "retweeted": false, "possibly_sensitive": false, "lang": "en"}