{"created_at": "Thu Jan 26 06:27:32 +0000 2017", "id": 824504023030108162, "id_str": "824504023030108162", "text": "Mike Pence: \u201cAllowing Rape Victims To Have Abortions Will Lead To Women Trying To Get Raped\u201d https://t.co/en7xKIJ5wM", "truncated": false, "entities": {"hashtags": [], "symbols": [], "user_mentions": [], "urls": [{"url": "https://t.co/en7xKIJ5wM", "expanded_url": "http://politicot.com/mike-pence-allowing-rape-victims-abortions-will-lead-women-trying-get-raped/", "display_url": "politicot.com/mike-pence-all\u2026", "indices": [93, 116]}]}, "source": "<a href=\"http://twitter.com\" rel=\"nofollow\">Twitter Web Client</a>", "in_reply_to_status_id": null, "in_reply_to_status_id_str": null, "in_reply_to_user_id": null, "in_reply_to_user_id_str": null, "in_reply_to_screen_name": null, "user": {"id": 177346234, "id_str": "177346234", "name": "A Palsson \ud83c\udde6\ud83c\uddfa \ud83c\uddee\ud83c\uddf8 \ud83c\uddea\ud83c\uddfa", "screen_name": "ampalsson", "location": "Australia/Iceland", "description": "Former small business owner. No respect for cheap populist politics. Views expressed may as well be those of my Cavalier King Charles dog. Hate juvenile memes", "url": null, "entities": {"description": {"urls": []}}, "protected": false, "followers_count": 537, "friends_count": 870, "listed_count": 1, "created_at": "Wed Aug 11 22:20:49 +0000 2010", "favourites_count": 9685, "utc_offset": null, "time_zone": null, "geo_enabled": false, "verified": false, "statuses_count": 19361, "lang": null, "contributors_enabled": false, "is_translator": false, "is_translation_enabled": false, "profile_background_color": "C0DEED", "profile_background_image_url": "http://abs.twimg.com/images/themes/theme1/bg.png", "profile_background_image_url_https": "https://abs.twimg.com/images/themes/theme1/bg.png", "profile_background_tile": false, "profile_image_url": "http://pbs.twimg.com/profile_images/1102623427/111_1153_normal.JPG", "profile_image_url_https": "https://pbs.twimg.com/profile_images/1102623427/111_1153_normal.JPG", "profile_link_color": "1DA1F2", "profile_sidebar_border_color": "C0DEED", "profile_sidebar_fill_color": "DDEEF6", "profile_text_color": "333333", "profile_use_background_image": true, "has_extended_profile": true, "default_profile": true, "default_profile_image": false, "following": false, "follow_request_sent": false, "notifications": false, "translator_type": "none", "withheld_in_countries": []}, "geo": null, "coordinates": null, "place": null, "contributors": null, "is_quote_status": false, "retweet_count": 0, "favorite_count": 1, "favorited": false, "retweeted": false, "possibly_sensitive": false, "lang": "en"}