{"created_at": "Thu Jan 26 10:32:46 +0000 2017", "id": 824565740766367744, "id_str": "824565740766367744", "text": "Mike Pence: \u201cAllowing Rape Victims To Have Abortions Will Lead To Women Trying To Get Raped\u201d https://t.co/87yH0o8oe4 via @TheNewslo", "truncated": false, "entities": {"hashtags": [], "symbols": [], "user_mentions": [{"screen_name": "TheNewslo", "name": "Newslo", "id": 393693452, "id_str": "393693452", "indices": [121, 131]}], "urls": [{"url": "https://t.co/87yH0o8oe4", "expanded_url": "http://politicot.com/mike-pence-allowing-rape-victims-abortions-will-lead-women-trying-get-raped/", "display_url": "politicot.com/mike-pence-all\u2026", "indices": [93, 116]}]}, "source": "<a href=\"http://twitter.com\" rel=\"nofollow\">Twitter Web Client</a>", "in_reply_to_status_id": null, "in_reply_to_status_id_str": null, "in_reply_to_user_id": null, "in_reply_to_user_id_str": null, "in_reply_to_screen_name": null, "user": {"id": 32346192, "id_str": "32346192", "name": "Shan Kilby \ud83d\ude37", "screen_name": "ShanKilby", "location": "London", "description": "Following science led news. Interests are assistive technology, older ppl, feminism, MVAWG, equality, honesty & transparency. RT's not endorsement.", "url": null, "entities": {"description": {"urls": []}}, "protected": false, "followers_count": 1674, "friends_count": 1131, "listed_count": 46, "created_at": "Fri Apr 17 08:17:03 +0000 2009", "favourites_count": 2664, "utc_offset": null, "time_zone": null, "geo_enabled": true, "verified": false, "statuses_count": 16284, "lang": null, "contributors_enabled": false, "is_translator": false, "is_translation_enabled": false, "profile_background_color": "DBE9ED", "profile_background_image_url": "http://abs.twimg.com/images/themes/theme17/bg.gif", "profile_background_image_url_https": "https://abs.twimg.com/images/themes/theme17/bg.gif", "profile_background_tile": false, "profile_image_url": "http://pbs.twimg.com/profile_images/1268616635209912321/e6zCLnuL_normal.jpg", "profile_image_url_https": "https://pbs.twimg.com/profile_images/1268616635209912321/e6zCLnuL_normal.jpg", "profile_banner_url": "https://pbs.twimg.com/profile_banners/32346192/1588096261", "profile_link_color": "CC3366", "profile_sidebar_border_color": "DBE9ED", "profile_sidebar_fill_color": "E6F6F9", "profile_text_color": "333333", "profile_use_background_image": true, "has_extended_profile": false, "default_profile": false, "default_profile_image": false, "following": false, "follow_request_sent": false, "notifications": false, "translator_type": "none", "withheld_in_countries": []}, "geo": null, "coordinates": null, "place": null, "contributors": null, "is_quote_status": false, "retweet_count": 0, "favorite_count": 0, "favorited": false, "retweeted": false, "possibly_sensitive": false, "lang": "en"}