{"created_at": "Thu Jan 26 08:13:47 +0000 2017", "id": 824530764373131264, "id_str": "824530764373131264", "text": "Mike Pence: \u201cAllowing Rape Victims To Have Abortions Will Lead To Women Trying To Get Raped\u201d https://t.co/Ilc8iFMfrc", "truncated": false, "entities": {"hashtags": [], "symbols": [], "user_mentions": [], "urls": [{"url": "https://t.co/Ilc8iFMfrc", "expanded_url": "http://fb.me/8bI4koaay", "display_url": "fb.me/8bI4koaay", "indices": [93, 116]}]}, "source": "<a href=\"http://www.facebook.com/twitter\" rel=\"nofollow\">Facebook</a>", "in_reply_to_status_id": null, "in_reply_to_status_id_str": null, "in_reply_to_user_id": null, "in_reply_to_user_id_str": null, "in_reply_to_screen_name": null, "user": {"id": 124267704, "id_str": "124267704", "name": "#Joe_Is-My-President", "screen_name": "Darlene_Edw", "location": "United States", "description": "RT IS NOT A ENDORSEMENT IT'S MY OPINION! I Block Trump supporters #science #Biden #Obama", "url": null, "entities": {"description": {"urls": []}}, "protected": false, "followers_count": 13162, "friends_count": 14475, "listed_count": 97, "created_at": "Thu Mar 18 20:51:42 +0000 2010", "favourites_count": 48768, "utc_offset": null, "time_zone": null, "geo_enabled": false, "verified": false, "statuses_count": 592079, "lang": null, "contributors_enabled": false, "is_translator": false, "is_translation_enabled": false, "profile_background_color": "000000", "profile_background_image_url": "http://abs.twimg.com/images/themes/theme1/bg.png", "profile_background_image_url_https": "https://abs.twimg.com/images/themes/theme1/bg.png", "profile_background_tile": false, "profile_image_url": "http://pbs.twimg.com/profile_images/1301701643558416384/BdwKaL8v_normal.jpg", "profile_image_url_https": "https://pbs.twimg.com/profile_images/1301701643558416384/BdwKaL8v_normal.jpg", "profile_banner_url": "https://pbs.twimg.com/profile_banners/124267704/1558737197", "profile_link_color": "91D2FA", "profile_sidebar_border_color": "000000", "profile_sidebar_fill_color": "000000", "profile_text_color": "000000", "profile_use_background_image": false, "has_extended_profile": false, "default_profile": false, "default_profile_image": false, "following": false, "follow_request_sent": false, "notifications": false, "translator_type": "none", "withheld_in_countries": []}, "geo": null, "coordinates": null, "place": null, "contributors": null, "is_quote_status": false, "retweet_count": 3, "favorite_count": 2, "favorited": false, "retweeted": false, "possibly_sensitive": false, "lang": "en"}