{"created_at": "Thu Jan 26 10:41:49 +0000 2017", "id": 824568016218312704, "id_str": "824568016218312704", "text": "Mike Pence: \u201cAllowing Rape Victims To Have Abortions Will Lead To Women Trying To Get Raped\u201d Are you as crazy as Trump? Female family?", "truncated": false, "entities": {"hashtags": [], "symbols": [], "user_mentions": [], "urls": []}, "source": "<a href=\"http://twitter.com\" rel=\"nofollow\">Twitter Web Client</a>", "in_reply_to_status_id": null, "in_reply_to_status_id_str": null, "in_reply_to_user_id": null, "in_reply_to_user_id_str": null, "in_reply_to_screen_name": null, "user": {"id": 2410369092, "id_str": "2410369092", "name": "roewynne", "screen_name": "roewynne", "location": "Florida, USA", "description": "Retired Nurse, Natural Healer, Veteran,\nReader, Bad Poet, Mediocre Artist -\nGarden Enthusiast, Professional Putzer.\nBellaLunaNightshade on InstaGram", "url": null, "entities": {"description": {"urls": []}}, "protected": false, "followers_count": 11, "friends_count": 41, "listed_count": 0, "created_at": "Tue Mar 25 06:22:46 +0000 2014", "favourites_count": 766, "utc_offset": null, "time_zone": null, "geo_enabled": false, "verified": false, "statuses_count": 783, "lang": null, "contributors_enabled": false, "is_translator": false, "is_translation_enabled": false, "profile_background_color": "C0DEED", "profile_background_image_url": "http://abs.twimg.com/images/themes/theme1/bg.png", "profile_background_image_url_https": "https://abs.twimg.com/images/themes/theme1/bg.png", "profile_background_tile": false, "profile_image_url": "http://pbs.twimg.com/profile_images/1373637086834737157/KzLt_ZVH_normal.jpg", "profile_image_url_https": "https://pbs.twimg.com/profile_images/1373637086834737157/KzLt_ZVH_normal.jpg", "profile_banner_url": "https://pbs.twimg.com/profile_banners/2410369092/1613236383", "profile_link_color": "1DA1F2", "profile_sidebar_border_color": "C0DEED", "profile_sidebar_fill_color": "DDEEF6", "profile_text_color": "333333", "profile_use_background_image": true, "has_extended_profile": true, "default_profile": true, "default_profile_image": false, "following": false, "follow_request_sent": false, "notifications": false, "translator_type": "none", "withheld_in_countries": []}, "geo": null, "coordinates": null, "place": null, "contributors": null, "is_quote_status": false, "retweet_count": 0, "favorite_count": 0, "favorited": false, "retweeted": false, "lang": "en"}