{"created_at": "Thu Jan 26 08:26:13 +0000 2017", "id": 824533892182921221, "id_str": "824533892182921221", "text": "Mike Pence: \u201cAllowing Rape Victims To Have Abortions Will Lead To Women Trying To Get Raped\u201d Mad stupid and powerful https://t.co/WVT3AqBgik", "truncated": false, "entities": {"hashtags": [], "symbols": [], "user_mentions": [], "urls": [{"url": "https://t.co/WVT3AqBgik", "expanded_url": "http://politicot.com/mike-pence-allowing-rape-victims-abortions-will-lead-women-trying-get-raped/", "display_url": "politicot.com/mike-pence-all\u2026", "indices": [117, 140]}]}, "source": "<a href=\"http://twitter.com/#!/download/ipad\" rel=\"nofollow\">Twitter for iPad</a>", "in_reply_to_status_id": null, "in_reply_to_status_id_str": null, "in_reply_to_user_id": null, "in_reply_to_user_id_str": null, "in_reply_to_screen_name": null, "user": {"id": 1642573382, "id_str": "1642573382", "name": "Ginette McDonald", "screen_name": "McDonaldGinette", "location": "", "description": "#THERESISTANCE", "url": null, "entities": {"description": {"urls": []}}, "protected": false, "followers_count": 2572, "friends_count": 4059, "listed_count": 9, "created_at": "Sat Aug 03 10:39:48 +0000 2013", "favourites_count": 76948, "utc_offset": null, "time_zone": null, "geo_enabled": true, "verified": false, "statuses_count": 8379, "lang": null, "contributors_enabled": false, "is_translator": false, "is_translation_enabled": false, "profile_background_color": "C0DEED", "profile_background_image_url": "http://abs.twimg.com/images/themes/theme1/bg.png", "profile_background_image_url_https": "https://abs.twimg.com/images/themes/theme1/bg.png", "profile_background_tile": false, "profile_image_url": "http://pbs.twimg.com/profile_images/378800000736315021/235dafc418d140e4e9326981a548c12b_normal.jpeg", "profile_image_url_https": "https://pbs.twimg.com/profile_images/378800000736315021/235dafc418d140e4e9326981a548c12b_normal.jpeg", "profile_link_color": "1DA1F2", "profile_sidebar_border_color": "C0DEED", "profile_sidebar_fill_color": "DDEEF6", "profile_text_color": "333333", "profile_use_background_image": true, "has_extended_profile": true, "default_profile": true, "default_profile_image": false, "following": false, "follow_request_sent": false, "notifications": false, "translator_type": "none", "withheld_in_countries": []}, "geo": null, "coordinates": null, "place": null, "contributors": null, "is_quote_status": false, "retweet_count": 0, "favorite_count": 0, "favorited": false, "retweeted": false, "possibly_sensitive": false, "lang": "en"}