{"created_at": "Thu Jan 26 12:17:45 +0000 2017", "id": 824592156807553024, "id_str": "824592156807553024", "text": "Mike Pence: \u201cAllowing Rape Victims To Have Abortions Will Lead To Women Trying To Get Raped\u201d https://t.co/PqQLL7iiVx", "truncated": false, "entities": {"hashtags": [], "symbols": [], "user_mentions": [], "urls": [{"url": "https://t.co/PqQLL7iiVx", "expanded_url": "http://fb.me/1N9Hn3M1D", "display_url": "fb.me/1N9Hn3M1D", "indices": [93, 116]}]}, "source": "<a href=\"http://www.facebook.com/twitter\" rel=\"nofollow\">Facebook</a>", "in_reply_to_status_id": null, "in_reply_to_status_id_str": null, "in_reply_to_user_id": null, "in_reply_to_user_id_str": null, "in_reply_to_screen_name": null, "user": {"id": 560483191, "id_str": "560483191", "name": "Steven Allan", "screen_name": "StevenAllanimag", "location": "Glasgow", "description": "Photographer: Check out StevenAllanImages on Insta/Fb/Talnts for more examples of my work as twitter tends to have a political edge", "url": "https://t.co/in1IbXqu7H", "entities": {"url": {"urls": [{"url": "https://t.co/in1IbXqu7H", "expanded_url": "http://www.instagram.com/stevenallanimages", "display_url": "instagram.com/stevenallanima\u2026", "indices": [0, 23]}]}, "description": {"urls": []}}, "protected": false, "followers_count": 1167, "friends_count": 2052, "listed_count": 16, "created_at": "Sun Apr 22 18:07:34 +0000 2012", "favourites_count": 148816, "utc_offset": null, "time_zone": null, "geo_enabled": true, "verified": false, "statuses_count": 45043, "lang": null, "contributors_enabled": false, "is_translator": false, "is_translation_enabled": false, "profile_background_color": "131516", "profile_background_image_url": "http://abs.twimg.com/images/themes/theme14/bg.gif", "profile_background_image_url_https": "https://abs.twimg.com/images/themes/theme14/bg.gif", "profile_background_tile": true, "profile_image_url": "http://pbs.twimg.com/profile_images/602582395146080256/Y8X3myp3_normal.jpg", "profile_image_url_https": "https://pbs.twimg.com/profile_images/602582395146080256/Y8X3myp3_normal.jpg", "profile_banner_url": "https://pbs.twimg.com/profile_banners/560483191/1494014189", "profile_link_color": "7E8A8A", "profile_sidebar_border_color": "EEEEEE", "profile_sidebar_fill_color": "EFEFEF", "profile_text_color": "333333", "profile_use_background_image": true, "has_extended_profile": false, "default_profile": false, "default_profile_image": false, "following": false, "follow_request_sent": false, "notifications": false, "translator_type": "none", "withheld_in_countries": []}, "geo": null, "coordinates": null, "place": null, "contributors": null, "is_quote_status": false, "retweet_count": 0, "favorite_count": 0, "favorited": false, "retweeted": false, "possibly_sensitive": false, "lang": "en"}