{"created_at": "Thu Jan 26 08:08:44 +0000 2017", "id": 824529489740886018, "id_str": "824529489740886018", "text": "Mike Pence: \u201cAllowing Rape Victims To Have Abortions Will Lead To Women Trying To Get Raped\u201d https://t.co/HV96rDmrRR", "truncated": false, "entities": {"hashtags": [], "symbols": [], "user_mentions": [], "urls": [{"url": "https://t.co/HV96rDmrRR", "expanded_url": "http://fb.me/8rmbeh2Hg", "display_url": "fb.me/8rmbeh2Hg", "indices": [93, 116]}]}, "source": "<a href=\"http://www.facebook.com/twitter\" rel=\"nofollow\">Facebook</a>", "in_reply_to_status_id": null, "in_reply_to_status_id_str": null, "in_reply_to_user_id": null, "in_reply_to_user_id_str": null, "in_reply_to_screen_name": null, "user": {"id": 1491127848, "id_str": "1491127848", "name": "Tam Hunter", "screen_name": "TamHunter02", "location": "", "description": "", "url": null, "entities": {"description": {"urls": []}}, "protected": false, "followers_count": 26, "friends_count": 167, "listed_count": 10, "created_at": "Fri Jun 07 19:40:19 +0000 2013", "favourites_count": 23, "utc_offset": null, "time_zone": null, "geo_enabled": false, "verified": false, "statuses_count": 41841, "lang": null, "contributors_enabled": false, "is_translator": false, "is_translation_enabled": false, "profile_background_color": "C0DEED", "profile_background_image_url": "http://abs.twimg.com/images/themes/theme1/bg.png", "profile_background_image_url_https": "https://abs.twimg.com/images/themes/theme1/bg.png", "profile_background_tile": false, "profile_image_url": "http://pbs.twimg.com/profile_images/732966505470550017/TKK0J4zD_normal.jpg", "profile_image_url_https": "https://pbs.twimg.com/profile_images/732966505470550017/TKK0J4zD_normal.jpg", "profile_banner_url": "https://pbs.twimg.com/profile_banners/1491127848/1429297076", "profile_link_color": "1DA1F2", "profile_sidebar_border_color": "C0DEED", "profile_sidebar_fill_color": "DDEEF6", "profile_text_color": "333333", "profile_use_background_image": true, "has_extended_profile": false, "default_profile": true, "default_profile_image": false, "following": false, "follow_request_sent": false, "notifications": false, "translator_type": "none", "withheld_in_countries": []}, "geo": null, "coordinates": null, "place": null, "contributors": null, "is_quote_status": false, "retweet_count": 0, "favorite_count": 0, "favorited": false, "retweeted": false, "possibly_sensitive": false, "lang": "en"}