{"created_at": "Thu Jan 26 06:22:18 +0000 2017", "id": 824502706374979584, "id_str": "824502706374979584", "text": "Mike Pence: \u201cAllowing Rape Victims To Have Abortions Will Lead To Women Trying To Get Raped\u201d https://t.co/2XECogv1Ox via @TheNewslo", "truncated": false, "entities": {"hashtags": [], "symbols": [], "user_mentions": [{"screen_name": "TheNewslo", "name": "Newslo", "id": 393693452, "id_str": "393693452", "indices": [121, 131]}], "urls": [{"url": "https://t.co/2XECogv1Ox", "expanded_url": "http://politicalo.com/mike-pence-allowing-rape-victims-abortions-will-lead-women-trying-get-raped/", "display_url": "politicalo.com/mike-pence-all\u2026", "indices": [93, 116]}]}, "source": "<a href=\"http://twitter.com\" rel=\"nofollow\">Twitter Web Client</a>", "in_reply_to_status_id": null, "in_reply_to_status_id_str": null, "in_reply_to_user_id": null, "in_reply_to_user_id_str": null, "in_reply_to_screen_name": null, "user": {"id": 34795605, "id_str": "34795605", "name": "Keli \ud83c\udf0a\ud83c\udf0a\ud83c\udf0a", "screen_name": "Kelisia", "location": "Mesa, AZ", "description": "Hmm I'm into politics now, who knew\ud83e\udd14\n#LGBTQ,\ud83c\udff3\ufe0f\u200d\ud83c\udf08\u2764\ufe0f\ud83e\udde1\ud83d\udc9b\ud83d\udc9a\ud83d\udc99\ud83d\udc9c\n#BIDENHARRIS2020  \n\ud83c\udf0a\ud83c\udf0aRESIST\ud83c\udf0a \ud83c\udf0a#HillaryWON \n#NULLIFYtRUMP \ud83e\udd25\ud83c\udf83\ud83c\udf44\ud83d\udca9\ud83d\udd73\ufe0f\n #Obamas \ud83d\ude0e\ud83d\udc95\ud83c\udf0a\ud83c\uddfa\ud83c\uddf8\u2744\ufe0f", "url": "https://t.co/VzgB1amey9", "entities": {"url": {"urls": [{"url": "https://t.co/VzgB1amey9", "expanded_url": "https://www.facebook.com/keli.belanger", "display_url": "facebook.com/keli.belanger", "indices": [0, 23]}]}, "description": {"urls": []}}, "protected": false, "followers_count": 20047, "friends_count": 21801, "listed_count": 18, "created_at": "Fri Apr 24 01:12:32 +0000 2009", "favourites_count": 290598, "utc_offset": null, "time_zone": null, "geo_enabled": false, "verified": false, "statuses_count": 212932, "lang": null, "contributors_enabled": false, "is_translator": false, "is_translation_enabled": false, "profile_background_color": "050710", "profile_background_image_url": "http://abs.twimg.com/images/themes/theme1/bg.png", "profile_background_image_url_https": "https://abs.twimg.com/images/themes/theme1/bg.png", "profile_background_tile": true, "profile_image_url": "http://pbs.twimg.com/profile_images/1087081791003942912/VLvmXVjo_normal.jpg", "profile_image_url_https": "https://pbs.twimg.com/profile_images/1087081791003942912/VLvmXVjo_normal.jpg", "profile_banner_url": "https://pbs.twimg.com/profile_banners/34795605/1569481307", "profile_link_color": "981CEB", "profile_sidebar_border_color": "000000", "profile_sidebar_fill_color": "252429", "profile_text_color": "74152E", "profile_use_background_image": true, "has_extended_profile": true, "default_profile": false, "default_profile_image": false, "following": false, "follow_request_sent": false, "notifications": false, "translator_type": "none", "withheld_in_countries": []}, "geo": null, "coordinates": null, "place": null, "contributors": null, "is_quote_status": false, "retweet_count": 0, "favorite_count": 0, "favorited": false, "retweeted": false, "possibly_sensitive": false, "lang": "en"}