{"created_at": "Thu Jan 26 17:56:35 +0000 2017", "id": 824677429407023105, "id_str": "824677429407023105", "text": "Mike Pence: \u201cAllowing Rape Victims To Have Abortions Will Lead To Women Trying To Get Raped\u201d https://t.co/z6OXr3pxUe", "truncated": false, "entities": {"hashtags": [], "symbols": [], "user_mentions": [], "urls": [{"url": "https://t.co/z6OXr3pxUe", "expanded_url": "http://fb.me/8jLbsJpjo", "display_url": "fb.me/8jLbsJpjo", "indices": [93, 116]}]}, "source": "<a href=\"http://www.facebook.com/twitter\" rel=\"nofollow\">Facebook</a>", "in_reply_to_status_id": null, "in_reply_to_status_id_str": null, "in_reply_to_user_id": null, "in_reply_to_user_id_str": null, "in_reply_to_screen_name": null, "user": {"id": 2843164737, "id_str": "2843164737", "name": "Roy Wascher", "screen_name": "a0d1659e2e4d42f", "location": "Sioux City  lowa", "description": "", "url": null, "entities": {"description": {"urls": []}}, "protected": false, "followers_count": 24, "friends_count": 162, "listed_count": 0, "created_at": "Sat Oct 25 01:39:31 +0000 2014", "favourites_count": 1358, "utc_offset": null, "time_zone": null, "geo_enabled": true, "verified": false, "statuses_count": 563, "lang": null, "contributors_enabled": false, "is_translator": false, "is_translation_enabled": false, "profile_background_color": "C0DEED", "profile_background_image_url": "http://abs.twimg.com/images/themes/theme1/bg.png", "profile_background_image_url_https": "https://abs.twimg.com/images/themes/theme1/bg.png", "profile_background_tile": false, "profile_image_url": "http://pbs.twimg.com/profile_images/905601204398551041/jpRX44XU_normal.jpg", "profile_image_url_https": "https://pbs.twimg.com/profile_images/905601204398551041/jpRX44XU_normal.jpg", "profile_link_color": "1DA1F2", "profile_sidebar_border_color": "C0DEED", "profile_sidebar_fill_color": "DDEEF6", "profile_text_color": "333333", "profile_use_background_image": true, "has_extended_profile": true, "default_profile": true, "default_profile_image": false, "following": false, "follow_request_sent": false, "notifications": false, "translator_type": "none", "withheld_in_countries": []}, "geo": null, "coordinates": null, "place": null, "contributors": null, "is_quote_status": false, "retweet_count": 0, "favorite_count": 0, "favorited": false, "retweeted": false, "possibly_sensitive": false, "lang": "en"}