{"created_at": "Thu Jan 26 17:57:34 +0000 2017", "id": 824677677080674305, "id_str": "824677677080674305", "text": "Mike Pence: \u201cAllowing Rape Victims To Have Abortions Will Lead To Women Trying To Get Raped\u201d https://t.co/84lIk1RXwM", "truncated": false, "entities": {"hashtags": [], "symbols": [], "user_mentions": [], "urls": [{"url": "https://t.co/84lIk1RXwM", "expanded_url": "http://fb.me/7vGCFPFwY", "display_url": "fb.me/7vGCFPFwY", "indices": [93, 116]}]}, "source": "<a href=\"http://www.facebook.com/twitter\" rel=\"nofollow\">Facebook</a>", "in_reply_to_status_id": null, "in_reply_to_status_id_str": null, "in_reply_to_user_id": null, "in_reply_to_user_id_str": null, "in_reply_to_screen_name": null, "user": {"id": 2186462401, "id_str": "2186462401", "name": "Jesse Nash", "screen_name": "JesseNash_", "location": "", "description": "Acclaimed journalist, Jesse Nash, cohost of Grillo\u2019s AftershockXL and The Late Hour.", "url": "https://t.co/EUkFKG20GY", "entities": {"url": {"urls": [{"url": "https://t.co/EUkFKG20GY", "expanded_url": "http://youtube.com/battlechats", "display_url": "youtube.com/battlechats", "indices": [0, 23]}]}, "description": {"urls": []}}, "protected": false, "followers_count": 798, "friends_count": 4027, "listed_count": 13, "created_at": "Sun Nov 10 14:19:44 +0000 2013", "favourites_count": 1377, "utc_offset": null, "time_zone": null, "geo_enabled": true, "verified": false, "statuses_count": 21052, "lang": null, "contributors_enabled": false, "is_translator": false, "is_translation_enabled": false, "profile_background_color": "C0DEED", "profile_background_image_url": "http://abs.twimg.com/images/themes/theme1/bg.png", "profile_background_image_url_https": "https://abs.twimg.com/images/themes/theme1/bg.png", "profile_background_tile": false, "profile_image_url": "http://pbs.twimg.com/profile_images/1200861470319357954/disMzfY4_normal.jpg", "profile_image_url_https": "https://pbs.twimg.com/profile_images/1200861470319357954/disMzfY4_normal.jpg", "profile_banner_url": "https://pbs.twimg.com/profile_banners/2186462401/1575141541", "profile_link_color": "1DA1F2", "profile_sidebar_border_color": "C0DEED", "profile_sidebar_fill_color": "DDEEF6", "profile_text_color": "333333", "profile_use_background_image": true, "has_extended_profile": false, "default_profile": true, "default_profile_image": false, "following": false, "follow_request_sent": false, "notifications": false, "translator_type": "none", "withheld_in_countries": []}, "geo": null, "coordinates": null, "place": null, "contributors": null, "is_quote_status": false, "retweet_count": 0, "favorite_count": 0, "favorited": false, "retweeted": false, "possibly_sensitive": false, "lang": "en"}