{"created_at": "Thu Jan 26 15:23:14 +0000 2017", "id": 824638839125745664, "id_str": "824638839125745664", "text": "Mike Pence: \u201cAllowing Rape Victims To Have Abortions Will Lead To Women Trying To Get Raped\u201d https://t.co/NRpKwjq3GV via @TheNewslo", "truncated": false, "entities": {"hashtags": [], "symbols": [], "user_mentions": [{"screen_name": "TheNewslo", "name": "Newslo", "id": 393693452, "id_str": "393693452", "indices": [121, 131]}], "urls": [{"url": "https://t.co/NRpKwjq3GV", "expanded_url": "http://politicot.com/mike-pence-allowing-rape-victims-abortions-will-lead-women-trying-get-raped/", "display_url": "politicot.com/mike-pence-all\u2026", "indices": [93, 116]}]}, "source": "<a href=\"http://twitter.com\" rel=\"nofollow\">Twitter Web Client</a>", "in_reply_to_status_id": null, "in_reply_to_status_id_str": null, "in_reply_to_user_id": null, "in_reply_to_user_id_str": null, "in_reply_to_screen_name": null, "user": {"id": 246466184, "id_str": "246466184", "name": "suzanne adely", "screen_name": "Suz_Adely", "location": "New York, USA", "description": "Co-Director - Food Chain Workers Alliance @foodchainworker : President-Elect-National Lawyers Guild @nlgnews @nlgic: @iadllaw @uspcn @alawda", "url": null, "entities": {"description": {"urls": []}}, "protected": false, "followers_count": 2151, "friends_count": 1839, "listed_count": 48, "created_at": "Wed Feb 02 20:58:46 +0000 2011", "favourites_count": 6681, "utc_offset": null, "time_zone": null, "geo_enabled": true, "verified": false, "statuses_count": 11243, "lang": null, "contributors_enabled": false, "is_translator": false, "is_translation_enabled": false, "profile_background_color": "042411", "profile_background_image_url": "http://abs.twimg.com/images/themes/theme7/bg.gif", "profile_background_image_url_https": "https://abs.twimg.com/images/themes/theme7/bg.gif", "profile_background_tile": false, "profile_image_url": "http://pbs.twimg.com/profile_images/1366553412498845698/I41Ptnp7_normal.jpg", "profile_image_url_https": "https://pbs.twimg.com/profile_images/1366553412498845698/I41Ptnp7_normal.jpg", "profile_link_color": "1B95E0", "profile_sidebar_border_color": "000000", "profile_sidebar_fill_color": "F3F3F3", "profile_text_color": "333333", "profile_use_background_image": true, "has_extended_profile": false, "default_profile": false, "default_profile_image": false, "following": false, "follow_request_sent": false, "notifications": false, "translator_type": "none", "withheld_in_countries": []}, "geo": null, "coordinates": null, "place": null, "contributors": null, "is_quote_status": false, "retweet_count": 0, "favorite_count": 0, "favorited": false, "retweeted": false, "possibly_sensitive": false, "lang": "en"}