{"created_at": "Thu Jan 26 13:30:26 +0000 2017", "id": 824610449786281985, "id_str": "824610449786281985", "text": "Mike Pence: \u201cAllowing Rape Victims To Have Abortions Will Lead To Women Trying To Get Raped\u201d https://t.co/XfxRWer917", "truncated": false, "entities": {"hashtags": [], "symbols": [], "user_mentions": [], "urls": [{"url": "https://t.co/XfxRWer917", "expanded_url": "http://fb.me/5TMXWFabw", "display_url": "fb.me/5TMXWFabw", "indices": [93, 116]}]}, "source": "<a href=\"http://www.facebook.com/twitter\" rel=\"nofollow\">Facebook</a>", "in_reply_to_status_id": null, "in_reply_to_status_id_str": null, "in_reply_to_user_id": null, "in_reply_to_user_id_str": null, "in_reply_to_screen_name": null, "user": {"id": 148223575, "id_str": "148223575", "name": "Annick Handelberg", "screen_name": "Handelberg", "location": "bruxelles", "description": "Administrateur du groupe ( http://t.co/K3pVjRVQpQ )et de l'ASBL @ 150 .http://t.co/K3pVjRVQpQ", "url": "http://t.co/6IJYZ01aL7", "entities": {"url": {"urls": [{"url": "http://t.co/6IJYZ01aL7", "expanded_url": "http://www.facebook.com/handelberg.annick", "display_url": "facebook.com/handelberg.ann\u2026", "indices": [0, 22]}]}, "description": {"urls": [{"url": "http://t.co/K3pVjRVQpQ", "expanded_url": "http://www.facebook.com/group.php?gid=42698169643", "display_url": "facebook.com/group.php?gid=\u2026", "indices": [27, 49]}, {"url": "http://t.co/K3pVjRVQpQ", "expanded_url": "http://www.facebook.com/group.php?gid=42698169643", "display_url": "facebook.com/group.php?gid=\u2026", "indices": [71, 93]}]}}, "protected": false, "followers_count": 371, "friends_count": 1266, "listed_count": 24, "created_at": "Wed May 26 04:32:59 +0000 2010", "favourites_count": 3798, "utc_offset": null, "time_zone": null, "geo_enabled": true, "verified": false, "statuses_count": 44363, "lang": null, "contributors_enabled": false, "is_translator": false, "is_translation_enabled": false, "profile_background_color": "022330", "profile_background_image_url": "http://abs.twimg.com/images/themes/theme15/bg.png", "profile_background_image_url_https": "https://abs.twimg.com/images/themes/theme15/bg.png", "profile_background_tile": false, "profile_image_url": "http://pbs.twimg.com/profile_images/932484691/s121138131237115_6478_normal.jpg", "profile_image_url_https": "https://pbs.twimg.com/profile_images/932484691/s121138131237115_6478_normal.jpg", "profile_link_color": "0084B4", "profile_sidebar_border_color": "A8C7F7", "profile_sidebar_fill_color": "C0DFEC", "profile_text_color": "333333", "profile_use_background_image": true, "has_extended_profile": false, "default_profile": false, "default_profile_image": false, "following": false, "follow_request_sent": false, "notifications": false, "translator_type": "regular", "withheld_in_countries": []}, "geo": null, "coordinates": null, "place": null, "contributors": null, "is_quote_status": false, "retweet_count": 0, "favorite_count": 0, "favorited": false, "retweeted": false, "possibly_sensitive": false, "lang": "en"}