{"created_at": "Thu Jan 26 17:18:14 +0000 2017", "id": 824667779110498304, "id_str": "824667779110498304", "text": "Mike Pence: \u201cAllowing Rape Victims To Have Abortions Will Lead To Women Trying To Get Raped\u201d https://t.co/ddtscGrHEj", "truncated": false, "entities": {"hashtags": [], "symbols": [], "user_mentions": [], "urls": [{"url": "https://t.co/ddtscGrHEj", "expanded_url": "http://fb.me/502zK6iRt", "display_url": "fb.me/502zK6iRt", "indices": [93, 116]}]}, "source": "<a href=\"http://www.facebook.com/twitter\" rel=\"nofollow\">Facebook</a>", "in_reply_to_status_id": null, "in_reply_to_status_id_str": null, "in_reply_to_user_id": null, "in_reply_to_user_id_str": null, "in_reply_to_screen_name": null, "user": {"id": 57592084, "id_str": "57592084", "name": "Bruno Fouchereau", "screen_name": "brunofou", "location": "Niort, France", "description": "https://t.co/4eplMxbgGe", "url": "https://t.co/4eplMxbgGe", "entities": {"url": {"urls": [{"url": "https://t.co/4eplMxbgGe", "expanded_url": "https://www.facebook.com/bruno.fouchereau/", "display_url": "facebook.com/bruno.fouchere\u2026", "indices": [0, 23]}]}, "description": {"urls": [{"url": "https://t.co/4eplMxbgGe", "expanded_url": "https://www.facebook.com/bruno.fouchereau/", "display_url": "facebook.com/bruno.fouchere\u2026", "indices": [0, 23]}]}}, "protected": false, "followers_count": 319, "friends_count": 1176, "listed_count": 7, "created_at": "Fri Jul 17 08:40:05 +0000 2009", "favourites_count": 8, "utc_offset": null, "time_zone": null, "geo_enabled": true, "verified": false, "statuses_count": 20216, "lang": null, "contributors_enabled": false, "is_translator": false, "is_translation_enabled": false, "profile_background_color": "BADFCD", "profile_background_image_url": "http://abs.twimg.com/images/themes/theme12/bg.gif", "profile_background_image_url_https": "https://abs.twimg.com/images/themes/theme12/bg.gif", "profile_background_tile": false, "profile_image_url": "http://pbs.twimg.com/profile_images/317891341/lum1moi_normal.jpg", "profile_image_url_https": "https://pbs.twimg.com/profile_images/317891341/lum1moi_normal.jpg", "profile_banner_url": "https://pbs.twimg.com/profile_banners/57592084/1614206563", "profile_link_color": "FF0000", "profile_sidebar_border_color": "ABF018", "profile_sidebar_fill_color": "FFF7CC", "profile_text_color": "0C3E53", "profile_use_background_image": true, "has_extended_profile": true, "default_profile": false, "default_profile_image": false, "following": false, "follow_request_sent": false, "notifications": false, "translator_type": "none", "withheld_in_countries": []}, "geo": null, "coordinates": null, "place": null, "contributors": null, "is_quote_status": false, "retweet_count": 0, "favorite_count": 0, "favorited": false, "retweeted": false, "possibly_sensitive": false, "lang": "en"}