{"created_at": "Thu Jan 26 15:25:12 +0000 2017", "id": 824639332426227713, "id_str": "824639332426227713", "text": "Mike Pence: \u201cAllowing Rape Victims To Have Abortions Will Lead To Women Trying To Get Raped\u201d https://t.co/gZBM0zuUCG  your VP, America!", "truncated": false, "entities": {"hashtags": [], "symbols": [], "user_mentions": [], "urls": [{"url": "https://t.co/gZBM0zuUCG", "expanded_url": "http://politicot.com/mike-pence-allowing-rape-victims-abortions-will-lead-women-trying-get-raped/", "display_url": "politicot.com/mike-pence-all\u2026", "indices": [93, 116]}]}, "source": "<a href=\"http://twitter.com\" rel=\"nofollow\">Twitter Web Client</a>", "in_reply_to_status_id": null, "in_reply_to_status_id_str": null, "in_reply_to_user_id": null, "in_reply_to_user_id_str": null, "in_reply_to_screen_name": null, "user": {"id": 49591803, "id_str": "49591803", "name": "(((it's DOCTOR, not Ms.)))", "screen_name": "NotOccupying", "location": "Worcester, MA", "description": "#PhD, Middle East Studies. Tweeting on politics (Middle Eastern, Canadian, US, global), academia, and cats. Gotta have cats.\nTweets represent my opinions only.", "url": null, "entities": {"description": {"urls": []}}, "protected": false, "followers_count": 3440, "friends_count": 2559, "listed_count": 194, "created_at": "Mon Jun 22 10:26:54 +0000 2009", "favourites_count": 66637, "utc_offset": null, "time_zone": null, "geo_enabled": true, "verified": false, "statuses_count": 83831, "lang": null, "contributors_enabled": false, "is_translator": false, "is_translation_enabled": false, "profile_background_color": "0099B9", "profile_background_image_url": "http://abs.twimg.com/images/themes/theme4/bg.gif", "profile_background_image_url_https": "https://abs.twimg.com/images/themes/theme4/bg.gif", "profile_background_tile": false, "profile_image_url": "http://pbs.twimg.com/profile_images/1223725829689085952/4VnMA1lE_normal.jpg", "profile_image_url_https": "https://pbs.twimg.com/profile_images/1223725829689085952/4VnMA1lE_normal.jpg", "profile_banner_url": "https://pbs.twimg.com/profile_banners/49591803/1523732425", "profile_link_color": "7500B8", "profile_sidebar_border_color": "5ED4DC", "profile_sidebar_fill_color": "95E8EC", "profile_text_color": "3C3940", "profile_use_background_image": true, "has_extended_profile": false, "default_profile": false, "default_profile_image": false, "following": false, "follow_request_sent": false, "notifications": false, "translator_type": "none", "withheld_in_countries": []}, "geo": null, "coordinates": null, "place": null, "contributors": null, "is_quote_status": false, "retweet_count": 3, "favorite_count": 0, "favorited": false, "retweeted": false, "possibly_sensitive": false, "lang": "en"}