{"created_at": "Thu Jan 26 14:19:13 +0000 2017", "id": 824622724848947200, "id_str": "824622724848947200", "text": "Mike Pence: \u201cAllowing Rape Victims To Have Abortions Will Lead To Women Trying To Get Raped\u201d https://t.co/8bChznflwr", "truncated": false, "entities": {"hashtags": [], "symbols": [], "user_mentions": [], "urls": [{"url": "https://t.co/8bChznflwr", "expanded_url": "http://fb.me/6j3eLsXYm", "display_url": "fb.me/6j3eLsXYm", "indices": [93, 116]}]}, "source": "<a href=\"http://www.facebook.com/twitter\" rel=\"nofollow\">Facebook</a>", "in_reply_to_status_id": null, "in_reply_to_status_id_str": null, "in_reply_to_user_id": null, "in_reply_to_user_id_str": null, "in_reply_to_screen_name": null, "user": {"id": 549506633, "id_str": "549506633", "name": "Neil Nutzhorn Jensen", "screen_name": "bluelitedk", "location": "Horsens - Gedved", "description": "", "url": "http://t.co/Nm6sWdLQGC", "entities": {"url": {"urls": [{"url": "http://t.co/Nm6sWdLQGC", "expanded_url": "http://www.facebook.com/neilnutzhornjensen", "display_url": "facebook.com/neilnutzhornje\u2026", "indices": [0, 22]}]}, "description": {"urls": []}}, "protected": false, "followers_count": 70, "friends_count": 79, "listed_count": 5, "created_at": "Mon Apr 09 20:04:26 +0000 2012", "favourites_count": 4, "utc_offset": null, "time_zone": null, "geo_enabled": false, "verified": false, "statuses_count": 631, "lang": null, "contributors_enabled": false, "is_translator": false, "is_translation_enabled": false, "profile_background_color": "C0DEED", "profile_background_image_url": "http://abs.twimg.com/images/themes/theme1/bg.png", "profile_background_image_url_https": "https://abs.twimg.com/images/themes/theme1/bg.png", "profile_background_tile": false, "profile_image_url": "http://pbs.twimg.com/profile_images/429979260917657600/jAnDd212_normal.jpeg", "profile_image_url_https": "https://pbs.twimg.com/profile_images/429979260917657600/jAnDd212_normal.jpeg", "profile_banner_url": "https://pbs.twimg.com/profile_banners/549506633/1391350013", "profile_link_color": "1DA1F2", "profile_sidebar_border_color": "C0DEED", "profile_sidebar_fill_color": "DDEEF6", "profile_text_color": "333333", "profile_use_background_image": true, "has_extended_profile": false, "default_profile": true, "default_profile_image": false, "following": false, "follow_request_sent": false, "notifications": false, "translator_type": "none", "withheld_in_countries": []}, "geo": null, "coordinates": null, "place": null, "contributors": null, "is_quote_status": false, "retweet_count": 0, "favorite_count": 0, "favorited": false, "retweeted": false, "possibly_sensitive": false, "lang": "en"}