{"created_at": "Thu Jan 26 13:50:34 +0000 2017", "id": 824615516971081728, "id_str": "824615516971081728", "text": "#Mr.#Trump  can You restrict Mr. Pence ?Mike Pence: \u201cAllowing Rape Victims To Have Abortions Will Lead To Women Trying To Get Raped\u201d", "truncated": false, "entities": {"hashtags": [{"text": "Mr", "indices": [0, 3]}, {"text": "Trump", "indices": [4, 10]}], "symbols": [], "user_mentions": [], "urls": []}, "source": "<a href=\"http://twitter.com\" rel=\"nofollow\">Twitter Web Client</a>", "in_reply_to_status_id": null, "in_reply_to_status_id_str": null, "in_reply_to_user_id": null, "in_reply_to_user_id_str": null, "in_reply_to_screen_name": null, "user": {"id": 49257629, "id_str": "49257629", "name": "Gabriella Mittelman", "screen_name": "GabriellaM13", "location": "Tel Aviv", "description": "Astrologer, and numerologist. Writing about financial markets combined with astrology, using Gann & more! Sign up to the alerts via mail, or link to my Telegram", "url": "https://t.co/bBolr9nLx5", "entities": {"url": {"urls": [{"url": "https://t.co/bBolr9nLx5", "expanded_url": "https://astrologyandthemarkets.blogspot.co.il/2017/07/new-moon-in-leo-2017.html", "display_url": "astrologyandthemarkets.blogspot.co.il/2017/07/new-mo\u2026", "indices": [0, 23]}]}, "description": {"urls": []}}, "protected": false, "followers_count": 930, "friends_count": 305, "listed_count": 21, "created_at": "Sun Jun 21 07:02:53 +0000 2009", "favourites_count": 1455, "utc_offset": null, "time_zone": null, "geo_enabled": true, "verified": false, "statuses_count": 9666, "lang": null, "contributors_enabled": false, "is_translator": false, "is_translation_enabled": false, "profile_background_color": "000000", "profile_background_image_url": "http://abs.twimg.com/images/themes/theme4/bg.gif", "profile_background_image_url_https": "https://abs.twimg.com/images/themes/theme4/bg.gif", "profile_background_tile": false, "profile_image_url": "http://pbs.twimg.com/profile_images/883654753510727680/Fofw7U6B_normal.jpg", "profile_image_url_https": "https://pbs.twimg.com/profile_images/883654753510727680/Fofw7U6B_normal.jpg", "profile_banner_url": "https://pbs.twimg.com/profile_banners/49257629/1524044785", "profile_link_color": "4A913C", "profile_sidebar_border_color": "000000", "profile_sidebar_fill_color": "000000", "profile_text_color": "000000", "profile_use_background_image": false, "has_extended_profile": true, "default_profile": false, "default_profile_image": false, "following": false, "follow_request_sent": false, "notifications": false, "translator_type": "none", "withheld_in_countries": []}, "geo": null, "coordinates": null, "place": null, "contributors": null, "is_quote_status": false, "retweet_count": 0, "favorite_count": 0, "favorited": false, "retweeted": false, "lang": "en"}