{"created_at": "Thu Jan 26 14:43:53 +0000 2017", "id": 824628933299736577, "id_str": "824628933299736577", "text": "Mike Pence: \u201cAllowing Rape Victims To Have Abortions Will Lead To Women Trying To Get Raped\u201d https://t.co/QzJQoN6L16 via @TheNewslo", "truncated": false, "entities": {"hashtags": [], "symbols": [], "user_mentions": [{"screen_name": "TheNewslo", "name": "Newslo", "id": 393693452, "id_str": "393693452", "indices": [121, 131]}], "urls": [{"url": "https://t.co/QzJQoN6L16", "expanded_url": "http://politicot.com/mike-pence-allowing-rape-victims-abortions-will-lead-women-trying-get-raped/", "display_url": "politicot.com/mike-pence-all\u2026", "indices": [93, 116]}]}, "source": "<a href=\"http://twitter.com\" rel=\"nofollow\">Twitter Web Client</a>", "in_reply_to_status_id": null, "in_reply_to_status_id_str": null, "in_reply_to_user_id": null, "in_reply_to_user_id_str": null, "in_reply_to_screen_name": null, "user": {"id": 228749952, "id_str": "228749952", "name": "strandpublishuk", "screen_name": "strandpublishuk", "location": "London, England", "description": "We publish books of any genre, particularly those on controversial topics \u2013 all enquiries, book proposals and submissions via: info@strandpublishing.co.uk #KBF", "url": null, "entities": {"description": {"urls": []}}, "protected": false, "followers_count": 1573, "friends_count": 4800, "listed_count": 0, "created_at": "Mon Dec 20 15:36:16 +0000 2010", "favourites_count": 13162, "utc_offset": null, "time_zone": null, "geo_enabled": false, "verified": false, "statuses_count": 19007, "lang": null, "contributors_enabled": false, "is_translator": false, "is_translation_enabled": false, "profile_background_color": "0099B9", "profile_background_image_url": "http://abs.twimg.com/images/themes/theme4/bg.gif", "profile_background_image_url_https": "https://abs.twimg.com/images/themes/theme4/bg.gif", "profile_background_tile": false, "profile_image_url": "http://pbs.twimg.com/profile_images/1195022667/logo_2_1_2_normal.jpg", "profile_image_url_https": "https://pbs.twimg.com/profile_images/1195022667/logo_2_1_2_normal.jpg", "profile_banner_url": "https://pbs.twimg.com/profile_banners/228749952/1545495156", "profile_link_color": "0099B9", "profile_sidebar_border_color": "5ED4DC", "profile_sidebar_fill_color": "95E8EC", "profile_text_color": "3C3940", "profile_use_background_image": true, "has_extended_profile": false, "default_profile": false, "default_profile_image": false, "following": false, "follow_request_sent": false, "notifications": false, "translator_type": "none", "withheld_in_countries": []}, "geo": null, "coordinates": null, "place": null, "contributors": null, "is_quote_status": false, "retweet_count": 0, "favorite_count": 0, "favorited": false, "retweeted": false, "possibly_sensitive": false, "lang": "en"}