{"created_at": "Thu Jan 26 18:42:01 +0000 2017", "id": 824688863541071872, "id_str": "824688863541071872", "text": "Mike Pence: \u201cAllowing Rape Victims To Have Abortions Will Lead To Women Trying To Get Raped\u201d https://t.co/hZSIVVACsP", "truncated": false, "entities": {"hashtags": [], "symbols": [], "user_mentions": [], "urls": [{"url": "https://t.co/hZSIVVACsP", "expanded_url": "http://fb.me/4xzkv42VQ", "display_url": "fb.me/4xzkv42VQ", "indices": [93, 116]}]}, "source": "<a href=\"http://www.facebook.com/twitter\" rel=\"nofollow\">Facebook</a>", "in_reply_to_status_id": null, "in_reply_to_status_id_str": null, "in_reply_to_user_id": null, "in_reply_to_user_id_str": null, "in_reply_to_screen_name": null, "user": {"id": 281025154, "id_str": "281025154", "name": "Michele Leavitt", "screen_name": "micheleleavitt", "location": "Rhode Island", "description": "Artist and educator, curator, consultant.  Teaching all levels of drawing/CCRI, painting/Greenwich Farms ALC, art history/Benchmark, curating exhibitions/CCRI.", "url": "http://t.co/C5XSj3lusu", "entities": {"url": {"urls": [{"url": "http://t.co/C5XSj3lusu", "expanded_url": "http://www.micheleleavitt.com", "display_url": "micheleleavitt.com", "indices": [0, 22]}]}, "description": {"urls": []}}, "protected": false, "followers_count": 86, "friends_count": 106, "listed_count": 5, "created_at": "Tue Apr 12 13:40:53 +0000 2011", "favourites_count": 0, "utc_offset": null, "time_zone": null, "geo_enabled": false, "verified": false, "statuses_count": 13168, "lang": null, "contributors_enabled": false, "is_translator": false, "is_translation_enabled": false, "profile_background_color": "C0DEED", "profile_background_image_url": "http://abs.twimg.com/images/themes/theme1/bg.png", "profile_background_image_url_https": "https://abs.twimg.com/images/themes/theme1/bg.png", "profile_background_tile": false, "profile_image_url": "http://pbs.twimg.com/profile_images/1433965144/Michele_09_normal.jpg", "profile_image_url_https": "https://pbs.twimg.com/profile_images/1433965144/Michele_09_normal.jpg", "profile_link_color": "1DA1F2", "profile_sidebar_border_color": "C0DEED", "profile_sidebar_fill_color": "DDEEF6", "profile_text_color": "333333", "profile_use_background_image": true, "has_extended_profile": false, "default_profile": true, "default_profile_image": false, "following": false, "follow_request_sent": false, "notifications": false, "translator_type": "none", "withheld_in_countries": []}, "geo": null, "coordinates": null, "place": null, "contributors": null, "is_quote_status": false, "retweet_count": 0, "favorite_count": 0, "favorited": false, "retweeted": false, "possibly_sensitive": false, "lang": "en"}