{"created_at": "Thu Jan 26 19:22:54 +0000 2017", "id": 824699151187378181, "id_str": "824699151187378181", "text": "Mike Pence: \u201cAllowing Rape Victims To Have Abortions Will Lead To Women Trying To Get Raped\u201d https://t.co/CKNJzVxUjt via @TheNewslo", "truncated": false, "entities": {"hashtags": [], "symbols": [], "user_mentions": [{"screen_name": "TheNewslo", "name": "Newslo", "id": 393693452, "id_str": "393693452", "indices": [121, 131]}], "urls": [{"url": "https://t.co/CKNJzVxUjt", "expanded_url": "http://politicot.com/mike-pence-allowing-rape-victims-abortions-will-lead-women-trying-get-raped/", "display_url": "politicot.com/mike-pence-all\u2026", "indices": [93, 116]}]}, "source": "<a href=\"http://twitter.com\" rel=\"nofollow\">Twitter Web Client</a>", "in_reply_to_status_id": null, "in_reply_to_status_id_str": null, "in_reply_to_user_id": null, "in_reply_to_user_id_str": null, "in_reply_to_screen_name": null, "user": {"id": 3260697954, "id_str": "3260697954", "name": "Beth Stoddard", "screen_name": "bethstoddard1", "location": "Colorado, USA", "description": "Jewish lesbian married to my life partner.", "url": null, "entities": {"description": {"urls": []}}, "protected": false, "followers_count": 38, "friends_count": 174, "listed_count": 8, "created_at": "Tue Jun 30 04:55:40 +0000 2015", "favourites_count": 636, "utc_offset": null, "time_zone": null, "geo_enabled": false, "verified": false, "statuses_count": 2124, "lang": null, "contributors_enabled": false, "is_translator": false, "is_translation_enabled": false, "profile_background_color": "C0DEED", "profile_background_image_url": "http://abs.twimg.com/images/themes/theme1/bg.png", "profile_background_image_url_https": "https://abs.twimg.com/images/themes/theme1/bg.png", "profile_background_tile": false, "profile_image_url": "http://pbs.twimg.com/profile_images/1055559719207796736/g_qXRxP5_normal.jpg", "profile_image_url_https": "https://pbs.twimg.com/profile_images/1055559719207796736/g_qXRxP5_normal.jpg", "profile_banner_url": "https://pbs.twimg.com/profile_banners/3260697954/1469498019", "profile_link_color": "1DA1F2", "profile_sidebar_border_color": "C0DEED", "profile_sidebar_fill_color": "DDEEF6", "profile_text_color": "333333", "profile_use_background_image": true, "has_extended_profile": true, "default_profile": true, "default_profile_image": false, "following": false, "follow_request_sent": false, "notifications": false, "translator_type": "none", "withheld_in_countries": []}, "geo": null, "coordinates": null, "place": null, "contributors": null, "is_quote_status": false, "retweet_count": 0, "favorite_count": 0, "favorited": false, "retweeted": false, "possibly_sensitive": false, "lang": "en"}