{"created_at": "Thu Jan 26 21:08:14 +0000 2017", "id": 824725660564348932, "id_str": "824725660564348932", "text": "Mike Pence: \u201cAllowing Rape Victims To Have Abortions Will Lead To Women Trying To Get Raped\u201d https://t.co/DpNg5h81aW", "truncated": false, "entities": {"hashtags": [], "symbols": [], "user_mentions": [], "urls": [{"url": "https://t.co/DpNg5h81aW", "expanded_url": "http://fb.me/2FJhqpzbE", "display_url": "fb.me/2FJhqpzbE", "indices": [93, 116]}]}, "source": "<a href=\"http://www.facebook.com/twitter\" rel=\"nofollow\">Facebook</a>", "in_reply_to_status_id": null, "in_reply_to_status_id_str": null, "in_reply_to_user_id": null, "in_reply_to_user_id_str": null, "in_reply_to_screen_name": null, "user": {"id": 16826153, "id_str": "16826153", "name": "Eric Hearn is still #NotMovingOn", "screen_name": "erichearn", "location": "Liverpool", "description": "None of us are safe until all of us are safe\n\n#ProEu   #3.5%   #FBPE   #FBPPR", "url": "http://t.co/z8hs7cqrfA", "entities": {"url": {"urls": [{"url": "http://t.co/z8hs7cqrfA", "expanded_url": "http://www.atlastransfer.co.uk", "display_url": "atlastransfer.co.uk", "indices": [0, 22]}]}, "description": {"urls": []}}, "protected": false, "followers_count": 3559, "friends_count": 3842, "listed_count": 60, "created_at": "Fri Oct 17 15:42:13 +0000 2008", "favourites_count": 142658, "utc_offset": null, "time_zone": null, "geo_enabled": false, "verified": false, "statuses_count": 15293, "lang": null, "contributors_enabled": false, "is_translator": false, "is_translation_enabled": false, "profile_background_color": "000000", "profile_background_image_url": "http://abs.twimg.com/images/themes/theme14/bg.gif", "profile_background_image_url_https": "https://abs.twimg.com/images/themes/theme14/bg.gif", "profile_background_tile": false, "profile_image_url": "http://pbs.twimg.com/profile_images/486218866423373825/eAxq9vGy_normal.jpeg", "profile_image_url_https": "https://pbs.twimg.com/profile_images/486218866423373825/eAxq9vGy_normal.jpeg", "profile_banner_url": "https://pbs.twimg.com/profile_banners/16826153/1404758531", "profile_link_color": "979797", "profile_sidebar_border_color": "EEEEEE", "profile_sidebar_fill_color": "EFEFEF", "profile_text_color": "333333", "profile_use_background_image": true, "has_extended_profile": false, "default_profile": false, "default_profile_image": false, "following": false, "follow_request_sent": false, "notifications": false, "translator_type": "none", "withheld_in_countries": []}, "geo": null, "coordinates": null, "place": null, "contributors": null, "is_quote_status": false, "retweet_count": 0, "favorite_count": 0, "favorited": false, "retweeted": false, "possibly_sensitive": false, "lang": "en"}