{"created_at": "Fri Jan 27 01:36:43 +0000 2017", "id": 824793226028675073, "id_str": "824793226028675073", "text": "Mike Pence: \u201cAllowing Rape Victims To Have Abortions Will Lead To Women Trying To Get Raped\u201d https://t.co/LNUUOvGq7Z", "truncated": false, "entities": {"hashtags": [], "symbols": [], "user_mentions": [], "urls": [{"url": "https://t.co/LNUUOvGq7Z", "expanded_url": "http://fb.me/1bu9npTcf", "display_url": "fb.me/1bu9npTcf", "indices": [93, 116]}]}, "source": "<a href=\"http://www.facebook.com/twitter\" rel=\"nofollow\">Facebook</a>", "in_reply_to_status_id": null, "in_reply_to_status_id_str": null, "in_reply_to_user_id": null, "in_reply_to_user_id_str": null, "in_reply_to_screen_name": null, "user": {"id": 120872991, "id_str": "120872991", "name": "Eduardo JuNi DeJesus", "screen_name": "NBK_JuNi", "location": "Lawrence, MA", "description": "Facebook Page: https://t.co/wtjPvSDYcJ Instagram: nbk_juni SnapChat & KiK: JuNi3210\r\nPerfect Imperfection Out Now!!!!!!", "url": "https://t.co/BtuPAh0Ggj", "entities": {"url": {"urls": [{"url": "https://t.co/BtuPAh0Ggj", "expanded_url": "https://distrokid.com/hyperfollow/juni/perfect-imperfection-2", "display_url": "distrokid.com/hyperfollow/ju\u2026", "indices": [0, 23]}]}, "description": {"urls": [{"url": "https://t.co/wtjPvSDYcJ", "expanded_url": "http://facebook.com/TheRealJuNi", "display_url": "facebook.com/TheRealJuNi", "indices": [15, 38]}]}}, "protected": false, "followers_count": 369, "friends_count": 1487, "listed_count": 5, "created_at": "Sun Mar 07 20:57:38 +0000 2010", "favourites_count": 279, "utc_offset": null, "time_zone": null, "geo_enabled": true, "verified": false, "statuses_count": 28152, "lang": null, "contributors_enabled": false, "is_translator": false, "is_translation_enabled": false, "profile_background_color": "131516", "profile_background_image_url": "http://abs.twimg.com/images/themes/theme14/bg.gif", "profile_background_image_url_https": "https://abs.twimg.com/images/themes/theme14/bg.gif", "profile_background_tile": true, "profile_image_url": "http://pbs.twimg.com/profile_images/1262409145552179201/ZTzxDICi_normal.jpg", "profile_image_url_https": "https://pbs.twimg.com/profile_images/1262409145552179201/ZTzxDICi_normal.jpg", "profile_banner_url": "https://pbs.twimg.com/profile_banners/120872991/1561743538", "profile_link_color": "ABB8C2", "profile_sidebar_border_color": "EEEEEE", "profile_sidebar_fill_color": "EFEFEF", "profile_text_color": "333333", "profile_use_background_image": false, "has_extended_profile": true, "default_profile": false, "default_profile_image": false, "following": false, "follow_request_sent": false, "notifications": false, "translator_type": "none", "withheld_in_countries": []}, "geo": null, "coordinates": null, "place": null, "contributors": null, "is_quote_status": false, "retweet_count": 0, "favorite_count": 0, "favorited": false, "retweeted": false, "possibly_sensitive": false, "lang": "en"}