{"created_at": "Thu Jan 26 22:53:57 +0000 2017", "id": 824752264275386368, "id_str": "824752264275386368", "text": "Mike Pence: \u201cAllowing Rape Victims To Have Abortions Will Lead To Women Trying To Get Raped\u201d https://t.co/YM3XaQWHIw", "truncated": false, "entities": {"hashtags": [], "symbols": [], "user_mentions": [], "urls": [{"url": "https://t.co/YM3XaQWHIw", "expanded_url": "http://fb.me/7KGsBzfgR", "display_url": "fb.me/7KGsBzfgR", "indices": [93, 116]}]}, "source": "<a href=\"http://www.facebook.com/twitter\" rel=\"nofollow\">Facebook</a>", "in_reply_to_status_id": null, "in_reply_to_status_id_str": null, "in_reply_to_user_id": null, "in_reply_to_user_id_str": null, "in_reply_to_screen_name": null, "user": {"id": 13725872, "id_str": "13725872", "name": "Kn\u00fcmbSk\u00e5l", "screen_name": "knudt", "location": "Oregon! 97405", "description": "Art & Audio Terrorism. Drums. Spray Paint. Button Down Collars. Music. Acrylic. Doc Martens. Production. Art. Plaid. Neon. Vintage Signage. 501s. Stout. Sambas.", "url": "https://t.co/wg9fUK4uZq", "entities": {"url": {"urls": [{"url": "https://t.co/wg9fUK4uZq", "expanded_url": "https://soundcloud.app.goo.gl/Eyng6JsjYTzkxLLu6", "display_url": "soundcloud.app.goo.gl/Eyng6JsjYTzkxL\u2026", "indices": [0, 23]}]}, "description": {"urls": []}}, "protected": false, "followers_count": 131, "friends_count": 1180, "listed_count": 13, "created_at": "Wed Feb 20 15:56:14 +0000 2008", "favourites_count": 558, "utc_offset": null, "time_zone": null, "geo_enabled": true, "verified": false, "statuses_count": 28698, "lang": null, "contributors_enabled": false, "is_translator": false, "is_translation_enabled": false, "profile_background_color": "C0DEED", "profile_background_image_url": "http://abs.twimg.com/images/themes/theme1/bg.png", "profile_background_image_url_https": "https://abs.twimg.com/images/themes/theme1/bg.png", "profile_background_tile": false, "profile_image_url": "http://pbs.twimg.com/profile_images/1392210290553483267/MNkJUhSK_normal.jpg", "profile_image_url_https": "https://pbs.twimg.com/profile_images/1392210290553483267/MNkJUhSK_normal.jpg", "profile_banner_url": "https://pbs.twimg.com/profile_banners/13725872/1620763774", "profile_link_color": "1DA1F2", "profile_sidebar_border_color": "C0DEED", "profile_sidebar_fill_color": "DDEEF6", "profile_text_color": "333333", "profile_use_background_image": true, "has_extended_profile": true, "default_profile": true, "default_profile_image": false, "following": false, "follow_request_sent": false, "notifications": false, "translator_type": "none", "withheld_in_countries": []}, "geo": null, "coordinates": null, "place": null, "contributors": null, "is_quote_status": false, "retweet_count": 0, "favorite_count": 0, "favorited": false, "retweeted": false, "possibly_sensitive": false, "lang": "en"}