{"created_at": "Thu Jan 26 21:13:32 +0000 2017", "id": 824726991706394624, "id_str": "824726991706394624", "text": "Mike Pence: \u201cAllowing Rape Victims To Have Abortions Will Lead To Women Trying To Get Raped\u201d https://t.co/sYZ8QI0znT via @TheNewslo", "truncated": false, "entities": {"hashtags": [], "symbols": [], "user_mentions": [{"screen_name": "TheNewslo", "name": "Newslo", "id": 393693452, "id_str": "393693452", "indices": [121, 131]}], "urls": [{"url": "https://t.co/sYZ8QI0znT", "expanded_url": "http://politicot.com/mike-pence-allowing-rape-victims-abortions-will-lead-women-trying-get-raped/", "display_url": "politicot.com/mike-pence-all\u2026", "indices": [93, 116]}]}, "source": "<a href=\"http://twitter.com\" rel=\"nofollow\">Twitter Web Client</a>", "in_reply_to_status_id": null, "in_reply_to_status_id_str": null, "in_reply_to_user_id": null, "in_reply_to_user_id_str": null, "in_reply_to_screen_name": null, "user": {"id": 214886970, "id_str": "214886970", "name": "drlearnalot, RL voodoo doll", "screen_name": "DrLearnALot", "location": "California, USA", "description": "Writer, Filmmaker. I call us \"citizen protagonists.\" #MedicareForAll Socialist. I want you to have health care, even if you're a dick.", "url": "https://t.co/0nieqHa9No", "entities": {"url": {"urls": [{"url": "https://t.co/0nieqHa9No", "expanded_url": "http://page.is/drlearnalot", "display_url": "page.is/drlearnalot", "indices": [0, 23]}]}, "description": {"urls": []}}, "protected": false, "followers_count": 16290, "friends_count": 17194, "listed_count": 232, "created_at": "Fri Nov 12 13:38:06 +0000 2010", "favourites_count": 163827, "utc_offset": null, "time_zone": null, "geo_enabled": true, "verified": false, "statuses_count": 175858, "lang": null, "contributors_enabled": false, "is_translator": false, "is_translation_enabled": false, "profile_background_color": "FFF04D", "profile_background_image_url": "http://abs.twimg.com/images/themes/theme19/bg.gif", "profile_background_image_url_https": "https://abs.twimg.com/images/themes/theme19/bg.gif", "profile_background_tile": true, "profile_image_url": "http://pbs.twimg.com/profile_images/1392629833541115907/357VC2cP_normal.jpg", "profile_image_url_https": "https://pbs.twimg.com/profile_images/1392629833541115907/357VC2cP_normal.jpg", "profile_banner_url": "https://pbs.twimg.com/profile_banners/214886970/1620863801", "profile_link_color": "1B95E0", "profile_sidebar_border_color": "000000", "profile_sidebar_fill_color": "000000", "profile_text_color": "000000", "profile_use_background_image": true, "has_extended_profile": false, "default_profile": false, "default_profile_image": false, "following": false, "follow_request_sent": false, "notifications": false, "translator_type": "none", "withheld_in_countries": []}, "geo": null, "coordinates": null, "place": null, "contributors": null, "is_quote_status": false, "retweet_count": 1, "favorite_count": 0, "favorited": false, "retweeted": false, "possibly_sensitive": false, "lang": "en"}