{"created_at": "Thu Jan 26 22:40:32 +0000 2017", "id": 824748886749224960, "id_str": "824748886749224960", "text": "#Effarant Mike Pence: \u201cAllowing Rape Victims To Have Abortions Will Lead To Women Trying To Get Raped\u201d - Newslo https://t.co/uhgSvVPClJ", "truncated": false, "entities": {"hashtags": [{"text": "Effarant", "indices": [0, 9]}], "symbols": [], "user_mentions": [], "urls": [{"url": "https://t.co/uhgSvVPClJ", "expanded_url": "http://politicot.com/mike-pence-allowing-rape-victims-abortions-will-lead-women-trying-get-raped/", "display_url": "politicot.com/mike-pence-all\u2026", "indices": [112, 135]}]}, "source": "<a href=\"http://twitter.com\" rel=\"nofollow\">Twitter Web Client</a>", "in_reply_to_status_id": null, "in_reply_to_status_id_str": null, "in_reply_to_user_id": null, "in_reply_to_user_id_str": null, "in_reply_to_screen_name": null, "user": {"id": 46934633, "id_str": "46934633", "name": "Didier Hebert", "screen_name": "Tollwaique", "location": "", "description": "Passe, passe le temps, il n'y en a plus pour tr\u00e8s longtemps", "url": null, "entities": {"description": {"urls": []}}, "protected": false, "followers_count": 193, "friends_count": 621, "listed_count": 9, "created_at": "Sat Jun 13 18:18:28 +0000 2009", "favourites_count": 820, "utc_offset": null, "time_zone": null, "geo_enabled": true, "verified": false, "statuses_count": 15043, "lang": null, "contributors_enabled": false, "is_translator": false, "is_translation_enabled": false, "profile_background_color": "F0091D", "profile_background_image_url": "http://abs.twimg.com/images/themes/theme1/bg.png", "profile_background_image_url_https": "https://abs.twimg.com/images/themes/theme1/bg.png", "profile_background_tile": true, "profile_image_url": "http://pbs.twimg.com/profile_images/751662827841134593/Ph-uhGp3_normal.jpg", "profile_image_url_https": "https://pbs.twimg.com/profile_images/751662827841134593/Ph-uhGp3_normal.jpg", "profile_banner_url": "https://pbs.twimg.com/profile_banners/46934633/1429436243", "profile_link_color": "0084B4", "profile_sidebar_border_color": "FFFFFF", "profile_sidebar_fill_color": "DDEEF6", "profile_text_color": "333333", "profile_use_background_image": true, "has_extended_profile": false, "default_profile": false, "default_profile_image": false, "following": false, "follow_request_sent": false, "notifications": false, "translator_type": "none", "withheld_in_countries": []}, "geo": null, "coordinates": null, "place": null, "contributors": null, "is_quote_status": false, "retweet_count": 0, "favorite_count": 0, "favorited": false, "retweeted": false, "possibly_sensitive": false, "lang": "en"}