{"created_at": "Fri Jan 27 00:28:29 +0000 2017", "id": 824776053440774144, "id_str": "824776053440774144", "text": "Mike Pence: \u201cAllowing Rape Victims To Have Abortions Will Lead To Women Trying To Get Raped\u201d https://t.co/XoamY1wQ3E via @TheNewslo", "truncated": false, "entities": {"hashtags": [], "symbols": [], "user_mentions": [{"screen_name": "TheNewslo", "name": "Newslo", "id": 393693452, "id_str": "393693452", "indices": [121, 131]}], "urls": [{"url": "https://t.co/XoamY1wQ3E", "expanded_url": "http://politicot.com/mike-pence-allowing-rape-victims-abortions-will-lead-women-trying-get-raped/", "display_url": "politicot.com/mike-pence-all\u2026", "indices": [93, 116]}]}, "source": "<a href=\"http://twitter.com\" rel=\"nofollow\">Twitter Web Client</a>", "in_reply_to_status_id": null, "in_reply_to_status_id_str": null, "in_reply_to_user_id": null, "in_reply_to_user_id_str": null, "in_reply_to_screen_name": null, "user": {"id": 634743512, "id_str": "634743512", "name": "Redcountessa #PeaceAndJustice #", "screen_name": "Redcountessa", "location": "Devon", "description": "Green Socialist, gardener, animal lover, reader, cook & really beyond cross with this government Retweets don't nec signify agreement/ endorsement.  #BDS.", "url": null, "entities": {"description": {"urls": []}}, "protected": false, "followers_count": 13574, "friends_count": 12167, "listed_count": 58, "created_at": "Fri Jul 13 17:49:23 +0000 2012", "favourites_count": 239084, "utc_offset": null, "time_zone": null, "geo_enabled": false, "verified": false, "statuses_count": 141505, "lang": null, "contributors_enabled": false, "is_translator": false, "is_translation_enabled": false, "profile_background_color": "000000", "profile_background_image_url": "http://abs.twimg.com/images/themes/theme1/bg.png", "profile_background_image_url_https": "https://abs.twimg.com/images/themes/theme1/bg.png", "profile_background_tile": false, "profile_image_url": "http://pbs.twimg.com/profile_images/1392628562620948480/LFz_ZIeh_normal.png", "profile_image_url_https": "https://pbs.twimg.com/profile_images/1392628562620948480/LFz_ZIeh_normal.png", "profile_banner_url": "https://pbs.twimg.com/profile_banners/634743512/1614552642", "profile_link_color": "E81C4F", "profile_sidebar_border_color": "000000", "profile_sidebar_fill_color": "000000", "profile_text_color": "000000", "profile_use_background_image": false, "has_extended_profile": true, "default_profile": false, "default_profile_image": false, "following": false, "follow_request_sent": false, "notifications": false, "translator_type": "none", "withheld_in_countries": []}, "geo": null, "coordinates": null, "place": null, "contributors": null, "is_quote_status": false, "retweet_count": 0, "favorite_count": 0, "favorited": false, "retweeted": false, "possibly_sensitive": false, "lang": "en"}