{"created_at": "Fri Jan 27 00:56:03 +0000 2017", "id": 824782991843004417, "id_str": "824782991843004417", "text": "Mike Pence: \ufffdAllowing Rape Victims To Have Abortions Will Lead To Women Trying To Get Raped\ufffd https://t.co/EN2fUG6as1", "truncated": false, "entities": {"hashtags": [], "symbols": [], "user_mentions": [], "urls": [{"url": "https://t.co/EN2fUG6as1", "expanded_url": "http://fb.me/3qlgC40JM", "display_url": "fb.me/3qlgC40JM", "indices": [93, 116]}]}, "source": "<a href=\"http://www.facebook.com/twitter\" rel=\"nofollow\">Facebook</a>", "in_reply_to_status_id": null, "in_reply_to_status_id_str": null, "in_reply_to_user_id": null, "in_reply_to_user_id_str": null, "in_reply_to_screen_name": null, "user": {"id": 59550449, "id_str": "59550449", "name": "joey2cents", "screen_name": "jgg1958", "location": "chicago, illinois", "description": "october 3 Art Director & Special Assistant to Executive Producer, Master of Logo design, owner ZYA\u00d1YAarts", "url": "https://t.co/AxWstR3PgO", "entities": {"url": {"urls": [{"url": "https://t.co/AxWstR3PgO", "expanded_url": "http://urbangtindtv.com", "display_url": "urbangtindtv.com", "indices": [0, 23]}]}, "description": {"urls": []}}, "protected": false, "followers_count": 1101, "friends_count": 2813, "listed_count": 52, "created_at": "Thu Jul 23 18:42:44 +0000 2009", "favourites_count": 8272, "utc_offset": null, "time_zone": null, "geo_enabled": true, "verified": false, "statuses_count": 42623, "lang": null, "contributors_enabled": false, "is_translator": false, "is_translation_enabled": false, "profile_background_color": "1A1B1F", "profile_background_image_url": "http://abs.twimg.com/images/themes/theme9/bg.gif", "profile_background_image_url_https": "https://abs.twimg.com/images/themes/theme9/bg.gif", "profile_background_tile": false, "profile_image_url": "http://pbs.twimg.com/profile_images/666122232888881152/ZFMSLvOX_normal.jpg", "profile_image_url_https": "https://pbs.twimg.com/profile_images/666122232888881152/ZFMSLvOX_normal.jpg", "profile_banner_url": "https://pbs.twimg.com/profile_banners/59550449/1581955095", "profile_link_color": "2FC2EF", "profile_sidebar_border_color": "181A1E", "profile_sidebar_fill_color": "252429", "profile_text_color": "666666", "profile_use_background_image": true, "has_extended_profile": true, "default_profile": false, "default_profile_image": false, "following": false, "follow_request_sent": false, "notifications": false, "translator_type": "none", "withheld_in_countries": []}, "geo": null, "coordinates": null, "place": null, "contributors": null, "is_quote_status": false, "retweet_count": 0, "favorite_count": 0, "favorited": false, "retweeted": false, "possibly_sensitive": false, "lang": "en"}