{"created_at": "Fri Jan 27 01:55:05 +0000 2017", "id": 824797846465609728, "id_str": "824797846465609728", "text": "Mike Pence: \u201cAllowing Rape Victims To Have Abortions Will Lead To Women Trying To Get Raped\u201d https://t.co/bj1UpnVa12", "truncated": false, "entities": {"hashtags": [], "symbols": [], "user_mentions": [], "urls": [{"url": "https://t.co/bj1UpnVa12", "expanded_url": "http://fb.me/8rJ6NmsSE", "display_url": "fb.me/8rJ6NmsSE", "indices": [93, 116]}]}, "source": "<a href=\"http://www.facebook.com/twitter\" rel=\"nofollow\">Facebook</a>", "in_reply_to_status_id": null, "in_reply_to_status_id_str": null, "in_reply_to_user_id": null, "in_reply_to_user_id_str": null, "in_reply_to_screen_name": null, "user": {"id": 57215560, "id_str": "57215560", "name": "Walter Davis", "screen_name": "VideoConsultant", "location": "Los Angeles, CA", "description": "Executive Producer Progress in the World Radio/TV Show, Human Rights and Social Justice advocate, Author, Publicist, Guru http:/www.walterdavisenterprises.com", "url": "https://t.co/3CIdCFII08", "entities": {"url": {"urls": [{"url": "https://t.co/3CIdCFII08", "expanded_url": "https://www.youtube.com/watch?v=hVjpAwDsG5Q&list=PLb5MqQALYiD0PWS7NVcVkhXSWu8m3apNO", "display_url": "youtube.com/watch?v=hVjpAw\u2026", "indices": [0, 23]}]}, "description": {"urls": []}}, "protected": false, "followers_count": 1729, "friends_count": 2445, "listed_count": 323, "created_at": "Thu Jul 16 02:25:52 +0000 2009", "favourites_count": 83, "utc_offset": null, "time_zone": null, "geo_enabled": true, "verified": false, "statuses_count": 111429, "lang": null, "contributors_enabled": false, "is_translator": false, "is_translation_enabled": false, "profile_background_color": "0F0A02", "profile_background_image_url": "http://abs.twimg.com/images/themes/theme10/bg.gif", "profile_background_image_url_https": "https://abs.twimg.com/images/themes/theme10/bg.gif", "profile_background_tile": false, "profile_image_url": "http://pbs.twimg.com/profile_images/608529459096879105/FoOwy-W4_normal.jpg", "profile_image_url_https": "https://pbs.twimg.com/profile_images/608529459096879105/FoOwy-W4_normal.jpg", "profile_link_color": "8A7302", "profile_sidebar_border_color": "BCB302", "profile_sidebar_fill_color": "171106", "profile_text_color": "473623", "profile_use_background_image": true, "has_extended_profile": true, "default_profile": false, "default_profile_image": false, "following": false, "follow_request_sent": false, "notifications": false, "translator_type": "none", "withheld_in_countries": []}, "geo": null, "coordinates": null, "place": null, "contributors": null, "is_quote_status": false, "retweet_count": 0, "favorite_count": 0, "favorited": false, "retweeted": false, "possibly_sensitive": false, "lang": "en"}