{"created_at": "Fri Jan 27 01:19:37 +0000 2017", "id": 824788920265158656, "id_str": "824788920265158656", "text": "Mike Pence: \u201cAllowing Rape Victims To Have Abortions Will Lead To Women Trying To Get Raped\u201d - Newslo https://t.co/SP5mxOclZR", "truncated": false, "entities": {"hashtags": [], "symbols": [], "user_mentions": [], "urls": [{"url": "https://t.co/SP5mxOclZR", "expanded_url": "http://politicot.com/mike-pence-allowing-rape-victims-abortions-will-lead-women-trying-get-raped/", "display_url": "politicot.com/mike-pence-all\u2026", "indices": [102, 125]}]}, "source": "<a href=\"http://twitter.com/download/iphone\" rel=\"nofollow\">Twitter for iPhone</a>", "in_reply_to_status_id": null, "in_reply_to_status_id_str": null, "in_reply_to_user_id": null, "in_reply_to_user_id_str": null, "in_reply_to_screen_name": null, "user": {"id": 704085173617324032, "id_str": "704085173617324032", "name": "#ProgressiveParty", "screen_name": "GottaBernNow", "location": "Los Angeles, CA", "description": "LA Girlie, sharp, intellectual, compassionate #Independent #Progressive #M4A #NotMeUs #ClimateCrisis #BLM #NeverNeoliberals #Justice #Equality", "url": null, "entities": {"description": {"urls": []}}, "protected": false, "followers_count": 20253, "friends_count": 7969, "listed_count": 108, "created_at": "Sun Feb 28 23:26:01 +0000 2016", "favourites_count": 67040, "utc_offset": null, "time_zone": null, "geo_enabled": false, "verified": false, "statuses_count": 88379, "lang": null, "contributors_enabled": false, "is_translator": false, "is_translation_enabled": false, "profile_background_color": "000000", "profile_background_image_url": "http://abs.twimg.com/images/themes/theme1/bg.png", "profile_background_image_url_https": "https://abs.twimg.com/images/themes/theme1/bg.png", "profile_background_tile": false, "profile_image_url": "http://pbs.twimg.com/profile_images/704085813278015488/TzO9yDCo_normal.jpg", "profile_image_url_https": "https://pbs.twimg.com/profile_images/704085813278015488/TzO9yDCo_normal.jpg", "profile_banner_url": "https://pbs.twimg.com/profile_banners/704085173617324032/1587097580", "profile_link_color": "1B95E0", "profile_sidebar_border_color": "000000", "profile_sidebar_fill_color": "000000", "profile_text_color": "000000", "profile_use_background_image": false, "has_extended_profile": true, "default_profile": false, "default_profile_image": false, "following": false, "follow_request_sent": false, "notifications": false, "translator_type": "none", "withheld_in_countries": []}, "geo": null, "coordinates": null, "place": null, "contributors": null, "is_quote_status": false, "retweet_count": 5, "favorite_count": 5, "favorited": false, "retweeted": false, "possibly_sensitive": false, "lang": "en"}