{"created_at": "Thu Jan 26 20:20:39 +0000 2017", "id": 824713685759356928, "id_str": "824713685759356928", "text": "Sigh - the truly ignorant;\nMike Pence: \u201cAllowing Rape Victims To Have Abortions Will Lead To Women Trying To Get Raped\u201d - July 2016", "truncated": false, "entities": {"hashtags": [], "symbols": [], "user_mentions": [], "urls": []}, "source": "<a href=\"http://www.facebook.com/twitter\" rel=\"nofollow\">Facebook</a>", "in_reply_to_status_id": null, "in_reply_to_status_id_str": null, "in_reply_to_user_id": null, "in_reply_to_user_id_str": null, "in_reply_to_screen_name": null, "user": {"id": 20982615, "id_str": "20982615", "name": "LA Finley", "screen_name": "LuckyLA", "location": "Indiana USA", "description": "I\u2019m with the \u201cNasty\u201d Group  #BidenHarris2020 #PlannedParenthood #ACLU #Feminist", "url": null, "entities": {"description": {"urls": []}}, "protected": false, "followers_count": 758, "friends_count": 1638, "listed_count": 3, "created_at": "Mon Feb 16 12:57:54 +0000 2009", "favourites_count": 20920, "utc_offset": null, "time_zone": null, "geo_enabled": false, "verified": false, "statuses_count": 15041, "lang": null, "contributors_enabled": false, "is_translator": false, "is_translation_enabled": false, "profile_background_color": "000000", "profile_background_image_url": "http://abs.twimg.com/images/themes/theme3/bg.gif", "profile_background_image_url_https": "https://abs.twimg.com/images/themes/theme3/bg.gif", "profile_background_tile": false, "profile_image_url": "http://pbs.twimg.com/profile_images/1272630119144751109/ORDvUTdN_normal.jpg", "profile_image_url_https": "https://pbs.twimg.com/profile_images/1272630119144751109/ORDvUTdN_normal.jpg", "profile_banner_url": "https://pbs.twimg.com/profile_banners/20982615/1399075746", "profile_link_color": "E81C4F", "profile_sidebar_border_color": "000000", "profile_sidebar_fill_color": "000000", "profile_text_color": "000000", "profile_use_background_image": false, "has_extended_profile": true, "default_profile": false, "default_profile_image": false, "following": false, "follow_request_sent": false, "notifications": false, "translator_type": "none", "withheld_in_countries": []}, "geo": null, "coordinates": null, "place": null, "contributors": null, "is_quote_status": false, "retweet_count": 0, "favorite_count": 0, "favorited": false, "retweeted": false, "lang": "en"}