{"created_at": "Fri Jan 27 01:36:46 +0000 2017", "id": 824793238158581760, "id_str": "824793238158581760", "text": "Mike Pence: \u201cAllowing Rape Victims To Have Abortions Will Lead To Women Trying To Get Raped\u201d https://t.co/Dr4APqHuDZ via @TheNewslo", "truncated": false, "entities": {"hashtags": [], "symbols": [], "user_mentions": [{"screen_name": "TheNewslo", "name": "Newslo", "id": 393693452, "id_str": "393693452", "indices": [121, 131]}], "urls": [{"url": "https://t.co/Dr4APqHuDZ", "expanded_url": "http://politicot.com/mike-pence-allowing-rape-victims-abortions-will-lead-women-trying-get-raped/", "display_url": "politicot.com/mike-pence-all\u2026", "indices": [93, 116]}]}, "source": "<a href=\"http://twitter.com\" rel=\"nofollow\">Twitter Web Client</a>", "in_reply_to_status_id": null, "in_reply_to_status_id_str": null, "in_reply_to_user_id": null, "in_reply_to_user_id_str": null, "in_reply_to_screen_name": null, "user": {"id": 3070058025, "id_str": "3070058025", "name": "Desera Danyell Maxwe", "screen_name": "cocoa1080", "location": "Cleveland, OH", "description": "", "url": null, "entities": {"description": {"urls": []}}, "protected": false, "followers_count": 38, "friends_count": 304, "listed_count": 3, "created_at": "Wed Mar 04 15:03:20 +0000 2015", "favourites_count": 2842, "utc_offset": null, "time_zone": null, "geo_enabled": true, "verified": false, "statuses_count": 49588, "lang": null, "contributors_enabled": false, "is_translator": false, "is_translation_enabled": false, "profile_background_color": "000000", "profile_background_image_url": "http://abs.twimg.com/images/themes/theme1/bg.png", "profile_background_image_url_https": "https://abs.twimg.com/images/themes/theme1/bg.png", "profile_background_tile": false, "profile_image_url": "http://pbs.twimg.com/profile_images/789233350410108928/DxNTAzKW_normal.jpg", "profile_image_url_https": "https://pbs.twimg.com/profile_images/789233350410108928/DxNTAzKW_normal.jpg", "profile_banner_url": "https://pbs.twimg.com/profile_banners/3070058025/1474890342", "profile_link_color": "DD2E44", "profile_sidebar_border_color": "000000", "profile_sidebar_fill_color": "000000", "profile_text_color": "000000", "profile_use_background_image": false, "has_extended_profile": true, "default_profile": false, "default_profile_image": false, "following": false, "follow_request_sent": false, "notifications": false, "translator_type": "none", "withheld_in_countries": []}, "geo": null, "coordinates": null, "place": null, "contributors": null, "is_quote_status": false, "retweet_count": 0, "favorite_count": 0, "favorited": false, "retweeted": false, "possibly_sensitive": false, "lang": "en"}