{"created_at": "Thu Jan 26 22:12:18 +0000 2017", "id": 824741784173559809, "id_str": "824741784173559809", "text": "Mike Pence: \u201cAllowing Rape Victims To Have Abortions Will Lead To Women Trying To Get Raped\u201d https://t.co/E7NAIYE18N", "truncated": false, "entities": {"hashtags": [], "symbols": [], "user_mentions": [], "urls": [{"url": "https://t.co/E7NAIYE18N", "expanded_url": "http://fb.me/1L5x85ZUH", "display_url": "fb.me/1L5x85ZUH", "indices": [93, 116]}]}, "source": "<a href=\"http://www.facebook.com/twitter\" rel=\"nofollow\">Facebook</a>", "in_reply_to_status_id": null, "in_reply_to_status_id_str": null, "in_reply_to_user_id": null, "in_reply_to_user_id_str": null, "in_reply_to_screen_name": null, "user": {"id": 71232812, "id_str": "71232812", "name": "Pauline Porter", "screen_name": "pporter1951", "location": "England", "description": "Working as therapist: Crystal therapy, Reiki, Hypnotherapy,  LPNLP, E.I.P.", "url": null, "entities": {"description": {"urls": []}}, "protected": false, "followers_count": 47, "friends_count": 85, "listed_count": 1, "created_at": "Thu Sep 03 11:45:01 +0000 2009", "favourites_count": 33, "utc_offset": null, "time_zone": null, "geo_enabled": true, "verified": false, "statuses_count": 25446, "lang": null, "contributors_enabled": false, "is_translator": false, "is_translation_enabled": false, "profile_background_color": "C0DEED", "profile_background_image_url": "http://abs.twimg.com/images/themes/theme1/bg.png", "profile_background_image_url_https": "https://abs.twimg.com/images/themes/theme1/bg.png", "profile_background_tile": false, "profile_image_url": "http://pbs.twimg.com/profile_images/2117373990/Pauline_twitter_1_normal.jpg", "profile_image_url_https": "https://pbs.twimg.com/profile_images/2117373990/Pauline_twitter_1_normal.jpg", "profile_link_color": "1DA1F2", "profile_sidebar_border_color": "C0DEED", "profile_sidebar_fill_color": "DDEEF6", "profile_text_color": "333333", "profile_use_background_image": true, "has_extended_profile": false, "default_profile": true, "default_profile_image": false, "following": false, "follow_request_sent": false, "notifications": false, "translator_type": "none", "withheld_in_countries": []}, "geo": null, "coordinates": null, "place": null, "contributors": null, "is_quote_status": false, "retweet_count": 0, "favorite_count": 0, "favorited": false, "retweeted": false, "possibly_sensitive": false, "lang": "en"}