{"created_at": "Thu Jan 26 22:33:42 +0000 2017", "id": 824747165834686466, "id_str": "824747165834686466", "text": "@mike_pence : \u201cAllowing #Rape Victims To Have Abortions Will Lead To Women Trying To Get Raped\u201d - @TheNewslo \ud83d\ude44\ud83e\udd14\ud83d\ude24\ud83d\ude21  https://t.co/xbQrydBhrT", "truncated": false, "entities": {"hashtags": [{"text": "Rape", "indices": [24, 29]}], "symbols": [], "user_mentions": [{"screen_name": "Mike_Pence", "name": "Mike Pence", "id": 22203756, "id_str": "22203756", "indices": [0, 11]}, {"screen_name": "TheNewslo", "name": "Newslo", "id": 393693452, "id_str": "393693452", "indices": [98, 108]}], "urls": [{"url": "https://t.co/xbQrydBhrT", "expanded_url": "http://politicot.com/mike-pence-allowing-rape-victims-abortions-will-lead-women-trying-get-raped/", "display_url": "politicot.com/mike-pence-all\u2026", "indices": [115, 138]}]}, "source": "<a href=\"http://twitter.com/download/iphone\" rel=\"nofollow\">Twitter for iPhone</a>", "in_reply_to_status_id": null, "in_reply_to_status_id_str": null, "in_reply_to_user_id": 22203756, "in_reply_to_user_id_str": "22203756", "in_reply_to_screen_name": "Mike_Pence", "user": {"id": 14750909, "id_str": "14750909", "name": "St\u00e9phane E. RAYNAUD de FITTE \u270f\ufe0f", "screen_name": "stradefi", "location": "Washington, DC", "description": "\ud83c\uddeb\ud83c\uddf7 Writer, journalist, podcaster, @frenchcaphill facilitator, @dcfrenchtutor | teams @TonLibre @RADIOHDR @franceintheus | own opinions here ~ RT\u2260endorse", "url": "https://t.co/UwRDs5DdDG", "entities": {"url": {"urls": [{"url": "https://t.co/UwRDs5DdDG", "expanded_url": "https://raynauddefitte.com/", "display_url": "raynauddefitte.com", "indices": [0, 23]}]}, "description": {"urls": []}}, "protected": false, "followers_count": 1782, "friends_count": 4996, "listed_count": 138, "created_at": "Mon May 12 22:28:41 +0000 2008", "favourites_count": 13409, "utc_offset": null, "time_zone": null, "geo_enabled": true, "verified": false, "statuses_count": 36623, "lang": null, "contributors_enabled": false, "is_translator": false, "is_translation_enabled": false, "profile_background_color": "131516", "profile_background_image_url": "http://abs.twimg.com/images/themes/theme7/bg.gif", "profile_background_image_url_https": "https://abs.twimg.com/images/themes/theme7/bg.gif", "profile_background_tile": true, "profile_image_url": "http://pbs.twimg.com/profile_images/1392996284332658694/V9Owe6Gv_normal.jpg", "profile_image_url_https": "https://pbs.twimg.com/profile_images/1392996284332658694/V9Owe6Gv_normal.jpg", "profile_banner_url": "https://pbs.twimg.com/profile_banners/14750909/1616499096", "profile_link_color": "5A8758", "profile_sidebar_border_color": "000000", "profile_sidebar_fill_color": "000000", "profile_text_color": "B8B6B6", "profile_use_background_image": true, "has_extended_profile": true, "default_profile": false, "default_profile_image": false, "following": false, "follow_request_sent": false, "notifications": false, "translator_type": "none", "withheld_in_countries": []}, "geo": null, "coordinates": null, "place": {"id": "01fbe706f872cb32", "url": "https://api.twitter.com/1.1/geo/id/01fbe706f872cb32.json", "place_type": "city", "name": "Washington", "full_name": "Washington, DC", "country_code": "US", "country": "United States", "contained_within": [], "bounding_box": {"type": "Polygon", "coordinates": [[[-77.119401, 38.801826], [-76.909396, 38.801826], [-76.909396, 38.9953797], [-77.119401, 38.9953797]]]}, "attributes": {}}, "contributors": null, "is_quote_status": false, "retweet_count": 0, "favorite_count": 0, "favorited": false, "retweeted": false, "possibly_sensitive": false, "lang": "en"}