{"created_at": "Fri Jan 27 01:17:25 +0000 2017", "id": 824788370005991424, "id_str": "824788370005991424", "text": "Mike Pence: \u201cAllowing Rape Victims To Have Abortions Will Lead To Women Trying To Get Raped\u201d https://t.co/nNObRMCdHL via @TheNewslo", "truncated": false, "entities": {"hashtags": [], "symbols": [], "user_mentions": [{"screen_name": "TheNewslo", "name": "Newslo", "id": 393693452, "id_str": "393693452", "indices": [121, 131]}], "urls": [{"url": "https://t.co/nNObRMCdHL", "expanded_url": "http://politicot.com/mike-pence-allowing-rape-victims-abortions-will-lead-women-trying-get-raped/", "display_url": "politicot.com/mike-pence-all\u2026", "indices": [93, 116]}]}, "source": "<a href=\"http://twitter.com\" rel=\"nofollow\">Twitter Web Client</a>", "in_reply_to_status_id": null, "in_reply_to_status_id_str": null, "in_reply_to_user_id": null, "in_reply_to_user_id_str": null, "in_reply_to_screen_name": null, "user": {"id": 76683650, "id_str": "76683650", "name": "deborah7938", "screen_name": "JehannDeb", "location": "Arizona ", "description": "Kindle Author D.M.Hoover", "url": "https://t.co/jjVFXfXf3v", "entities": {"url": {"urls": [{"url": "https://t.co/jjVFXfXf3v", "expanded_url": "https://www.amazon.com/D.M.-Hoover/e/B00DVNO7WK", "display_url": "amazon.com/D.M.-Hoover/e/\u2026", "indices": [0, 23]}]}, "description": {"urls": []}}, "protected": false, "followers_count": 108, "friends_count": 761, "listed_count": 1, "created_at": "Wed Sep 23 16:20:43 +0000 2009", "favourites_count": 1075, "utc_offset": null, "time_zone": null, "geo_enabled": false, "verified": false, "statuses_count": 18724, "lang": null, "contributors_enabled": false, "is_translator": false, "is_translation_enabled": false, "profile_background_color": "C0DEED", "profile_background_image_url": "http://abs.twimg.com/images/themes/theme1/bg.png", "profile_background_image_url_https": "https://abs.twimg.com/images/themes/theme1/bg.png", "profile_background_tile": false, "profile_image_url": "http://pbs.twimg.com/profile_images/745744004013162497/0-6r7aoB_normal.jpg", "profile_image_url_https": "https://pbs.twimg.com/profile_images/745744004013162497/0-6r7aoB_normal.jpg", "profile_link_color": "1DA1F2", "profile_sidebar_border_color": "C0DEED", "profile_sidebar_fill_color": "DDEEF6", "profile_text_color": "333333", "profile_use_background_image": true, "has_extended_profile": false, "default_profile": true, "default_profile_image": false, "following": false, "follow_request_sent": false, "notifications": false, "translator_type": "none", "withheld_in_countries": []}, "geo": null, "coordinates": null, "place": null, "contributors": null, "is_quote_status": false, "retweet_count": 0, "favorite_count": 0, "favorited": false, "retweeted": false, "possibly_sensitive": false, "lang": "en"}