{"created_at": "Thu Jan 26 23:22:06 +0000 2017", "id": 824759347389493248, "id_str": "824759347389493248", "text": "Mike Pence: \u201cAllowing Rape Victims To Have Abortions Will Lead To Women Trying To Get Raped\u201d https://t.co/ww9wPvIDJG", "truncated": false, "entities": {"hashtags": [], "symbols": [], "user_mentions": [], "urls": [{"url": "https://t.co/ww9wPvIDJG", "expanded_url": "http://fb.me/QNVhU9j0", "display_url": "fb.me/QNVhU9j0", "indices": [93, 116]}]}, "source": "<a href=\"http://www.facebook.com/twitter\" rel=\"nofollow\">Facebook</a>", "in_reply_to_status_id": null, "in_reply_to_status_id_str": null, "in_reply_to_user_id": null, "in_reply_to_user_id_str": null, "in_reply_to_screen_name": null, "user": {"id": 227041548, "id_str": "227041548", "name": "susie Gibson", "screen_name": "toutsuit01", "location": "", "description": "", "url": "https://t.co/SuOT3gqw7R", "entities": {"url": {"urls": [{"url": "https://t.co/SuOT3gqw7R", "expanded_url": "http://bloggingabouttheworldblog.blog", "display_url": "bloggingabouttheworldblog.blog", "indices": [0, 23]}]}, "description": {"urls": []}}, "protected": false, "followers_count": 192, "friends_count": 0, "listed_count": 1, "created_at": "Wed Dec 15 19:18:01 +0000 2010", "favourites_count": 17, "utc_offset": null, "time_zone": null, "geo_enabled": true, "verified": false, "statuses_count": 8000, "lang": null, "contributors_enabled": false, "is_translator": false, "is_translation_enabled": false, "profile_background_color": "000000", "profile_background_image_url": "http://abs.twimg.com/images/themes/theme1/bg.png", "profile_background_image_url_https": "https://abs.twimg.com/images/themes/theme1/bg.png", "profile_background_tile": false, "profile_image_url": "http://pbs.twimg.com/profile_images/766799433690329088/gLvAWx8j_normal.jpg", "profile_image_url_https": "https://pbs.twimg.com/profile_images/766799433690329088/gLvAWx8j_normal.jpg", "profile_banner_url": "https://pbs.twimg.com/profile_banners/227041548/1471654047", "profile_link_color": "19CF86", "profile_sidebar_border_color": "000000", "profile_sidebar_fill_color": "000000", "profile_text_color": "000000", "profile_use_background_image": false, "has_extended_profile": true, "default_profile": false, "default_profile_image": false, "following": false, "follow_request_sent": false, "notifications": false, "translator_type": "none", "withheld_in_countries": []}, "geo": null, "coordinates": null, "place": null, "contributors": null, "is_quote_status": false, "retweet_count": 0, "favorite_count": 0, "favorited": false, "retweeted": false, "possibly_sensitive": false, "lang": "en"}