{"created_at": "Fri Jan 27 00:55:05 +0000 2017", "id": 824782749328371714, "id_str": "824782749328371714", "text": "Mike Pence: \u201cAllowing Rape Victims To Have Abortions Will Lead To Women Trying To Get Raped\u201d\nhttps://t.co/LXTiHXN09v", "truncated": false, "entities": {"hashtags": [], "symbols": [], "user_mentions": [], "urls": [{"url": "https://t.co/LXTiHXN09v", "expanded_url": "http://politicot.com/mike-pence-allowing-rape-victims-abortions-will-lead-women-trying-get-raped/", "display_url": "politicot.com/mike-pence-all\u2026", "indices": [93, 116]}]}, "source": "<a href=\"http://www.hootsuite.com\" rel=\"nofollow\">Hootsuite</a>", "in_reply_to_status_id": null, "in_reply_to_status_id_str": null, "in_reply_to_user_id": null, "in_reply_to_user_id_str": null, "in_reply_to_screen_name": null, "user": {"id": 815312080140193792, "id_str": "815312080140193792", "name": "ISBELL-ON-A-MISSION", "screen_name": "IsbellMission", "location": "Athens, AL", "description": "MY PERSONAL MISSION STATEMENT: Share my Talents, Knowledge, Skills, and Abilities to help others I meet along the way.", "url": "https://t.co/E2nMLcRF38", "entities": {"url": {"urls": [{"url": "https://t.co/E2nMLcRF38", "expanded_url": "https://www.facebook.com/IsbellMission", "display_url": "facebook.com/IsbellMission", "indices": [0, 23]}]}, "description": {"urls": []}}, "protected": false, "followers_count": 593, "friends_count": 2555, "listed_count": 4, "created_at": "Sat Dec 31 21:42:02 +0000 2016", "favourites_count": 6432, "utc_offset": null, "time_zone": null, "geo_enabled": false, "verified": false, "statuses_count": 30584, "lang": null, "contributors_enabled": false, "is_translator": false, "is_translation_enabled": false, "profile_background_color": "000000", "profile_background_image_url": "http://abs.twimg.com/images/themes/theme1/bg.png", "profile_background_image_url_https": "https://abs.twimg.com/images/themes/theme1/bg.png", "profile_background_tile": false, "profile_image_url": "http://pbs.twimg.com/profile_images/836339197992562688/Lt_vy-4h_normal.jpg", "profile_image_url_https": "https://pbs.twimg.com/profile_images/836339197992562688/Lt_vy-4h_normal.jpg", "profile_banner_url": "https://pbs.twimg.com/profile_banners/815312080140193792/1483222126", "profile_link_color": "FAB81E", "profile_sidebar_border_color": "000000", "profile_sidebar_fill_color": "000000", "profile_text_color": "000000", "profile_use_background_image": false, "has_extended_profile": true, "default_profile": false, "default_profile_image": false, "following": false, "follow_request_sent": false, "notifications": false, "translator_type": "none", "withheld_in_countries": []}, "geo": null, "coordinates": null, "place": null, "contributors": null, "is_quote_status": false, "retweet_count": 0, "favorite_count": 0, "favorited": false, "retweeted": false, "possibly_sensitive": false, "lang": "en"}