{"created_at": "Thu Jan 26 22:02:44 +0000 2017", "id": 824739375032459266, "id_str": "824739375032459266", "text": "Mike Pence: \u201cAllowing Rape Victims To Have Abortions Will Lead To Women Trying To Get Raped\u201d https://t.co/Wo9yPDX31B via @TheNewslo", "truncated": false, "entities": {"hashtags": [], "symbols": [], "user_mentions": [{"screen_name": "TheNewslo", "name": "Newslo", "id": 393693452, "id_str": "393693452", "indices": [121, 131]}], "urls": [{"url": "https://t.co/Wo9yPDX31B", "expanded_url": "http://politicot.com/mike-pence-allowing-rape-victims-abortions-will-lead-women-trying-get-raped/", "display_url": "politicot.com/mike-pence-all\u2026", "indices": [93, 116]}]}, "source": "<a href=\"http://twitter.com\" rel=\"nofollow\">Twitter Web Client</a>", "in_reply_to_status_id": null, "in_reply_to_status_id_str": null, "in_reply_to_user_id": null, "in_reply_to_user_id_str": null, "in_reply_to_screen_name": null, "user": {"id": 44145843, "id_str": "44145843", "name": "\u03a4\u03bf\u03be\u03cc\u03c4\u03b7\u03c2", "screen_name": "toxotis71", "location": "USA", "description": "", "url": null, "entities": {"description": {"urls": []}}, "protected": false, "followers_count": 169, "friends_count": 160, "listed_count": 10, "created_at": "Tue Jun 02 16:05:18 +0000 2009", "favourites_count": 110999, "utc_offset": null, "time_zone": null, "geo_enabled": false, "verified": false, "statuses_count": 76991, "lang": null, "contributors_enabled": false, "is_translator": false, "is_translation_enabled": false, "profile_background_color": "0F0A02", "profile_background_image_url": "http://abs.twimg.com/images/themes/theme7/bg.gif", "profile_background_image_url_https": "https://abs.twimg.com/images/themes/theme7/bg.gif", "profile_background_tile": false, "profile_image_url": "http://pbs.twimg.com/profile_images/1312421887750930435/VhZhpnOC_normal.jpg", "profile_image_url_https": "https://pbs.twimg.com/profile_images/1312421887750930435/VhZhpnOC_normal.jpg", "profile_banner_url": "https://pbs.twimg.com/profile_banners/44145843/1484501490", "profile_link_color": "1B95E0", "profile_sidebar_border_color": "BCB302", "profile_sidebar_fill_color": "171106", "profile_text_color": "8A7302", "profile_use_background_image": true, "has_extended_profile": false, "default_profile": false, "default_profile_image": false, "following": false, "follow_request_sent": false, "notifications": false, "translator_type": "none", "withheld_in_countries": []}, "geo": null, "coordinates": null, "place": null, "contributors": null, "is_quote_status": false, "retweet_count": 0, "favorite_count": 0, "favorited": false, "retweeted": false, "possibly_sensitive": false, "lang": "en"}