{"created_at": "Thu Jan 26 22:48:19 +0000 2017", "id": 824750848001601541, "id_str": "824750848001601541", "text": "US VP - Mike Pence: \u201cAllowing Rape Victims To Have Abortions Will Lead To Women Trying To Get Raped\u201d (2016) https://t.co/8m6vEQV2Ss", "truncated": false, "entities": {"hashtags": [], "symbols": [], "user_mentions": [], "urls": [{"url": "https://t.co/8m6vEQV2Ss", "expanded_url": "http://politicot.com/mike-pence-allowing-rape-victims-abortions-will-lead-women-trying-get-raped/", "display_url": "politicot.com/mike-pence-all\u2026", "indices": [108, 131]}]}, "source": "<a href=\"http://twitter.com/download/android\" rel=\"nofollow\">Twitter for Android</a>", "in_reply_to_status_id": null, "in_reply_to_status_id_str": null, "in_reply_to_user_id": null, "in_reply_to_user_id_str": null, "in_reply_to_screen_name": null, "user": {"id": 34687594, "id_str": "34687594", "name": "Lance Dyer \u3013\u3013", "screen_name": "Lance63", "location": "Truro, Cornwall ", "description": "Cornishman. Interested in politics and Cornwall. Ex Ticket Manager, Hall for Cornwall (RT does not mean I agree)", "url": null, "entities": {"description": {"urls": []}}, "protected": false, "followers_count": 3342, "friends_count": 2296, "listed_count": 115, "created_at": "Thu Apr 23 18:28:36 +0000 2009", "favourites_count": 125194, "utc_offset": null, "time_zone": null, "geo_enabled": true, "verified": false, "statuses_count": 244378, "lang": null, "contributors_enabled": false, "is_translator": false, "is_translation_enabled": false, "profile_background_color": "C0DEED", "profile_background_image_url": "http://abs.twimg.com/images/themes/theme1/bg.png", "profile_background_image_url_https": "https://abs.twimg.com/images/themes/theme1/bg.png", "profile_background_tile": false, "profile_image_url": "http://pbs.twimg.com/profile_images/852097944178372608/ZP_PFlcS_normal.jpg", "profile_image_url_https": "https://pbs.twimg.com/profile_images/852097944178372608/ZP_PFlcS_normal.jpg", "profile_banner_url": "https://pbs.twimg.com/profile_banners/34687594/1494079058", "profile_link_color": "1DA1F2", "profile_sidebar_border_color": "C0DEED", "profile_sidebar_fill_color": "DDEEF6", "profile_text_color": "333333", "profile_use_background_image": true, "has_extended_profile": false, "default_profile": true, "default_profile_image": false, "following": false, "follow_request_sent": false, "notifications": false, "translator_type": "none", "withheld_in_countries": []}, "geo": null, "coordinates": null, "place": null, "contributors": null, "is_quote_status": false, "retweet_count": 0, "favorite_count": 0, "favorited": false, "retweeted": false, "possibly_sensitive": false, "lang": "en"}