{"created_at": "Thu Jan 26 23:58:38 +0000 2017", "id": 824768543065509888, "id_str": "824768543065509888", "text": "Mike Pence: \u201cAllowing Rape Victims To Have Abortions Will Lead To Women Trying To Get Raped\u201d https://t.co/USkHtYeGCS", "truncated": false, "entities": {"hashtags": [], "symbols": [], "user_mentions": [], "urls": [{"url": "https://t.co/USkHtYeGCS", "expanded_url": "http://fb.me/6cIqhZQnL", "display_url": "fb.me/6cIqhZQnL", "indices": [93, 116]}]}, "source": "<a href=\"http://www.facebook.com/twitter\" rel=\"nofollow\">Facebook</a>", "in_reply_to_status_id": null, "in_reply_to_status_id_str": null, "in_reply_to_user_id": null, "in_reply_to_user_id_str": null, "in_reply_to_screen_name": null, "user": {"id": 705038719, "id_str": "705038719", "name": "Kaitlynn Brooke", "screen_name": "KaitlynnBrooke5", "location": "Waldorf, Maryland", "description": "22; Gay\ud83c\udf08; TSHS graduate c/o 2015", "url": null, "entities": {"description": {"urls": []}}, "protected": false, "followers_count": 57, "friends_count": 250, "listed_count": 0, "created_at": "Thu Jul 19 13:10:05 +0000 2012", "favourites_count": 225, "utc_offset": null, "time_zone": null, "geo_enabled": false, "verified": false, "statuses_count": 28983, "lang": null, "contributors_enabled": false, "is_translator": false, "is_translation_enabled": false, "profile_background_color": "FCEBB6", "profile_background_image_url": "http://abs.twimg.com/images/themes/theme4/bg.gif", "profile_background_image_url_https": "https://abs.twimg.com/images/themes/theme4/bg.gif", "profile_background_tile": true, "profile_image_url": "http://pbs.twimg.com/profile_images/1183991676014137349/PZY_iNQy_normal.jpg", "profile_image_url_https": "https://pbs.twimg.com/profile_images/1183991676014137349/PZY_iNQy_normal.jpg", "profile_banner_url": "https://pbs.twimg.com/profile_banners/705038719/1430356793", "profile_link_color": "CE7834", "profile_sidebar_border_color": "F0A830", "profile_sidebar_fill_color": "78C0A8", "profile_text_color": "5E412F", "profile_use_background_image": true, "has_extended_profile": true, "default_profile": false, "default_profile_image": false, "following": false, "follow_request_sent": false, "notifications": false, "translator_type": "none", "withheld_in_countries": []}, "geo": null, "coordinates": null, "place": null, "contributors": null, "is_quote_status": false, "retweet_count": 0, "favorite_count": 0, "favorited": false, "retweeted": false, "possibly_sensitive": false, "lang": "en"}