{"created_at": "Fri Jan 27 01:08:01 +0000 2017", "id": 824786002388586500, "id_str": "824786002388586500", "text": "Mike Pence: \u201cAllowing Rape Victims To Have Abortions Will Lead To Women Trying To Get Raped\u201d https://t.co/SKGeYFREme", "truncated": false, "entities": {"hashtags": [], "symbols": [], "user_mentions": [], "urls": [{"url": "https://t.co/SKGeYFREme", "expanded_url": "http://fb.me/VYpXMzpz", "display_url": "fb.me/VYpXMzpz", "indices": [93, 116]}]}, "source": "<a href=\"http://www.facebook.com/twitter\" rel=\"nofollow\">Facebook</a>", "in_reply_to_status_id": null, "in_reply_to_status_id_str": null, "in_reply_to_user_id": null, "in_reply_to_user_id_str": null, "in_reply_to_screen_name": null, "user": {"id": 705484165, "id_str": "705484165", "name": "Jubilant Brdly", "screen_name": "BRDLYApparel", "location": "Los Angeles, CA", "description": "We create cloth mask, body positive swimwear, and coats.", "url": "https://t.co/rno8OL7vFo", "entities": {"url": {"urls": [{"url": "https://t.co/rno8OL7vFo", "expanded_url": "https://www.bradleythetailor.com/category/cloth-mask", "display_url": "bradleythetailor.com/category/cloth\u2026", "indices": [0, 23]}]}, "description": {"urls": []}}, "protected": false, "followers_count": 198, "friends_count": 288, "listed_count": 14, "created_at": "Thu Jul 19 17:44:57 +0000 2012", "favourites_count": 52, "utc_offset": null, "time_zone": null, "geo_enabled": false, "verified": false, "statuses_count": 24094, "lang": null, "contributors_enabled": false, "is_translator": false, "is_translation_enabled": false, "profile_background_color": "000000", "profile_background_image_url": "http://abs.twimg.com/images/themes/theme1/bg.png", "profile_background_image_url_https": "https://abs.twimg.com/images/themes/theme1/bg.png", "profile_background_tile": true, "profile_image_url": "http://pbs.twimg.com/profile_images/819357871393542145/eqdBe_2n_normal.jpg", "profile_image_url_https": "https://pbs.twimg.com/profile_images/819357871393542145/eqdBe_2n_normal.jpg", "profile_banner_url": "https://pbs.twimg.com/profile_banners/705484165/1484185115", "profile_link_color": "981CEB", "profile_sidebar_border_color": "000000", "profile_sidebar_fill_color": "DDEEF6", "profile_text_color": "333333", "profile_use_background_image": true, "has_extended_profile": true, "default_profile": false, "default_profile_image": false, "following": false, "follow_request_sent": false, "notifications": false, "translator_type": "none", "withheld_in_countries": []}, "geo": null, "coordinates": null, "place": null, "contributors": null, "is_quote_status": false, "retweet_count": 0, "favorite_count": 0, "favorited": false, "retweeted": false, "possibly_sensitive": false, "lang": "en"}