{"created_at": "Fri Jan 27 03:04:40 +0000 2017", "id": 824815360637493250, "id_str": "824815360637493250", "text": "Mike Pence: \u201cAllowing Rape Victims To Have Abortions Will Lead To Women Trying To Get Raped\u201d https://t.co/1FpyXBuxwa", "truncated": false, "entities": {"hashtags": [], "symbols": [], "user_mentions": [], "urls": [{"url": "https://t.co/1FpyXBuxwa", "expanded_url": "http://fb.me/8vYiAtG2r", "display_url": "fb.me/8vYiAtG2r", "indices": [93, 116]}]}, "source": "<a href=\"http://www.facebook.com/twitter\" rel=\"nofollow\">Facebook</a>", "in_reply_to_status_id": null, "in_reply_to_status_id_str": null, "in_reply_to_user_id": null, "in_reply_to_user_id_str": null, "in_reply_to_screen_name": null, "user": {"id": 230220331, "id_str": "230220331", "name": "Ernest Walker", "screen_name": "E_ShukaraWalker", "location": "Newark, NJ area", "description": "Cartoonist, Illustrator, Artist,Writer", "url": "http://t.co/4ybEfvQieW", "entities": {"url": {"urls": [{"url": "http://t.co/4ybEfvQieW", "expanded_url": "http://ernestwalkerartwork.weebly.com/", "display_url": "ernestwalkerartwork.weebly.com", "indices": [0, 22]}]}, "description": {"urls": []}}, "protected": false, "followers_count": 140, "friends_count": 525, "listed_count": 6, "created_at": "Fri Dec 24 16:58:11 +0000 2010", "favourites_count": 14, "utc_offset": null, "time_zone": null, "geo_enabled": true, "verified": false, "statuses_count": 7485, "lang": null, "contributors_enabled": false, "is_translator": false, "is_translation_enabled": false, "profile_background_color": "642D8B", "profile_background_image_url": "http://abs.twimg.com/images/themes/theme10/bg.gif", "profile_background_image_url_https": "https://abs.twimg.com/images/themes/theme10/bg.gif", "profile_background_tile": true, "profile_image_url": "http://pbs.twimg.com/profile_images/2551836374/xkfzxzrbrhj1lmy0l7y8_normal.jpeg", "profile_image_url_https": "https://pbs.twimg.com/profile_images/2551836374/xkfzxzrbrhj1lmy0l7y8_normal.jpeg", "profile_link_color": "FF0000", "profile_sidebar_border_color": "65B0DA", "profile_sidebar_fill_color": "7AC3EE", "profile_text_color": "3D1957", "profile_use_background_image": true, "has_extended_profile": false, "default_profile": false, "default_profile_image": false, "following": false, "follow_request_sent": false, "notifications": false, "translator_type": "none", "withheld_in_countries": []}, "geo": null, "coordinates": null, "place": null, "contributors": null, "is_quote_status": false, "retweet_count": 0, "favorite_count": 0, "favorited": false, "retweeted": false, "possibly_sensitive": false, "lang": "en"}