{"created_at": "Fri Jan 27 03:57:08 +0000 2017", "id": 824828562851131392, "id_str": "824828562851131392", "text": "#Insane \"Mike Pence: \u201cAllowing Rape Victims To Have Abortions Will Lead To Women Trying To Get Raped\u201d - Newslo\" ( https://t.co/0GIcFOpKY9 )", "truncated": false, "entities": {"hashtags": [{"text": "Insane", "indices": [0, 7]}], "symbols": [], "user_mentions": [], "urls": [{"url": "https://t.co/0GIcFOpKY9", "expanded_url": "http://twitthat.com/jfG1r", "display_url": "twitthat.com/jfG1r", "indices": [114, 137]}]}, "source": "<a href=\"http://twitthat.com/\" rel=\"nofollow\">twitthat</a>", "in_reply_to_status_id": null, "in_reply_to_status_id_str": null, "in_reply_to_user_id": null, "in_reply_to_user_id_str": null, "in_reply_to_screen_name": null, "user": {"id": 5972162, "id_str": "5972162", "name": "Richard Lazzara", "screen_name": "shankargallery", "location": "Boulder,Colorado.USA.", "description": "https://t.co/iUcInEhVOu\nhttps://t.co/Vqqq1FZdFN\nhttps://t.co/lzGiUNJQ8G", "url": "https://t.co/FAqiQMuOW4", "entities": {"url": {"urls": [{"url": "https://t.co/FAqiQMuOW4", "expanded_url": "http://www.shankar-gallery.com", "display_url": "shankar-gallery.com", "indices": [0, 23]}]}, "description": {"urls": [{"url": "https://t.co/iUcInEhVOu", "expanded_url": "https://www.absolutearts.com/portfolios/s/shankargallery/", "display_url": "absolutearts.com/portfolios/s/s\u2026", "indices": [0, 23]}, {"url": "https://t.co/Vqqq1FZdFN", "expanded_url": "https://shankargallery.smugmug.com", "display_url": "shankargallery.smugmug.com", "indices": [24, 47]}, {"url": "https://t.co/lzGiUNJQ8G", "expanded_url": "https://www.artmajeur.com/shankargallery", "display_url": "artmajeur.com/shankargallery", "indices": [48, 71]}]}}, "protected": false, "followers_count": 6657, "friends_count": 7486, "listed_count": 244, "created_at": "Fri May 11 19:25:20 +0000 2007", "favourites_count": 295, "utc_offset": null, "time_zone": null, "geo_enabled": false, "verified": false, "statuses_count": 483540, "lang": null, "contributors_enabled": false, "is_translator": false, "is_translation_enabled": false, "profile_background_color": "E99F15", "profile_background_image_url": "http://abs.twimg.com/images/themes/theme1/bg.png", "profile_background_image_url_https": "https://abs.twimg.com/images/themes/theme1/bg.png", "profile_background_tile": true, "profile_image_url": "http://pbs.twimg.com/profile_images/476104395847790592/nQaMS96N_normal.jpeg", "profile_image_url_https": "https://pbs.twimg.com/profile_images/476104395847790592/nQaMS96N_normal.jpeg", "profile_banner_url": "https://pbs.twimg.com/profile_banners/5972162/1569542683", "profile_link_color": "07C2DF", "profile_sidebar_border_color": "FFFFFF", "profile_sidebar_fill_color": "FFD991", "profile_text_color": "B90920", "profile_use_background_image": true, "has_extended_profile": false, "default_profile": false, "default_profile_image": false, "following": false, "follow_request_sent": false, "notifications": false, "translator_type": "none", "withheld_in_countries": []}, "geo": null, "coordinates": null, "place": null, "contributors": null, "is_quote_status": false, "retweet_count": 0, "favorite_count": 0, "favorited": false, "retweeted": false, "possibly_sensitive": false, "lang": "en"}