{"created_at": "Fri Jan 27 04:06:13 +0000 2017", "id": 824830850030239746, "id_str": "824830850030239746", "text": "Mike Pence: \u201cAllowing Rape Victims To Have Abortions Will Lead To Women Trying To Get Raped\u201d https://t.co/jBDZCyj7bb", "truncated": false, "entities": {"hashtags": [], "symbols": [], "user_mentions": [], "urls": [{"url": "https://t.co/jBDZCyj7bb", "expanded_url": "http://fb.me/5VpFiGSxi", "display_url": "fb.me/5VpFiGSxi", "indices": [93, 116]}]}, "source": "<a href=\"http://www.facebook.com/twitter\" rel=\"nofollow\">Facebook</a>", "in_reply_to_status_id": null, "in_reply_to_status_id_str": null, "in_reply_to_user_id": null, "in_reply_to_user_id_str": null, "in_reply_to_screen_name": null, "user": {"id": 1002240595, "id_str": "1002240595", "name": "Michael Ladd", "screen_name": "mike75065", "location": "Richmond, Indiana", "description": "Need are help let us know.\r\nI'm Here for you,\r\nMichael Ladd\r\nBusiness Development Expert.\r\nLanding Page: http://t.co/FkDbeJhPVN\r\nskype Mike75065\r\n765-914-2372", "url": "http://t.co/FkDbeJhPVN", "entities": {"url": {"urls": [{"url": "http://t.co/FkDbeJhPVN", "expanded_url": "http://www.michaeldesigncompany.com/SaveNow/", "display_url": "michaeldesigncompany.com/SaveNow/", "indices": [0, 22]}]}, "description": {"urls": [{"url": "http://t.co/FkDbeJhPVN", "expanded_url": "http://www.michaeldesigncompany.com/SaveNow/", "display_url": "michaeldesigncompany.com/SaveNow/", "indices": [105, 127]}]}}, "protected": false, "followers_count": 317, "friends_count": 0, "listed_count": 15, "created_at": "Mon Dec 10 18:39:04 +0000 2012", "favourites_count": 98, "utc_offset": null, "time_zone": null, "geo_enabled": true, "verified": false, "statuses_count": 7081, "lang": null, "contributors_enabled": false, "is_translator": false, "is_translation_enabled": false, "profile_background_color": "C0DEED", "profile_background_image_url": "http://abs.twimg.com/images/themes/theme1/bg.png", "profile_background_image_url_https": "https://abs.twimg.com/images/themes/theme1/bg.png", "profile_background_tile": false, "profile_image_url": "http://pbs.twimg.com/profile_images/3201385845/12ec55ce6ba4c0c126258036b8fb056a_normal.jpeg", "profile_image_url_https": "https://pbs.twimg.com/profile_images/3201385845/12ec55ce6ba4c0c126258036b8fb056a_normal.jpeg", "profile_banner_url": "https://pbs.twimg.com/profile_banners/1002240595/1362742339", "profile_link_color": "1DA1F2", "profile_sidebar_border_color": "C0DEED", "profile_sidebar_fill_color": "DDEEF6", "profile_text_color": "333333", "profile_use_background_image": true, "has_extended_profile": false, "default_profile": true, "default_profile_image": false, "following": false, "follow_request_sent": false, "notifications": false, "translator_type": "none", "withheld_in_countries": []}, "geo": null, "coordinates": null, "place": null, "contributors": null, "is_quote_status": false, "retweet_count": 0, "favorite_count": 0, "favorited": false, "retweeted": false, "possibly_sensitive": false, "lang": "en"}