{"created_at": "Fri Jan 27 02:21:08 +0000 2017", "id": 824804401932013574, "id_str": "824804401932013574", "text": "Mike Pence: \u201cAllowing Rape Victims To Have Abortions Will Lead To Women Trying To Get\u00a0Raped\u201d https://t.co/EdCl5E1vM6 https://t.co/5aNcjWxDGB", "truncated": false, "entities": {"hashtags": [], "symbols": [], "user_mentions": [], "urls": [{"url": "https://t.co/EdCl5E1vM6", "expanded_url": "http://alternativemediasyndicate.com/2017/01/27/mike-pence-allowing-rape-victims-to-have-abortions-will-lead-to-women-trying-to-get-raped/", "display_url": "alternativemediasyndicate.com/2017/01/27/mik\u2026", "indices": [93, 116]}], "media": [{"id": 824804399704715265, "id_str": "824804399704715265", "indices": [117, 140], "media_url": "http://pbs.twimg.com/media/C3JLO0WUMAEoXre.jpg", "media_url_https": "https://pbs.twimg.com/media/C3JLO0WUMAEoXre.jpg", "url": "https://t.co/5aNcjWxDGB", "display_url": "pic.twitter.com/5aNcjWxDGB", "expanded_url": "https://twitter.com/ALT_MED_SYN/status/824804401932013574/photo/1", "type": "photo", "sizes": {"medium": {"w": 645, "h": 325, "resize": "fit"}, "small": {"w": 645, "h": 325, "resize": "fit"}, "thumb": {"w": 150, "h": 150, "resize": "crop"}, "large": {"w": 645, "h": 325, "resize": "fit"}}}]}, "extended_entities": {"media": [{"id": 824804399704715265, "id_str": "824804399704715265", "indices": [117, 140], "media_url": "http://pbs.twimg.com/media/C3JLO0WUMAEoXre.jpg", "media_url_https": "https://pbs.twimg.com/media/C3JLO0WUMAEoXre.jpg", "url": "https://t.co/5aNcjWxDGB", "display_url": "pic.twitter.com/5aNcjWxDGB", "expanded_url": "https://twitter.com/ALT_MED_SYN/status/824804401932013574/photo/1", "type": "photo", "sizes": {"medium": {"w": 645, "h": 325, "resize": "fit"}, "small": {"w": 645, "h": 325, "resize": "fit"}, "thumb": {"w": 150, "h": 150, "resize": "crop"}, "large": {"w": 645, "h": 325, "resize": "fit"}}}]}, "source": "<a href=\"http://publicize.wp.com/\" rel=\"nofollow\">WordPress.com</a>", "in_reply_to_status_id": null, "in_reply_to_status_id_str": null, "in_reply_to_user_id": null, "in_reply_to_user_id_str": null, "in_reply_to_screen_name": null, "user": {"id": 2881711133, "id_str": "2881711133", "name": "Alt_Media Syndicate", "screen_name": "ALT_MED_SYN", "location": "", "description": "", "url": null, "entities": {"description": {"urls": []}}, "protected": false, "followers_count": 463, "friends_count": 41, "listed_count": 17, "created_at": "Mon Nov 17 21:15:43 +0000 2014", "favourites_count": 12, "utc_offset": null, "time_zone": null, "geo_enabled": false, "verified": false, "statuses_count": 788, "lang": null, "contributors_enabled": false, "is_translator": false, "is_translation_enabled": false, "profile_background_color": "C0DEED", "profile_background_image_url": "http://abs.twimg.com/images/themes/theme1/bg.png", "profile_background_image_url_https": "https://abs.twimg.com/images/themes/theme1/bg.png", "profile_background_tile": false, "profile_image_url": "http://pbs.twimg.com/profile_images/534455036101672960/rRdsdyZn_normal.png", "profile_image_url_https": "https://pbs.twimg.com/profile_images/534455036101672960/rRdsdyZn_normal.png", "profile_banner_url": "https://pbs.twimg.com/profile_banners/2881711133/1416259041", "profile_link_color": "1DA1F2", "profile_sidebar_border_color": "C0DEED", "profile_sidebar_fill_color": "DDEEF6", "profile_text_color": "333333", "profile_use_background_image": true, "has_extended_profile": false, "default_profile": true, "default_profile_image": false, "following": false, "follow_request_sent": false, "notifications": false, "translator_type": "none", "withheld_in_countries": []}, "geo": null, "coordinates": null, "place": null, "contributors": null, "is_quote_status": false, "retweet_count": 1, "favorite_count": 1, "favorited": false, "retweeted": false, "possibly_sensitive": false, "lang": "en"}