{"created_at": "Fri Jan 27 03:45:30 +0000 2017", "id": 824825635487043584, "id_str": "824825635487043584", "text": "Mike Pence: \u201cAllowing Rape Victims To Have Abortions Will Lead To Women Trying To Get Raped\u201d https://t.co/EF9fLFSKKv", "truncated": false, "entities": {"hashtags": [], "symbols": [], "user_mentions": [], "urls": [{"url": "https://t.co/EF9fLFSKKv", "expanded_url": "http://fb.me/8tD7hf3Uz", "display_url": "fb.me/8tD7hf3Uz", "indices": [93, 116]}]}, "source": "<a href=\"http://www.facebook.com/twitter\" rel=\"nofollow\">Facebook</a>", "in_reply_to_status_id": null, "in_reply_to_status_id_str": null, "in_reply_to_user_id": null, "in_reply_to_user_id_str": null, "in_reply_to_screen_name": null, "user": {"id": 64570992, "id_str": "64570992", "name": "Jhirmel Wysinger", "screen_name": "Darkjaydog104", "location": "East Saint Louis, Illinois", "description": "Graphic Designer, Artist, FGC,MLG, Martial Artist and Rapper\nXboxlive:StaceP3\nSteam/ Instagram/ Psn/twitter:Darkjaydog104", "url": "https://t.co/XCSbARseZZ", "entities": {"url": {"urls": [{"url": "https://t.co/XCSbARseZZ", "expanded_url": "http://www.facebook.com/jhirmel.wysinger", "display_url": "facebook.com/jhirmel.wysing\u2026", "indices": [0, 23]}]}, "description": {"urls": []}}, "protected": false, "followers_count": 326, "friends_count": 1135, "listed_count": 6, "created_at": "Tue Aug 11 00:39:23 +0000 2009", "favourites_count": 200, "utc_offset": null, "time_zone": null, "geo_enabled": false, "verified": false, "statuses_count": 23412, "lang": null, "contributors_enabled": false, "is_translator": false, "is_translation_enabled": false, "profile_background_color": "9AE4E8", "profile_background_image_url": "http://abs.twimg.com/images/themes/theme1/bg.png", "profile_background_image_url_https": "https://abs.twimg.com/images/themes/theme1/bg.png", "profile_background_tile": true, "profile_image_url": "http://pbs.twimg.com/profile_images/1829305471/308763_2662783567045_1179645263_3186731_667746769_n_normal.jpg", "profile_image_url_https": "https://pbs.twimg.com/profile_images/1829305471/308763_2662783567045_1179645263_3186731_667746769_n_normal.jpg", "profile_banner_url": "https://pbs.twimg.com/profile_banners/64570992/1526918144", "profile_link_color": "1B95E0", "profile_sidebar_border_color": "BDDCAD", "profile_sidebar_fill_color": "DDFFCC", "profile_text_color": "333333", "profile_use_background_image": true, "has_extended_profile": true, "default_profile": false, "default_profile_image": false, "following": false, "follow_request_sent": false, "notifications": false, "translator_type": "none", "withheld_in_countries": []}, "geo": null, "coordinates": null, "place": null, "contributors": null, "is_quote_status": false, "retweet_count": 0, "favorite_count": 0, "favorited": false, "retweeted": false, "possibly_sensitive": false, "lang": "en"}