{"created_at": "Fri Jan 27 03:46:28 +0000 2017", "id": 824825876089012224, "id_str": "824825876089012224", "text": "L\ud83d\ude21L Mike Pence: \u201cAllowing Rape Victims To Have Abortions Will Lead To Women Trying To Get Raped\u201d https://t.co/KFGAFqeSBk via @TheNewslo", "truncated": false, "entities": {"hashtags": [], "symbols": [], "user_mentions": [{"screen_name": "TheNewslo", "name": "Newslo", "id": 393693452, "id_str": "393693452", "indices": [125, 135]}], "urls": [{"url": "https://t.co/KFGAFqeSBk", "expanded_url": "http://ln.is/politicot.com/YTRXp", "display_url": "ln.is/politicot.com/\u2026", "indices": [97, 120]}]}, "source": "<a href=\"http://linkis.com\" rel=\"nofollow\">Linkis: turn sharing into growth</a>", "in_reply_to_status_id": null, "in_reply_to_status_id_str": null, "in_reply_to_user_id": null, "in_reply_to_user_id_str": null, "in_reply_to_screen_name": null, "user": {"id": 59247589, "id_str": "59247589", "name": "Eric Lamy", "screen_name": "ELamy4Palestine", "location": "", "description": "", "url": null, "entities": {"description": {"urls": []}}, "protected": false, "followers_count": 498, "friends_count": 980, "listed_count": 14, "created_at": "Wed Jul 22 20:59:22 +0000 2009", "favourites_count": 19935, "utc_offset": null, "time_zone": null, "geo_enabled": true, "verified": false, "statuses_count": 33389, "lang": null, "contributors_enabled": false, "is_translator": false, "is_translation_enabled": false, "profile_background_color": "C0DEED", "profile_background_image_url": "http://abs.twimg.com/images/themes/theme1/bg.png", "profile_background_image_url_https": "https://abs.twimg.com/images/themes/theme1/bg.png", "profile_background_tile": false, "profile_image_url": "http://pbs.twimg.com/profile_images/1302295112/aabd684f-0756-4e78-bdc8-88d602c583f9_normal.png", "profile_image_url_https": "https://pbs.twimg.com/profile_images/1302295112/aabd684f-0756-4e78-bdc8-88d602c583f9_normal.png", "profile_link_color": "1DA1F2", "profile_sidebar_border_color": "C0DEED", "profile_sidebar_fill_color": "DDEEF6", "profile_text_color": "333333", "profile_use_background_image": true, "has_extended_profile": false, "default_profile": true, "default_profile_image": false, "following": false, "follow_request_sent": false, "notifications": false, "translator_type": "none", "withheld_in_countries": []}, "geo": null, "coordinates": null, "place": null, "contributors": null, "is_quote_status": false, "retweet_count": 0, "favorite_count": 0, "favorited": false, "retweeted": false, "possibly_sensitive": false, "lang": "en"}