id,news_url,title,tweet_ids
gossipcop-882573,https://www.brides.com/story/teen-mom-jenelle-evans-wedding-dress,Teen Mom Star Jenelle Evans' Wedding Dress Is Available Here for $2999,912371411146149888	912371528343408641	912372992813842432	912373174662246401	912373716390109184	912374318511874049	912376391739543556	912377491523866624	912379547030392832	912379599165825024	912380002477527041	912381257069350913	912382274997547010	912393043139006465	912393322152394754	912395866312409088	912397900306616321	912413748849201155	912413781325729793	912413778565828613	912413788825059328	912413793577263110	912413796899094528	912414030773579778	912414082568990720	912414079880515585	912414099618893826	912414204526776320	912414259300139010	912414268385087488	912414348219437058	912414434219499520	912414457204215808	912414474799386624	912414521884585984	912414598887804928	912414617758048256	912414622556311552	912414620870152192	912414636531748867	912414718479994881	912414741691293696	912414740672122885	912414760628604930	912448900321161217	912708585716682752	913187882650734598	913215691381145602	913218004393054208	913226764201099271	913298730476015616	913304020521046016	913305779159142400	913311064590348293	913325159481856001	913330250079199232	913331472131600390	913332455251341312	913376000553218049	913394128012103680	913840022629093376	914924390197940225	915195810224246787	916617070816702465	919755086313787392	921480601168949248	923290337497567232
gossipcop-875924,https://www.dailymail.co.uk/tvshowbiz/article-4668922/Kylie-Jenner-refusing-discuss-dating-life-new-show.html,Kylie Jenner refusing to discuss Tyga on Life of Kylie,901989917546426369	901989992074969089	901990257616347137	901990976096419840	901991270687629312	901992764262367232	901992771661291521	901992955212333056	901993771017019392	901995439020548098	901995452371013632	901995457832001536	902002954508664833	902003012209713153	902003340552224768	902004167065161728	902005312298905602	902010407019302913	902010420319449089	902010451634130945	902010530214416385	902010668664201216	902010690726219776	902010687966326784	902010692416524289	902010721663406084	902010736771203072	902010733290037249	902010771835584512	902010787593670658	902010847446392832	902010932263620611	902010959945981953	902010985703190532	902011154091954180	902011186388094976	902011193430343682	902011242189029376	902011428340682752	902011440818683904	902011456111214592	902011472804544513	902011594930053121	902011599782907908	902013218058579968	902015584270987265	902028204994650114	902043847068311553	902059752234024961	903381902706352130	912575207747080192
gossipcop-894416,https://en.wikipedia.org/wiki/Quinn_Perkins,Quinn Perkins,931263637246881792	931265332022579201	931265423911342080	931265520783056897	931265916721090561	931265926133039104	931266117527465984	931267119437594624	931271237300637696	931271278459224064	931272153667854336	931273637289701386	931283642684399617	931285061885943808	931285101022990336	931297386974003201	931299453042151426	931299453784424449	931299642884706310	931299721062371328	931299741169868800	931299769187790848	931299773751193600	931299819624247296	931299863005933568	931299897365512193	931299913132109824	931299927346565120	931299950427852800	931299978957541376	931300010959843328	931300116669063168	931300130288033792	931300151825784833	931300156573667328	931300154258411521	931300196222369792	931300207685505024	931300395862904833	931300409049616384	931300427181756416	931300463089086465	931300847283089408	931318039659790336	931344483467321344	931451410004054016	931573641006940162	940914478094303233
gossipcop-857248,https://www.refinery29.com/en-us/2018/03/191922/kim-kardashian-butt-workout-strength-routine,I Tried Kim Kardashian's Butt Workout & Am Forever Changed,868114761723936769	868122567910936576	868128733781270529	868130505119629312	868131188665229312	868131193601966081	868131507843383297	868131711246147584	868132457345933312	868133800643088384	868133812416331776	868133844162977793	868135195735605248	868135200152100864	868135211682246656	868135237804371968	868135249699405824	868135319542956032	868136056234721280	868138261587181569	868138266322542593	868138272135856128	868138304096436224	868146612920385536	868146624698097664	868146660320264194	868146656968978432	868146661834473472	868146668398497792	868146670051016706	868146693295923200	868146703223865344	868147240858247170	868148339988103170	868148365380505602	868180471968145408	868182751031250945	868183822961135616	868196175685353472	868197092920930304	868213386030440448	868214614072463361	868219718334898176	868265437460668420	868344780077584384	868503599717924864	868503610249826304	868503610065264641	868503608773320707	868976434014015488	869092696098582528	869094460281552896	869117634645823489
gossipcop-884684,https://www.cnn.com/2017/10/04/entertainment/celine-dion-vegas-shooting-victims/index.html,Celine Dion donates concert proceeds to Vegas shooting victims,915528047004209152	915529285171122176	915530015353090049	915530333101154305	915531484487929867	915531558211194880	915531593216921606	915531680156344321	915532121569136640	915532191844769792	915532348833259526	915532461605576704	915532748596461569	915533549746348038	915535017706758145	915536175418499072	915536749371170817	915537070193627137	915537660059496448	915537669685465088	915538171626246144	915538194539610112	915538764444733440	915539624516313088	915541366868004864	915541523101388800	915544055978778624	915544413388058624	915545322641936385	915548365777178624	915552267855646720	915553825716568064	915554908752846848	915555532882276352	915555538024456193	915555590876880896	915555602805510145	915555612775370754	915555615426142208	915555626629070848	915555637760839680	915555648624107522	915555660334497794	915555670954577920	915558263038599169	915558262535225346	915562867327475714	915563389929345024	915563630627889152	915564239451910145	915564282351304705	915564388601536512	915564466724573185	915564753451458560	915564780571721728	915564952601206784	915564960461283328	915565244663164928	915565455552761857	915566053601792002	915566576388026369	915566904806436864	915567204828975104	915567212068401152	915567485893537799	915567965906587652	915569060636758017	915569284595814401	915569430456885248	915569481220595712	915569545817067520	915569758866739200	915569757058945024	915569886692347904	915569965331345410	915570303648006145	915570318340706304	915570992231174144	915572487550726145	915572703335137283	915572826752643074	915574738965032961	915574741301305345	915574740982554624	915574743427723265	915575509353775105	915575511396569089	915575701318778880	915577427966935040	915577702010277889	915580865177989120	915580932375171073	915581355085504512	915581552108507136	915582357289226240	915584437873790976	915587651578757121	915589561303961600	915589561060753409	915590033276534784	915590216991281152	915591213721571328	915591358630461440	915591489236946944	915592190910373889	915592358200270849	915592677701427201	915593148574744576	915593212374347776	915594046873018370	915594051247759360	915594065176961029	915594088367366144	915594346149351425	915595135055945728	915595396532940800	915595408927105026	915596024634277896	915596177009205248	915596294395191296	915596911838584832	915596925453320192	915597388483633154	915597431303057408	915597540912959490	915597936414875651	915599575817351168	915599978222911488	915602080781541376	915602184959610880	915603069261565952	915603842494009344	915603864669364226	915603934525272064	915606290939957248	915607553601568768	915608186018725890	915609412286459909	915610522455703552	915610636524113920	915612686167224321	915612806120079360	915612907781738497	915617786642046976	915617789435449345	915624576977035264	915627490344886275	915630021020090368	915630199416524800	915630216558600193	915630516111532032	915630628548128768	915631039174840320	915634269439057920	915636964229046275	915639733589499904	915649271881457664	915652114956931073	915658106641805312	915659223631060993	915662090479824896	915673031812534272	915677121955061761	915677131727806464	915677140351250432	915724464846807041	915727644695592972	915732730029248512	915732730163470336	915732861050867713	915736582673649664	915738021798010880	915739836220362752	915741311491346432	915743449906900993	915743497348665344	915744659141521413	915748435889987584	915750979487899648	915755665183973376	915766015455358976	915767138392166401	915771469581479936	915788928875208704	915788966007361546	915792916894887936	915797006018383872	915805708582404096	915806306379927552	915806910619832320	915806952160100352	915807009743802368	915814923682402309	915821094036221953	915822092838457344	915822415950811137	915830198024724480	915831042409410560	915831048243761154	915831053381718017	915831073661231104	915831311666880513	915845645965168640	915854215867764736	915855929442279424	915861139778445313	915862099619930112	915866959253770240	915869382320033792	915873761919930368	915876496392278016	915879669412573184	915880155637202945	915880653199233024	915882805980151808	915882865031651330	915882876079505410	915882891938193408	915884793014841344	915886542018641920	915892961707249670	915899238646779904	915899871088992256	915899874733731840	915901734442106880	915906231524454400	915907295074181120	915910821645086726	915914319589715969	915915745724370945	915916473201254401	915917275957534720	915919272081227777	915919284660064258	915919588809953280	915920587645693953	915928033143517184	915928051631951875	915928152697909250	915930179188510720	915930600728662016	915936023473000449	915941697145544705	915941723997536256	915942289876377600	915942292028055552	915942290560098304	915943544916971520	915951055397113856	915951093233930240	915952859925139456	915957111976349698	915959042043928576	915965260544331776	915975318824902658	915980234352218112	915984127354114050	915984761222565888	915984777898901505	915984792365056000	915984806852354048	915984826221584384	915984839261790208	915984864075280384	915984877094391808	915987267826544640	915992589584781313	916008675826962432	916009321745481728	916009477740089344	916020022585233408	916050909628649473	916057187662946306	916078104510046208	916078118992875520	916084197202317312	916100523639443456	916120944875155461	916168932737933312	916203978844770304	916276896970633216	916572555737255936	916576849945419777	917329039748206592	917525171187208198	917613914438938625	920091751494205440	920639954572795907	953053471397130241	979798131138285568	984017203140923393
gossipcop-899309,https://tech2.org/chris-evans-millie-bobby-brown-snoop-dogg-and-more-stars-shower-bullied-student-keaton-jones-with-support/,"Chris Evans, Millie Bobby Brown, Snoop Dogg and more stars Shower Bullied student Keaton Jones with support – Tech2",940013737204899841	940014043619831808	940014280136564736	940014286373511168	940014546953166849	940014879292891136	940015171300413441	940015236483989504	940015295137271809	940015306277240832	940016373643841536	940016742440501249	940016867657306112	940019574669434881	940019952345640965	940020224467890176	940022972714233856	940023472905904128	940023493504090112	940024310353231873	940025374473367553	940028076666249217	940028512865419264	940034626340274176	940037535916425216	940037770864500736	940039003180429312	940040151203397633	940040504514711552	940040515755503616	940040525674979328	940045209253044226	940045245416214528	940045253557436416	940046541619785729	940046827939807232	940047303997513730	940050288349605889	940050521158696962	940050526569250817	940050525369769985	940051040660987904	940054694352654337	940057069415120896	940057322163802119	940058915227582464	940060137636610048	940060152119439361	940060172881244160	940060358818930689	940060380239294465	940060394348933121	940060399403130880	940060415995691009	940060423109320704	940060604500283392	940060633181011969	940060643876413440	940060651195531264	940060680257904641	940060760591384576	940060871664922624	940060880108007425	940060959523012613	940060997242404866	940061031631503362	940061108500434946	940061107825213440	940061160195289088	940061163294826500	940061165530505216	940061172325277696	940061268139900929	940061315418112000	940061411354357762	940062596547338240	940063110743728128	940065638566936578	940065637296046080	940068065105948674	940076181352628224	940076950852268037	940076950277709824	940077453552230401	940079774596186115	940081346885533697	940083565588389888	940088148742234112	940089284735901696	940090285027082241	940093305068457985	940095567257989123	940098859350482944	940099368182415360	940099732269023232	940107151304880128	940109220720001024	940109865476853760	940110151582760960	940110419007434752	940110932730044418	940111439317970944	940112639472041984	940113952687603713	940114955851915264	940114979105021952	940117237851148288	940134684415135744	940144826539966464	940152981458182144	940180593710714880	940191422325641216	940202766189957120	940209185412718592	940239709103640579	940263125550620672	940289353993113600	940289365531643904	940289376487165952	940289386322767873	940289396162654209	940289414613397504	940289425296195585	940289436549636097	940289447781859328	940289457797943296	940289488118575106	940289498730070022	940289511258578944	940289528580931584	940289538831912962	940289547883237376	940289557202956288	940289566996615168	940289577973055489	940289588710531073	940289599234101249	940289611137503234	940289622499844096	946589664537915392	951105151690997760	954415525626605570
gossipcop-848092,https://tvline.com/2018/05/02/the-handmaids-tale-renewed-season-3-hulu/,Handmaid's Tale Renewed for Season 3,859773820910977024	859773844348837889	859773866515640321	859774038364766209	859774979377967104	859775210983174145	859775482635538432	859775489178689536	859775532572884992	859775669135302656	859775735426306049	859775747912859648	859775886001750016	859776110585942016	859776165933920260	859776789757014016	859777009571856384	859777274056515584	859777411726151680	859777423688294400	859777704882831361	859777885766262784	859778046726995969	859778645568528384	859778648559173632	859778665713762304	859778677457932288	859779165200855040	859779169407778816	859779178157166592	859779189745963009	859779195731193856	859779199137071104	859779207953399809	859779226433536004	859781087605686273	859781278874214400	859782576717742080	859783630482100224	859783824258891776	859785171574308864	859785961038893056	859786187627610112	859789194029391872	859800032266113028	859807431823699968	859811149709103104	859828426466893838	859843433657024512	859851999977787392	859998536947163136	991681086207004672	991739189006921729	991759442105503744	992265782754066432
gossipcop-897293,https://fashionmagazine.com/culture/selena-gomez-justin-bieber-relationship/,A Complete Timeline of Selena Gomez and Justin Bieber's Relationship,936299044422520832	936301588624396290	936301885929213952	936302375391948800	936303170229223424	936304331216900097	936304330596024320	936306601123766272	936307146966425601	936309064711262209	936310563117895681	936311549496561665	936312242378887168	936312621657214977	936316420668968960	936317747084054528	936317771775913984	936320254329880577	936320271685996547	936320274550743043	936320355043545089	936320361985081345	936320459494383616	936320480969216002	936320601211498498	936320603623231490	936320617300799488	936320622057152513	936320656907653122	936320673282174976	936320680899088385	936320727023747072	936320793511976962	936320833668177921	936320856627777536	936321016107847680	936321059388878850	936321087717167105	936321149138558978	936321195850588161	936321282605543425	936321305254809602	936321389036007425	936321686454067202	936321749343461376	936332213142065156	936340485794418689	936368255840735232	936413367094468610	936414966445494272	936458458274000896	936481750070411264	936524352119607297	936556623954370560	936617404649627650	943841088657268737	1033429904824709120
gossipcop-926957,https://decider.com/2018/06/11/claws-season-2-hulu/,When Will ‘Claws’ Season 2 Be On Hulu?,984486548996419584	984490492787351556	984491816316616704	984494403921350656	984498312983302144	984499233603575808	984530936342573056	984608922194579456	984757372915773443	984926726147813376
gossipcop-930832,http://www.criticschoice.com/critics-choice-awards/,Critics' Choice Awards - Critics' Choice Awards,989840869443457024	990987021194743808
gossipcop-918456,https://people.com/tv/scandals-bellamy-young-talks-being-adopted-landing-her-big-break/,"Bellamy Young Opens Up About Being Adopted, Her Real First Name and How She Almost Missed Out on Scandal",970725646249971713	970726930688434176	970727654931468288	970728134189502464	970729714112380928	970731516992131075	970735641741885440	970735832423452677	970735946919489536	970737384093552640	970811217496309760	970919279351816192
gossipcop-912950,http://www.bravotv.com/the-daily-dish/one-of-the-real-housewives-of-orange-county-will-not-return-next-season,Find Out Which of The Real Housewives of Orange County Won't Be Returning,962088077912166400	962088241896869888	962090470867439631	962090753991229440	962090866230943744	962091266216312834	962091543820632066	962091866408783873	962093774624112640	962095201694175232	962096042412949504	962099701662306306	962099952376778753	962100921613344769	962104515519483907	962106874106703872	962112980719718402	962115538330648576	962118550885367809	962128230093410305	962132349004652544	962159930349322240	962219470109294593	962227994118033413	962235519143948288	962342690359619584	962376088050655232	962721342603845632	962931668628705280	962960361396764672	962960373593919488	962960415985684480
gossipcop-857846,https://people.com/pets/everything-we-know-about-the-bachelorettes-dog-copper-including-what-happened-to-his-paw/,The Bachelorette Rachel Lindsay's Dog Copper and What Happened to His Leg,
gossipcop-870658,https://people.com/movies/ben-affleck-is-enjoying-his-summer-with-lindsay-shookus-as-they-vacation-in-maine-says-source/,"Ben Affleck Is 'Enjoying His Summer' with Lindsay Shookus as They Vacation in Maine, Says Source",892477888301236226	892478641317216256	892478897627025408	892479001805156353	892480572299386880	892480662854402048	892481615472975872	892481997721022465	892482111889788928	892483494974074880	892483511139041284	892486379296268289	892487640850718720	892490377936162820	892491241614659584	892516443115409412	892516581720371205	892516637651480577	892516682207567872	892516691158106113	892516707142651904	892516722405773313	892516726126120961	892516855277129729	892516862323458048	892516976131702785	892517088300081152	892517094830592001	892517179735896065	892517209930682368	892517343137607684	892517356358037508	892517376826236928	892517386276007937	892517438432178176	892517457574887425	892517456438321152	892517484695257088	892517603582889984	892517606917378048	892517665184649216	892517728057208832	892519895623139328	892556516942852100	892572680414691328	892579196383481856	892618879796523008
gossipcop-940977,https://theworldnews.net/us-news/becca-tilley-is-the-5th-wheel-among-2-bachelor-couples-at-wango-tango-this-is-fun,"Becca Tilley Is the 5th Wheel Among 2 Bachelor Couples at Wango Tango: ""This Is Fun""",1003346312580878336	1003346320461950976	1003346318410936320	1003346322752065536	1003346602285846529	1003347415192211458	1003348121257115649	1003348164470927360	1003348963846737921	1003349004200050694	1003349454345441285	1003353617305227264	1003355322952515584	1003360264434176004	1003360289725829120	1003360459477708801	1003360457862807553	1003360471515389952	1003360495758381056	1003360546882752512	1003360718756999168	1003360756656738310	1003360772385226753	1003360799862161409	1003360825707515904	1003360943500390400	1003360973825150980	1003361000450678785	1003361011083235328	1003361030343397377	1003361207577972737	1003361221876297730	1003361234039787520	1003361238703857664	1003361265610383361	1003361455972995072	1003361477187768320	1003361516777869312	1003361531688603649	1003361548918812674	1003361592610836481	1003370644023795713	1003379663966785536	1003532360720281601	1003537407940145152
gossipcop-858032,https://medium.com/@AndreAguirre25111NTZ/alexa-chung-says-you-must-own-this-1-piece-from-her-latest-collection-9c81aa382e02,Alexa Chung Says You Must Own This 1 Piece From Her Latest Collection,871338076978765824	871338108968550401	871339053555138560	871339192382504960	871339703248617473	871339817480720384	871339914272624640	871340023341305856	871340093671387136	871340153784213504	871340193395159041	871340204027781120	871340227515871232	871340235866730497	871340329370341376	871340356520079360	871340490129649664	871340684132929536	871341078762237952	871341078003163137	871342085860843522	871342183621607424	871342335199784960	871342564783210496	871343320126980096	871343499454676993	871343521411862528	871343572632694784	871343599740440577	871343599153184768	871343609773264897	871343631675871232	871343672171913217	871343684205326336	871343736357359616	871343783379652609	871343802237190144	871344057255055361	871344279981105152	871344985597018112	871345122159587329	871346004540272641	871346067014467585	871346063843524608	871346396334616576	871347152638881792	871347151036706816	871347161803374593	871347369652215808	871347425717477376	871347444193402881	871347460970512384	871347468155445249	871347470843949056	871347547285188608	871347599843917825	871347638699995136	871348521659645954	871348589737328640	871351045506650112	871351384901390336	871351425057640448	871351444875747328	871353483991015425	871354114789171200	871356512890789888	871356981294006272	871358764485627904	871361020270436352	871364704639356928	871370354207469568	871371486983897088	871371526649520128	871371525227720713	871371523935883264	871371540029427712	871371593607467008	871372077412077568	871372578543345664	871375581601865728	871377722424950785	871377914138374145	871377941745324033	871377955552985089	871378027535577088	871378025937555456	871378056518275073	871378183211409408	871378184226426880	871378213242580993	871378276291416066	871378280066232321	871378312475660289	871378385116770305	871378431145111552	871378442259922944	871378445686669312	871378487797526528	871378557934727168	871378630252781570	871378651945848832	871378667120840704	871378683470262273	871378689950457856	871378692462833665	871378735131275266	871378734678462466	871379993670144000	871383430075830272	871415527318503428	871422605667872768	871428159408709632	871428213326716931	871440938316423168	871440937494339584	871440936110182401	871441946132135936	871511699609616384	871537373045239808	871681285902577664	872103076869623808	872104052435410948	872106044662706177	872107610513833984	872129456227442689	872129959787200514	872136508358230016	872161169099902976	872164970502422528	872165709387767808	872169732237127686	872178288885628929	872185327397609473	872185583334039554	872188875665547264	872191491812331520	872195397824991232	872201182068047872	872201455716978689	872204024547729409	872204060220309504	872215776933146625
gossipcop-915349,https://www.vibe.com/2018/02/rihanna-birthday-toni-braxton-paris-hilton,Rihanna Rings In Her 30th Birthday With Toni Braxton And Paris Hilton,966403439688388613	966404241962164225	966404384799170560	966404740941787136	966404813629067264	966405105586237442	966405536718643200	966405686396506113	966406168355659776	966406397041639424	966408431191064577	966410891217399809	966411288824786944	966412328806862848	966415036859129856	966416977240637440	966422073030582272	966425065721012224	966427110607937536	966428899788951552	966429113148936192	966429115967565830	966429115158089731	966429382150639617	966429403180863494	966429410864910336	966429429110108160	966429436894687232	966429434344439808	966429594336153600	966429615928393728	966429634756825088	966429643921416193	966429682848665601	966429808409436161	966429861177954304	966429890005422080	966429913564745729	966429932166533120	966429938701172736	966429955994345478	966429965284794369	966429975837593600	966429990643478528	966429999103430657	966430011698933760	966430157266477056	966435637816647681	966437138244952064	966437138123276288	966437506697764864	966442480454348801	966449248957968384	966454826715328513	966459894793519104	966464735418793984	966466792037257216	966633443110146048	966634152870236160	966634161581772800	966634179663486976	966634241902641152	966634276669329408	966635266432753664	966635911474745344	966641623823155200	966644073741389824	966646211422941184	966655216010571777	966656466957557762	966663876338159616	966673940604125186	966675500293869573	966675547744100352	966682937738620928	966709250952220673	966829604592930817	966920979879362561	967466206470041600
gossipcop-887233,https://www.cbsnews.com/news/ed-sheeran-breaks-arm-in-bike-accident/,Ed Sheeran says he broke his arm in bike accident,919931935220264960	919931947358605314	919931953348005889	919932286572859392	919933373992222721	919933697138274304	919933987585384450	919933989057544192	919934015267774464	919934028001697793	919934957132300293	919935581584609282	919936447452516353	919937432900030464	919937481503662080	919937498314240001	919938627047698433	919940875899342848	919941174332358657	919941185124405248	919942853060521985	919944746558218240	919948219341312000	919952247965990913	919981325494386689	919981337397821440	919981386420891648	919981441194262529	919981471011692549	919981591828553728	919981801824800774	919981806748950528	919981818107097088	919981826453790720	919981865989222400	919981873434112001	919981902899171331	919981902290915329	919981904232841216	919982073905065985	919982097615421441	919982097074393090	919982107753140224	919982137683730432	919982167308021761	919982184777338880	919982397290106886	919982414922907648	919982453988773888	919982472049430528	919982555079888899	920161150603444224	920430553094148102	920431837549383680	920432201782542336	920434052947202048	920436306659958790	920436887818514432	920439803686080512	920440980897181696	920450382232301569	920458058660220928	920521981077880832	920531951605436416	920578515472351232	920609962283425792
gossipcop-890284,https://nypost.com/2013/10/19/the-childhood-hell-of-the-lost-boys/,The childhood hell of ‘The Lost Boys’,925125173715464194	925125318599360517	925125456172593153	925126811926790144	925128236421480448	925128348216459264	925131321961218053	925133345775935488	925135449554857984	925137082342834176	925145569391083521	925218910890283008	925734351010258944
gossipcop-877019,https://www.nbcnews.com/news/world/disneyland-paris-apologizes-banning-little-boy-princess-day-experience-n797601,Disneyland Paris Apologizes for Banning Little Boy From 'Princess for a Day' Experience,903069908195565568	903086716092727296	903143205314682880	903186800520417280	903206957951135744	903223270719324160	903263650504466432	903280533739855872	903289610838589441	903290406833602560	903292005719134208	903293404070719488	903301531419779077	903302516779212801	903303057575903232	903309264290103300	903311344216059904	903316538115194881	903324875091320832	903326104362119171	903330236762284034	903332542144802817	903341240674009088	903346954792468486	903351861411008516	903369346059251712	903387012585148417	903425773914267649	903453309687750656	903481785371074560	903570658260643840	904316224536027137	904468086392283136
gossipcop-930658,https://www.usmagazine.com/celebrity-news/pictures/katy-perry-her-darling-orlando-bloom-meet-pope-francis/,"Katy Perry, Her ‘Darling’ Orlando Bloom Meet Pope Francis",990257020585566208	990257351658786818	990257932922171392	990258636004917256	990263082944466944	990263313291296769	990263773003960320	990266109562638336	990267598632824832	990267841797611520	990267920252055553	990268153652432896	990268507475542017	990268810253881344	990269441475862531	990269440175439872	990269447108808704	990269571243356161	990270049356263424	990270140825702401	990270176909115393	990270328638066688	990270339555868672	990270400100630529	990270421097312256	990270555927523331	990270924971651074	990270928033533952	990272109363580928	990272334664695813	990273039769227268	990273192940879872	990273598278586368	990274723681652736	990276474744717312	990276577274482688	990277459672162309	990277462096400385	990284026110853120	990284131815669760	990291420106944512	990294238507229186	990297704596111364	990298854791639040	990300889498902529	990301133594857472	990301146534285313	990304516032618501	990306968140214273	990307060079181824	990307666776895488	990308314742484993	990311804818677760	990311868060393472	990313458028761088	990317724357275648	990317745047785472	990319433544499200	990319803796742145	990319893911252992	990321302522261506	990321328010952704	990321336097615872	990321349104193536	990321371136888832	990321516758863872	990321547582889985	990321583213424641	990321590171783170	990321597356572673	990321611516600320	990321671683919873	990321677081903104	990321780664528897	990321820116144128	990321854660464640	990321870556803073	990322042137399296	990322056205127680	990322091143696385	990322298992414721	990322304725942274	990322342411849730	990322346270580736	990322353937764353	990322401710833666	990322404537794560	990323115166175237	990329617616658438	990331588666769408	990334152972161024	990365605906788353	990369474841923584	990372758616985601	990378069134213120	990379898756894720	990381911754334208	990382105870913544	990402061505323008	990412795471716352	990425589403279360	990432633690755073	990432700346531840	990440028231880704	990449899899584512	990450386208256001	990458521044078593	990462458182725632	990463687595995138	990472626614218752	990474118641270786	990483715343224837	990486520770555904	990486662340898816	990486686898548737	990486847984881664	990487217788346368	990488435692572672	990489813802418176	990492970834120704	990493961818165248	990494207348527104	990495460103282688	990498528211415041	990501943901589504	990503518430777344	990506835600859137	990509980318085120	990513379209986050	990579519424778240	990593933280464897	990594615807041536	990704069126901767	990721185058091008	990761891667492864	990761899850526720	990763221672919040	990812473681895424	990812474818510849	990939348005777410	991238545292562432	991292400466300930	991307753342849024	991400731734233088	1004573851798376449
gossipcop-918032,https://people.com/movies/amber-tamblyn-baby-almost-hit-car-nyc/,Amber Tamblyn Says She's 'Very Shaken' After a Car Tried to 'Hit' Her and Her Baby in N.Y.C.,970441270907801600	970441297218670595	970441305926094854	970441431637725184	970441756645801984	970442028139020288	970442096543977473	970444353746427904	970448420023320576	970456016759369728	970460495428947968	970639378878902273	970658546491822081
gossipcop-896517,https://www.indiewire.com/2017/11/gotham-awards-2017-complete-winners-list-1201901260/,Gotham Awards 2017: Complete Winners List,935316260799369216	935322038281162753	935324153158258688	935324552703262720	935325913633492992	935325950673383424	935327048486309889	935327627942006784	935328250234011648	935328986116382720	935330844880920576	935332543976521728	935333162024136704	935333724098572288	935338256199307264	935339066828214272	935343005732626432	935344112835944448	935344866841841664	935348333408698368	935348341323337728	935379158661763073	935389196847591424	935394690458779648	935400178512809984	935404235654606848	935404285612953601	935404450847567872	935404460288946176	935404459676590080	935404462058897408	935404466387513344	935404503490289664	935404671572824065	935404694054277122	935404693307756544	935404701817954305	935404716019912704	935404732973187073	935404729559146496	935404923818250240	935405168526548992	935405170091061248	935405181310787584	935405183051366401	935405189485486081	935405189426827265	935405191452614656	935405220091310080	935405433786912768	935405470386479104	935405526233550849	935409098157412353	935409616934129665	935409659321700352	935413229458677760	935413229454442496	935413232742760448	935413246198128641	935413244520312832	935413355115884544	935442725591232513	935466290592010240	935470714479550465	935471512064274433	935502850553245696	935516384926339072	935531400492732417	935535154550005761	935566845179871232	935623101135704077	935623116293918725	935638199011037186	939193913381998592	1017730233443774465
gossipcop-860892,https://theworldnews.net/us-news/tv-scoop-awards-2018-vote-for-your-favorite-breakout-stars,TV Scoop Awards 2018: Vote for Your Favorite Breakout Stars,745694519555952640	745695205152727040	745695513186426880	745695519465299970	745695519079489536	745695562582786049	745695626113884160	745695636889042944	745695642211627008	745695886026563588	745695936077168641	745695935456411648	745695939763986432	745695995749601280	745696126905397248	745696141493207040	745696164612169728	745696168303169537	745696166910660616	745696172996648960	745696176809205760	745696175051804672	745696220174127106	745696222778818561	745696227409309696	745696227279286272	745696226746605569	745696232010448897	745696230076866560	745696229653241856	745696233440706560	745696240340336640	745696243603509249	745696243586736128	745696247172849664	745696246124294144	745696260779188225	745696260686942208	745696268010168320	745696277673848832	745696298221731840	745696311899369472	745696311521878017	745696330253643776	745696358120599553	745697382508171264	745697536804003840	745697628550103041	745697641024020484	745697648485662720	745697654064111616	745697653363638272	745697666965770242	745697792136462336	745697878388019200	745698074081665024	745698091626434560	745698130990108672	745698148216012801	745698192671408128	745698764506148864	745698896291106817	745699542364987392	745699553249107968	745700462674927616	745700844616704000	745701228919799808	745701259366146048	745701702968315906	745703403204939776	745704561826893824	745704574137180165	745704583133986816	745704592369844224	745704589844848640	745704621935460353	745704631024553985	745704665455562752	745704682144702464	745704712553402368	745704726214283264	745704737618616321	745705037066690560	745705402470273024	745705409206358016	745705424070926336	745705451069702148	745705455494651905	745705453770833920	745705453431070720	745707021756882944	745707040257937408	745707053474160640	745707068925972480	745707109879156736	745707117227581441	745707134386470912	745708718063489024	745709697978687488	745709976321142784	745710547308523521	745710700463435776	745710707434356736	745710716825440256	745711142790643712	745711167524376576	745711499621048322	745711619880161280	745713800645476352	745725440489299968	745725695511363584	745740950916505600	745741754603708417	745765014116704256	745795102493253636	745811128828067840	745815211035222016	745841544272420864	745841883264454656	745848334695399424	745959466718289920	745983793991933952	745986542800343040	746013348832108544	746067184451993600	746067704545742848	746069607291588609	746121776275554304	746143712384712704	746144978598912000	746183575926509569	746373434209275904	746470101495353344	746721418226864128	746725381483470848	746741254931812353	747105131863379968	747145814208712704	747310971819950080	747466481278062593	748324264630173698	748393196871368704	749316758763339777	749317182396456961	749649125386309632	749763865823612928	749804203489525761	875429439127121924	875430274737352704	875430860773666817	875430859242840064	875431003904507905	875431245605347329	875432521420349440	875433025240170496	875433089324986368	875433116537638915	875434576063090688	875435031228973056	875436862860435457	875437031886774272	875437030536224769	875437107434594304	875437109787492352	875437633769398272	875438388979093505	875439725691019264	875445420658274304	875445822103576576	875450481987821568	875450488744951808	875450488459714560	875453987939647489	875455605011558400	875455845445681153	875458080477151232	875462300735385600	875464623532769282	875469279499563008	875471008009814016	875482823020339201	875515618178498560	875515937809629185	875516919616589825	875521145491140615	875536312224419841	875543773018808324	875545047730728962	875547445375123456	875549013822406657	875563827823128576	875578961123713025	875585014661955584	875589726605934592	875591432400130048	875632436259966977	875670485371105280	875678845940228096	875682071535943681	875684727147155457	875692029833080833	875718989762228225	875738806800068608	875796267724660736	875799510202564608	875811921089490950	875826130091216897	875840347066306560	875892119411589120	875893460573835264	875902664109735937	875914653964140544	875914653905375232	875954212626087936	876049756434251776	876303074108727298	876305190663540737	876350701936443392	876446299414986752	876513663947071488	876538161387712512	876623297122902019	876713877265711104	876722164086456320	876786723698724864	876897131986137089	877080420340252672	877208133042622464	877228317149196288	877256847396417538	877258051178377218	877269659128647680	877361127876771840	877421593345089538	877550660673253376	877621995872985088	877636356612259840	877672353391628288	878015411765223424	878021626666733568	878087017527103488	878147104736260096	878297034289102848	878378655885471744	879179031387799557	879181560280494087	879404371368439808	879409987537301508	879463832002973696	1007340654966525952	1007340732997341184	1007341743136624640	1007342812768210944	1007343323701444608	1007343484800524288	1007344457417674754	1007346088511262720	1007346461124657152	1007353196778606592	1007353620994539521	1007354127058255873	1007354299322699776	1007355254050975744	1007355860887236609	1007362479482179584	1007373006027608066	1007373072901390336	1007373285544333313	1007375997682049024	1007376164325937153	1007376172618076165	1007376183103819777	1007376180310413312	1007376197729308672	1007376197016309760	1007376255283531781	1007376422736932864	1007376441909137408	1007376444295647238	1007376462293368840	1007376477661384705	1007376501447315456	1007376715725852674	1007376799356121088	1007376801465761793	1007376943472435200	1007376951563177991	1007376956059475968	1007376955640033280	1007376963345018882	1007376961348554753	1007376961109233664	1007377014536499201	1007377042034364417	1007377178655444998	1007385031793233921	1007386681769648128	1007388268210552832	1007396761659322368	1007400628581289984	1007434657774948352	1007435623152660480	1007474629055733761	1007493348532412417	1007544586061975552	1007629294796001282	1007633015101632513	1007633092155240449	1007688552602316801	1007720652365803520	1007748600770768896	1007777285683007488	1007946930914242560	1008078227791929344	1008085977875795968	1008148101721477120	1008148649182973953	1008148884047179777	1008214116820021248	1008255210022678528	1008261803992903680	1008275283516874755	1008290433611399168	1008304613601304576	1008353347424935942	1008362947029143553	1008375186427543552	1008376219182645248	1008402533583335425	1008403732713889792	1008459479762067458	1008561110918877184	1008584216378916864	1008598660869906433	1008723317380014080	1008809416232132608	1008861337789911041	1008888714972553216	1008897981330812928	1008929325138055168	1008977195488825346	1009007398261010432	1009117488792195073	1009136351537696769	1009143103175954433	1009151688463306752	1009158590542704641	1009159603106480128	1009166010371510273	1009182794101096448	1009241384065196032	1009244496519946241	1009264241080037376	1009289500693008384	1009329795304448002	1009354687097790464	1009384404379201537	1009514957828968448	1009635756589998080	1009680006111531008	1009690297964507137	1009723808608145408	1009754373629460480	1009786063504715781	1009795268945043456	1010005869889716224	1010084696296833024	1010183178517188608	1010271597310210049	1010553798710841344	1010720934322491392	1010750198707052545	1010872856350208000	1010895668947378178	1010912344468344833	1010924317918392322	1010950976789012480	1011112558831468544	1011246275575074817	1011252283311640576	1011272660334960641	1011341008397889536	1011345780391792640	1011369270335459329	1011406572571058176	1011418144739508224	1011577761679462400	1011632043418103809	1011666013488754688	1011668710875123712	1011704100281552896	1011706402690289664	1011713129183494144	1011714754543570945	1011727553055379461	1011825342510534656	1011909850606002176	1011989210935377920	1011994592034672640	1012073307951321088	1012089911154012160	1012144912689557504	1012248485180030976	1012372464490475522	1012374889578328066	1012410458417041409	1012421322092134400	1012432432656629761	1012436977306783745	1012442775684616193	1012487684583927808	1012531764437270528	1012555522292080640	1012598239764234240	1012598648293781504	1012617268218347520	1012718322155229186	1012764987549351936	1012766995253608448	1012768216278622209	1012787142156677120	1012798761658081281	1012812900635955200	1015317244891533315
gossipcop-925984,https://www.w3livenews.com/Entertainment/2018/04/09/John-Krasinski-Jokes-He-Stalked-Emily-Blunt-and-Reiterates-Devil-Wears-Prada-Love/8690550,John Krasinski Jokes He Stalked Emily Blunt and Reiterates Devil Wears Prada Love,983037427282579456	983037756799504384	983038044990160897	983038287114899456	983038602979545089	983038666695114752	983038671329873920	983038669446500352	983038813508255746	983038905963474944	983038967871410177	983039273250312192	983040062333112320	983041798112083968	983042579804704769	983045797217353728	983046418624430080	983054097614950400	983062397438095360	983062694537248768	983070120024027136	983071240947630080	983077639668682752	983084217658560512	983089819558363136	983095148677554176	983102556476813312	983107670453338112	983114671036264448	983114669744447488	983114863647055873	983114877718945793	983114891631439873	983114903803301889	983114941539536896	983115042022445057	983115057717444608	983115085508960256	983115104941170688	983115153117011968	983115161652350978	983115319756689408	983115324785659905	983115373473075201	983115410064232450	983115415684435969	983115582953459712	983115594231840768	983115610421977088	983115637357731840	983115672019402752	983115821613572096	983115823089844226	983115830694170625	983115836805304322	983115873006313473	983129823789826048	983135106947678208	983142446925139968	983147956474822656	983155191246499842	983163009185886208	983169806344966144	983171697300983809	983171780218146816	983172025253539840	983175144486068229	983180389530218502	983188043929497601	983188096631132161	983195445747843072	983203325934952449	983210917360840704	983217524228554752	983222867729891328	983228070113890305	983233183956152320	983238436617306116	983246608576868352	983253662947405824	983260931978399744	983261027763535872	983268056188121088	983273446170771456	983281172984688640	983288497527115778	983293655036276736	983298682148630528	983306247205089280	983313639145783296	983320549387468801	983326498437279745	983331514355138560	984046910209232898	984059997389754368	984073836785291265	993756937379606530
gossipcop-911983,http://celebritymaximum.com/2018/02/06/so-long-krystal-arie-luyendyk-jr-explains-why-he-sent-the-bachelors-most-polarizing-contestant-home/,Celebritymaximum.com,960957805803970560	960958553400885248	960958614654480384	960960895760388097	960965439315742720	960992339161468928	961078257243189248	961078264310652930	962366448583688194
gossipcop-858664,http://thepoliticsforums.com/threads/83390-Sean-Penn-did-not-Punch-somebody-and-gets-Rewarded!,Sean Penn did not Punch somebody and gets Rewarded!,870700993008107520	870701146830061568	870701354892709888	870701844464517120	870702537854156801	870702564198580228	870702859360141314	870703060716105728	870703386135371776	870703432474148864	870704113721384960	870704311193305088	870704351420923904	870705195713298432	870705613067530242	870705615189925888	870706877155258368	870708896167362560	870711696653824001	870713435599716357	870715665539190789	870715670559772672	870715667929899008	870715673772605440	870719765253410816	870736888793116672	870736912541265921	870736949073641474	870737077209575426	870737106917785600	870737113473589251	870737647089704960	870737867131277312	870737940632276992	870738105367769090	870738105170579457	870738140062941184	870738172958961666	870738601482616833	870738656176328704	870738881536249859	870738900091883520	870738936074821633	870739186193764352	870739201850998784	870739459020644352	870739472153006081	870739497583091712	870739893118304256	870739899170816001	870740091081302017	870740227912060928	870775315207008256	870804933360066560	870812545942265861	870812910641139716	870813706460045312	870833395219038209	870833517810372608	870833517449678848	870837796684136448	870839470181933057	870872837166219264	870876614459969536	870924329185366017	870949771887890432	871039350632468480	871068824887361536	871137281918332930	871213927375532032	871250615657213952
gossipcop-893257,https://www.cosmopolitan.com/entertainment/a25662309/khloe-kardashian-claps-back-photoshop-instagram/,Khloe Kardashian Claps Back at a Fan Accusing Her of Photoshopping a Picture on Insta,929526139009187840	929526175365455872	929526342961557504	929526829723070464	929527520067801088	929528203886059520	929528710595784705	929528762013806593	929529172266905600	929529241883983872	929529315519352843	929529322016333825	929529345768648704	929529711822172160	929529758207107072	929531641285849088	929531644301791232	929532216908029952	929532221928611842	929532265843093506	929532816341241856	929533974312923137	929534011348869120	929535653129449473	929536854327689216	929536973945090048	929537272826990592	929538512755372032	929540650361589760	929540968046620674	929541128512245761	929541659913785344	929542412413923330	929544594374713345	929545996123672576	929550827898986496	929552096763944960	929562950846869504	929563366108012544	929570711500410880	929587081382281218	929596456150822914	929602953891270656	929614291430453248	929656798688284672	929656820884439041	929656839930773505	929656888190472192	929657048685522945	929657067861954560	929657105220554753	929657137885777921	929657200070594561	929657283558166529	929657312570216448	929657316592488448	929657325941592064	929657333071872000	929657352336363520	929657397693550592	929657423056527360	929657641311318016	929657639201656832	929657658533179393	929657712094404609	929657725012840448	929657768713293826	929657811218386944	929657827488083973	929657844646973441	929658131872927744	929672673856278528	929781293025546240	929867451206131714	929867909958127618	929894410388627457	930459811115880448	930459821018636289	930461071294521345	930465367943798785	930469157749116928	930488275642519552	930490767222636544	930491808735485954
gossipcop-850409,https://www.harpersbazaar.com/celebrity/latest/a19703814/who-is-kate-hudson-boyfriend-danny-fujikawa/,Everything You Need to Know About Kate Hudson's Boyfriend Danny Fujikawa,862513382896746496	862513388655489025	862513393353216000	862513520369258496	862513709524041728	862514224614043655	862514241328361473	862514241261240320	862514254934675456	862514622435176450	862514789641146369	862514797853556736	862514802681196544	862514811590000640	862514832305659904	862514886131146752	862514891239809025	862514889423704064	862514894570012672	862514924794327040	862515000426082304	862515449069809665	862515659271413760	862515895972835328	862516485801095168	862516645213765632	862516650557427713	862516650247036928	862516665065422848	862516789980409856	862517106012803073	862517165244776448	862517174694535168	862517365291876352	862517824400617472	862517870898622464	862517888644763648	862517961478766593	862517984555929601	862518151761801216	862520194236895236	862520532360495105	862520858236952577	862521013480951809	862521291835920384	862521433242484738	862521432483540993	862523278522535938	862523294515437568	862524201650933761	862525485191966722	862525490300674048	862525521384656896	862526215491436545	862526952162213893	862526960009859073	862526959795843073	862526959678504960	862526960714502144	862526968511647744	862526968960401408	862527041689845761	862527953783181312	862528099795296257	862528134142361600	862528832636559360	862528849757732864	862529322686525440	862529513959432192	862530289175846912	862530473448194048	862530473318170624	862530473309872129	862530473284648960	862530472265396224	862530472039010304	862530471590117376	862530665002270720	862531008968613888	862531900304437248	862532249861984256	862533241726681088	862533370613383168	862533462229692416	862533627174957056	862534565004529665	862534631089897476	862534750166188032	862535137715736578	862535270666706944	862536375769473024	862537509749653504	862540668958380032	862541151752118272	862546496335556608	862548545160794112	862548628765913089	862552164346068992	862553403494420480	862562952288665600	862567163525296132	862571243806916609	862571657789030400	862576405330018304	862579525518893056	862592701719511041	862704897870798848	862721638172737537	862938589113536512	862938698018693120	862961046105059328	862961837750460416	862961835124719616	862961840858386432	862961839692333056	862961839390416896	862961838811627520	862961838551482368	862973675674386432	865077028852248576	865346113427185665	865647060921368577	865679255182733313	866121930725785600	866162099348811777	866378863533727744	866938070335201280	867194497066823680	870036992964399109	870653285543407616	872228906157387776	873730070367670274	874308115654725633	874804133500510209	876947272696778752	879095933937614850	879518952988213248	879991303332913152	880867835660128256	881137610265165824	882137973965377536	883492632084840448	884129336131035136	884956543967526912	886152670918127616	887675702690156545	888175522215333889	889751124210847749	890296219762872320	890656337167888385	890854413056839680	891925235695587329	892357543795806209	894463425178472448	894646134844649472	895295919347859456	896167406854438914	896734155307978753	897884967514066945	898188222735548416	898606731860758531	898676954659823616	899081354595504128	899445752799404033	901916292206256128	902113601498095616	903803474474872833	905060772304359424	905296307270676481	906183416147791873	908694477283495936	909452202955214848	911229163348078593	911973070306512896	914719176421466112	915984494863241216
gossipcop-942876,https://people.com/tv/jackson-odell-cause-death-accidental-drug-overdose/,The Goldbergs Actor Jackson Odell Died of an Accidental Drug Overdose,1005871589290848258	1005872263084666881	1005872468505055232	1005874184310968320	1005874901314686977	1005875595891367936	1005875956282621952	1005876441358196736	1005876998558834688	1005881995266699265	1005886675757813760	1005887184442777600	1005887562383101952	1005890287108001792	1005894733699272704	1005899747993976832	1005900911787458560	1005902269336846336	1005914029418659840	1005918739425001473	1005921454129479680	1005927217560543232	1005929154716450818	1005941899528757248	1005942079632101377	1005947287896580096	1005948215634477056	1005950488305528834	1005950740077170688	1005951944685305856	1005952216572755968	1005953469373648906	1005957319576842240	1005960075775578112	1005964047274139653	1005964214790311936	1005965178855395328	1005970284732530689	1005972634863980544	1005977700153024512	1005989634013163520	1006002805344174080	1006005081173610507	1006008286259433472	1006011279683792896	1006020706470068224	1006030146338320384	1006032284800045056	1006040480109465600	1006044281533026304	1006065556032811014	1006066751140843521	1006068776767578112	1006068857973460992	1006069468118880256	1006069560926187522	1006069591481692160	1006069677636964353	1006070085767884800	1006070860468445184	1006090986672607233	1006147310567297024	1006155946295480326	1006156754495864832	1006161804140208128	1006184408569741314	1006198861214306304	1006230316472848384	1006245669076701184	1006578156013318144	1007287683926802433	1010265432849309700	1034495497879388163	1048111064188170240	1057050955227820032
gossipcop-872759,https://tlcnaptown.com/2352693/janet-jackson-is-in-good-spirits-as-she-prepares-to-resume-tour-as-a-single-mom/,Janet Jackson Is In Good Spirits As She Prepares To Resume Tour As A Single Mom,895725356887527424	895727607219617794	895727781430136832	895728271031017476	895728969059905542	895732612769103872	895733547465457664	895735671507243009	895736620795781120	895738226094342155	895741579167637504	895747974130794496	895755247758528513	895776083072749570	895813245331619840	895822423500763136	895870197940092934	895882001068171268	895907724730527744	895946999295594496	895951055086907392	896095555771785216	896127162486448129	896219290835324928	896311284710477824
gossipcop-884026,https://globalnews.ca/news/3780493/jim-carrey-lawsuit-cathriona-white-note/,Jim Carrey lawsuit: Unearthed note from ex-girlfriend makes shocking claims,914177902798876673	914177911199956992	914178354743521281	914178379540307968	914179242031812608	914179362072727553	914180669261205504	914182820779757575	914183333025693696	914183486751244289	914184077191737345	914184106493300736	914184106031775744	914184489596801024	914184495267491843	914185085988913152	914185100665016320	914185127722352640	914185410326224896	914185984077594625	914188406686707712	914189122281013248	914189425541758976	914189682208100353	914189766350053376	914192694276182018	914193200784527360	914194470098411520	914194993299980288	914195994207768580	914198675793969152	914198679531040768	914198683020779521	914198686120505346	914198703132385282	914199804053381120	914202639201652736	914211116108173313	914230112534614016	914234300542861312	914234329319989248	914234335548416000	914234912453963776	914236451939811328	914236497758490625	914236545095409665	914236560748498947	914236693779238914	914236725781762048	914236742793940992	914236739887206406	914236774473519109	914236779208826880	914236781989699584	914236955562520581	914236964425134080	914236991318970369	914237019932545024	914237054002843650	914237062475321344	914237091084668928	914237097229340672	914237278553243649	914237298367238144	914237343535714305	914237356697321474	914237468714655744	914237526243778560	914237526126284801	914237567024934917	914239902786609152	914275714244894720	914275735505793025	914284542600638464	914285134131679233	914285518610771968	914366021926080512	914368090154119169	914368098857312256	914614060318150657	914691436993327104	917735178868576257	920072070662418432	920603304614420480
gossipcop-950749,https://www.zmonline.com/photos/zm-photos/heres-what-lindsay-lohans-parent-trap-body-double-looks-like/,Here's What Lindsay Lohan's ‘Parent Trap' Body Double Looks Like!,576133318095331328	584816060517457920	844693985817870337	844693991425687552	844694029346353152	844694026494197760	844749059197812736	844782791321563137	844848651834843136	847654951559905282	857037558009737217	857039572429090816	857952317492133889	868217963488329728	869508995807027200	870373671558275072	871975225809707010	872258352700563456	873998304027099136	876140417724538880	877051164839133184	878968208048271361	880008411626196992	880183295186800640	880183302237421571	881005215356403712	883102055379869697	885457561268273152	903368380773789696	903415455498502144	974156360450478080	1023511739957211136	1023513986074066944	1023514114688212992	1023514831465459712	1023515456274096129	1023515759488581632	1023515851130130432	1023516022815563777	1023516102020743168	1023516752771076096	1023516895159496704	1023517688029700096	1023518371172818946	1023519164609249280	1023519625680699392	1023521538186739712	1023522597059915776	1023527327559348224	1023529834838777856	1023532266100850688	1023534780976189440	1023538741590155264	1023538974701305857	1023543932716634112	1023553762915274752	1023559524064481280	1023566078822178816	1023578584751861772	1023578638875324416	1023581312643297286	1023618919272198144	1023618952277229570	1023618963056611328	1023618995444961280	1023619057654874112	1023619204463906818	1023619250399928320	1023619248701288449	1023619250982932483	1023619262231982080	1023619297187454977	1023619302837104641	1023619432327905281	1023619439810494464	1023619484106612738	1023619503798796288	1023619503471710214	1023619698569748480	1023619721541939200	1023619804899536896	1023619827708116992	1023619929927557122	1023619972042555392	1023619968934535169	1023619985132929029	1023620036257370112	1023620054246666241	1023666250763792385	1023666273584988160	1023687372238540800	1023690045138587649	1023786141424791552	1024014396723486725	1024381181608046598	1024388482918232064	1024391752789188622	1024394271653281792	1024398294443675648	1024404086731550721	1024404335390859264	1024406850412924928	1024406940749848577	1024418679990177793	1025124188904779776	1025927005412446208	1034180514020765696
gossipcop-860866,https://www.esquire.com/entertainment/movies/a25133806/joe-alwyn-mary-queen-of-scots-interview-2018/,"Prepare to See Joe Alwyn in, Well, Everything",874965664699756544
gossipcop-881554,https://variety.com/2017/politics/news/donald-trump-emmy-award-ratings-1202564180/,Trump Says He Was ‘Saddened’ by ‘Worst Ever’ Emmy Ratings,910506349422895104	910506818706821120	910507465179049984	910507924220403714	910508760233398273	910508892097884160	910509164320800768	910510625998041088	910511558450712578	910512006947643395	910513160104247299	910518663958220800	910518815200546818	910519053181218818	910519305518927873	910520991121633281	910523592726667264	910534256752857090	910547237209600000	910548464131440640	910554596694573056	910575244179595264	910584106177712128	910852186300698624	910852546012569601
gossipcop-880486,https://hellogiggles.com/news/prince-charles-transition-to-king-might-already-be-in-the-works/,"Prince Charles’ transition to king might already be in the works, and here’s what we know",908835153589542912	908840173374513153	908840388177182720	908840781741531136	908842815660183557	908843511532998656	908843533662121985	908843580529274880	908843588737470471	908843956632403969	908845234783535104	908845850079633409	908846713846194176	908847190851899392	908847305868136448	908847716293398528	908847920455151618	908848362602016773	908851721102905346	908853391408848896	908853460480647168	908853464519761920	908856352394612738	908857270137610240	908859276310986754	908904820056248320	908929048121892864	908943145064435713	908947971366146049	908948113607598081	908948138064515073	908948156804685824	908948198613544960	908948209959161856	908948341563772928	908948361771933697	908948361449000960	908948389315973120	908948401047396352	908948397431885824	908948438309593089	908948448539488257	908948780069851136	908948805923549185	908948907115339776	908948945081999360	908948961137963008	908948979475521536	908948997305454592	908949030679531520	908949074484891648	908949149281898498	908949171553685504	908949190935531520	908949213014368256	908983481258065921	909019678932176897	909027171573825536	909075300037939201	909098508644442112	909109831528837120	909125365133660160	909126249020362753	909126337507598336	909127434016092162	909132326969454593	909177719165980672	909209431090565120	909253914922557441	909253952356614144	909254665774206977	909266977692225536	909313509862907904	909313854093570049	909314860437135360	909315269369135105	909315645023678464	909334971952885760	909387199786946560	909518986416713729	909788603814948865	909789905961746433	909810788621279232	909815327063789569	909819591139971072	909827625253834753
gossipcop-897431,https://en.wikipedia.org/wiki/Colin_Jost,Colin Jost,936579903708901376	936580431272607744	936580548247670785	936580819107360769	936580837688184833	936581095482707968	936581185635082240	936581429890203649	936582560791928832	936582824601292800	936583602527076352	936584206691524608	936586507015589888	936586595259551744	936587711271637003	936588515206459392	936596036453371909	936596443292491776	936613856000073729	936616596885458945	936619161559511040	936629672716197890	936645034354663426
gossipcop-852198,https://www.washingtonpost.com/lifestyle/inside-melania-trumps-complicated-white-house-life-separate-schedules-different-priorities/2018/05/06/60f6f07e-4703-11e8-9072-f6d4bc32f223_story.html,"Inside Melania Trump’s complicated White House life: Separate schedule, different priorities",864213886144319488	864214447987937280	864215114886422528	864215126093647872	864215173908774913	864215177117356032	864215186638426114	864215388749475840	864215411688173568	864215656320950273	864216018268377088	864217943609008128	864218393813016576	864220378108903424	864220644182900737	864220774525149184	864222043369230337	864224525969379330	864284034012069888	864291846943416321	864294362624122881	864294377975291904	864294596498513921	864294602936696832	864294602634780672	864294603796520960	864294608582303744	864295146690670592	864296998375116800	864297011037601792	864297007778734080	864297619815677952	864298117264326656	864298122389762049	864298126307319809	864298123358687233	864298130962919424	864298132732919808	864298141301981184	864298379823562753	864300075782201344	864301044968243200	864301070226309120	864304456225112065	864372883191021568	865682613247148033	890648536315871232	894986134803099649	904149769697853440	905652913128620034	906515188156915712
gossipcop-908254,https://www.vogue.com/article/maisie-williams-bridesmaid-at-sophie-turner-and-joe-jonas-wedding,Maisie Williams Will Be a Bridesmaid at Sophie Turner and Joe Jonas’s Wedding,955584375122550784	955585950763143175	955586211627888640	955588380791746560	955588668613386241	955590420704083968	955590916810579968	955594395075538944	955595983311654912	955599063625420800	955600826944253952	955606191412936704	955610437319561217	955613728723972096	955626226785202177	955632360816459777	955637675297357825	955650765313384448	955655190350323714	955671244988280832	955687759393550336	955692212251250688	955703990032982017	955713786396266497	955720470392901633	955723166814494720	955724888676945921	955725635598594048	955729514834743296	955736776064221184	955742060736167937	955749600639385600	955754773810053121	955760110134902791	955772229903572992	955787034081349632	955788413432627200
gossipcop-889739,https://article.wn.com/view/2017/10/27/What_They_Watch_The_TV_Diaries_of_Chicago_Med_Star_Torrey_De/,What They Watch: The TV Diaries of Chicago Med Star Torrey Devitto,923884635263815680	923886004934647808	923886004905193472	923886012375343110	923886010118782976	923887301754679296	923887510983454720	923887547822104576	923888118381477888	923888172873986048	923889079376367616	923889111257169920	923889792743628800	923892168409927681	923892639581294592	923893680544649217	923894971337281536	923897167059869696	923898513766932481	923898784513449984	923899447313960961	923900791622111232	923900796219076610	923901189833424898	923902732565495813	923907731064582144	923912691273515013	923917868554735616	923918102794063872	923920159806550017
gossipcop-911379,https://www.dailymail.co.uk/femail/article-5656697/Married-Sight-star-sex-early-having-baby.html,Married at First Sight star who had sex 'too early' is now having a baby,960865203855519744	960865909840793602	960866455402237953	960866505671004160	960866557692907520	960869756986261506	960870714067763202	960872245991231488	960874211886747649	960874501276749825	960874830626160640	960877295975112704	960877749199044608	960885775939256320	960890182865125376	960893318107340802	960897153039204357	960900995193626624	960918658951368705	960935732654219264	960939477140045824	960939475999195136	960941000922312704
gossipcop-845913,https://en.wikipedia.org/wiki/Nicolette_Robinson,Nicolette Robinson,856928372513017857	856929002539429890	856929351635423232	856929398368239616	856930600850030592	856931053176573952	856931374766227457	856931440080146434	856933860877123584	856937637814206464	856937657078763520	856937664334909441	856937666033590272	856937892135845889	856937891603165185	856937914915106816	856938387248250880	856947385838292993	856952227440631808	857054848793145344	857105270346059777	857251515840331777
gossipcop-933029,https://www.today.com/parents/40-last-minute-mother-s-day-gifts-she-ll-really-t90106,42 last-minute Mother's Day gifts that she'll actually love,993637102406418434	993638630999642114	993638748557664256	993640382343790592	993640476371816448	993640866219610112	993641020800880641	993648340154945536	993653366096973830	993658662815023104	993662549139828736	993770876846903296	993822650555420672	995029350671114240	995137041695494145	995395823721730048
gossipcop-939721,http://wstale.com/lifestyle/botched-patient-ottavio-wants-the-doctors-to-give-him-the-ultimate-pop-star-look-on-botched/,Botched Patient Ottavio Wants the Doctors to Give Him the Ultimate Pop Star Look on Botched,1002009849016676352	1002083912196255744	1002084030517522432	1002084043746357248	1002084083500019713	1002084080886910976	1002084084070404096	1002084114894409728	1002084131398914048	1002084130010648577	1002084291243802624	1002084300467130368	1002084303407337477	1002084310202114048	1002084336458452992	1002084387150811136	1002084585486905344	1002084599818792960	1002084616654778368	1002084662444019714	1002084879901908993	1002084913154285568	1002085075004153856	1002085313961971713
gossipcop-848402,https://www.complex.com/pop-culture/2017/05/real-housewives-star-offers-oral-sex-daughter-meet-john-legend-chrissy-teigen-responds,"'Real Housewives' Star Jokingly Offers Oral Sex From Daughter to Meet John Legend, Chrissy Teigen Responds",860107805755408384	860108302415417345	860108356429561861	860108978122092545	860109099765313540	860109161488674816	860109619582164992	860109625571635200	860109707280777217	860109886780297216	860109934083661824	860109960419708929	860110081211478016	860110095799156736	860110116716244994	860110178892558336	860110341925097472	860110368550510592	860110668279799808	860112105969549314	860112950480207872	860113003953496064	860113307142729728	860113572596244480	860113585468461056	860113584247914497	860113584012972032	860113594108727296	860113617663934464	860113633614811137	860113640829075461	860113641940463616	860113756113829891	860114020245917696	860114094095048704	860114217541697537	860114848432009218	860115121514856450	860115177760411648	860115195904929792	860119107571765252	860121083663351809	860122731009908737	860128898662637570	860128904144498689	860128901636345856	860129528307343361	860171723508822016	860175465159376896	860177321608835072	860179253941293057	860180264965648386	860209748221743104	860247189951533056
gossipcop-955009,https://www.usmagazine.com/celebrity-moms/news/michael-buble-wife-luisana-lopilato-welcome-baby-no-3/,Michael Buble and Wife Luisana Lopilato Welcome Baby No. 3,1015046185583890432	1015046211781451776	1015046245419814913	1015046281536901120	1015046311102631936	1015046325828808705	1015046339057672192	1015046474009337856	1015046489385644033	1015046513255505920	1015046768277577729	1015046765886803968	1015046770911571968	1015046963069358081	1015046973391626240	1015046995021631488	1015047016802635776	1015047208515833856	1015047236454174721	1015047243425046531	1015047302329917440	1015047310609469440	1015129780700753920	1015926725279182849	1015928516125319168	1015931757839908865	1015935784879345669	1015937039949320193	1015941322606350337	1015943334676914177	1015950130523107328	1015951162741264384	1022541579402268672	1022541928926257153	1022542104055111680	1022543045542047744	1022549671669952513	1022550662758973440	1022551215379542016	1022552188495654912	1022555567733108736	1022564765124579328	1022582103425396741	1022582642531856384	1022607396252860417	1022608358967332864	1022611311677460481	1022640759592427526	1022647055695708160	1022647727715430402	1022650773958578176	1022651814267760640	1022663020231700480	1022663296841916416	1022673908812718080	1022724436557017088	1022893483600867328	1022920326479523841	1022948676774383616	1022949701765787648	1022952518958166017	1022954805206036480	1023221186048610304	1023957559454121985	1024070096812171266	1024070368661852160	1024071806121115648	1024101289045774337	1024128436430929921	1024188541172101120	1024189614557417472	1024191851115495424	1024193821385674752	1024197098844172289	1024238263509364737	1024286197055664128
gossipcop-897603,https://www.teenvogue.com/story/selena-gomez-not-changing-blonde-hair,Selena Gomez Is Going To Keep Her Blonde Hair,936830208857878528
gossipcop-908402,https://www.hollywoodreporter.com/lists/netflix-february-2018-new-releases-movies-tv-1077887,Netflix's New Releases Coming in February 2018,955831838592954368	955832018373312512	955833573147336704	955833875833516032	955834548956422144	955835054177050626	955835121910927362	955835164415987712	955835847781183488	955837427637104641	955838957643759617	955838956725329922	955848693143523331	955848692136923136	955848926535483394	955848943816060928	955848967715246083	955848970949025792	955849008035041280	955849012632018944	955849171571019778	955849172569198592	955849171734495234	955849178806194178	955849207532916737	955849225379680256	955849249593360385	955849338474950658	955849412798017536	955849439054319616	955849437401747457	955849535691132929	955849636199182336	955849638334091264	955849672018530306	955849677286658049	955849696026746881	955849703370973184	955849730575228928	955852379894796289	955852929608503296	955852930006970368	955860943929577472	955880690695929862	956052620401135617
gossipcop-862967,http://rarolae.com/halsey-calls-iggy-azalea-a-f-king-moron-and-calls-quavo-misunderstood/,"Halsey Calls Iggy Azalea a ""F--king Moron"" and Calls Quavo ""Misunderstood""",878304038453784580	878304409557516288	878304538112937985	878304596896210948	878304604668084224	878304990145597440	878306191545319424	878306190064664576	878306231869468672	878306343752544256	878306469690605568	878306964740096000	878308115002777601	878308199312568320	878308215699652608	878308249862197248	878308276286349312	878308284041748480	878311296428457984	878313470567034880	878317621183037444	878318379634794497	878319084504358912	878320663081107457	878321878489681921	878330895320600576	878342934860451840	878359669118574592	878368795139735555	878369171649609728	878369387090071556	878372631308890113	878397948173983745	878446558324428803	878452534922420225	878572683927183361	878633087621582849	878636352027238400	878758768951140352
gossipcop-886127,https://people.com/music/delilah-radio-child-suicide-breaks-silence-goodbye-note/,Delilah Opens Up About Son's Suicide and Heartbreaking Goodbye Note,917956396339073025
