{"url": "hollywoodlife.com/2018/08/13/angelina-jolie-heartbroken-brad-pitt-split/", "text": "There may be a deeper reason behind Angelina Jolie getting nasty in her custody battle with Brad Pitt, as a source EXCLUSIVELY tells HollywoodLife.com that going \u2018ice queen\u2019 is a way to cope with a broken heart!\n\nAngelina Jolie, 43, \u201creally hasn\u2019t come to terms with her heartbreak\u201d over her split from Brad Pitt, 54, a source close to the Maleficent actress EXCLUSIVELY tells HollywoodLife.com. \u201cShe\u2019s not in a place where she want to admit, it but the loss of their love is still haunting her. They had such a passionate love affair. It\u2019s not something that\u2019s easy for her to get over, not without a fight to match the size of their love. The fact is, Angelina\u2019s deeply hurt that they couldn\u2019t keep things together and have their happy Hollywood ending and she puts all the blame for that failure on Brad.\u201d\n\nPerhaps this explains the nasty turn Brad and Angelina\u2019s custody battle has taken, with her lobbing allegations of unpaid child support at her ex. \u201cInstead of facing her sadness and working through it,\u201d the source tells HollywoodLife.com, \u201cher coping mechanism is to go full ice queen. Sadly it is the only way she can get through this divorce. If she doesn\u2019t focus on her anger and stay in that frame of mind, she would crumble and possibly even have a breakdown.\u201d\n\n\u201cThat\u2019s just not an option\u201d for Angie, the source added. \u201cShe has to stay strong for her kids and unfortunately for Brad, \u2018staying strong\u2019 means \u2018staying angry.\u2019 \u201c Angie\u2019s anger, while helping her keep it together for her kids, but actually backfire and cost her the one thing she\u2019s trying to protect. Angelina\u2019s \u201ccarefully word-smithed\u201d accusation \u2013 where she claimed Brad didn\u2019t pay \u201cmeaningful\u201d child support \u2013 might come off as insincere to the judge overseeing the case, California family law attorney David Pisarra EXCLUSIVELY told HollywoodLife.com. \u201cI wouldn\u2019t be surprised if it backfires on her, as more and more judges are starting to see through these tactics quicker.\u201d\n\nBrad \u2013 who has denied the accusations by saying he\u2019s paid more than $9 million to Angelina \u2013 can\u2019t stand the fact that she\u2019s taken the battle public again. Brad fears that the added spotlight to this battle\u2019s bitterness is \u201churting the kids,\u201d and that nothing good can come from a nasty custody dispute. He was coping with the breakup when everything was sealed behind clothes doors, but now that it\u2019s out in the open, Brad feels like she\u2019s \u201ctaken off the gloves and is fighting dirty.\u201d", "images": ["https://hollywoodlife.com/wp-content/uploads/2018/08/angelina-jolie-brad-pitt-ftr.jpg?w=620", "https://stylecaster.com/wp-content/uploads/2021/05/kylie-jenner-nude-bikini.jpg?w=230&crop=1", "https://www.sheknows.com/wp-content/uploads/2021/05/bill-gates-affair.jpg?w=230&crop=1", "https://hollywoodlife.com/wp-content/uploads/2021/05/American-Idol-Caleb-abc-ftr.jpg?w=143&h=80&crop=1", "https://www.blogher.com/wp-content/uploads/2021/03/clubhouse-app-tips.png?w=230&crop=1", "https://sb.scorecardresearch.com/p?c1=2&c2=6035310&c3=&c4=&c5=&c6=&c15=&cv=2.0&cj=1", "https://hollywoodlife.com/wp-content/uploads/2021/05/Paulina-Porizkova-son-shutter-ftr.jpg?w=143&h=80&crop=1", "https://hollywoodlife.com/wp-content/uploads/2020/12/nightgown-shopping-ftr.jpg?w=143&h=80&crop=1", "https://hollywoodlife.com/wp-content/uploads/2017/06/jason_brow.jpg?w=48", "https://soaps.sheknows.com/wp-content/uploads/2021/05/Thomas-receives-apology-BB-HW.jpg?fit=1230%2C718&w=230&crop=1", "https://hollywoodlife.com/wp-content/uploads/2018/08/angelina-jolie-brad-pitt-ftr.jpg", "data:image/gif;base64,R0lGODlhAQABAIAAAAAAAP///yH5BAEAAAAALAAAAAABAAEAAAIBRAA7"], "top_img": "https://hollywoodlife.com/wp-content/uploads/2018/08/angelina-jolie-brad-pitt-ftr.jpg", "keywords": [], "authors": ["Jason Brow", "Kristyn Burtt", "Bella Gerard", "Jane Gahng", "Candace Young", "Charlie Mason", "Music", "Sports Editor"], "canonical_link": "https://hollywoodlife.com/2018/08/13/angelina-jolie-heartbroken-brad-pitt-split/", "title": "Angelina Jolie Can\u2019t Get Over Heartbreak Of Losing Brad Pitt \u2014 Real Reason For Fury, Says Source", "meta_data": {"description": "Angelina Jolie's recent nastiness in her custody battle with Brad Pitt may be her 'coping mechanism' as she deals with a broken heart.", "news_keywords": "Angelina Jolie, Brad Pitt", "robots": "max-image-preview:large", "apple-itunes-app": "app-id=1400650284", "generator": "WordPress 5.7.2", "author": "Jason Brow", "theme-color": "#fff", "apple-mobile-web-app-capable": "yes", "mobile-web-app-capable": "yes", "apple-touch-fullscreen": "YES", "apple-mobile-web-app-title": "Hollywood Life", "application-name": "Hollywood Life", "fb": {"pages": 94724837471}, "ia": {"markup_url_dev": "https://hollywoodlife.com/2018/08/13/angelina-jolie-heartbroken-brad-pitt-split/?ia_markup=1"}, "og": {"type": "article", "title": "Angelina Jolie Can\u2019t Get Over Heartbreak Of Losing Brad Pitt \u2014 Real Reason For Fury, Says Source", "url": "https://hollywoodlife.com/2018/08/13/angelina-jolie-heartbroken-brad-pitt-split/", "description": "There may be a deeper reason behind Angelina Jolie getting nasty in her custody battle with Brad Pitt, as a source EXCLUSIVELY tells HollywoodLife.com that going \u2018ice queen\u2019 is a way to cope with a\u2026", "site_name": "Hollywood Life", "image": {"identifier": "https://hollywoodlife.com/wp-content/uploads/2018/08/angelina-jolie-brad-pitt-ftr.jpg", "width": 620, "height": 349}, "locale": "en_US"}, "article": {"published_time": "2018-08-13T17:16:48+00:00", "modified_time": "2018-08-13T17:16:48+00:00"}, "twitter": {"text": {"title": "Angelina Jolie Can\u2019t Get Over Heartbreak Of Losing Brad Pitt \u2014 Real Reason For Fury, Says Source"}, "image": "https://hollywoodlife.com/wp-content/uploads/2018/08/angelina-jolie-brad-pitt-ftr.jpg?w=620", "card": "summary_large_image", "site": "@HollywoodLife", "title": "Angelina Jolie Can\u2019t Get Over Heartbreak Of Losing Brad Pitt \u2014 Real Reason For Fury, Says Source", "description": "Angelina Jolie's recent nastiness in her custody battle with Brad Pitt may be her 'coping mechanism' as she deals with a broken heart."}, "msapplication-TileImage": "https://hollywoodlife.com/wp-content/uploads/2018/06/hl_logo.png?w=128"}, "movies": [], "publish_date": 1534111200.0, "source": "http://hollywoodlife.com", "summary": ""}