{"created_at": "Mon Aug 13 17:25:31 +0000 2018", "id": 1029056365019496449, "id_str": "1029056365019496449", "text": "Angelina Jolie Can\u2019t Get Over Heartbreak Of Losing Brad Pitt \u2014 Real Reason For Fury, Says Source\u2026 https://t.co/sPf4mko8Ph", "truncated": true, "entities": {"hashtags": [], "symbols": [], "user_mentions": [], "urls": [{"url": "https://t.co/sPf4mko8Ph", "expanded_url": "https://twitter.com/i/web/status/1029056365019496449", "display_url": "twitter.com/i/web/status/1\u2026", "indices": [98, 121]}]}, "source": "<a href=\"http://www.powerapps.com\" rel=\"nofollow\">Microsoft Power Platform</a>", "in_reply_to_status_id": null, "in_reply_to_status_id_str": null, "in_reply_to_user_id": null, "in_reply_to_user_id_str": null, "in_reply_to_screen_name": null, "user": {"id": 781007522668941314, "id_str": "781007522668941314", "name": "ProBulldog", "screen_name": "probulldogblog", "location": "United States", "description": "We are https://t.co/IGeJb1wXvl \ud83d\udc36, a team of Bulldog lovers, owners and enthusiasts who love the Bully family and love writing about them. \ud83d\udc36\n\n#Bulldog #Frenchie", "url": "https://t.co/ZQSPGtWsd3", "entities": {"url": {"urls": [{"url": "https://t.co/ZQSPGtWsd3", "expanded_url": "https://www.probulldog.com", "display_url": "probulldog.com", "indices": [0, 23]}]}, "description": {"urls": [{"url": "https://t.co/IGeJb1wXvl", "expanded_url": "http://ProBulldog.com", "display_url": "ProBulldog.com", "indices": [7, 30]}]}}, "protected": false, "followers_count": 1642, "friends_count": 1461, "listed_count": 5, "created_at": "Wed Sep 28 05:47:58 +0000 2016", "favourites_count": 487, "utc_offset": null, "time_zone": null, "geo_enabled": false, "verified": false, "statuses_count": 21575, "lang": null, "contributors_enabled": false, "is_translator": false, "is_translation_enabled": false, "profile_background_color": "F5F8FA", "profile_background_image_url": null, "profile_background_image_url_https": null, "profile_background_tile": false, "profile_image_url": "http://pbs.twimg.com/profile_images/1347002729508560897/cua8HdnZ_normal.jpg", "profile_image_url_https": "https://pbs.twimg.com/profile_images/1347002729508560897/cua8HdnZ_normal.jpg", "profile_banner_url": "https://pbs.twimg.com/profile_banners/781007522668941314/1593537624", "profile_link_color": "1DA1F2", "profile_sidebar_border_color": "C0DEED", "profile_sidebar_fill_color": "DDEEF6", "profile_text_color": "333333", "profile_use_background_image": true, "has_extended_profile": true, "default_profile": true, "default_profile_image": false, "following": false, "follow_request_sent": false, "notifications": false, "translator_type": "none", "withheld_in_countries": []}, "geo": null, "coordinates": null, "place": null, "contributors": null, "is_quote_status": false, "retweet_count": 0, "favorite_count": 0, "favorited": false, "retweeted": false, "possibly_sensitive": false, "lang": "en"}