{"created_at": "Fri Aug 17 02:47:32 +0000 2018", "id": 1030284967102709760, "id_str": "1030284967102709760", "text": "Angelina Jolie Can\u2019t Get Over Heartbreak Of Losing Brad Pitt \u2014 Real Reason For Fury, Says Source\u2026 https://t.co/Uo6KaIc0aL", "truncated": true, "entities": {"hashtags": [], "symbols": [], "user_mentions": [], "urls": [{"url": "https://t.co/Uo6KaIc0aL", "expanded_url": "https://twitter.com/i/web/status/1030284967102709760", "display_url": "twitter.com/i/web/status/1\u2026", "indices": [98, 121]}]}, "source": "<a href=\"https://dlvrit.com/\" rel=\"nofollow\">dlvr.it</a>", "in_reply_to_status_id": null, "in_reply_to_status_id_str": null, "in_reply_to_user_id": null, "in_reply_to_user_id_str": null, "in_reply_to_screen_name": null, "user": {"id": 950289285596483584, "id_str": "950289285596483584", "name": "Is Netflix Down", "screen_name": "Isnetflixdown01", "location": "Chicago, IL", "description": "Netflix Down helps users identify their server response time to main Netflix server, while also updating viewers with the best Movies, Shows, Tips & Hacks.", "url": "https://t.co/iwrs384YLE", "entities": {"url": {"urls": [{"url": "https://t.co/iwrs384YLE", "expanded_url": "https://www.netflixdown.com/", "display_url": "netflixdown.com", "indices": [0, 23]}]}, "description": {"urls": []}}, "protected": false, "followers_count": 98, "friends_count": 248, "listed_count": 1, "created_at": "Mon Jan 08 08:53:16 +0000 2018", "favourites_count": 40, "utc_offset": null, "time_zone": null, "geo_enabled": false, "verified": false, "statuses_count": 3260, "lang": null, "contributors_enabled": false, "is_translator": false, "is_translation_enabled": false, "profile_background_color": "000000", "profile_background_image_url": "http://abs.twimg.com/images/themes/theme1/bg.png", "profile_background_image_url_https": "https://abs.twimg.com/images/themes/theme1/bg.png", "profile_background_tile": false, "profile_image_url": "http://pbs.twimg.com/profile_images/957203279695499264/Vz-6SD3D_normal.jpg", "profile_image_url_https": "https://pbs.twimg.com/profile_images/957203279695499264/Vz-6SD3D_normal.jpg", "profile_banner_url": "https://pbs.twimg.com/profile_banners/950289285596483584/1529391417", "profile_link_color": "E50915", "profile_sidebar_border_color": "000000", "profile_sidebar_fill_color": "000000", "profile_text_color": "000000", "profile_use_background_image": false, "has_extended_profile": false, "default_profile": false, "default_profile_image": false, "following": false, "follow_request_sent": false, "notifications": false, "translator_type": "none", "withheld_in_countries": []}, "geo": null, "coordinates": null, "place": null, "contributors": null, "is_quote_status": false, "retweet_count": 0, "favorite_count": 0, "favorited": false, "retweeted": false, "possibly_sensitive": false, "lang": "en"}