{"created_at": "Tue Aug 28 23:56:56 +0000 2018", "id": 1034590689336729600, "id_str": "1034590689336729600", "text": "We all know #BradPitt is really heartbroken over #AngelinaJolie cause he's stupid, stoned, and broke.", "truncated": false, "entities": {"hashtags": [{"text": "BradPitt", "indices": [12, 21]}, {"text": "AngelinaJolie", "indices": [49, 63]}], "symbols": [], "user_mentions": [], "urls": []}, "source": "<a href=\"http://twitter.com/download/android\" rel=\"nofollow\">Twitter for Android</a>", "in_reply_to_status_id": null, "in_reply_to_status_id_str": null, "in_reply_to_user_id": null, "in_reply_to_user_id_str": null, "in_reply_to_screen_name": null, "user": {"id": 898786896, "id_str": "898786896", "name": "Sean Drew", "screen_name": "Drewniak12345", "location": "Budd Lake, Tri State, NJ", "description": "Landscape Arhitect, Baller, Movie Goer, Loves Sausage and Extra Cheese", "url": null, "entities": {"description": {"urls": []}}, "protected": false, "followers_count": 44, "friends_count": 2, "listed_count": 1, "created_at": "Tue Oct 23 00:48:18 +0000 2012", "favourites_count": 39, "utc_offset": null, "time_zone": null, "geo_enabled": true, "verified": false, "statuses_count": 19370, "lang": null, "contributors_enabled": false, "is_translator": false, "is_translation_enabled": false, "profile_background_color": "000000", "profile_background_image_url": "http://abs.twimg.com/images/themes/theme4/bg.gif", "profile_background_image_url_https": "https://abs.twimg.com/images/themes/theme4/bg.gif", "profile_background_tile": false, "profile_image_url": "http://pbs.twimg.com/profile_images/1387557828186025984/SWYGXGvh_normal.jpg", "profile_image_url_https": "https://pbs.twimg.com/profile_images/1387557828186025984/SWYGXGvh_normal.jpg", "profile_banner_url": "https://pbs.twimg.com/profile_banners/898786896/1614719685", "profile_link_color": "1B95E0", "profile_sidebar_border_color": "000000", "profile_sidebar_fill_color": "000000", "profile_text_color": "000000", "profile_use_background_image": false, "has_extended_profile": true, "default_profile": false, "default_profile_image": false, "following": false, "follow_request_sent": false, "notifications": false, "translator_type": "none", "withheld_in_countries": []}, "geo": null, "coordinates": null, "place": {"id": "32832fcb3a6e2d77", "url": "https://api.twitter.com/1.1/geo/id/32832fcb3a6e2d77.json", "place_type": "city", "name": "Budd Lake", "full_name": "Budd Lake, NJ", "country_code": "US", "country": "United States", "contained_within": [], "bounding_box": {"type": "Polygon", "coordinates": [[[-74.782723, 40.843026], [-74.71025, 40.843026], [-74.71025, 40.907135], [-74.782723, 40.907135]]]}, "attributes": {}}, "contributors": null, "is_quote_status": false, "retweet_count": 4, "favorite_count": 11, "favorited": false, "retweeted": false, "lang": "en"}