{"created_at": "Mon Oct 08 01:46:04 +0000 2018", "id": 1049113665260179456, "id_str": "1049113665260179456", "text": "Heartbreak Couple #BradPitt &amp; #AngelinaJolie #Brangelina #Celebs #Breakups #Heartbroken #CelebrityBreakups\u2026 https://t.co/Kax5LWL28N", "truncated": true, "entities": {"hashtags": [{"text": "BradPitt", "indices": [18, 27]}, {"text": "AngelinaJolie", "indices": [34, 48]}, {"text": "Brangelina", "indices": [49, 60]}, {"text": "Celebs", "indices": [61, 68]}, {"text": "Breakups", "indices": [69, 78]}, {"text": "Heartbroken", "indices": [79, 91]}, {"text": "CelebrityBreakups", "indices": [92, 110]}], "symbols": [], "user_mentions": [], "urls": [{"url": "https://t.co/Kax5LWL28N", "expanded_url": "https://twitter.com/i/web/status/1049113665260179456", "display_url": "twitter.com/i/web/status/1\u2026", "indices": [112, 135]}]}, "source": "<a href=\"https://buffer.com\" rel=\"nofollow\">Buffer</a>", "in_reply_to_status_id": null, "in_reply_to_status_id_str": null, "in_reply_to_user_id": null, "in_reply_to_user_id_str": null, "in_reply_to_screen_name": null, "user": {"id": 242376825, "id_str": "242376825", "name": "Magi Helena", "screen_name": "MagiHelena", "location": "Thousand Oaks, CA", "description": "\"America's #1 Astrologer\" \u2606Astrology for Love & Success \u2606Text ASTROLOGY to 51555", "url": "https://t.co/Y158Xnw0WJ", "entities": {"url": {"urls": [{"url": "https://t.co/Y158Xnw0WJ", "expanded_url": "https://www.magihelena.com", "display_url": "magihelena.com", "indices": [0, 23]}]}, "description": {"urls": []}}, "protected": false, "followers_count": 935, "friends_count": 971, "listed_count": 28, "created_at": "Mon Jan 24 16:58:24 +0000 2011", "favourites_count": 621, "utc_offset": null, "time_zone": null, "geo_enabled": false, "verified": false, "statuses_count": 6729, "lang": null, "contributors_enabled": false, "is_translator": false, "is_translation_enabled": false, "profile_background_color": "000000", "profile_background_image_url": "http://abs.twimg.com/images/themes/theme1/bg.png", "profile_background_image_url_https": "https://abs.twimg.com/images/themes/theme1/bg.png", "profile_background_tile": false, "profile_image_url": "http://pbs.twimg.com/profile_images/1213895648929435648/-0y76gRS_normal.jpg", "profile_image_url_https": "https://pbs.twimg.com/profile_images/1213895648929435648/-0y76gRS_normal.jpg", "profile_banner_url": "https://pbs.twimg.com/profile_banners/242376825/1601580904", "profile_link_color": "3B94D9", "profile_sidebar_border_color": "000000", "profile_sidebar_fill_color": "000000", "profile_text_color": "000000", "profile_use_background_image": false, "has_extended_profile": false, "default_profile": false, "default_profile_image": false, "following": false, "follow_request_sent": false, "notifications": false, "translator_type": "none", "withheld_in_countries": []}, "geo": null, "coordinates": null, "place": null, "contributors": null, "is_quote_status": false, "retweet_count": 0, "favorite_count": 1, "favorited": false, "retweeted": false, "possibly_sensitive": false, "lang": "en"}