{"created_at": "Tue Oct 09 04:47:30 +0000 2018", "id": 1049521712944037889, "id_str": "1049521712944037889", "text": "Is Angelina Jolie heartbroken over Brad Pitt and Sat Hari Khalsa dating rumours? https://t.co/XScAEMh95T via @ibtimes_india", "truncated": false, "entities": {"hashtags": [], "symbols": [], "user_mentions": [{"screen_name": "ibtimes_india", "name": "IBTimes \ud83c\uddee\ud83c\uddf3", "id": 403670899, "id_str": "403670899", "indices": [109, 123]}], "urls": [{"url": "https://t.co/XScAEMh95T", "expanded_url": "https://www.ibtimes.co.in/angelina-jolie-heartbroken-over-brad-pitt-sat-hari-khalsa-dating-rumours-782439", "display_url": "ibtimes.co.in/angelina-jolie\u2026", "indices": [81, 104]}]}, "source": "<a href=\"http://twitter.com\" rel=\"nofollow\">Twitter Web Client</a>", "in_reply_to_status_id": null, "in_reply_to_status_id_str": null, "in_reply_to_user_id": null, "in_reply_to_user_id_str": null, "in_reply_to_screen_name": null, "user": {"id": 814338481786916864, "id_str": "814338481786916864", "name": "Narain Sagar Wadhwani", "screen_name": "naruw16111", "location": "", "description": "", "url": null, "entities": {"description": {"urls": []}}, "protected": false, "followers_count": 7, "friends_count": 68, "listed_count": 0, "created_at": "Thu Dec 29 05:13:18 +0000 2016", "favourites_count": 3, "utc_offset": null, "time_zone": null, "geo_enabled": false, "verified": false, "statuses_count": 2476, "lang": null, "contributors_enabled": false, "is_translator": false, "is_translation_enabled": false, "profile_background_color": "F5F8FA", "profile_background_image_url": null, "profile_background_image_url_https": null, "profile_background_tile": false, "profile_image_url": "http://abs.twimg.com/sticky/default_profile_images/default_profile_normal.png", "profile_image_url_https": "https://abs.twimg.com/sticky/default_profile_images/default_profile_normal.png", "profile_link_color": "1DA1F2", "profile_sidebar_border_color": "C0DEED", "profile_sidebar_fill_color": "DDEEF6", "profile_text_color": "333333", "profile_use_background_image": true, "has_extended_profile": false, "default_profile": true, "default_profile_image": true, "following": false, "follow_request_sent": false, "notifications": false, "translator_type": "none", "withheld_in_countries": []}, "geo": null, "coordinates": null, "place": null, "contributors": null, "is_quote_status": false, "retweet_count": 0, "favorite_count": 0, "favorited": false, "retweeted": false, "possibly_sensitive": false, "lang": "en"}