{"created_at": "Fri Oct 19 09:22:08 +0000 2018", "id": 1053214708331921409, "id_str": "1053214708331921409", "text": "Jennifer Aniston Not Heartbroken Over Brad Pitt's Two-Timing, Despite Report\n\nhttps://t.co/npgvON9dyQ", "truncated": false, "entities": {"hashtags": [], "symbols": [], "user_mentions": [], "urls": [{"url": "https://t.co/npgvON9dyQ", "expanded_url": "http://zpr.io/6S8t3", "display_url": "zpr.io/6S8t3", "indices": [78, 101]}]}, "source": "<a href=\"https://zapier.com/\" rel=\"nofollow\">Zapier.com</a>", "in_reply_to_status_id": null, "in_reply_to_status_id_str": null, "in_reply_to_user_id": null, "in_reply_to_user_id_str": null, "in_reply_to_screen_name": null, "user": {"id": 947448037311365121, "id_str": "947448037311365121", "name": "Business Times", "screen_name": "enbusinesstimes", "location": "", "description": "News of Insights Covering Various Fields of Business, Finance and Economy in China, South East Asia, Africa and Other Countries Along One Belt One Road", "url": "https://t.co/XstU3JpsQL", "entities": {"url": {"urls": [{"url": "https://t.co/XstU3JpsQL", "expanded_url": "https://www.btimesonline.com", "display_url": "btimesonline.com", "indices": [0, 23]}]}, "description": {"urls": []}}, "protected": false, "followers_count": 190, "friends_count": 26, "listed_count": 4, "created_at": "Sun Dec 31 12:43:09 +0000 2017", "favourites_count": 0, "utc_offset": null, "time_zone": null, "geo_enabled": false, "verified": false, "statuses_count": 9990, "lang": null, "contributors_enabled": false, "is_translator": false, "is_translation_enabled": false, "profile_background_color": "F5F8FA", "profile_background_image_url": null, "profile_background_image_url_https": null, "profile_background_tile": false, "profile_image_url": "http://pbs.twimg.com/profile_images/1220803096101691394/aVYl6kDm_normal.jpg", "profile_image_url_https": "https://pbs.twimg.com/profile_images/1220803096101691394/aVYl6kDm_normal.jpg", "profile_banner_url": "https://pbs.twimg.com/profile_banners/947448037311365121/1579897115", "profile_link_color": "1DA1F2", "profile_sidebar_border_color": "C0DEED", "profile_sidebar_fill_color": "DDEEF6", "profile_text_color": "333333", "profile_use_background_image": true, "has_extended_profile": false, "default_profile": true, "default_profile_image": false, "following": false, "follow_request_sent": false, "notifications": false, "translator_type": "none", "withheld_in_countries": []}, "geo": null, "coordinates": null, "place": null, "contributors": null, "is_quote_status": false, "retweet_count": 0, "favorite_count": 0, "favorited": false, "retweeted": false, "possibly_sensitive": false, "lang": "en"}