{"created_at": "Mon Oct 22 12:34:05 +0000 2018", "id": 1054350177652244480, "id_str": "1054350177652244480", "text": "The Truth About Jennifer Aniston 'Heartbroken' After Being Deceived By Brad Pitt - International Business Times https://t.co/au3zxZkuV7", "truncated": false, "entities": {"hashtags": [], "symbols": [], "user_mentions": [], "urls": [{"url": "https://t.co/au3zxZkuV7", "expanded_url": "http://dlvr.it/Qp6T8s", "display_url": "dlvr.it/Qp6T8s", "indices": [112, 135]}]}, "source": "<a href=\"https://dlvrit.com/\" rel=\"nofollow\">dlvr.it</a>", "in_reply_to_status_id": null, "in_reply_to_status_id_str": null, "in_reply_to_user_id": null, "in_reply_to_user_id_str": null, "in_reply_to_screen_name": null, "user": {"id": 620485585, "id_str": "620485585", "name": "Brad Pitt Share", "screen_name": "BradPittShare", "location": "CANADA, Greater Sudbury ", "description": "Fantasy Brad Pitt News from news sources all around the world", "url": null, "entities": {"description": {"urls": []}}, "protected": false, "followers_count": 4591, "friends_count": 3394, "listed_count": 24, "created_at": "Thu Jun 28 00:39:16 +0000 2012", "favourites_count": 0, "utc_offset": null, "time_zone": null, "geo_enabled": false, "verified": false, "statuses_count": 19736, "lang": null, "contributors_enabled": false, "is_translator": false, "is_translation_enabled": false, "profile_background_color": "000000", "profile_background_image_url": "http://abs.twimg.com/images/themes/theme1/bg.png", "profile_background_image_url_https": "https://abs.twimg.com/images/themes/theme1/bg.png", "profile_background_tile": true, "profile_image_url": "http://pbs.twimg.com/profile_images/2942458178/4d47e763fe635a31497845ce6a885d00_normal.jpeg", "profile_image_url_https": "https://pbs.twimg.com/profile_images/2942458178/4d47e763fe635a31497845ce6a885d00_normal.jpeg", "profile_link_color": "0000FF", "profile_sidebar_border_color": "FFFFFF", "profile_sidebar_fill_color": "DDEEF6", "profile_text_color": "333333", "profile_use_background_image": true, "has_extended_profile": false, "default_profile": false, "default_profile_image": false, "following": false, "follow_request_sent": false, "notifications": false, "translator_type": "none", "withheld_in_countries": []}, "geo": null, "coordinates": null, "place": null, "contributors": null, "is_quote_status": false, "retweet_count": 0, "favorite_count": 0, "favorited": false, "retweeted": false, "possibly_sensitive": false, "lang": "en"}