{"created_at": "Sun Oct 21 15:56:54 +0000 2018", "id": 1054038830125244416, "id_str": "1054038830125244416", "text": "Jennifer Aniston 2018: Justin Theroux\u2019s Ex Heartbroken over Brad Pitt\u2019s Two-Timing? Report Debunked - EconoTimes\u2026 https://t.co/l2Vd3IJMWk", "truncated": true, "entities": {"hashtags": [], "symbols": [], "user_mentions": [], "urls": [{"url": "https://t.co/l2Vd3IJMWk", "expanded_url": "https://twitter.com/i/web/status/1054038830125244416", "display_url": "twitter.com/i/web/status/1\u2026", "indices": [114, 137]}]}, "source": "<a href=\"http://twitter.com\" rel=\"nofollow\">Twitter Web Client</a>", "in_reply_to_status_id": null, "in_reply_to_status_id_str": null, "in_reply_to_user_id": null, "in_reply_to_user_id_str": null, "in_reply_to_screen_name": null, "user": {"id": 43635914, "id_str": "43635914", "name": "louiseb.", "screen_name": "louisepb23", "location": "", "description": "Interested in arts and languages. Online Media Correspondent and Reporter - Covers news and events.", "url": null, "entities": {"description": {"urls": []}}, "protected": false, "followers_count": 298, "friends_count": 252, "listed_count": 1, "created_at": "Sun May 31 03:45:45 +0000 2009", "favourites_count": 52, "utc_offset": null, "time_zone": null, "geo_enabled": false, "verified": false, "statuses_count": 6828, "lang": null, "contributors_enabled": false, "is_translator": false, "is_translation_enabled": false, "profile_background_color": "C6E2EE", "profile_background_image_url": "http://abs.twimg.com/images/themes/theme2/bg.gif", "profile_background_image_url_https": "https://abs.twimg.com/images/themes/theme2/bg.gif", "profile_background_tile": false, "profile_image_url": "http://pbs.twimg.com/profile_images/1148759983586066432/UEyMnIYD_normal.png", "profile_image_url_https": "https://pbs.twimg.com/profile_images/1148759983586066432/UEyMnIYD_normal.png", "profile_banner_url": "https://pbs.twimg.com/profile_banners/43635914/1404539563", "profile_link_color": "1F98C7", "profile_sidebar_border_color": "C6E2EE", "profile_sidebar_fill_color": "DAECF4", "profile_text_color": "663B12", "profile_use_background_image": true, "has_extended_profile": false, "default_profile": false, "default_profile_image": false, "following": false, "follow_request_sent": false, "notifications": false, "translator_type": "none", "withheld_in_countries": []}, "geo": null, "coordinates": null, "place": null, "contributors": null, "is_quote_status": false, "retweet_count": 0, "favorite_count": 0, "favorited": false, "retweeted": false, "possibly_sensitive": false, "lang": "en"}