{"created_at": "Mon Jan 09 22:24:11 +0000 2017", "id": 818584179659022336, "id_str": "818584179659022336", "text": "KARMA IS A BITCH!..BREAKING: Meryl Streep Just Got Fired From A Major Project For Lying About Trump..HAPPY DAYS REMAKE MOVIE.OPPIE FIRED HER", "truncated": false, "entities": {"hashtags": [], "symbols": [], "user_mentions": [], "urls": []}, "source": "<a href=\"http://twitter.com\" rel=\"nofollow\">Twitter Web Client</a>", "in_reply_to_status_id": null, "in_reply_to_status_id_str": null, "in_reply_to_user_id": null, "in_reply_to_user_id_str": null, "in_reply_to_screen_name": null, "user": {"id": 813850311978811393, "id_str": "813850311978811393", "name": "Anthony", "screen_name": "Tony19542", "location": "United States", "description": "LSU SPORTS..NEW ORLEANS SAINTS..NEW ORLEANS PELICANS..NEW ORLEANS NEWS..'US NAVY COMBAT VETERAN'..BUT ABOVE ALL I LOVE JESUS..ADVOCATE FOR PRESIDENT TRUMP", "url": null, "entities": {"description": {"urls": []}}, "protected": false, "followers_count": 12750, "friends_count": 12146, "listed_count": 31, "created_at": "Tue Dec 27 20:53:29 +0000 2016", "favourites_count": 120535, "utc_offset": null, "time_zone": null, "geo_enabled": false, "verified": false, "statuses_count": 143175, "lang": null, "contributors_enabled": false, "is_translator": false, "is_translation_enabled": false, "profile_background_color": "000000", "profile_background_image_url": "http://abs.twimg.com/images/themes/theme1/bg.png", "profile_background_image_url_https": "https://abs.twimg.com/images/themes/theme1/bg.png", "profile_background_tile": false, "profile_image_url": "http://pbs.twimg.com/profile_images/1393720422517157890/pYyDuUEV_normal.jpg", "profile_image_url_https": "https://pbs.twimg.com/profile_images/1393720422517157890/pYyDuUEV_normal.jpg", "profile_banner_url": "https://pbs.twimg.com/profile_banners/813850311978811393/1621123922", "profile_link_color": "981CEB", "profile_sidebar_border_color": "000000", "profile_sidebar_fill_color": "000000", "profile_text_color": "000000", "profile_use_background_image": false, "has_extended_profile": false, "default_profile": false, "default_profile_image": false, "following": false, "follow_request_sent": false, "notifications": false, "translator_type": "none", "withheld_in_countries": []}, "geo": null, "coordinates": null, "place": null, "contributors": null, "is_quote_status": false, "retweet_count": 0, "favorite_count": 1, "favorited": false, "retweeted": false, "lang": "en"}