{"created_at": "Mon Jan 09 21:53:59 +0000 2017", "id": 818576577164259329, "id_str": "818576577164259329", "text": "BREAKING: Meryl Streep Just Got Fired From A Major Project For Lying About Trump https://t.co/hKrPL1I8wf", "truncated": false, "entities": {"hashtags": [], "symbols": [], "user_mentions": [], "urls": [{"url": "https://t.co/hKrPL1I8wf", "expanded_url": "http://www.usadailyinfo.com/2017/01/breaking-meryl-streep-just-got-fired-major-project-lying-trump/", "display_url": "usadailyinfo.com/2017/01/breaki\u2026", "indices": [81, 104]}]}, "source": "<a href=\"http://twitter.com\" rel=\"nofollow\">Twitter Web Client</a>", "in_reply_to_status_id": null, "in_reply_to_status_id_str": null, "in_reply_to_user_id": null, "in_reply_to_user_id_str": null, "in_reply_to_screen_name": null, "user": {"id": 3652958232, "id_str": "3652958232", "name": "POLLS", "screen_name": "Polliticss", "location": "World", "description": "Politics !! Polls !! Sports !!! Follow !#MGWV #Polls #Poll #Opinions #INDIA #London #UFC #NBA #MANU #FOOTBALL #MMA #POLITICS", "url": null, "entities": {"description": {"urls": []}}, "protected": false, "followers_count": 18698, "friends_count": 24244, "listed_count": 44, "created_at": "Tue Sep 22 22:15:12 +0000 2015", "favourites_count": 6778, "utc_offset": null, "time_zone": null, "geo_enabled": true, "verified": false, "statuses_count": 6126, "lang": null, "contributors_enabled": false, "is_translator": false, "is_translation_enabled": false, "profile_background_color": "000000", "profile_background_image_url": "http://abs.twimg.com/images/themes/theme19/bg.gif", "profile_background_image_url_https": "https://abs.twimg.com/images/themes/theme19/bg.gif", "profile_background_tile": false, "profile_image_url": "http://pbs.twimg.com/profile_images/852482223215439873/OcQ_a8vP_normal.jpg", "profile_image_url_https": "https://pbs.twimg.com/profile_images/852482223215439873/OcQ_a8vP_normal.jpg", "profile_banner_url": "https://pbs.twimg.com/profile_banners/3652958232/1492082085", "profile_link_color": "1B95E0", "profile_sidebar_border_color": "000000", "profile_sidebar_fill_color": "000000", "profile_text_color": "000000", "profile_use_background_image": false, "has_extended_profile": false, "default_profile": false, "default_profile_image": false, "following": false, "follow_request_sent": false, "notifications": false, "translator_type": "none", "withheld_in_countries": []}, "geo": null, "coordinates": null, "place": null, "contributors": null, "is_quote_status": false, "retweet_count": 15, "favorite_count": 15, "favorited": false, "retweeted": false, "possibly_sensitive": false, "lang": "en"}