{"created_at": "Mon Jan 09 20:42:49 +0000 2017", "id": 818558669222711297, "id_str": "818558669222711297", "text": "@piersmorgan BREAKING: Meryl Streep Just Got Fired From A Major Project For Lying About Trump https://t.co/Opr61vbz5G", "truncated": false, "entities": {"hashtags": [], "symbols": [], "user_mentions": [{"screen_name": "piersmorgan", "name": "Piers Morgan", "id": 216299334, "id_str": "216299334", "indices": [0, 12]}], "urls": [{"url": "https://t.co/Opr61vbz5G", "expanded_url": "http://www.usadailyinfo.com/2017/01/breaking-meryl-streep-just-got-fired-major-project-lying-trump/", "display_url": "usadailyinfo.com/2017/01/breaki\u2026", "indices": [94, 117]}]}, "source": "<a href=\"http://twitter.com\" rel=\"nofollow\">Twitter Web Client</a>", "in_reply_to_status_id": null, "in_reply_to_status_id_str": null, "in_reply_to_user_id": 216299334, "in_reply_to_user_id_str": "216299334", "in_reply_to_screen_name": "piersmorgan", "user": {"id": 279270981, "id_str": "279270981", "name": "RayneNTRUTH\u2020\ud83c\uddfa\ud83c\uddf8", "screen_name": "RayneNGrace", "location": "FREEDOM,  USA", "description": "Imperfec\u2020 ~ loved by a Perfect God! \nBlessed, Married, Pro-Life!\nPray ALWAYS.\nDon't blame me, I VOTED FOR TRUMP!\nGalatians 5:1\nNO DM's !!!", "url": null, "entities": {"description": {"urls": []}}, "protected": false, "followers_count": 2325, "friends_count": 4403, "listed_count": 6, "created_at": "Fri Apr 08 23:11:00 +0000 2011", "favourites_count": 306525, "utc_offset": null, "time_zone": null, "geo_enabled": false, "verified": false, "statuses_count": 333106, "lang": null, "contributors_enabled": false, "is_translator": false, "is_translation_enabled": false, "profile_background_color": "D13091", "profile_background_image_url": "http://abs.twimg.com/images/themes/theme1/bg.png", "profile_background_image_url_https": "https://abs.twimg.com/images/themes/theme1/bg.png", "profile_background_tile": false, "profile_image_url": "http://pbs.twimg.com/profile_images/1375845106171908096/mDV_FZUK_normal.jpg", "profile_image_url_https": "https://pbs.twimg.com/profile_images/1375845106171908096/mDV_FZUK_normal.jpg", "profile_banner_url": "https://pbs.twimg.com/profile_banners/279270981/1620883320", "profile_link_color": "6014A6", "profile_sidebar_border_color": "FFFFFF", "profile_sidebar_fill_color": "F0AF7D", "profile_text_color": "4A2713", "profile_use_background_image": true, "has_extended_profile": false, "default_profile": false, "default_profile_image": false, "following": false, "follow_request_sent": false, "notifications": false, "translator_type": "none", "withheld_in_countries": []}, "geo": null, "coordinates": null, "place": null, "contributors": null, "is_quote_status": false, "retweet_count": 0, "favorite_count": 0, "favorited": false, "retweeted": false, "possibly_sensitive": false, "lang": "en"}