{"created_at": "Mon Jan 09 22:54:40 +0000 2017", "id": 818591850399404032, "id_str": "818591850399404032", "text": "BREAKING: Meryl Streep Just Got Fired From A Major Project For Lying About Trump \u2013 SGS NEWS https://t.co/2oVmESAA9j", "truncated": false, "entities": {"hashtags": [], "symbols": [], "user_mentions": [], "urls": [{"url": "https://t.co/2oVmESAA9j", "expanded_url": "http://ln.is/sgsnews.com/index.ph/xTT85", "display_url": "ln.is/sgsnews.com/in\u2026", "indices": [92, 115]}]}, "source": "<a href=\"http://linkis.com\" rel=\"nofollow\">Linkis: turn sharing into growth</a>", "in_reply_to_status_id": null, "in_reply_to_status_id_str": null, "in_reply_to_user_id": null, "in_reply_to_user_id_str": null, "in_reply_to_screen_name": null, "user": {"id": 336614818, "id_str": "336614818", "name": "Twila Johnson", "screen_name": "twi916", "location": "Rapid City, SD", "description": "As my customer you will feel pampered and experience what it is like to create your own ideal Beauty experience.  I'm your independent beauty Consultant", "url": "https://t.co/JbY8PloFEv", "entities": {"url": {"urls": [{"url": "https://t.co/JbY8PloFEv", "expanded_url": "http://www.marykay.com/TwilaJ", "display_url": "marykay.com/TwilaJ", "indices": [0, 23]}]}, "description": {"urls": []}}, "protected": false, "followers_count": 486, "friends_count": 905, "listed_count": 9, "created_at": "Sat Jul 16 16:07:52 +0000 2011", "favourites_count": 239, "utc_offset": null, "time_zone": null, "geo_enabled": false, "verified": false, "statuses_count": 13511, "lang": null, "contributors_enabled": false, "is_translator": false, "is_translation_enabled": false, "profile_background_color": "0099B9", "profile_background_image_url": "http://abs.twimg.com/images/themes/theme4/bg.gif", "profile_background_image_url_https": "https://abs.twimg.com/images/themes/theme4/bg.gif", "profile_background_tile": false, "profile_image_url": "http://pbs.twimg.com/profile_images/947177696550797312/VOv2vgww_normal.jpg", "profile_image_url_https": "https://pbs.twimg.com/profile_images/947177696550797312/VOv2vgww_normal.jpg", "profile_banner_url": "https://pbs.twimg.com/profile_banners/336614818/1517269601", "profile_link_color": "0099B9", "profile_sidebar_border_color": "5ED4DC", "profile_sidebar_fill_color": "95E8EC", "profile_text_color": "3C3940", "profile_use_background_image": true, "has_extended_profile": false, "default_profile": false, "default_profile_image": false, "following": false, "follow_request_sent": false, "notifications": false, "translator_type": "none", "withheld_in_countries": []}, "geo": null, "coordinates": null, "place": null, "contributors": null, "is_quote_status": false, "retweet_count": 0, "favorite_count": 0, "favorited": false, "retweeted": false, "possibly_sensitive": false, "lang": "en"}