{"created_at": "Mon Jan 09 23:08:28 +0000 2017", "id": 818595325233557507, "id_str": "818595325233557507", "text": "BREAKING: Meryl Streep Just Got Fired From A Major Project For Lying About Trump https://t.co/ATMmASQ5Km", "truncated": false, "entities": {"hashtags": [], "symbols": [], "user_mentions": [], "urls": [{"url": "https://t.co/ATMmASQ5Km", "expanded_url": "http://wp.me/p78T3s-uG", "display_url": "wp.me/p78T3s-uG", "indices": [81, 104]}]}, "source": "<a href=\"http://twitter.com\" rel=\"nofollow\">Twitter Web Client</a>", "in_reply_to_status_id": null, "in_reply_to_status_id_str": null, "in_reply_to_user_id": null, "in_reply_to_user_id_str": null, "in_reply_to_screen_name": null, "user": {"id": 2243563716, "id_str": "2243563716", "name": "ted melbourne", "screen_name": "tedmelbourne", "location": "", "description": "", "url": null, "entities": {"description": {"urls": []}}, "protected": false, "followers_count": 13, "friends_count": 1258, "listed_count": 1, "created_at": "Fri Dec 13 08:15:22 +0000 2013", "favourites_count": 67, "utc_offset": null, "time_zone": null, "geo_enabled": false, "verified": false, "statuses_count": 3311, "lang": null, "contributors_enabled": false, "is_translator": false, "is_translation_enabled": false, "profile_background_color": "C0DEED", "profile_background_image_url": "http://abs.twimg.com/images/themes/theme1/bg.png", "profile_background_image_url_https": "https://abs.twimg.com/images/themes/theme1/bg.png", "profile_background_tile": false, "profile_image_url": "http://pbs.twimg.com/profile_images/849151879200129024/aEAB56K7_normal.jpg", "profile_image_url_https": "https://pbs.twimg.com/profile_images/849151879200129024/aEAB56K7_normal.jpg", "profile_banner_url": "https://pbs.twimg.com/profile_banners/2243563716/1491288666", "profile_link_color": "1DA1F2", "profile_sidebar_border_color": "C0DEED", "profile_sidebar_fill_color": "DDEEF6", "profile_text_color": "333333", "profile_use_background_image": true, "has_extended_profile": false, "default_profile": true, "default_profile_image": false, "following": false, "follow_request_sent": false, "notifications": false, "translator_type": "none", "withheld_in_countries": []}, "geo": null, "coordinates": null, "place": null, "contributors": null, "is_quote_status": false, "retweet_count": 0, "favorite_count": 0, "favorited": false, "retweeted": false, "possibly_sensitive": false, "lang": "en"}