{"created_at": "Mon Jan 09 22:46:58 +0000 2017", "id": 818589913725607936, "id_str": "818589913725607936", "text": "BREAKING: Meryl Streep Just Got Fired From A Major Project For Lying About Trump https://t.co/KuUzASC4pR", "truncated": false, "entities": {"hashtags": [], "symbols": [], "user_mentions": [], "urls": [{"url": "https://t.co/KuUzASC4pR", "expanded_url": "http://wp.me/p78T3s-uG", "display_url": "wp.me/p78T3s-uG", "indices": [81, 104]}]}, "source": "<a href=\"http://twitter.com\" rel=\"nofollow\">Twitter Web Client</a>", "in_reply_to_status_id": null, "in_reply_to_status_id_str": null, "in_reply_to_user_id": null, "in_reply_to_user_id_str": null, "in_reply_to_screen_name": null, "user": {"id": 2491813500, "id_str": "2491813500", "name": "JohnPaul1958", "screen_name": "Paul1958John", "location": "", "description": "", "url": null, "entities": {"description": {"urls": []}}, "protected": false, "followers_count": 2581, "friends_count": 3279, "listed_count": 39, "created_at": "Mon May 12 18:42:52 +0000 2014", "favourites_count": 32887, "utc_offset": null, "time_zone": null, "geo_enabled": false, "verified": false, "statuses_count": 55240, "lang": null, "contributors_enabled": false, "is_translator": false, "is_translation_enabled": false, "profile_background_color": "C0DEED", "profile_background_image_url": "http://abs.twimg.com/images/themes/theme1/bg.png", "profile_background_image_url_https": "https://abs.twimg.com/images/themes/theme1/bg.png", "profile_background_tile": false, "profile_image_url": "http://pbs.twimg.com/profile_images/610661657157758977/Bwj9yIcl_normal.jpg", "profile_image_url_https": "https://pbs.twimg.com/profile_images/610661657157758977/Bwj9yIcl_normal.jpg", "profile_banner_url": "https://pbs.twimg.com/profile_banners/2491813500/1455207557", "profile_link_color": "1DA1F2", "profile_sidebar_border_color": "C0DEED", "profile_sidebar_fill_color": "DDEEF6", "profile_text_color": "333333", "profile_use_background_image": true, "has_extended_profile": false, "default_profile": true, "default_profile_image": false, "following": false, "follow_request_sent": false, "notifications": false, "translator_type": "none", "withheld_in_countries": []}, "geo": null, "coordinates": null, "place": null, "contributors": null, "is_quote_status": false, "retweet_count": 4, "favorite_count": 2, "favorited": false, "retweeted": false, "possibly_sensitive": false, "lang": "en"}