{"created_at": "Mon Jan 09 20:10:07 +0000 2017", "id": 818550438358372352, "id_str": "818550438358372352", "text": "BREAKING: Meryl Streep Just Got Fired From A Major Project For Lying About Trump https://t.co/jg80OjI6Ya", "truncated": false, "entities": {"hashtags": [], "symbols": [], "user_mentions": [], "urls": [{"url": "https://t.co/jg80OjI6Ya", "expanded_url": "http://wp.me/p78T3s-uG", "display_url": "wp.me/p78T3s-uG", "indices": [81, 104]}]}, "source": "<a href=\"http://twitter.com\" rel=\"nofollow\">Twitter Web Client</a>", "in_reply_to_status_id": null, "in_reply_to_status_id_str": null, "in_reply_to_user_id": null, "in_reply_to_user_id_str": null, "in_reply_to_screen_name": null, "user": {"id": 10618512, "id_str": "10618512", "name": "sunicamarkovic", "screen_name": "sunicamarkovic", "location": "Chicago Il", "description": "I believe all of nature is a song to sing\nhttps://t.co/t0LpG9Vc7C", "url": "http://t.co/tBmsNJJTe7", "entities": {"url": {"urls": [{"url": "http://t.co/tBmsNJJTe7", "expanded_url": "http://www.sunicamarkovic.com", "display_url": "sunicamarkovic.com", "indices": [0, 22]}]}, "description": {"urls": [{"url": "https://t.co/t0LpG9Vc7C", "expanded_url": "https://sunicamarkovic.com/", "display_url": "sunicamarkovic.com", "indices": [42, 65]}]}}, "protected": false, "followers_count": 450, "friends_count": 1288, "listed_count": 13, "created_at": "Mon Nov 26 16:04:50 +0000 2007", "favourites_count": 2560, "utc_offset": null, "time_zone": null, "geo_enabled": false, "verified": false, "statuses_count": 160208, "lang": null, "contributors_enabled": false, "is_translator": false, "is_translation_enabled": false, "profile_background_color": "C0DEED", "profile_background_image_url": "http://abs.twimg.com/images/themes/theme1/bg.png", "profile_background_image_url_https": "https://abs.twimg.com/images/themes/theme1/bg.png", "profile_background_tile": false, "profile_image_url": "http://pbs.twimg.com/profile_images/37909592/sunicasat-04_normal.jpg", "profile_image_url_https": "https://pbs.twimg.com/profile_images/37909592/sunicasat-04_normal.jpg", "profile_link_color": "1DA1F2", "profile_sidebar_border_color": "C0DEED", "profile_sidebar_fill_color": "DDEEF6", "profile_text_color": "333333", "profile_use_background_image": true, "has_extended_profile": false, "default_profile": true, "default_profile_image": false, "following": false, "follow_request_sent": false, "notifications": false, "translator_type": "none", "withheld_in_countries": []}, "geo": null, "coordinates": null, "place": null, "contributors": null, "is_quote_status": false, "retweet_count": 0, "favorite_count": 0, "favorited": false, "retweeted": false, "possibly_sensitive": false, "lang": "en"}