{"created_at": "Mon Jan 09 22:56:30 +0000 2017", "id": 818592312477425665, "id_str": "818592312477425665", "text": "BREAKING: Meryl Streep Just Got Fired From A Major Project For Lying About Trump https://t.co/cjLd6lsKQn", "truncated": false, "entities": {"hashtags": [], "symbols": [], "user_mentions": [], "urls": [{"url": "https://t.co/cjLd6lsKQn", "expanded_url": "http://wp.me/p78T3s-uG", "display_url": "wp.me/p78T3s-uG", "indices": [81, 104]}]}, "source": "<a href=\"http://twitter.com\" rel=\"nofollow\">Twitter Web Client</a>", "in_reply_to_status_id": null, "in_reply_to_status_id_str": null, "in_reply_to_user_id": null, "in_reply_to_user_id_str": null, "in_reply_to_screen_name": null, "user": {"id": 374749281, "id_str": "374749281", "name": "Carolyn Mefford", "screen_name": "cmef1", "location": "W.Va.", "description": "", "url": null, "entities": {"description": {"urls": []}}, "protected": false, "followers_count": 154, "friends_count": 937, "listed_count": 3, "created_at": "Fri Sep 16 21:35:39 +0000 2011", "favourites_count": 1756, "utc_offset": null, "time_zone": null, "geo_enabled": false, "verified": false, "statuses_count": 17360, "lang": null, "contributors_enabled": false, "is_translator": false, "is_translation_enabled": false, "profile_background_color": "C0DEED", "profile_background_image_url": "http://abs.twimg.com/images/themes/theme1/bg.png", "profile_background_image_url_https": "https://abs.twimg.com/images/themes/theme1/bg.png", "profile_background_tile": false, "profile_image_url": "http://pbs.twimg.com/profile_images/1550421794/ATT35611643MA27816300-0004_normal.jpg", "profile_image_url_https": "https://pbs.twimg.com/profile_images/1550421794/ATT35611643MA27816300-0004_normal.jpg", "profile_link_color": "1DA1F2", "profile_sidebar_border_color": "C0DEED", "profile_sidebar_fill_color": "DDEEF6", "profile_text_color": "333333", "profile_use_background_image": true, "has_extended_profile": true, "default_profile": true, "default_profile_image": false, "following": false, "follow_request_sent": false, "notifications": false, "translator_type": "none", "withheld_in_countries": []}, "geo": null, "coordinates": null, "place": null, "contributors": null, "is_quote_status": false, "retweet_count": 0, "favorite_count": 0, "favorited": false, "retweeted": false, "possibly_sensitive": false, "lang": "en"}