{"created_at": "Mon Jan 09 20:27:11 +0000 2017", "id": 818554733568884736, "id_str": "818554733568884736", "text": "BREAKING: Meryl Streep Just Got Fired From A Major Project For Lying About Trump https://t.co/h1Rhs4VXdR", "truncated": false, "entities": {"hashtags": [], "symbols": [], "user_mentions": [], "urls": [{"url": "https://t.co/h1Rhs4VXdR", "expanded_url": "http://wp.me/p78T3s-uG", "display_url": "wp.me/p78T3s-uG", "indices": [81, 104]}]}, "source": "<a href=\"http://twitter.com\" rel=\"nofollow\">Twitter Web Client</a>", "in_reply_to_status_id": null, "in_reply_to_status_id_str": null, "in_reply_to_user_id": null, "in_reply_to_user_id_str": null, "in_reply_to_screen_name": null, "user": {"id": 794105833, "id_str": "794105833", "name": "SEAFOAM BLUE 1225", "screen_name": "AAFB1225", "location": "", "description": "", "url": null, "entities": {"description": {"urls": []}}, "protected": false, "followers_count": 117, "friends_count": 339, "listed_count": 1, "created_at": "Fri Aug 31 15:32:21 +0000 2012", "favourites_count": 21549, "utc_offset": null, "time_zone": null, "geo_enabled": false, "verified": false, "statuses_count": 66370, "lang": null, "contributors_enabled": false, "is_translator": false, "is_translation_enabled": false, "profile_background_color": "C0DEED", "profile_background_image_url": "http://abs.twimg.com/images/themes/theme1/bg.png", "profile_background_image_url_https": "https://abs.twimg.com/images/themes/theme1/bg.png", "profile_background_tile": false, "profile_image_url": "http://pbs.twimg.com/profile_images/1364272189206392837/EXJe791X_normal.jpg", "profile_image_url_https": "https://pbs.twimg.com/profile_images/1364272189206392837/EXJe791X_normal.jpg", "profile_banner_url": "https://pbs.twimg.com/profile_banners/794105833/1620158814", "profile_link_color": "1DA1F2", "profile_sidebar_border_color": "C0DEED", "profile_sidebar_fill_color": "DDEEF6", "profile_text_color": "333333", "profile_use_background_image": true, "has_extended_profile": false, "default_profile": true, "default_profile_image": false, "following": false, "follow_request_sent": false, "notifications": false, "translator_type": "none", "withheld_in_countries": []}, "geo": null, "coordinates": null, "place": null, "contributors": null, "is_quote_status": false, "retweet_count": 0, "favorite_count": 0, "favorited": false, "retweeted": false, "possibly_sensitive": false, "lang": "en"}