{"created_at": "Mon Jan 09 21:40:18 +0000 2017", "id": 818573133724733440, "id_str": "818573133724733440", "text": "BREAKING: Meryl Streep Just Got Fired From A Major Project For Lying About Trump https://t.co/D76xVilFcm", "truncated": false, "entities": {"hashtags": [], "symbols": [], "user_mentions": [], "urls": [{"url": "https://t.co/D76xVilFcm", "expanded_url": "http://fb.me/91a0UO7qq", "display_url": "fb.me/91a0UO7qq", "indices": [81, 104]}]}, "source": "<a href=\"http://www.facebook.com/twitter\" rel=\"nofollow\">Facebook</a>", "in_reply_to_status_id": null, "in_reply_to_status_id_str": null, "in_reply_to_user_id": null, "in_reply_to_user_id_str": null, "in_reply_to_screen_name": null, "user": {"id": 347876924, "id_str": "347876924", "name": "julie nickolauson", "screen_name": "JNickolauson", "location": "938 monette apt 201 new Richmond Wisconsin 54017  7154103658", "description": "", "url": null, "entities": {"description": {"urls": []}}, "protected": false, "followers_count": 63, "friends_count": 482, "listed_count": 3, "created_at": "Wed Aug 03 14:21:31 +0000 2011", "favourites_count": 6, "utc_offset": null, "time_zone": null, "geo_enabled": false, "verified": false, "statuses_count": 32067, "lang": null, "contributors_enabled": false, "is_translator": false, "is_translation_enabled": false, "profile_background_color": "C0DEED", "profile_background_image_url": "http://abs.twimg.com/images/themes/theme1/bg.png", "profile_background_image_url_https": "https://abs.twimg.com/images/themes/theme1/bg.png", "profile_background_tile": false, "profile_image_url": "http://pbs.twimg.com/profile_images/415060600088059904/uxHfOKO5_normal.png", "profile_image_url_https": "https://pbs.twimg.com/profile_images/415060600088059904/uxHfOKO5_normal.png", "profile_link_color": "1DA1F2", "profile_sidebar_border_color": "C0DEED", "profile_sidebar_fill_color": "DDEEF6", "profile_text_color": "333333", "profile_use_background_image": true, "has_extended_profile": false, "default_profile": true, "default_profile_image": false, "following": false, "follow_request_sent": false, "notifications": false, "translator_type": "none", "withheld_in_countries": []}, "geo": null, "coordinates": null, "place": null, "contributors": null, "is_quote_status": false, "retweet_count": 0, "favorite_count": 0, "favorited": false, "retweeted": false, "possibly_sensitive": false, "lang": "en"}