{"created_at": "Mon Jan 09 22:32:27 +0000 2017", "id": 818586258754547713, "id_str": "818586258754547713", "text": "BREAKING: Meryl Streep Just Got Fired From A Major Project For Lying About Trump https://t.co/aaeZetDIbU", "truncated": false, "entities": {"hashtags": [], "symbols": [], "user_mentions": [], "urls": [{"url": "https://t.co/aaeZetDIbU", "expanded_url": "http://wp.me/p78T3s-uG", "display_url": "wp.me/p78T3s-uG", "indices": [81, 104]}]}, "source": "<a href=\"http://twitter.com\" rel=\"nofollow\">Twitter Web Client</a>", "in_reply_to_status_id": null, "in_reply_to_status_id_str": null, "in_reply_to_user_id": null, "in_reply_to_user_id_str": null, "in_reply_to_screen_name": null, "user": {"id": 36952214, "id_str": "36952214", "name": "WE WIN in THE END!", "screen_name": "DeborahBee1959", "location": "Heaven", "description": "Children, of the ONLY TRUE God, stay focused. WE WIN! Lucifer, aka Satan, and his followers lose in the end! Lucifer only has a short time left! #endtimes", "url": null, "entities": {"description": {"urls": []}}, "protected": false, "followers_count": 289, "friends_count": 788, "listed_count": 6, "created_at": "Fri May 01 14:23:46 +0000 2009", "favourites_count": 2873, "utc_offset": null, "time_zone": null, "geo_enabled": true, "verified": false, "statuses_count": 29284, "lang": null, "contributors_enabled": false, "is_translator": false, "is_translation_enabled": false, "profile_background_color": "642D8B", "profile_background_image_url": "http://abs.twimg.com/images/themes/theme10/bg.gif", "profile_background_image_url_https": "https://abs.twimg.com/images/themes/theme10/bg.gif", "profile_background_tile": true, "profile_image_url": "http://pbs.twimg.com/profile_images/865612972374212612/kNkLaWU7_normal.jpg", "profile_image_url_https": "https://pbs.twimg.com/profile_images/865612972374212612/kNkLaWU7_normal.jpg", "profile_banner_url": "https://pbs.twimg.com/profile_banners/36952214/1505761716", "profile_link_color": "981CEB", "profile_sidebar_border_color": "FFFFFF", "profile_sidebar_fill_color": "7AC3EE", "profile_text_color": "3D1957", "profile_use_background_image": true, "has_extended_profile": false, "default_profile": false, "default_profile_image": false, "following": false, "follow_request_sent": false, "notifications": false, "translator_type": "none", "withheld_in_countries": []}, "geo": null, "coordinates": null, "place": null, "contributors": null, "is_quote_status": false, "retweet_count": 0, "favorite_count": 0, "favorited": false, "retweeted": false, "possibly_sensitive": false, "lang": "en"}