{"created_at": "Mon Jan 09 23:24:28 +0000 2017", "id": 818599349508866048, "id_str": "818599349508866048", "text": "BREAKING: Meryl Streep Just Got Fired From A Major Project For Lying About Trump \u2013 SGS NEWS https://t.co/hJnozfnzx0", "truncated": false, "entities": {"hashtags": [], "symbols": [], "user_mentions": [], "urls": [{"url": "https://t.co/hJnozfnzx0", "expanded_url": "http://sgsnews.com/index.php/2017/01/09/breaking-meryl-streep-just-got-fired-from-a-major-project-for-lying-about-trump/", "display_url": "sgsnews.com/index.php/2017\u2026", "indices": [92, 115]}]}, "source": "<a href=\"http://twitter.com\" rel=\"nofollow\">Twitter Web Client</a>", "in_reply_to_status_id": null, "in_reply_to_status_id_str": null, "in_reply_to_user_id": null, "in_reply_to_user_id_str": null, "in_reply_to_screen_name": null, "user": {"id": 861537582, "id_str": "861537582", "name": "Tee Jacobi", "screen_name": "PersistenceTee", "location": "Florida", "description": "Independent * Retired  ECC MGR * legal process/transcription * Christian * ALL Vets * #2A * AMERICA FIRST * USA", "url": null, "entities": {"description": {"urls": []}}, "protected": false, "followers_count": 10957, "friends_count": 11523, "listed_count": 18, "created_at": "Thu Oct 04 15:05:40 +0000 2012", "favourites_count": 38733, "utc_offset": null, "time_zone": null, "geo_enabled": false, "verified": false, "statuses_count": 94024, "lang": null, "contributors_enabled": false, "is_translator": false, "is_translation_enabled": false, "profile_background_color": "C0DEED", "profile_background_image_url": "http://abs.twimg.com/images/themes/theme1/bg.png", "profile_background_image_url_https": "https://abs.twimg.com/images/themes/theme1/bg.png", "profile_background_tile": false, "profile_image_url": "http://pbs.twimg.com/profile_images/1180337088648159232/cxRiuWm4_normal.jpg", "profile_image_url_https": "https://pbs.twimg.com/profile_images/1180337088648159232/cxRiuWm4_normal.jpg", "profile_banner_url": "https://pbs.twimg.com/profile_banners/861537582/1498764058", "profile_link_color": "1DA1F2", "profile_sidebar_border_color": "C0DEED", "profile_sidebar_fill_color": "DDEEF6", "profile_text_color": "333333", "profile_use_background_image": true, "has_extended_profile": false, "default_profile": true, "default_profile_image": false, "following": false, "follow_request_sent": false, "notifications": false, "translator_type": "none", "withheld_in_countries": []}, "geo": null, "coordinates": null, "place": null, "contributors": null, "is_quote_status": false, "retweet_count": 0, "favorite_count": 0, "favorited": false, "retweeted": false, "possibly_sensitive": false, "lang": "en"}