{"created_at": "Mon Jan 09 22:05:26 +0000 2017", "id": 818579460513472512, "id_str": "818579460513472512", "text": "BREAKING: Meryl Streep Just Got Fired From A Major Project For Lying About Trump - USA DAILY INFO https://t.co/yYx1ZQIaoS", "truncated": false, "entities": {"hashtags": [], "symbols": [], "user_mentions": [], "urls": [{"url": "https://t.co/yYx1ZQIaoS", "expanded_url": "http://www.usadailyinfo.com/2017/01/breaking-meryl-streep-just-got-fired-major-project-lying-trump/", "display_url": "usadailyinfo.com/2017/01/breaki\u2026", "indices": [98, 121]}]}, "source": "<a href=\"http://twitter.com/download/iphone\" rel=\"nofollow\">Twitter for iPhone</a>", "in_reply_to_status_id": null, "in_reply_to_status_id_str": null, "in_reply_to_user_id": null, "in_reply_to_user_id_str": null, "in_reply_to_screen_name": null, "user": {"id": 264271174, "id_str": "264271174", "name": "Sheri", "screen_name": "1MedicMom", "location": " USA ", "description": "Christian Conservative Deplorable Patriot, Former FD Medic #2A #BacktheBlue MAGACityGal on Parler #TRUMP2020 \ud83c\uddfa\ud83c\uddf8 #BuildtheWall ONE NATION UNDER GOD!\ud83d\ude4f\ud83c\udffb", "url": null, "entities": {"description": {"urls": []}}, "protected": false, "followers_count": 10110, "friends_count": 9928, "listed_count": 120, "created_at": "Fri Mar 11 16:36:49 +0000 2011", "favourites_count": 16433, "utc_offset": null, "time_zone": null, "geo_enabled": true, "verified": false, "statuses_count": 58748, "lang": null, "contributors_enabled": false, "is_translator": false, "is_translation_enabled": false, "profile_background_color": "FFF04D", "profile_background_image_url": "http://abs.twimg.com/images/themes/theme19/bg.gif", "profile_background_image_url_https": "https://abs.twimg.com/images/themes/theme19/bg.gif", "profile_background_tile": true, "profile_image_url": "http://pbs.twimg.com/profile_images/1317271802897379332/u8bxDXc3_normal.jpg", "profile_image_url_https": "https://pbs.twimg.com/profile_images/1317271802897379332/u8bxDXc3_normal.jpg", "profile_banner_url": "https://pbs.twimg.com/profile_banners/264271174/1618538238", "profile_link_color": "0099CC", "profile_sidebar_border_color": "FFF8AD", "profile_sidebar_fill_color": "F6FFD1", "profile_text_color": "333333", "profile_use_background_image": true, "has_extended_profile": false, "default_profile": false, "default_profile_image": false, "following": false, "follow_request_sent": false, "notifications": false, "translator_type": "none", "withheld_in_countries": []}, "geo": null, "coordinates": null, "place": null, "contributors": null, "is_quote_status": false, "retweet_count": 2, "favorite_count": 1, "favorited": false, "retweeted": false, "possibly_sensitive": false, "lang": "en"}