{"created_at": "Mon Jan 09 22:02:19 +0000 2017", "id": 818578677986422786, "id_str": "818578677986422786", "text": "BREAKING: Meryl Streep Just Got Fired From A Major Project For Lying About Trump https://t.co/TpxFNch1vl", "truncated": false, "entities": {"hashtags": [], "symbols": [], "user_mentions": [], "urls": [{"url": "https://t.co/TpxFNch1vl", "expanded_url": "http://fb.me/6cJFRIhFj", "display_url": "fb.me/6cJFRIhFj", "indices": [81, 104]}]}, "source": "<a href=\"http://www.facebook.com/twitter\" rel=\"nofollow\">Facebook</a>", "in_reply_to_status_id": null, "in_reply_to_status_id_str": null, "in_reply_to_user_id": null, "in_reply_to_user_id_str": null, "in_reply_to_screen_name": null, "user": {"id": 1323671, "id_str": "1323671", "name": "(BB) Blog Bloke Tips", "screen_name": "Blogbloke", "location": "Keep it Real with BB @", "description": "#Blog Pioneer & Creator of the @BlogTips niche. Friends call me BB cause I shoot from the hip on #Blogging #Technology #Socialmedia #Web", "url": "http://t.co/5j5zWLMxaH", "entities": {"url": {"urls": [{"url": "http://t.co/5j5zWLMxaH", "expanded_url": "http://www.blogbloke.com/", "display_url": "blogbloke.com", "indices": [0, 22]}]}, "description": {"urls": []}}, "protected": false, "followers_count": 5614, "friends_count": 4926, "listed_count": 516, "created_at": "Sat Mar 17 00:15:53 +0000 2007", "favourites_count": 2278, "utc_offset": null, "time_zone": null, "geo_enabled": false, "verified": false, "statuses_count": 65260, "lang": null, "contributors_enabled": false, "is_translator": false, "is_translation_enabled": false, "profile_background_color": "040E1A", "profile_background_image_url": "http://abs.twimg.com/images/themes/theme15/bg.png", "profile_background_image_url_https": "https://abs.twimg.com/images/themes/theme15/bg.png", "profile_background_tile": false, "profile_image_url": "http://pbs.twimg.com/profile_images/459929493516206080/71JlRU4X_normal.png", "profile_image_url_https": "https://pbs.twimg.com/profile_images/459929493516206080/71JlRU4X_normal.png", "profile_banner_url": "https://pbs.twimg.com/profile_banners/1323671/1419840957", "profile_link_color": "0A549E", "profile_sidebar_border_color": "FFFFFF", "profile_sidebar_fill_color": "C0DFEC", "profile_text_color": "333333", "profile_use_background_image": true, "has_extended_profile": false, "default_profile": false, "default_profile_image": false, "following": false, "follow_request_sent": false, "notifications": false, "translator_type": "none", "withheld_in_countries": []}, "geo": null, "coordinates": null, "place": null, "contributors": null, "is_quote_status": false, "retweet_count": 0, "favorite_count": 0, "favorited": false, "retweeted": false, "possibly_sensitive": false, "lang": "en"}