{"created_at": "Mon Jan 09 21:06:52 +0000 2017", "id": 818564721154654208, "id_str": "818564721154654208", "text": "BREAKING: Meryl Streep Just Got Fired From A Major Project For Lying About Trump https://t.co/w9p9k08kUs     LMAO", "truncated": false, "entities": {"hashtags": [], "symbols": [], "user_mentions": [], "urls": [{"url": "https://t.co/w9p9k08kUs", "expanded_url": "http://www.usadailyinfo.com/2017/01/breaking-meryl-streep-just-got-fired-major-project-lying-trump/", "display_url": "usadailyinfo.com/2017/01/breaki\u2026", "indices": [81, 104]}]}, "source": "<a href=\"http://twitter.com\" rel=\"nofollow\">Twitter Web Client</a>", "in_reply_to_status_id": null, "in_reply_to_status_id_str": null, "in_reply_to_user_id": null, "in_reply_to_user_id_str": null, "in_reply_to_screen_name": null, "user": {"id": 758403600250875904, "id_str": "758403600250875904", "name": "Arlene Bauman", "screen_name": "ArleneBauman1", "location": "USA", "description": "from Sugarsprings, MI", "url": null, "entities": {"description": {"urls": []}}, "protected": false, "followers_count": 162, "friends_count": 380, "listed_count": 0, "created_at": "Wed Jul 27 20:48:03 +0000 2016", "favourites_count": 17637, "utc_offset": null, "time_zone": null, "geo_enabled": true, "verified": false, "statuses_count": 7906, "lang": null, "contributors_enabled": false, "is_translator": false, "is_translation_enabled": false, "profile_background_color": "F5F8FA", "profile_background_image_url": null, "profile_background_image_url_https": null, "profile_background_tile": false, "profile_image_url": "http://pbs.twimg.com/profile_images/1197315908164870144/pBwkXJLE_normal.jpg", "profile_image_url_https": "https://pbs.twimg.com/profile_images/1197315908164870144/pBwkXJLE_normal.jpg", "profile_banner_url": "https://pbs.twimg.com/profile_banners/758403600250875904/1573848594", "profile_link_color": "1DA1F2", "profile_sidebar_border_color": "C0DEED", "profile_sidebar_fill_color": "DDEEF6", "profile_text_color": "333333", "profile_use_background_image": true, "has_extended_profile": true, "default_profile": true, "default_profile_image": false, "following": false, "follow_request_sent": false, "notifications": false, "translator_type": "none", "withheld_in_countries": []}, "geo": null, "coordinates": null, "place": null, "contributors": null, "is_quote_status": false, "retweet_count": 1, "favorite_count": 0, "favorited": false, "retweeted": false, "possibly_sensitive": false, "lang": "en"}