{"created_at": "Mon Jan 09 20:40:46 +0000 2017", "id": 818558155357650944, "id_str": "818558155357650944", "text": "BREAKING: Meryl Streep Just Got Fired From A Major Project For Lying About Trump https://t.co/lCom0365GB", "truncated": false, "entities": {"hashtags": [], "symbols": [], "user_mentions": [], "urls": [{"url": "https://t.co/lCom0365GB", "expanded_url": "http://www.usadailyinfo.com/2017/01/breaking-meryl-streep-just-got-fired-major-project-lying-trump/", "display_url": "usadailyinfo.com/2017/01/breaki\u2026", "indices": [81, 104]}]}, "source": "<a href=\"http://twitter.com\" rel=\"nofollow\">Twitter Web Client</a>", "in_reply_to_status_id": null, "in_reply_to_status_id_str": null, "in_reply_to_user_id": null, "in_reply_to_user_id_str": null, "in_reply_to_screen_name": null, "user": {"id": 280756200, "id_str": "280756200", "name": "\ud83c\uddfa\ud83c\uddf8 Raz Ma Taz \ud83c\uddfa\ud83c\uddf8", "screen_name": "Raz_Ma_Taz", "location": "", "description": "If God and the 2nd Amendment offend you feel free to leave the USA. #Trump #prolife #Trumptrain #ProIsreal #Deplorable #Christian #MAGA #Chump #KAG #2A NO Lists", "url": null, "entities": {"description": {"urls": []}}, "protected": false, "followers_count": 1288, "friends_count": 2431, "listed_count": 0, "created_at": "Mon Apr 11 23:48:11 +0000 2011", "favourites_count": 37463, "utc_offset": null, "time_zone": null, "geo_enabled": false, "verified": false, "statuses_count": 36033, "lang": null, "contributors_enabled": false, "is_translator": false, "is_translation_enabled": false, "profile_background_color": "1A1B1F", "profile_background_image_url": "http://abs.twimg.com/images/themes/theme9/bg.gif", "profile_background_image_url_https": "https://abs.twimg.com/images/themes/theme9/bg.gif", "profile_background_tile": false, "profile_image_url": "http://pbs.twimg.com/profile_images/1347783250874310657/XKUZT9jZ_normal.jpg", "profile_image_url_https": "https://pbs.twimg.com/profile_images/1347783250874310657/XKUZT9jZ_normal.jpg", "profile_banner_url": "https://pbs.twimg.com/profile_banners/280756200/1553988569", "profile_link_color": "0F1111", "profile_sidebar_border_color": "181A1E", "profile_sidebar_fill_color": "252429", "profile_text_color": "666666", "profile_use_background_image": false, "has_extended_profile": false, "default_profile": false, "default_profile_image": false, "following": false, "follow_request_sent": false, "notifications": false, "translator_type": "none", "withheld_in_countries": []}, "geo": null, "coordinates": null, "place": null, "contributors": null, "is_quote_status": false, "retweet_count": 0, "favorite_count": 1, "favorited": false, "retweeted": false, "possibly_sensitive": false, "lang": "en"}