{"created_at": "Mon Jan 09 22:37:36 +0000 2017", "id": 818587555574616064, "id_str": "818587555574616064", "text": "BREAKING: Meryl Streep Just Got Fired From A Major Project For Lying About Trump https://t.co/ZAg6mrJeXv", "truncated": false, "entities": {"hashtags": [], "symbols": [], "user_mentions": [], "urls": [{"url": "https://t.co/ZAg6mrJeXv", "expanded_url": "http://www.usadailyinfo.com/2017/01/breaking-meryl-streep-just-got-fired-major-project-lying-trump/", "display_url": "usadailyinfo.com/2017/01/breaki\u2026", "indices": [81, 104]}]}, "source": "<a href=\"http://twitter.com\" rel=\"nofollow\">Twitter Web Client</a>", "in_reply_to_status_id": null, "in_reply_to_status_id_str": null, "in_reply_to_user_id": null, "in_reply_to_user_id_str": null, "in_reply_to_screen_name": null, "user": {"id": 107620090, "id_str": "107620090", "name": "Frank Krane", "screen_name": "fjkrane", "location": "Brunswick, Ohio", "description": "USMC Veteran, Oath keeper, conservative, beleives in the Constitution, Loves true American values and free enterprise", "url": "http://t.co/3wtBtgs1oC", "entities": {"url": {"urls": [{"url": "http://t.co/3wtBtgs1oC", "expanded_url": "http://www.queue.net", "display_url": "queue.net", "indices": [0, 22]}]}, "description": {"urls": []}}, "protected": false, "followers_count": 990, "friends_count": 1651, "listed_count": 14, "created_at": "Sat Jan 23 04:44:07 +0000 2010", "favourites_count": 39, "utc_offset": null, "time_zone": null, "geo_enabled": false, "verified": false, "statuses_count": 2413, "lang": null, "contributors_enabled": false, "is_translator": false, "is_translation_enabled": false, "profile_background_color": "C0DEED", "profile_background_image_url": "http://abs.twimg.com/images/themes/theme1/bg.png", "profile_background_image_url_https": "https://abs.twimg.com/images/themes/theme1/bg.png", "profile_background_tile": false, "profile_image_url": "http://pbs.twimg.com/profile_images/1182745003/Frank2_normal.jpg", "profile_image_url_https": "https://pbs.twimg.com/profile_images/1182745003/Frank2_normal.jpg", "profile_banner_url": "https://pbs.twimg.com/profile_banners/107620090/1422646463", "profile_link_color": "1DA1F2", "profile_sidebar_border_color": "C0DEED", "profile_sidebar_fill_color": "DDEEF6", "profile_text_color": "333333", "profile_use_background_image": true, "has_extended_profile": false, "default_profile": true, "default_profile_image": false, "following": false, "follow_request_sent": false, "notifications": false, "translator_type": "none", "withheld_in_countries": []}, "geo": null, "coordinates": null, "place": null, "contributors": null, "is_quote_status": false, "retweet_count": 0, "favorite_count": 0, "favorited": false, "retweeted": false, "possibly_sensitive": false, "lang": "en"}