{"created_at": "Mon Jan 09 23:44:35 +0000 2017", "id": 818604412490878976, "id_str": "818604412490878976", "text": "BREAKING: Meryl Streep Just Got Fired From A Major Project For Lying About Trump https://t.co/L4YnKgUQd5", "truncated": false, "entities": {"hashtags": [], "symbols": [], "user_mentions": [], "urls": [{"url": "https://t.co/L4YnKgUQd5", "expanded_url": "http://fb.me/5FVu8HCIE", "display_url": "fb.me/5FVu8HCIE", "indices": [81, 104]}]}, "source": "<a href=\"http://www.facebook.com/twitter\" rel=\"nofollow\">Facebook</a>", "in_reply_to_status_id": null, "in_reply_to_status_id_str": null, "in_reply_to_user_id": null, "in_reply_to_user_id_str": null, "in_reply_to_screen_name": null, "user": {"id": 429571655, "id_str": "429571655", "name": "michael lewis creasy", "screen_name": "icedragonx77", "location": "Roanoke VA", "description": "", "url": null, "entities": {"description": {"urls": []}}, "protected": false, "followers_count": 196, "friends_count": 2041, "listed_count": 6, "created_at": "Tue Dec 06 03:56:09 +0000 2011", "favourites_count": 371, "utc_offset": null, "time_zone": null, "geo_enabled": true, "verified": false, "statuses_count": 38924, "lang": null, "contributors_enabled": false, "is_translator": false, "is_translation_enabled": false, "profile_background_color": "642D8B", "profile_background_image_url": "http://abs.twimg.com/images/themes/theme10/bg.gif", "profile_background_image_url_https": "https://abs.twimg.com/images/themes/theme10/bg.gif", "profile_background_tile": true, "profile_image_url": "http://pbs.twimg.com/profile_images/1232268651593699328/8RkoZQ57_normal.jpg", "profile_image_url_https": "https://pbs.twimg.com/profile_images/1232268651593699328/8RkoZQ57_normal.jpg", "profile_banner_url": "https://pbs.twimg.com/profile_banners/429571655/1454208633", "profile_link_color": "FF0000", "profile_sidebar_border_color": "65B0DA", "profile_sidebar_fill_color": "7AC3EE", "profile_text_color": "3D1957", "profile_use_background_image": true, "has_extended_profile": true, "default_profile": false, "default_profile_image": false, "following": false, "follow_request_sent": false, "notifications": false, "translator_type": "none", "withheld_in_countries": []}, "geo": null, "coordinates": null, "place": null, "contributors": null, "is_quote_status": false, "retweet_count": 0, "favorite_count": 0, "favorited": false, "retweeted": false, "possibly_sensitive": false, "lang": "en"}