{"created_at": "Tue Jan 10 01:49:11 +0000 2017", "id": 818635771041103873, "id_str": "818635771041103873", "text": "BREAKING: Meryl Streep Just Got Fired From A Major Project For Lying About Trump \u2013 The Resistance https://t.co/NOBDiLsDZF", "truncated": false, "entities": {"hashtags": [], "symbols": [], "user_mentions": [], "urls": [{"url": "https://t.co/NOBDiLsDZF", "expanded_url": "http://thelastlineofdefense.org/breaking-meryl-streep-just-got-fired-from-a-major-project-for-lying-about-trump/", "display_url": "thelastlineofdefense.org/breaking-meryl\u2026", "indices": [98, 121]}]}, "source": "<a href=\"http://twitter.com/#!/download/ipad\" rel=\"nofollow\">Twitter for iPad</a>", "in_reply_to_status_id": null, "in_reply_to_status_id_str": null, "in_reply_to_user_id": null, "in_reply_to_user_id_str": null, "in_reply_to_screen_name": null, "user": {"id": 265659852, "id_str": "265659852", "name": "wayne doughty", "screen_name": "wmdou", "location": "Fresno,Ca", "description": "Retired city employee in California,conservative,anti liberal,anti Islam,anti illegals,anti criminals & follower of JESUS CHRIST.", "url": null, "entities": {"description": {"urls": []}}, "protected": false, "followers_count": 264, "friends_count": 347, "listed_count": 6, "created_at": "Sun Mar 13 23:29:03 +0000 2011", "favourites_count": 8397, "utc_offset": null, "time_zone": null, "geo_enabled": true, "verified": false, "statuses_count": 33205, "lang": null, "contributors_enabled": false, "is_translator": false, "is_translation_enabled": false, "profile_background_color": "C0DEED", "profile_background_image_url": "http://abs.twimg.com/images/themes/theme1/bg.png", "profile_background_image_url_https": "https://abs.twimg.com/images/themes/theme1/bg.png", "profile_background_tile": false, "profile_image_url": "http://pbs.twimg.com/profile_images/920073508779999232/PBQNyXof_normal.jpg", "profile_image_url_https": "https://pbs.twimg.com/profile_images/920073508779999232/PBQNyXof_normal.jpg", "profile_banner_url": "https://pbs.twimg.com/profile_banners/265659852/1508198403", "profile_link_color": "1DA1F2", "profile_sidebar_border_color": "C0DEED", "profile_sidebar_fill_color": "DDEEF6", "profile_text_color": "333333", "profile_use_background_image": true, "has_extended_profile": true, "default_profile": true, "default_profile_image": false, "following": false, "follow_request_sent": false, "notifications": false, "translator_type": "none", "withheld_in_countries": []}, "geo": null, "coordinates": null, "place": null, "contributors": null, "is_quote_status": false, "retweet_count": 0, "favorite_count": 0, "favorited": false, "retweeted": false, "possibly_sensitive": false, "lang": "en"}