{"created_at": "Tue Jan 10 04:58:39 +0000 2017", "id": 818683449603026944, "id_str": "818683449603026944", "text": "BREAKING: Meryl Streep Just Got Fired From A Major Project For Lying About Trump https://t.co/JDpZAtMul1", "truncated": false, "entities": {"hashtags": [], "symbols": [], "user_mentions": [], "urls": [{"url": "https://t.co/JDpZAtMul1", "expanded_url": "http://wp.me/p78T3s-uG", "display_url": "wp.me/p78T3s-uG", "indices": [81, 104]}]}, "source": "<a href=\"http://twitter.com/download/iphone\" rel=\"nofollow\">Twitter for iPhone</a>", "in_reply_to_status_id": null, "in_reply_to_status_id_str": null, "in_reply_to_user_id": null, "in_reply_to_user_id_str": null, "in_reply_to_screen_name": null, "user": {"id": 3023510068, "id_str": "3023510068", "name": "VivaTrump17", "screen_name": "VivaTrump76", "location": "Tampa, FL", "description": "Red blooded, tattooed, gay patriot, was lost in a world of lies, Trump filled my heart with hope and lit the fires of liberty. #ChooseGreatness", "url": null, "entities": {"description": {"urls": []}}, "protected": false, "followers_count": 1116, "friends_count": 1974, "listed_count": 37, "created_at": "Sat Feb 07 17:09:52 +0000 2015", "favourites_count": 10268, "utc_offset": null, "time_zone": null, "geo_enabled": true, "verified": false, "statuses_count": 71032, "lang": null, "contributors_enabled": false, "is_translator": false, "is_translation_enabled": false, "profile_background_color": "000000", "profile_background_image_url": "http://abs.twimg.com/images/themes/theme1/bg.png", "profile_background_image_url_https": "https://abs.twimg.com/images/themes/theme1/bg.png", "profile_background_tile": false, "profile_image_url": "http://pbs.twimg.com/profile_images/1178871623283294210/TjIt93_L_normal.jpg", "profile_image_url_https": "https://pbs.twimg.com/profile_images/1178871623283294210/TjIt93_L_normal.jpg", "profile_banner_url": "https://pbs.twimg.com/profile_banners/3023510068/1565661454", "profile_link_color": "FF691F", "profile_sidebar_border_color": "000000", "profile_sidebar_fill_color": "000000", "profile_text_color": "000000", "profile_use_background_image": false, "has_extended_profile": true, "default_profile": false, "default_profile_image": false, "following": false, "follow_request_sent": false, "notifications": false, "translator_type": "none", "withheld_in_countries": []}, "geo": null, "coordinates": null, "place": {"id": "01c060cf466c6ce3", "url": "https://api.twitter.com/1.1/geo/id/01c060cf466c6ce3.json", "place_type": "city", "name": "Long Beach", "full_name": "Long Beach, CA", "country_code": "US", "country": "United States", "contained_within": [], "bounding_box": {"type": "Polygon", "coordinates": [[[-118.250227, 33.732905], [-118.0631938, 33.732905], [-118.0631938, 33.885438], [-118.250227, 33.885438]]]}, "attributes": {}}, "contributors": null, "is_quote_status": false, "retweet_count": 0, "favorite_count": 0, "favorited": false, "retweeted": false, "possibly_sensitive": false, "lang": "en"}