{"created_at": "Tue Jan 10 05:13:20 +0000 2017", "id": 818687144596279296, "id_str": "818687144596279296", "text": "Karma\nBREAKING: Meryl Streep Just Got Fired From A Major Project For Lying About Trump https://t.co/sA7EghYXJf", "truncated": false, "entities": {"hashtags": [], "symbols": [], "user_mentions": [], "urls": [{"url": "https://t.co/sA7EghYXJf", "expanded_url": "http://usadailypost.us/?p=545", "display_url": "usadailypost.us/?p=545", "indices": [87, 110]}]}, "source": "<a href=\"http://twitter.com\" rel=\"nofollow\">Twitter Web Client</a>", "in_reply_to_status_id": null, "in_reply_to_status_id_str": null, "in_reply_to_user_id": null, "in_reply_to_user_id_str": null, "in_reply_to_screen_name": null, "user": {"id": 2178404130, "id_str": "2178404130", "name": "John Gurr", "screen_name": "gurr_john", "location": "Billings, MT", "description": "Staunch Trump supporter. Lover of law an order. Support #bluelivesmatter. Support our troops. Small business owner. All cruz an kasich supporter will be blocked", "url": null, "entities": {"description": {"urls": []}}, "protected": false, "followers_count": 438, "friends_count": 0, "listed_count": 32, "created_at": "Wed Nov 06 16:35:00 +0000 2013", "favourites_count": 13532, "utc_offset": null, "time_zone": null, "geo_enabled": true, "verified": false, "statuses_count": 18524, "lang": null, "contributors_enabled": false, "is_translator": false, "is_translation_enabled": false, "profile_background_color": "C0DEED", "profile_background_image_url": "http://abs.twimg.com/images/themes/theme1/bg.png", "profile_background_image_url_https": "https://abs.twimg.com/images/themes/theme1/bg.png", "profile_background_tile": false, "profile_image_url": "http://pbs.twimg.com/profile_images/644448197738299392/8pt8hCFI_normal.jpg", "profile_image_url_https": "https://pbs.twimg.com/profile_images/644448197738299392/8pt8hCFI_normal.jpg", "profile_link_color": "1DA1F2", "profile_sidebar_border_color": "C0DEED", "profile_sidebar_fill_color": "DDEEF6", "profile_text_color": "333333", "profile_use_background_image": true, "has_extended_profile": true, "default_profile": true, "default_profile_image": false, "following": false, "follow_request_sent": false, "notifications": false, "translator_type": "none", "withheld_in_countries": []}, "geo": null, "coordinates": null, "place": null, "contributors": null, "is_quote_status": false, "retweet_count": 0, "favorite_count": 0, "favorited": false, "retweeted": false, "possibly_sensitive": false, "lang": "en"}