{"created_at": "Tue Jan 10 02:18:08 +0000 2017", "id": 818643053296676864, "id_str": "818643053296676864", "text": "BREAKING: Meryl Streep Just Got Fired From A Major Project For Lying About Trump https://t.co/XvYvBHXzI7", "truncated": false, "entities": {"hashtags": [], "symbols": [], "user_mentions": [], "urls": [{"url": "https://t.co/XvYvBHXzI7", "expanded_url": "http://ln.is/thelastlineofdefense.org/lO8Y2", "display_url": "ln.is/thelastlineofd\u2026", "indices": [81, 104]}]}, "source": "<a href=\"http://linkis.com\" rel=\"nofollow\">Linkis: turn sharing into growth</a>", "in_reply_to_status_id": null, "in_reply_to_status_id_str": null, "in_reply_to_user_id": null, "in_reply_to_user_id_str": null, "in_reply_to_screen_name": null, "user": {"id": 1902630985, "id_str": "1902630985", "name": "John Murtha", "screen_name": "RetiredDriver12", "location": "Queens, New York", "description": "Retred School Bus Driver & Peace Officer", "url": null, "entities": {"description": {"urls": []}}, "protected": false, "followers_count": 215, "friends_count": 1233, "listed_count": 0, "created_at": "Wed Sep 25 02:46:26 +0000 2013", "favourites_count": 95, "utc_offset": null, "time_zone": null, "geo_enabled": false, "verified": false, "statuses_count": 9490, "lang": null, "contributors_enabled": false, "is_translator": false, "is_translation_enabled": false, "profile_background_color": "000000", "profile_background_image_url": "http://abs.twimg.com/images/themes/theme1/bg.png", "profile_background_image_url_https": "https://abs.twimg.com/images/themes/theme1/bg.png", "profile_background_tile": false, "profile_image_url": "http://abs.twimg.com/sticky/default_profile_images/default_profile_normal.png", "profile_image_url_https": "https://abs.twimg.com/sticky/default_profile_images/default_profile_normal.png", "profile_banner_url": "https://pbs.twimg.com/profile_banners/1902630985/1551029724", "profile_link_color": "3B94D9", "profile_sidebar_border_color": "000000", "profile_sidebar_fill_color": "000000", "profile_text_color": "000000", "profile_use_background_image": false, "has_extended_profile": true, "default_profile": false, "default_profile_image": true, "following": false, "follow_request_sent": false, "notifications": false, "translator_type": "none", "withheld_in_countries": []}, "geo": null, "coordinates": null, "place": null, "contributors": null, "is_quote_status": false, "retweet_count": 0, "favorite_count": 0, "favorited": false, "retweeted": false, "possibly_sensitive": false, "lang": "en"}