{"created_at": "Tue Jan 10 03:05:05 +0000 2017", "id": 818654870358069248, "id_str": "818654870358069248", "text": "BREAKING: Meryl Streep Just Got Fired From A Major Project For Lying About Trump https://t.co/hKerLprML7", "truncated": false, "entities": {"hashtags": [], "symbols": [], "user_mentions": [], "urls": [{"url": "https://t.co/hKerLprML7", "expanded_url": "http://wp.me/p78T3s-uG", "display_url": "wp.me/p78T3s-uG", "indices": [81, 104]}]}, "source": "<a href=\"http://twitter.com\" rel=\"nofollow\">Twitter Web Client</a>", "in_reply_to_status_id": null, "in_reply_to_status_id_str": null, "in_reply_to_user_id": null, "in_reply_to_user_id_str": null, "in_reply_to_screen_name": null, "user": {"id": 785252087923748864, "id_str": "785252087923748864", "name": "Bon Williams", "screen_name": "ffforme59", "location": "Maryland, USA", "description": "#Deplorable #MAGA  Christian, Love my Furbabies #ChesapeakeBayRetrieverMom #2A#1A #VFW AUX #NRA #SupportLEO Stop the hate! #NOLISTS", "url": null, "entities": {"description": {"urls": []}}, "protected": false, "followers_count": 965, "friends_count": 2953, "listed_count": 19, "created_at": "Sun Oct 09 22:54:21 +0000 2016", "favourites_count": 20431, "utc_offset": null, "time_zone": null, "geo_enabled": true, "verified": false, "statuses_count": 14399, "lang": null, "contributors_enabled": false, "is_translator": false, "is_translation_enabled": false, "profile_background_color": "F5F8FA", "profile_background_image_url": null, "profile_background_image_url_https": null, "profile_background_tile": false, "profile_image_url": "http://pbs.twimg.com/profile_images/786570291753259009/8HSAUPj__normal.jpg", "profile_image_url_https": "https://pbs.twimg.com/profile_images/786570291753259009/8HSAUPj__normal.jpg", "profile_link_color": "1DA1F2", "profile_sidebar_border_color": "C0DEED", "profile_sidebar_fill_color": "DDEEF6", "profile_text_color": "333333", "profile_use_background_image": true, "has_extended_profile": false, "default_profile": true, "default_profile_image": false, "following": false, "follow_request_sent": false, "notifications": false, "translator_type": "none", "withheld_in_countries": []}, "geo": null, "coordinates": null, "place": null, "contributors": null, "is_quote_status": false, "retweet_count": 1, "favorite_count": 0, "favorited": false, "retweeted": false, "possibly_sensitive": false, "lang": "en"}