{"created_at": "Tue Jan 10 04:50:36 +0000 2017", "id": 818681424748441602, "id_str": "818681424748441602", "text": "BREAKING: Meryl Streep Just Got Fired From A Major Project For Lying About Trump https://t.co/hR05uSynLz", "truncated": false, "entities": {"hashtags": [], "symbols": [], "user_mentions": [], "urls": [{"url": "https://t.co/hR05uSynLz", "expanded_url": "http://wp.me/p78T3s-uG", "display_url": "wp.me/p78T3s-uG", "indices": [81, 104]}]}, "source": "<a href=\"http://twitter.com\" rel=\"nofollow\">Twitter Web Client</a>", "in_reply_to_status_id": null, "in_reply_to_status_id_str": null, "in_reply_to_user_id": null, "in_reply_to_user_id_str": null, "in_reply_to_screen_name": null, "user": {"id": 767717787494146048, "id_str": "767717787494146048", "name": "Bonnie nettlrs", "screen_name": "BNettlrs", "location": "", "description": "A proud Trump Supporter and believe in the Constitution. Love the United States flag and a proud Deplorable .", "url": null, "entities": {"description": {"urls": []}}, "protected": false, "followers_count": 296, "friends_count": 693, "listed_count": 18, "created_at": "Mon Aug 22 13:39:18 +0000 2016", "favourites_count": 11097, "utc_offset": null, "time_zone": null, "geo_enabled": false, "verified": false, "statuses_count": 24320, "lang": null, "contributors_enabled": false, "is_translator": false, "is_translation_enabled": false, "profile_background_color": "F5F8FA", "profile_background_image_url": null, "profile_background_image_url_https": null, "profile_background_tile": false, "profile_image_url": "http://pbs.twimg.com/profile_images/811169203294261248/Ysj3EP62_normal.jpg", "profile_image_url_https": "https://pbs.twimg.com/profile_images/811169203294261248/Ysj3EP62_normal.jpg", "profile_banner_url": "https://pbs.twimg.com/profile_banners/767717787494146048/1482232782", "profile_link_color": "1DA1F2", "profile_sidebar_border_color": "C0DEED", "profile_sidebar_fill_color": "DDEEF6", "profile_text_color": "333333", "profile_use_background_image": true, "has_extended_profile": false, "default_profile": true, "default_profile_image": false, "following": false, "follow_request_sent": false, "notifications": false, "translator_type": "none", "withheld_in_countries": []}, "geo": null, "coordinates": null, "place": null, "contributors": null, "is_quote_status": false, "retweet_count": 0, "favorite_count": 0, "favorited": false, "retweeted": false, "possibly_sensitive": false, "lang": "en"}