{"created_at": "Tue Jan 10 01:58:23 +0000 2017", "id": 818638086074671109, "id_str": "818638086074671109", "text": "BREAKING: Meryl Streep Just Got Fired From A Major Project For Lying About Trump https://t.co/gPtpn7LCLc", "truncated": false, "entities": {"hashtags": [], "symbols": [], "user_mentions": [], "urls": [{"url": "https://t.co/gPtpn7LCLc", "expanded_url": "http://departedmedia.info/breaking-meryl-streep-just-got-fired-major-project-lying-trump/", "display_url": "departedmedia.info/breaking-meryl\u2026", "indices": [81, 104]}]}, "source": "<a href=\"http://twitter.com\" rel=\"nofollow\">Twitter Web Client</a>", "in_reply_to_status_id": null, "in_reply_to_status_id_str": null, "in_reply_to_user_id": null, "in_reply_to_user_id_str": null, "in_reply_to_screen_name": null, "user": {"id": 34452756, "id_str": "34452756", "name": "Maralee Haldeman", "screen_name": "Letstango133", "location": "OH", "description": "Biden is not my president. PH D in International Business Ethics\nPresident Trump is my president.", "url": null, "entities": {"description": {"urls": []}}, "protected": false, "followers_count": 521, "friends_count": 671, "listed_count": 15, "created_at": "Thu Apr 23 00:02:20 +0000 2009", "favourites_count": 1154, "utc_offset": null, "time_zone": null, "geo_enabled": true, "verified": false, "statuses_count": 28072, "lang": null, "contributors_enabled": false, "is_translator": false, "is_translation_enabled": false, "profile_background_color": "BADFCD", "profile_background_image_url": "http://abs.twimg.com/images/themes/theme12/bg.gif", "profile_background_image_url_https": "https://abs.twimg.com/images/themes/theme12/bg.gif", "profile_background_tile": false, "profile_image_url": "http://pbs.twimg.com/profile_images/863046625236668416/kQ6VK5gy_normal.jpg", "profile_image_url_https": "https://pbs.twimg.com/profile_images/863046625236668416/kQ6VK5gy_normal.jpg", "profile_link_color": "FF0000", "profile_sidebar_border_color": "F2E195", "profile_sidebar_fill_color": "FFF7CC", "profile_text_color": "0C3E53", "profile_use_background_image": true, "has_extended_profile": false, "default_profile": false, "default_profile_image": false, "following": false, "follow_request_sent": false, "notifications": false, "translator_type": "none", "withheld_in_countries": []}, "geo": null, "coordinates": null, "place": null, "contributors": null, "is_quote_status": false, "retweet_count": 0, "favorite_count": 0, "favorited": false, "retweeted": false, "possibly_sensitive": false, "lang": "en"}