{"created_at": "Tue Jan 10 01:00:25 +0000 2017", "id": 818623495030439936, "id_str": "818623495030439936", "text": "BREAKING: Meryl Streep Just Got Fired From A Major Project For Lying About Trump https://t.co/qpB1v4OTGK", "truncated": false, "entities": {"hashtags": [], "symbols": [], "user_mentions": [], "urls": [{"url": "https://t.co/qpB1v4OTGK", "expanded_url": "http://wp.me/p78T3s-uG", "display_url": "wp.me/p78T3s-uG", "indices": [81, 104]}]}, "source": "<a href=\"http://twitter.com\" rel=\"nofollow\">Twitter Web Client</a>", "in_reply_to_status_id": null, "in_reply_to_status_id_str": null, "in_reply_to_user_id": null, "in_reply_to_user_id_str": null, "in_reply_to_screen_name": null, "user": {"id": 159003619, "id_str": "159003619", "name": "Bee", "screen_name": "robotbum", "location": "At home", "description": "If only I could rule the world, I know what I want", "url": null, "entities": {"description": {"urls": []}}, "protected": false, "followers_count": 2147, "friends_count": 3076, "listed_count": 124, "created_at": "Thu Jun 24 05:44:12 +0000 2010", "favourites_count": 121369, "utc_offset": null, "time_zone": null, "geo_enabled": true, "verified": false, "statuses_count": 269950, "lang": null, "contributors_enabled": false, "is_translator": false, "is_translation_enabled": false, "profile_background_color": "000000", "profile_background_image_url": "http://abs.twimg.com/images/themes/theme1/bg.png", "profile_background_image_url_https": "https://abs.twimg.com/images/themes/theme1/bg.png", "profile_background_tile": false, "profile_image_url": "http://pbs.twimg.com/profile_images/1367934070651383808/MSXUeRFu_normal.jpg", "profile_image_url_https": "https://pbs.twimg.com/profile_images/1367934070651383808/MSXUeRFu_normal.jpg", "profile_banner_url": "https://pbs.twimg.com/profile_banners/159003619/1517891530", "profile_link_color": "4A913C", "profile_sidebar_border_color": "000000", "profile_sidebar_fill_color": "000000", "profile_text_color": "000000", "profile_use_background_image": false, "has_extended_profile": true, "default_profile": false, "default_profile_image": false, "following": false, "follow_request_sent": false, "notifications": false, "translator_type": "none", "withheld_in_countries": []}, "geo": null, "coordinates": null, "place": null, "contributors": null, "is_quote_status": false, "retweet_count": 1, "favorite_count": 0, "favorited": false, "retweeted": false, "possibly_sensitive": false, "lang": "en"}