{"created_at": "Tue Jan 10 05:11:25 +0000 2017", "id": 818686662196809728, "id_str": "818686662196809728", "text": "BREAKING: Meryl Streep Just Got Fired From A Major Project For Lying About Trump https://t.co/IAJ6WCzzSl", "truncated": false, "entities": {"hashtags": [], "symbols": [], "user_mentions": [], "urls": [{"url": "https://t.co/IAJ6WCzzSl", "expanded_url": "http://fb.me/1LWMWYLvO", "display_url": "fb.me/1LWMWYLvO", "indices": [81, 104]}]}, "source": "<a href=\"http://www.facebook.com/twitter\" rel=\"nofollow\">Facebook</a>", "in_reply_to_status_id": null, "in_reply_to_status_id_str": null, "in_reply_to_user_id": null, "in_reply_to_user_id_str": null, "in_reply_to_screen_name": null, "user": {"id": 192798405, "id_str": "192798405", "name": "kathleen clark", "screen_name": "kath2u", "location": "Florida ", "description": "Magna cum laude SCF Science degrees Early childhood education special needs teacher and advocate works in health care private nursing US Army Veteran", "url": null, "entities": {"description": {"urls": []}}, "protected": false, "followers_count": 238, "friends_count": 770, "listed_count": 11, "created_at": "Mon Sep 20 05:08:27 +0000 2010", "favourites_count": 10027, "utc_offset": null, "time_zone": null, "geo_enabled": true, "verified": false, "statuses_count": 48144, "lang": null, "contributors_enabled": false, "is_translator": false, "is_translation_enabled": false, "profile_background_color": "000000", "profile_background_image_url": "http://abs.twimg.com/images/themes/theme5/bg.gif", "profile_background_image_url_https": "https://abs.twimg.com/images/themes/theme5/bg.gif", "profile_background_tile": false, "profile_image_url": "http://pbs.twimg.com/profile_images/807641477191004160/louh2F24_normal.jpg", "profile_image_url_https": "https://pbs.twimg.com/profile_images/807641477191004160/louh2F24_normal.jpg", "profile_banner_url": "https://pbs.twimg.com/profile_banners/192798405/1481391768", "profile_link_color": "91D2FA", "profile_sidebar_border_color": "000000", "profile_sidebar_fill_color": "000000", "profile_text_color": "000000", "profile_use_background_image": false, "has_extended_profile": false, "default_profile": false, "default_profile_image": false, "following": false, "follow_request_sent": false, "notifications": false, "translator_type": "none", "withheld_in_countries": []}, "geo": null, "coordinates": null, "place": null, "contributors": null, "is_quote_status": false, "retweet_count": 0, "favorite_count": 0, "favorited": false, "retweeted": false, "possibly_sensitive": false, "lang": "en"}