{"created_at": "Mon Jan 09 23:35:21 +0000 2017", "id": 818602088611663873, "id_str": "818602088611663873", "text": "BREAKING: Meryl Streep Just Got Fired From A Major Project For Lying About Trump https://t.co/FUVRsiL8Pd", "truncated": false, "entities": {"hashtags": [], "symbols": [], "user_mentions": [], "urls": [{"url": "https://t.co/FUVRsiL8Pd", "expanded_url": "http://www.usadailyinfo.com/2017/01/breaking-meryl-streep-just-got-fired-major-project-lying-trump/", "display_url": "usadailyinfo.com/2017/01/breaki\u2026", "indices": [81, 104]}]}, "source": "<a href=\"http://twitter.com\" rel=\"nofollow\">Twitter Web Client</a>", "in_reply_to_status_id": null, "in_reply_to_status_id_str": null, "in_reply_to_user_id": null, "in_reply_to_user_id_str": null, "in_reply_to_screen_name": null, "user": {"id": 8637082, "id_str": "8637082", "name": "Jose Damaso Ramon", "screen_name": "Opportunity4u", "location": "Bogota", "description": "I am here to make friends and market online.", "url": "http://t.co/RwWHcEc1bh", "entities": {"url": {"urls": [{"url": "http://t.co/RwWHcEc1bh", "expanded_url": "http://pinterest.com/josedamaso/", "display_url": "pinterest.com/josedamaso/", "indices": [0, 22]}]}, "description": {"urls": []}}, "protected": false, "followers_count": 1122, "friends_count": 2747, "listed_count": 12, "created_at": "Tue Sep 04 04:12:22 +0000 2007", "favourites_count": 3894, "utc_offset": null, "time_zone": null, "geo_enabled": false, "verified": false, "statuses_count": 14104, "lang": null, "contributors_enabled": false, "is_translator": false, "is_translation_enabled": false, "profile_background_color": "9AE4E8", "profile_background_image_url": "http://abs.twimg.com/images/themes/theme1/bg.png", "profile_background_image_url_https": "https://abs.twimg.com/images/themes/theme1/bg.png", "profile_background_tile": false, "profile_image_url": "http://pbs.twimg.com/profile_images/465327278876934145/aZt6DJ4M_normal.jpeg", "profile_image_url_https": "https://pbs.twimg.com/profile_images/465327278876934145/aZt6DJ4M_normal.jpeg", "profile_banner_url": "https://pbs.twimg.com/profile_banners/8637082/1358030616", "profile_link_color": "0000FF", "profile_sidebar_border_color": "87BC44", "profile_sidebar_fill_color": "E0FF92", "profile_text_color": "000000", "profile_use_background_image": true, "has_extended_profile": false, "default_profile": false, "default_profile_image": false, "following": false, "follow_request_sent": false, "notifications": false, "translator_type": "none", "withheld_in_countries": []}, "geo": null, "coordinates": null, "place": null, "contributors": null, "is_quote_status": false, "retweet_count": 0, "favorite_count": 0, "favorited": false, "retweeted": false, "possibly_sensitive": false, "lang": "en"}