{"created_at": "Tue Jan 10 00:27:23 +0000 2017", "id": 818615184285634562, "id_str": "818615184285634562", "text": "BREAKING: Meryl Streep Just Got Fired From A Major Project For Lying About Trump https://t.co/JGdFweUUU5", "truncated": false, "entities": {"hashtags": [], "symbols": [], "user_mentions": [], "urls": [{"url": "https://t.co/JGdFweUUU5", "expanded_url": "http://fb.me/UBPGu0tv", "display_url": "fb.me/UBPGu0tv", "indices": [81, 104]}]}, "source": "<a href=\"http://www.facebook.com/twitter\" rel=\"nofollow\">Facebook</a>", "in_reply_to_status_id": null, "in_reply_to_status_id_str": null, "in_reply_to_user_id": null, "in_reply_to_user_id_str": null, "in_reply_to_screen_name": null, "user": {"id": 2974065803, "id_str": "2974065803", "name": "RickyDeb!", "screen_name": "phildeb1", "location": "", "description": "Waiting on Redemption!", "url": null, "entities": {"description": {"urls": []}}, "protected": false, "followers_count": 161, "friends_count": 1032, "listed_count": 10, "created_at": "Mon Jan 12 03:16:19 +0000 2015", "favourites_count": 12915, "utc_offset": null, "time_zone": null, "geo_enabled": true, "verified": false, "statuses_count": 87017, "lang": null, "contributors_enabled": false, "is_translator": false, "is_translation_enabled": false, "profile_background_color": "C0DEED", "profile_background_image_url": "http://abs.twimg.com/images/themes/theme1/bg.png", "profile_background_image_url_https": "https://abs.twimg.com/images/themes/theme1/bg.png", "profile_background_tile": false, "profile_image_url": "http://pbs.twimg.com/profile_images/1093567336991375362/yiTibQVp_normal.jpg", "profile_image_url_https": "https://pbs.twimg.com/profile_images/1093567336991375362/yiTibQVp_normal.jpg", "profile_banner_url": "https://pbs.twimg.com/profile_banners/2974065803/1549561746", "profile_link_color": "1DA1F2", "profile_sidebar_border_color": "C0DEED", "profile_sidebar_fill_color": "DDEEF6", "profile_text_color": "333333", "profile_use_background_image": true, "has_extended_profile": false, "default_profile": true, "default_profile_image": false, "following": false, "follow_request_sent": false, "notifications": false, "translator_type": "none", "withheld_in_countries": []}, "geo": null, "coordinates": null, "place": null, "contributors": null, "is_quote_status": false, "retweet_count": 0, "favorite_count": 0, "favorited": false, "retweeted": false, "possibly_sensitive": false, "lang": "en"}