{"created_at": "Tue Jan 10 04:39:36 +0000 2017", "id": 818678655438258181, "id_str": "818678655438258181", "text": "BREAKING: Meryl Streep Just Got Fired From A Major Project For Lying About Trump https://t.co/Y2kMmyr16P", "truncated": false, "entities": {"hashtags": [], "symbols": [], "user_mentions": [], "urls": [{"url": "https://t.co/Y2kMmyr16P", "expanded_url": "http://thelastlineofdefense.org/breaking-meryl-streep-just-got-fired-from-a-major-project-for-lying-about-trump/", "display_url": "thelastlineofdefense.org/breaking-meryl\u2026", "indices": [81, 104]}]}, "source": "<a href=\"https://about.twitter.com/products/tweetdeck\" rel=\"nofollow\">TweetDeck</a>", "in_reply_to_status_id": null, "in_reply_to_status_id_str": null, "in_reply_to_user_id": null, "in_reply_to_user_id_str": null, "in_reply_to_screen_name": null, "user": {"id": 48552613, "id_str": "48552613", "name": "Lil' Joe", "screen_name": "craigdh", "location": "Planet Claire", "description": "\u262f you can\u2019t calm the storm. so stop trying. what you can do is calm yourself. the storm will pass \u262f", "url": null, "entities": {"description": {"urls": []}}, "protected": false, "followers_count": 1281, "friends_count": 1913, "listed_count": 18, "created_at": "Fri Jun 19 00:42:15 +0000 2009", "favourites_count": 8712, "utc_offset": null, "time_zone": null, "geo_enabled": false, "verified": false, "statuses_count": 83075, "lang": null, "contributors_enabled": false, "is_translator": false, "is_translation_enabled": false, "profile_background_color": "000000", "profile_background_image_url": "http://abs.twimg.com/images/themes/theme14/bg.gif", "profile_background_image_url_https": "https://abs.twimg.com/images/themes/theme14/bg.gif", "profile_background_tile": false, "profile_image_url": "http://pbs.twimg.com/profile_images/1375486077243437058/Mf-upPzJ_normal.jpg", "profile_image_url_https": "https://pbs.twimg.com/profile_images/1375486077243437058/Mf-upPzJ_normal.jpg", "profile_banner_url": "https://pbs.twimg.com/profile_banners/48552613/1621179627", "profile_link_color": "1B95E0", "profile_sidebar_border_color": "000000", "profile_sidebar_fill_color": "000000", "profile_text_color": "000000", "profile_use_background_image": false, "has_extended_profile": true, "default_profile": false, "default_profile_image": false, "following": false, "follow_request_sent": false, "notifications": false, "translator_type": "none", "withheld_in_countries": []}, "geo": null, "coordinates": null, "place": null, "contributors": null, "is_quote_status": false, "retweet_count": 0, "favorite_count": 0, "favorited": false, "retweeted": false, "possibly_sensitive": false, "lang": "en"}