{"created_at": "Tue Jan 10 03:36:34 +0000 2017", "id": 818662791682912256, "id_str": "818662791682912256", "text": "BREAKING: Meryl Streep Just Got Fired From A Major Project For Lying About Trump https://t.co/e5Ycjm5ojq", "truncated": false, "entities": {"hashtags": [], "symbols": [], "user_mentions": [], "urls": [{"url": "https://t.co/e5Ycjm5ojq", "expanded_url": "http://wp.me/p78T3s-uG", "display_url": "wp.me/p78T3s-uG", "indices": [81, 104]}]}, "source": "<a href=\"http://twitter.com\" rel=\"nofollow\">Twitter Web Client</a>", "in_reply_to_status_id": null, "in_reply_to_status_id_str": null, "in_reply_to_user_id": null, "in_reply_to_user_id_str": null, "in_reply_to_screen_name": null, "user": {"id": 159110985, "id_str": "159110985", "name": "Deplorable Tim", "screen_name": "tdiaspro", "location": "Ohio, USA", "description": "WAKE UP AMERICA; Conservative, Fund Military, Secure our Borders, & Up grade our Electric Grid from (EMP) Benefactor Life Member NRA, US ARMY. GOD BLESS AMERICA", "url": null, "entities": {"description": {"urls": []}}, "protected": false, "followers_count": 3271, "friends_count": 3959, "listed_count": 26, "created_at": "Thu Jun 24 13:41:27 +0000 2010", "favourites_count": 947, "utc_offset": null, "time_zone": null, "geo_enabled": false, "verified": false, "statuses_count": 57279, "lang": null, "contributors_enabled": false, "is_translator": false, "is_translation_enabled": false, "profile_background_color": "000000", "profile_background_image_url": "http://abs.twimg.com/images/themes/theme1/bg.png", "profile_background_image_url_https": "https://abs.twimg.com/images/themes/theme1/bg.png", "profile_background_tile": false, "profile_image_url": "http://pbs.twimg.com/profile_images/543889380813729792/S84DC3kj_normal.jpeg", "profile_image_url_https": "https://pbs.twimg.com/profile_images/543889380813729792/S84DC3kj_normal.jpeg", "profile_banner_url": "https://pbs.twimg.com/profile_banners/159110985/1459980377", "profile_link_color": "3B94D9", "profile_sidebar_border_color": "000000", "profile_sidebar_fill_color": "000000", "profile_text_color": "000000", "profile_use_background_image": false, "has_extended_profile": true, "default_profile": false, "default_profile_image": false, "following": false, "follow_request_sent": false, "notifications": false, "translator_type": "none", "withheld_in_countries": []}, "geo": null, "coordinates": null, "place": null, "contributors": null, "is_quote_status": false, "retweet_count": 0, "favorite_count": 1, "favorited": false, "retweeted": false, "possibly_sensitive": false, "lang": "en"}