{"created_at": "Tue Jan 10 01:44:04 +0000 2017", "id": 818634483364691969, "id_str": "818634483364691969", "text": "BREAKING: Meryl Streep Just Got Fired From A Major Project For Lying About Trump https://t.co/uEway2SIYG", "truncated": false, "entities": {"hashtags": [], "symbols": [], "user_mentions": [], "urls": [{"url": "https://t.co/uEway2SIYG", "expanded_url": "http://ln.is/thelastlineofdefense.org/etiVP", "display_url": "ln.is/thelastlineofd\u2026", "indices": [81, 104]}]}, "source": "<a href=\"http://linkis.com\" rel=\"nofollow\">Linkis: turn sharing into growth</a>", "in_reply_to_status_id": null, "in_reply_to_status_id_str": null, "in_reply_to_user_id": null, "in_reply_to_user_id_str": null, "in_reply_to_screen_name": null, "user": {"id": 91808397, "id_str": "91808397", "name": "David O Valenzuela", "screen_name": "Yecora51", "location": "Los Angeles ", "description": "Business owner interior decorator carpenter, upholsterer, handy man, right-wing extremists do not worry review my posts that will block , PROUD DEMOCRAT Linked", "url": "https://t.co/fDdgsjXav9", "entities": {"url": {"urls": [{"url": "https://t.co/fDdgsjXav9", "expanded_url": "http://page.is/david-valenzuela", "display_url": "page.is/david-valenzue\u2026", "indices": [0, 23]}]}, "description": {"urls": []}}, "protected": false, "followers_count": 5476, "friends_count": 6006, "listed_count": 106, "created_at": "Sun Nov 22 15:26:53 +0000 2009", "favourites_count": 13233, "utc_offset": null, "time_zone": null, "geo_enabled": true, "verified": false, "statuses_count": 75535, "lang": null, "contributors_enabled": false, "is_translator": false, "is_translation_enabled": false, "profile_background_color": "C0DEED", "profile_background_image_url": "http://abs.twimg.com/images/themes/theme1/bg.png", "profile_background_image_url_https": "https://abs.twimg.com/images/themes/theme1/bg.png", "profile_background_tile": false, "profile_image_url": "http://pbs.twimg.com/profile_images/1285012881361141760/SVOCHbVB_normal.jpg", "profile_image_url_https": "https://pbs.twimg.com/profile_images/1285012881361141760/SVOCHbVB_normal.jpg", "profile_banner_url": "https://pbs.twimg.com/profile_banners/91808397/1610227318", "profile_link_color": "1DA1F2", "profile_sidebar_border_color": "C0DEED", "profile_sidebar_fill_color": "DDEEF6", "profile_text_color": "333333", "profile_use_background_image": true, "has_extended_profile": false, "default_profile": true, "default_profile_image": false, "following": false, "follow_request_sent": false, "notifications": false, "translator_type": "none", "withheld_in_countries": []}, "geo": null, "coordinates": null, "place": null, "contributors": null, "is_quote_status": false, "retweet_count": 0, "favorite_count": 0, "favorited": false, "retweeted": false, "possibly_sensitive": false, "lang": "en"}