{"created_at": "Tue Jan 10 00:46:51 +0000 2017", "id": 818620081760600064, "id_str": "818620081760600064", "text": "Meryl Streep Just Got Fired From A Major Project For Lying About Trump\nWithout it, the aging may go broke.\nhttps://t.co/OFr1UlrT2A", "truncated": false, "entities": {"hashtags": [], "symbols": [], "user_mentions": [], "urls": [{"url": "https://t.co/OFr1UlrT2A", "expanded_url": "http://thelastlineofdefense.org/breaking-meryl-streep-just-got-fired-from-a-major-project-for-lying-about-trump/", "display_url": "thelastlineofdefense.org/breaking-meryl\u2026", "indices": [107, 130]}]}, "source": "<a href=\"http://twitter.com\" rel=\"nofollow\">Twitter Web Client</a>", "in_reply_to_status_id": null, "in_reply_to_status_id_str": null, "in_reply_to_user_id": null, "in_reply_to_user_id_str": null, "in_reply_to_screen_name": null, "user": {"id": 2875327546, "id_str": "2875327546", "name": "RK_", "screen_name": "RKTx_4", "location": "United States of America", "description": "Christian, Wife, & Mother. I believe in the one true living Yahuah, our Elohim - and my Savior, His one true son, Yahusha. May we do all things for HIS glory.", "url": null, "entities": {"description": {"urls": []}}, "protected": false, "followers_count": 4634, "friends_count": 2429, "listed_count": 0, "created_at": "Thu Nov 13 16:55:09 +0000 2014", "favourites_count": 45616, "utc_offset": null, "time_zone": null, "geo_enabled": false, "verified": false, "statuses_count": 30969, "lang": null, "contributors_enabled": false, "is_translator": false, "is_translation_enabled": false, "profile_background_color": "000000", "profile_background_image_url": "http://abs.twimg.com/images/themes/theme1/bg.png", "profile_background_image_url_https": "https://abs.twimg.com/images/themes/theme1/bg.png", "profile_background_tile": false, "profile_image_url": "http://pbs.twimg.com/profile_images/1343809151714078720/6lYyg9LZ_normal.jpg", "profile_image_url_https": "https://pbs.twimg.com/profile_images/1343809151714078720/6lYyg9LZ_normal.jpg", "profile_banner_url": "https://pbs.twimg.com/profile_banners/2875327546/1617305922", "profile_link_color": "1B95E0", "profile_sidebar_border_color": "000000", "profile_sidebar_fill_color": "000000", "profile_text_color": "000000", "profile_use_background_image": false, "has_extended_profile": true, "default_profile": false, "default_profile_image": false, "following": false, "follow_request_sent": false, "notifications": false, "translator_type": "none", "withheld_in_countries": []}, "geo": null, "coordinates": null, "place": null, "contributors": null, "is_quote_status": false, "retweet_count": 0, "favorite_count": 0, "favorited": false, "retweeted": false, "possibly_sensitive": false, "lang": "en"}