{"created_at": "Tue Jan 10 00:21:35 +0000 2017", "id": 818613724890230784, "id_str": "818613724890230784", "text": "BREAKING: Meryl Streep Just Got Fired From A Major Project For Lying About Trump \u2013 The Resistance:  https://t.co/SaWofAZ1l1", "truncated": false, "entities": {"hashtags": [], "symbols": [], "user_mentions": [], "urls": [{"url": "https://t.co/SaWofAZ1l1", "expanded_url": "http://thelastlineofdefense.org/breaking-meryl-streep-just-got-fired-from-a-major-project-for-lying-about-trump/", "display_url": "thelastlineofdefense.org/breaking-meryl\u2026", "indices": [100, 123]}]}, "source": "<a href=\"http://twitter.com\" rel=\"nofollow\">Twitter Web Client</a>", "in_reply_to_status_id": null, "in_reply_to_status_id_str": null, "in_reply_to_user_id": null, "in_reply_to_user_id_str": null, "in_reply_to_screen_name": null, "user": {"id": 28094219, "id_str": "28094219", "name": "Liz", "screen_name": "Turbothink", "location": "Southeast", "description": "Always a Southerner. Believe in the Southern tradition of loving God, Protecting my family, and standing up for America and the Constitution.", "url": null, "entities": {"description": {"urls": []}}, "protected": false, "followers_count": 4098, "friends_count": 5025, "listed_count": 121, "created_at": "Wed Apr 01 12:17:19 +0000 2009", "favourites_count": 918, "utc_offset": null, "time_zone": null, "geo_enabled": false, "verified": false, "statuses_count": 74670, "lang": null, "contributors_enabled": false, "is_translator": false, "is_translation_enabled": false, "profile_background_color": "FF6699", "profile_background_image_url": "http://abs.twimg.com/images/themes/theme11/bg.gif", "profile_background_image_url_https": "https://abs.twimg.com/images/themes/theme11/bg.gif", "profile_background_tile": true, "profile_image_url": "http://pbs.twimg.com/profile_images/250073392/Lion_in_Africa_normal.jpg", "profile_image_url_https": "https://pbs.twimg.com/profile_images/250073392/Lion_in_Africa_normal.jpg", "profile_link_color": "B40B43", "profile_sidebar_border_color": "FFFFFF", "profile_sidebar_fill_color": "E5507E", "profile_text_color": "362720", "profile_use_background_image": true, "has_extended_profile": false, "default_profile": false, "default_profile_image": false, "following": false, "follow_request_sent": false, "notifications": false, "translator_type": "none", "withheld_in_countries": []}, "geo": null, "coordinates": null, "place": null, "contributors": null, "is_quote_status": false, "retweet_count": 0, "favorite_count": 0, "favorited": false, "retweeted": false, "possibly_sensitive": false, "lang": "en"}