{"created_at": "Tue Jan 10 03:12:56 +0000 2017", "id": 818656843295760384, "id_str": "818656843295760384", "text": "BREAKING: Meryl Streep Just Got Fired From A Major Project For Lying About Trump https://t.co/t62ArXJCrC", "truncated": false, "entities": {"hashtags": [], "symbols": [], "user_mentions": [], "urls": [{"url": "https://t.co/t62ArXJCrC", "expanded_url": "http://www.usadailyinfo.com/2017/01/breaking-meryl-streep-just-got-fired-major-project-lying-trump/", "display_url": "usadailyinfo.com/2017/01/breaki\u2026", "indices": [81, 104]}]}, "source": "<a href=\"http://twitter.com\" rel=\"nofollow\">Twitter Web Client</a>", "in_reply_to_status_id": null, "in_reply_to_status_id_str": null, "in_reply_to_user_id": null, "in_reply_to_user_id_str": null, "in_reply_to_screen_name": null, "user": {"id": 39195666, "id_str": "39195666", "name": "Harp Man", "screen_name": "bigdaddybama", "location": "", "description": "", "url": null, "entities": {"description": {"urls": []}}, "protected": false, "followers_count": 61, "friends_count": 176, "listed_count": 6, "created_at": "Mon May 11 04:57:14 +0000 2009", "favourites_count": 2360, "utc_offset": null, "time_zone": null, "geo_enabled": false, "verified": false, "statuses_count": 17936, "lang": null, "contributors_enabled": false, "is_translator": false, "is_translation_enabled": false, "profile_background_color": "C0DEED", "profile_background_image_url": "http://abs.twimg.com/images/themes/theme1/bg.png", "profile_background_image_url_https": "https://abs.twimg.com/images/themes/theme1/bg.png", "profile_background_tile": false, "profile_image_url": "http://pbs.twimg.com/profile_images/576516141104787456/2LWXbWny_normal.jpeg", "profile_image_url_https": "https://pbs.twimg.com/profile_images/576516141104787456/2LWXbWny_normal.jpeg", "profile_link_color": "1DA1F2", "profile_sidebar_border_color": "C0DEED", "profile_sidebar_fill_color": "DDEEF6", "profile_text_color": "333333", "profile_use_background_image": true, "has_extended_profile": false, "default_profile": true, "default_profile_image": false, "following": false, "follow_request_sent": false, "notifications": false, "translator_type": "none", "withheld_in_countries": []}, "geo": null, "coordinates": null, "place": null, "contributors": null, "is_quote_status": false, "retweet_count": 0, "favorite_count": 0, "favorited": false, "retweeted": false, "possibly_sensitive": false, "lang": "en"}