{"created_at": "Tue Jan 10 00:10:59 +0000 2017", "id": 818611055647563777, "id_str": "818611055647563777", "text": "BREAKING: Meryl Streep Just Got Fired From A Major Project For Lying About Trump https://t.co/y4NPDgvpgM", "truncated": false, "entities": {"hashtags": [], "symbols": [], "user_mentions": [], "urls": [{"url": "https://t.co/y4NPDgvpgM", "expanded_url": "http://fb.me/7Fz2Mzmkn", "display_url": "fb.me/7Fz2Mzmkn", "indices": [81, 104]}]}, "source": "<a href=\"http://www.facebook.com/twitter\" rel=\"nofollow\">Facebook</a>", "in_reply_to_status_id": null, "in_reply_to_status_id_str": null, "in_reply_to_user_id": null, "in_reply_to_user_id_str": null, "in_reply_to_screen_name": null, "user": {"id": 128811299, "id_str": "128811299", "name": "Harald Vesterheim", "screen_name": "singtho53", "location": "Bangkok", "description": "", "url": null, "entities": {"description": {"urls": []}}, "protected": false, "followers_count": 465, "friends_count": 1984, "listed_count": 9, "created_at": "Fri Apr 02 07:39:41 +0000 2010", "favourites_count": 995, "utc_offset": null, "time_zone": null, "geo_enabled": true, "verified": false, "statuses_count": 52735, "lang": null, "contributors_enabled": false, "is_translator": false, "is_translation_enabled": false, "profile_background_color": "C0DEED", "profile_background_image_url": "http://abs.twimg.com/images/themes/theme1/bg.png", "profile_background_image_url_https": "https://abs.twimg.com/images/themes/theme1/bg.png", "profile_background_tile": true, "profile_image_url": "http://pbs.twimg.com/profile_images/836067055266779137/gPBunr9U_normal.jpg", "profile_image_url_https": "https://pbs.twimg.com/profile_images/836067055266779137/gPBunr9U_normal.jpg", "profile_banner_url": "https://pbs.twimg.com/profile_banners/128811299/1449983051", "profile_link_color": "0084B4", "profile_sidebar_border_color": "C0DEED", "profile_sidebar_fill_color": "DDEEF6", "profile_text_color": "333333", "profile_use_background_image": true, "has_extended_profile": false, "default_profile": false, "default_profile_image": false, "following": false, "follow_request_sent": false, "notifications": false, "translator_type": "none", "withheld_in_countries": []}, "geo": null, "coordinates": null, "place": null, "contributors": null, "is_quote_status": false, "retweet_count": 0, "favorite_count": 0, "favorited": false, "retweeted": false, "possibly_sensitive": false, "lang": "en"}