{"created_at": "Mon Jan 09 23:38:32 +0000 2017", "id": 818602890386427906, "id_str": "818602890386427906", "text": "BREAKING: Meryl Streep Just Got Fired From A Major Project For Lying About Trump https://t.co/q3NvaafBAF", "truncated": false, "entities": {"hashtags": [], "symbols": [], "user_mentions": [], "urls": [{"url": "https://t.co/q3NvaafBAF", "expanded_url": "http://wp.me/p78T3s-uG", "display_url": "wp.me/p78T3s-uG", "indices": [81, 104]}]}, "source": "<a href=\"http://twitter.com\" rel=\"nofollow\">Twitter Web Client</a>", "in_reply_to_status_id": null, "in_reply_to_status_id_str": null, "in_reply_to_user_id": null, "in_reply_to_user_id_str": null, "in_reply_to_screen_name": null, "user": {"id": 22024242, "id_str": "22024242", "name": "Cynthia Howard", "screen_name": "woodmontcyn", "location": "Milford, CT", "description": "#Conservative #Catholic #Animal and Human Rights, ESL Literacy Educator, Photographer, Vegan, dog lover. #Taijii. Follow back.", "url": "https://t.co/Hw3PFnWvfi", "entities": {"url": {"urls": [{"url": "https://t.co/Hw3PFnWvfi", "expanded_url": "http://facebook.com/woodmontcyn", "display_url": "facebook.com/woodmontcyn", "indices": [0, 23]}]}, "description": {"urls": []}}, "protected": false, "followers_count": 11953, "friends_count": 11131, "listed_count": 1176, "created_at": "Thu Feb 26 15:56:47 +0000 2009", "favourites_count": 219305, "utc_offset": null, "time_zone": null, "geo_enabled": true, "verified": false, "statuses_count": 238931, "lang": null, "contributors_enabled": false, "is_translator": false, "is_translation_enabled": false, "profile_background_color": "000000", "profile_background_image_url": "http://abs.twimg.com/images/themes/theme15/bg.png", "profile_background_image_url_https": "https://abs.twimg.com/images/themes/theme15/bg.png", "profile_background_tile": false, "profile_image_url": "http://pbs.twimg.com/profile_images/959575644857421824/-BuSYaCw_normal.jpg", "profile_image_url_https": "https://pbs.twimg.com/profile_images/959575644857421824/-BuSYaCw_normal.jpg", "profile_banner_url": "https://pbs.twimg.com/profile_banners/22024242/1618834325", "profile_link_color": "ABB8C2", "profile_sidebar_border_color": "D8F000", "profile_sidebar_fill_color": "0096CC", "profile_text_color": "4F5A5E", "profile_use_background_image": true, "has_extended_profile": true, "default_profile": false, "default_profile_image": false, "following": false, "follow_request_sent": false, "notifications": false, "translator_type": "none", "withheld_in_countries": []}, "geo": null, "coordinates": null, "place": null, "contributors": null, "is_quote_status": false, "retweet_count": 0, "favorite_count": 1, "favorited": false, "retweeted": false, "possibly_sensitive": false, "lang": "en"}