{"created_at": "Tue Jan 10 03:38:25 +0000 2017", "id": 818663257649057792, "id_str": "818663257649057792", "text": "BREAKING: Meryl Streep Just Got Fired From A Major Project For Lying About Trump https://t.co/Fdh50SZal4 I hope this is true, she dserves it", "truncated": false, "entities": {"hashtags": [], "symbols": [], "user_mentions": [], "urls": [{"url": "https://t.co/Fdh50SZal4", "expanded_url": "http://wp.me/p78T3s-uG", "display_url": "wp.me/p78T3s-uG", "indices": [81, 104]}]}, "source": "<a href=\"http://twitter.com/download/android\" rel=\"nofollow\">Twitter for Android</a>", "in_reply_to_status_id": null, "in_reply_to_status_id_str": null, "in_reply_to_user_id": null, "in_reply_to_user_id_str": null, "in_reply_to_screen_name": null, "user": {"id": 428356194, "id_str": "428356194", "name": "DeplorableMe", "screen_name": "AnnMorrison3", "location": "Benton Harbor, MI", "description": "I love God, I love America. Jesus is Lord. I\u2019m not here for a date. No lists. I follow back! #Truth #GreatAwakening #MAGA #KAG #FIGHTBACK \u2764\ufe0f\ud83c\uddfa\ud83c\uddf8\ud83d\ude4f\ud83c\udffb\ud83c\uddfa\ud83c\uddf8\u2764\ufe0f", "url": null, "entities": {"description": {"urls": []}}, "protected": false, "followers_count": 3142, "friends_count": 3030, "listed_count": 17, "created_at": "Sun Dec 04 17:21:17 +0000 2011", "favourites_count": 95408, "utc_offset": null, "time_zone": null, "geo_enabled": true, "verified": false, "statuses_count": 96230, "lang": null, "contributors_enabled": false, "is_translator": false, "is_translation_enabled": false, "profile_background_color": "C0DEED", "profile_background_image_url": "http://abs.twimg.com/images/themes/theme1/bg.png", "profile_background_image_url_https": "https://abs.twimg.com/images/themes/theme1/bg.png", "profile_background_tile": false, "profile_image_url": "http://pbs.twimg.com/profile_images/1352020550827315202/FHrE3axW_normal.jpg", "profile_image_url_https": "https://pbs.twimg.com/profile_images/1352020550827315202/FHrE3axW_normal.jpg", "profile_banner_url": "https://pbs.twimg.com/profile_banners/428356194/1610154016", "profile_link_color": "1DA1F2", "profile_sidebar_border_color": "C0DEED", "profile_sidebar_fill_color": "DDEEF6", "profile_text_color": "333333", "profile_use_background_image": true, "has_extended_profile": true, "default_profile": true, "default_profile_image": false, "following": false, "follow_request_sent": false, "notifications": false, "translator_type": "none", "withheld_in_countries": []}, "geo": null, "coordinates": null, "place": {"id": "67d92742f1ebf307", "url": "https://api.twitter.com/1.1/geo/id/67d92742f1ebf307.json", "place_type": "admin", "name": "Michigan", "full_name": "Michigan, USA", "country_code": "US", "country": "United States", "contained_within": [], "bounding_box": {"type": "Polygon", "coordinates": [[[-90.4181075, 41.696088], [-82.122971, 41.696088], [-82.122971, 48.306272], [-90.4181075, 48.306272]]]}, "attributes": {}}, "contributors": null, "is_quote_status": false, "retweet_count": 0, "favorite_count": 0, "favorited": false, "retweeted": false, "possibly_sensitive": false, "lang": "en"}