{"created_at": "Tue Jan 10 00:01:57 +0000 2017", "id": 818608784809611264, "id_str": "818608784809611264", "text": "BREAKING: Meryl Streep Just Got Fired From A Major Project For Lying About Trump \u2013 The Last Line of Defense https://t.co/7HJfQzfDa5", "truncated": false, "entities": {"hashtags": [], "symbols": [], "user_mentions": [], "urls": [{"url": "https://t.co/7HJfQzfDa5", "expanded_url": "http://thelastlineofdefense.org/breaking-meryl-streep-just-got-fired-from-a-major-project-for-lying-about-trump/", "display_url": "thelastlineofdefense.org/breaking-meryl\u2026", "indices": [108, 131]}]}, "source": "<a href=\"http://twitter.com\" rel=\"nofollow\">Twitter Web Client</a>", "in_reply_to_status_id": null, "in_reply_to_status_id_str": null, "in_reply_to_user_id": null, "in_reply_to_user_id_str": null, "in_reply_to_screen_name": null, "user": {"id": 32581605, "id_str": "32581605", "name": "Bob G", "screen_name": "bobg47", "location": "Proud American in Tennessee", "description": "Conservative, God, family, Country, Israel supporter, small gov & common sense advocate, Vietnam Vet, TN Vol,", "url": null, "entities": {"description": {"urls": []}}, "protected": false, "followers_count": 491, "friends_count": 652, "listed_count": 9, "created_at": "Fri Apr 17 21:01:01 +0000 2009", "favourites_count": 39, "utc_offset": null, "time_zone": null, "geo_enabled": false, "verified": false, "statuses_count": 21877, "lang": null, "contributors_enabled": false, "is_translator": false, "is_translation_enabled": false, "profile_background_color": "0099B9", "profile_background_image_url": "http://abs.twimg.com/images/themes/theme4/bg.gif", "profile_background_image_url_https": "https://abs.twimg.com/images/themes/theme4/bg.gif", "profile_background_tile": false, "profile_image_url": "http://pbs.twimg.com/profile_images/298558667/TN_petting_dog_323_normal.jpg", "profile_image_url_https": "https://pbs.twimg.com/profile_images/298558667/TN_petting_dog_323_normal.jpg", "profile_link_color": "0099B9", "profile_sidebar_border_color": "5ED4DC", "profile_sidebar_fill_color": "95E8EC", "profile_text_color": "3C3940", "profile_use_background_image": true, "has_extended_profile": false, "default_profile": false, "default_profile_image": false, "following": false, "follow_request_sent": false, "notifications": false, "translator_type": "none", "withheld_in_countries": []}, "geo": null, "coordinates": null, "place": null, "contributors": null, "is_quote_status": false, "retweet_count": 0, "favorite_count": 0, "favorited": false, "retweeted": false, "possibly_sensitive": false, "lang": "en"}