{"created_at": "Tue Jan 10 02:09:50 +0000 2017", "id": 818640965145653248, "id_str": "818640965145653248", "text": "BREAKING: Meryl Streep Just Got Fired From A Major Project For Lying About Trump https://t.co/1cLcRdtGra", "truncated": false, "entities": {"hashtags": [], "symbols": [], "user_mentions": [], "urls": [{"url": "https://t.co/1cLcRdtGra", "expanded_url": "http://fb.me/1Nz3170JN", "display_url": "fb.me/1Nz3170JN", "indices": [81, 104]}]}, "source": "<a href=\"http://www.facebook.com/twitter\" rel=\"nofollow\">Facebook</a>", "in_reply_to_status_id": null, "in_reply_to_status_id_str": null, "in_reply_to_user_id": null, "in_reply_to_user_id_str": null, "in_reply_to_screen_name": null, "user": {"id": 904833828, "id_str": "904833828", "name": "Brian Lange", "screen_name": "LiveTRUTHRADIO", "location": "", "description": "I am a man that believes in America, I am a man that believes in our Founding Documents. Constitution, and Bill of Rights! We must protect and defend these!", "url": "https://t.co/RKPUCzylPZ", "entities": {"url": {"urls": [{"url": "https://t.co/RKPUCzylPZ", "expanded_url": "https://www.facebook.com/livetruth911", "display_url": "facebook.com/livetruth911", "indices": [0, 23]}]}, "description": {"urls": []}}, "protected": false, "followers_count": 246, "friends_count": 315, "listed_count": 13, "created_at": "Thu Oct 25 22:59:03 +0000 2012", "favourites_count": 576, "utc_offset": null, "time_zone": null, "geo_enabled": false, "verified": false, "statuses_count": 47412, "lang": null, "contributors_enabled": false, "is_translator": false, "is_translation_enabled": false, "profile_background_color": "1A1B1F", "profile_background_image_url": "http://abs.twimg.com/images/themes/theme9/bg.gif", "profile_background_image_url_https": "https://abs.twimg.com/images/themes/theme9/bg.gif", "profile_background_tile": false, "profile_image_url": "http://pbs.twimg.com/profile_images/885590257013542912/tp5z8aLS_normal.jpg", "profile_image_url_https": "https://pbs.twimg.com/profile_images/885590257013542912/tp5z8aLS_normal.jpg", "profile_banner_url": "https://pbs.twimg.com/profile_banners/904833828/1475718235", "profile_link_color": "2FC2EF", "profile_sidebar_border_color": "181A1E", "profile_sidebar_fill_color": "252429", "profile_text_color": "666666", "profile_use_background_image": true, "has_extended_profile": false, "default_profile": false, "default_profile_image": false, "following": false, "follow_request_sent": false, "notifications": false, "translator_type": "none", "withheld_in_countries": []}, "geo": null, "coordinates": null, "place": null, "contributors": null, "is_quote_status": false, "retweet_count": 0, "favorite_count": 0, "favorited": false, "retweeted": false, "possibly_sensitive": false, "lang": "en"}