{"created_at": "Tue Jan 10 00:38:17 +0000 2017", "id": 818617928358600704, "id_str": "818617928358600704", "text": "BREAKING: #MerylStreep Just Got #Fired From A Major Project For Lying About #Trump https://t.co/sv76jFU4QJ", "truncated": false, "entities": {"hashtags": [{"text": "MerylStreep", "indices": [10, 22]}, {"text": "Fired", "indices": [32, 38]}, {"text": "Trump", "indices": [76, 82]}], "symbols": [], "user_mentions": [], "urls": [{"url": "https://t.co/sv76jFU4QJ", "expanded_url": "http://usadailypost.us/?p=545", "display_url": "usadailypost.us/?p=545", "indices": [83, 106]}]}, "source": "<a href=\"http://twitter.com\" rel=\"nofollow\">Twitter Web Client</a>", "in_reply_to_status_id": null, "in_reply_to_status_id_str": null, "in_reply_to_user_id": null, "in_reply_to_user_id_str": null, "in_reply_to_screen_name": null, "user": {"id": 3206947907, "id_str": "3206947907", "name": "American Horse\ud83e\udd85KAG2020", "screen_name": "wildwasp2112", "location": "Arizona, USA", "description": "(American Horse) heavy metal is in my blood! Conservative #KAG2020 I run ROCK!!!! on FB growing every day!", "url": null, "entities": {"description": {"urls": []}}, "protected": false, "followers_count": 2968, "friends_count": 3102, "listed_count": 41, "created_at": "Sat Apr 25 17:43:51 +0000 2015", "favourites_count": 21667, "utc_offset": null, "time_zone": null, "geo_enabled": true, "verified": false, "statuses_count": 14876, "lang": null, "contributors_enabled": false, "is_translator": false, "is_translation_enabled": false, "profile_background_color": "000000", "profile_background_image_url": "http://abs.twimg.com/images/themes/theme1/bg.png", "profile_background_image_url_https": "https://abs.twimg.com/images/themes/theme1/bg.png", "profile_background_tile": false, "profile_image_url": "http://pbs.twimg.com/profile_images/1172240890133434370/AenexfIp_normal.jpg", "profile_image_url_https": "https://pbs.twimg.com/profile_images/1172240890133434370/AenexfIp_normal.jpg", "profile_banner_url": "https://pbs.twimg.com/profile_banners/3206947907/1568506496", "profile_link_color": "1B95E0", "profile_sidebar_border_color": "000000", "profile_sidebar_fill_color": "000000", "profile_text_color": "000000", "profile_use_background_image": false, "has_extended_profile": false, "default_profile": false, "default_profile_image": false, "following": false, "follow_request_sent": false, "notifications": false, "translator_type": "none", "withheld_in_countries": []}, "geo": null, "coordinates": null, "place": null, "contributors": null, "is_quote_status": false, "retweet_count": 0, "favorite_count": 0, "favorited": false, "retweeted": false, "possibly_sensitive": false, "lang": "en"}