{"created_at": "Tue Jan 10 02:29:57 +0000 2017", "id": 818646028307939328, "id_str": "818646028307939328", "text": "BREAKING: Meryl Streep Just Got Fired From A Major Project For Lying About Trump - Usa News https://t.co/QFdigAAlqk", "truncated": false, "entities": {"hashtags": [], "symbols": [], "user_mentions": [], "urls": [{"url": "https://t.co/QFdigAAlqk", "expanded_url": "http://fb.me/RSAf91LY", "display_url": "fb.me/RSAf91LY", "indices": [92, 115]}]}, "source": "<a href=\"http://www.facebook.com/twitter\" rel=\"nofollow\">Facebook</a>", "in_reply_to_status_id": null, "in_reply_to_status_id_str": null, "in_reply_to_user_id": null, "in_reply_to_user_id_str": null, "in_reply_to_screen_name": null, "user": {"id": 79204510, "id_str": "79204510", "name": "Debann321", "screen_name": "Debann321", "location": "", "description": "#Accio Friends!! #DonaldTrump2020 #BidenCheated \u26af\u035b \u25b3\u20d2\u20d8", "url": null, "entities": {"description": {"urls": []}}, "protected": false, "followers_count": 111, "friends_count": 542, "listed_count": 1, "created_at": "Fri Oct 02 15:12:19 +0000 2009", "favourites_count": 17627, "utc_offset": null, "time_zone": null, "geo_enabled": true, "verified": false, "statuses_count": 3187, "lang": null, "contributors_enabled": false, "is_translator": false, "is_translation_enabled": false, "profile_background_color": "0D9E8D", "profile_background_image_url": "http://abs.twimg.com/images/themes/theme11/bg.gif", "profile_background_image_url_https": "https://abs.twimg.com/images/themes/theme11/bg.gif", "profile_background_tile": true, "profile_image_url": "http://pbs.twimg.com/profile_images/1341905905340854278/z5Jx6diM_normal.jpg", "profile_image_url_https": "https://pbs.twimg.com/profile_images/1341905905340854278/z5Jx6diM_normal.jpg", "profile_banner_url": "https://pbs.twimg.com/profile_banners/79204510/1392920584", "profile_link_color": "17A5EA", "profile_sidebar_border_color": "D66160", "profile_sidebar_fill_color": "8AE6DA", "profile_text_color": "236A74", "profile_use_background_image": true, "has_extended_profile": false, "default_profile": false, "default_profile_image": false, "following": false, "follow_request_sent": false, "notifications": false, "translator_type": "none", "withheld_in_countries": []}, "geo": null, "coordinates": null, "place": null, "contributors": null, "is_quote_status": false, "retweet_count": 0, "favorite_count": 0, "favorited": false, "retweeted": false, "possibly_sensitive": false, "lang": "en"}