{"created_at": "Tue Jan 10 03:41:12 +0000 2017", "id": 818663957024088066, "id_str": "818663957024088066", "text": "BREAKING: Meryl Streep Just Got Fired From A Major Project For Lying About Trump https://t.co/TGRjZH0jfn", "truncated": false, "entities": {"hashtags": [], "symbols": [], "user_mentions": [], "urls": [{"url": "https://t.co/TGRjZH0jfn", "expanded_url": "http://fb.me/3HHBgXXSW", "display_url": "fb.me/3HHBgXXSW", "indices": [81, 104]}]}, "source": "<a href=\"http://www.facebook.com/twitter\" rel=\"nofollow\">Facebook</a>", "in_reply_to_status_id": null, "in_reply_to_status_id_str": null, "in_reply_to_user_id": null, "in_reply_to_user_id_str": null, "in_reply_to_screen_name": null, "user": {"id": 48007255, "id_str": "48007255", "name": "Heidi G.", "screen_name": "HeadboardHeaven", "location": "Nashville, TN", "description": "Custom Built & Upholstered Headboards are what my company builds for designers, home owners, and home stagers!  New Toddler Line out! headboardheaven@gmail.com", "url": "http://t.co/SrRTc1SZrW", "entities": {"url": {"urls": [{"url": "http://t.co/SrRTc1SZrW", "expanded_url": "http://facebook.com/headboardheaven", "display_url": "facebook.com/headboardheaven", "indices": [0, 22]}]}, "description": {"urls": []}}, "protected": false, "followers_count": 45, "friends_count": 106, "listed_count": 1, "created_at": "Wed Jun 17 16:00:50 +0000 2009", "favourites_count": 1, "utc_offset": null, "time_zone": null, "geo_enabled": false, "verified": false, "statuses_count": 1032, "lang": null, "contributors_enabled": false, "is_translator": false, "is_translation_enabled": false, "profile_background_color": "EBEBEB", "profile_background_image_url": "http://abs.twimg.com/images/themes/theme7/bg.gif", "profile_background_image_url_https": "https://abs.twimg.com/images/themes/theme7/bg.gif", "profile_background_tile": false, "profile_image_url": "http://pbs.twimg.com/profile_images/876068885174382592/6PyFoGB4_normal.jpg", "profile_image_url_https": "https://pbs.twimg.com/profile_images/876068885174382592/6PyFoGB4_normal.jpg", "profile_banner_url": "https://pbs.twimg.com/profile_banners/48007255/1497705993", "profile_link_color": "990000", "profile_sidebar_border_color": "DFDFDF", "profile_sidebar_fill_color": "F3F3F3", "profile_text_color": "333333", "profile_use_background_image": true, "has_extended_profile": false, "default_profile": false, "default_profile_image": false, "following": false, "follow_request_sent": false, "notifications": false, "translator_type": "none", "withheld_in_countries": []}, "geo": null, "coordinates": null, "place": null, "contributors": null, "is_quote_status": false, "retweet_count": 0, "favorite_count": 0, "favorited": false, "retweeted": false, "possibly_sensitive": false, "lang": "en"}