{"created_at": "Tue Jan 10 04:35:44 +0000 2017", "id": 818677680954638336, "id_str": "818677680954638336", "text": "BREAKING: Meryl Streep Just Got Fired From A Major Project For Lying About Trump https://t.co/s8GJFLSneP", "truncated": false, "entities": {"hashtags": [], "symbols": [], "user_mentions": [], "urls": [{"url": "https://t.co/s8GJFLSneP", "expanded_url": "http://www.usadailyinfo.com/2017/01/breaking-meryl-streep-just-got-fired-major-project-lying-trump/", "display_url": "usadailyinfo.com/2017/01/breaki\u2026", "indices": [81, 104]}]}, "source": "<a href=\"http://twitter.com\" rel=\"nofollow\">Twitter Web Client</a>", "in_reply_to_status_id": null, "in_reply_to_status_id_str": null, "in_reply_to_user_id": null, "in_reply_to_user_id_str": null, "in_reply_to_screen_name": null, "user": {"id": 708469711411908608, "id_str": "708469711411908608", "name": "TeHenderson", "screen_name": "TeHenderson14", "location": "River Ridge,Louisiana ", "description": "Joined 3/11/16.Legal immigrant:Cuban born-proud American Citizen.\ud83c\uddfa\ud83c\uddf8\ud83c\udde8\ud83c\uddfaHealthcare professional.\u201dRetweets\u201dwork better than \u201cLikes\u201d-No lists - will block", "url": null, "entities": {"description": {"urls": []}}, "protected": false, "followers_count": 2235, "friends_count": 3038, "listed_count": 4, "created_at": "Sat Mar 12 01:48:36 +0000 2016", "favourites_count": 63586, "utc_offset": null, "time_zone": null, "geo_enabled": false, "verified": false, "statuses_count": 165559, "lang": null, "contributors_enabled": false, "is_translator": false, "is_translation_enabled": false, "profile_background_color": "F5F8FA", "profile_background_image_url": null, "profile_background_image_url_https": null, "profile_background_tile": false, "profile_image_url": "http://pbs.twimg.com/profile_images/1086132977224937472/pN0ehlyx_normal.jpg", "profile_image_url_https": "https://pbs.twimg.com/profile_images/1086132977224937472/pN0ehlyx_normal.jpg", "profile_banner_url": "https://pbs.twimg.com/profile_banners/708469711411908608/1516562454", "profile_link_color": "1DA1F2", "profile_sidebar_border_color": "C0DEED", "profile_sidebar_fill_color": "DDEEF6", "profile_text_color": "333333", "profile_use_background_image": true, "has_extended_profile": false, "default_profile": true, "default_profile_image": false, "following": false, "follow_request_sent": false, "notifications": false, "translator_type": "none", "withheld_in_countries": []}, "geo": null, "coordinates": null, "place": null, "contributors": null, "is_quote_status": false, "retweet_count": 0, "favorite_count": 0, "favorited": false, "retweeted": false, "possibly_sensitive": false, "lang": "en"}