{"created_at": "Tue Jan 10 02:47:53 +0000 2017", "id": 818650541140144129, "id_str": "818650541140144129", "text": "BREAKING: Meryl Streep Just Got Fired From A Major Project For Lying About Trump https://t.co/DYSJgRn6B9", "truncated": false, "entities": {"hashtags": [], "symbols": [], "user_mentions": [], "urls": [{"url": "https://t.co/DYSJgRn6B9", "expanded_url": "http://fb.me/13Y3ZgsFL", "display_url": "fb.me/13Y3ZgsFL", "indices": [81, 104]}]}, "source": "<a href=\"http://www.facebook.com/twitter\" rel=\"nofollow\">Facebook</a>", "in_reply_to_status_id": null, "in_reply_to_status_id_str": null, "in_reply_to_user_id": null, "in_reply_to_user_id_str": null, "in_reply_to_screen_name": null, "user": {"id": 15358122, "id_str": "15358122", "name": "mike zacher", "screen_name": "mikezac", "location": "Illinois, USA", "description": "Smiling cures many illnesses", "url": null, "entities": {"description": {"urls": []}}, "protected": false, "followers_count": 412, "friends_count": 443, "listed_count": 4, "created_at": "Tue Jul 08 20:55:32 +0000 2008", "favourites_count": 0, "utc_offset": null, "time_zone": null, "geo_enabled": false, "verified": false, "statuses_count": 17864, "lang": null, "contributors_enabled": false, "is_translator": false, "is_translation_enabled": false, "profile_background_color": "0099B9", "profile_background_image_url": "http://abs.twimg.com/images/themes/theme4/bg.gif", "profile_background_image_url_https": "https://abs.twimg.com/images/themes/theme4/bg.gif", "profile_background_tile": false, "profile_image_url": "http://pbs.twimg.com/profile_images/3401984797/00bbfb1fe479d748da3bdcb0f55e46fb_normal.jpeg", "profile_image_url_https": "https://pbs.twimg.com/profile_images/3401984797/00bbfb1fe479d748da3bdcb0f55e46fb_normal.jpeg", "profile_link_color": "0099B9", "profile_sidebar_border_color": "5ED4DC", "profile_sidebar_fill_color": "95E8EC", "profile_text_color": "3C3940", "profile_use_background_image": true, "has_extended_profile": false, "default_profile": false, "default_profile_image": false, "following": false, "follow_request_sent": false, "notifications": false, "translator_type": "none", "withheld_in_countries": []}, "geo": null, "coordinates": null, "place": null, "contributors": null, "is_quote_status": false, "retweet_count": 0, "favorite_count": 0, "favorited": false, "retweeted": false, "possibly_sensitive": false, "lang": "en"}