{"created_at": "Tue Jan 10 00:39:52 +0000 2017", "id": 818618323017535488, "id_str": "818618323017535488", "text": "Laughing Out Loud at #MerylStreep  Just Got Fired From A Major Project For Lying About Trump https://t.co/jmoNgAfM1X", "truncated": false, "entities": {"hashtags": [{"text": "MerylStreep", "indices": [21, 33]}], "symbols": [], "user_mentions": [], "urls": [{"url": "https://t.co/jmoNgAfM1X", "expanded_url": "http://thelastlineofdefense.org/breaking-meryl-streep-just-got-fired-from-a-major-project-for-lying-about-trump/", "display_url": "thelastlineofdefense.org/breaking-meryl\u2026", "indices": [93, 116]}]}, "source": "<a href=\"https://about.twitter.com/products/tweetdeck\" rel=\"nofollow\">TweetDeck</a>", "in_reply_to_status_id": null, "in_reply_to_status_id_str": null, "in_reply_to_user_id": null, "in_reply_to_user_id_str": null, "in_reply_to_screen_name": null, "user": {"id": 25535812, "id_str": "25535812", "name": "I Saw The Light", "screen_name": "isawthelight", "location": "USA", "description": "\u2020Jesus Christ is my Lord and Savior! #MAGA \nPolitics/Religions/Beliefs INFILTRATE to cause wars. Homosexual/Transgender/Pedophile/Abortionist all connected.", "url": null, "entities": {"description": {"urls": []}}, "protected": false, "followers_count": 6746, "friends_count": 6747, "listed_count": 55, "created_at": "Fri Mar 20 17:05:47 +0000 2009", "favourites_count": 11098, "utc_offset": null, "time_zone": null, "geo_enabled": false, "verified": false, "statuses_count": 33773, "lang": null, "contributors_enabled": false, "is_translator": false, "is_translation_enabled": false, "profile_background_color": "FF6699", "profile_background_image_url": "http://abs.twimg.com/images/themes/theme11/bg.gif", "profile_background_image_url_https": "https://abs.twimg.com/images/themes/theme11/bg.gif", "profile_background_tile": true, "profile_image_url": "http://pbs.twimg.com/profile_images/1353195708158013440/LEe4F2nc_normal.png", "profile_image_url_https": "https://pbs.twimg.com/profile_images/1353195708158013440/LEe4F2nc_normal.png", "profile_banner_url": "https://pbs.twimg.com/profile_banners/25535812/1611460211", "profile_link_color": "B40B43", "profile_sidebar_border_color": "CC3366", "profile_sidebar_fill_color": "E5507E", "profile_text_color": "362720", "profile_use_background_image": true, "has_extended_profile": false, "default_profile": false, "default_profile_image": false, "following": false, "follow_request_sent": false, "notifications": false, "translator_type": "none", "withheld_in_countries": []}, "geo": null, "coordinates": null, "place": null, "contributors": null, "is_quote_status": false, "retweet_count": 0, "favorite_count": 0, "favorited": false, "retweeted": false, "possibly_sensitive": false, "lang": "en"}