{"created_at": "Tue Jan 10 05:39:54 +0000 2017", "id": 818693829507350528, "id_str": "818693829507350528", "text": "BREAKING: Meryl Streep Just Got Fired From A Major Project For Lying About Trump https://t.co/x5a8nZ8SVk", "truncated": false, "entities": {"hashtags": [], "symbols": [], "user_mentions": [], "urls": [{"url": "https://t.co/x5a8nZ8SVk", "expanded_url": "http://wp.me/p78T3s-uG", "display_url": "wp.me/p78T3s-uG", "indices": [81, 104]}]}, "source": "<a href=\"http://twitter.com\" rel=\"nofollow\">Twitter Web Client</a>", "in_reply_to_status_id": null, "in_reply_to_status_id_str": null, "in_reply_to_user_id": null, "in_reply_to_user_id_str": null, "in_reply_to_screen_name": null, "user": {"id": 1035115242, "id_str": "1035115242", "name": "AmericaFirst", "screen_name": "sweepnwin", "location": "", "description": "NO lists or you will be blocked Trump MAGA KAG", "url": null, "entities": {"description": {"urls": []}}, "protected": false, "followers_count": 3429, "friends_count": 3629, "listed_count": 25, "created_at": "Tue Dec 25 16:26:11 +0000 2012", "favourites_count": 3542, "utc_offset": null, "time_zone": null, "geo_enabled": false, "verified": false, "statuses_count": 179390, "lang": null, "contributors_enabled": false, "is_translator": false, "is_translation_enabled": false, "profile_background_color": "C0DEED", "profile_background_image_url": "http://abs.twimg.com/images/themes/theme1/bg.png", "profile_background_image_url_https": "https://abs.twimg.com/images/themes/theme1/bg.png", "profile_background_tile": false, "profile_image_url": "http://pbs.twimg.com/profile_images/1192301541023240192/v-C1u4DI_normal.jpg", "profile_image_url_https": "https://pbs.twimg.com/profile_images/1192301541023240192/v-C1u4DI_normal.jpg", "profile_banner_url": "https://pbs.twimg.com/profile_banners/1035115242/1530308548", "profile_link_color": "1DA1F2", "profile_sidebar_border_color": "C0DEED", "profile_sidebar_fill_color": "DDEEF6", "profile_text_color": "333333", "profile_use_background_image": true, "has_extended_profile": false, "default_profile": true, "default_profile_image": false, "following": false, "follow_request_sent": false, "notifications": false, "translator_type": "none", "withheld_in_countries": []}, "geo": null, "coordinates": null, "place": null, "contributors": null, "is_quote_status": false, "retweet_count": 0, "favorite_count": 0, "favorited": false, "retweeted": false, "possibly_sensitive": false, "lang": "en"}