{"created_at": "Tue Jan 10 04:37:05 +0000 2017", "id": 818678021011947521, "id_str": "818678021011947521", "text": "BREAKING: Meryl Streep Just Got Fired From A Major Project For Lying About Trump https://t.co/jzrecmPgLp", "truncated": false, "entities": {"hashtags": [], "symbols": [], "user_mentions": [], "urls": [{"url": "https://t.co/jzrecmPgLp", "expanded_url": "http://wp.me/p78T3s-uG", "display_url": "wp.me/p78T3s-uG", "indices": [81, 104]}]}, "source": "<a href=\"http://twitter.com\" rel=\"nofollow\">Twitter Web Client</a>", "in_reply_to_status_id": null, "in_reply_to_status_id_str": null, "in_reply_to_user_id": null, "in_reply_to_user_id_str": null, "in_reply_to_screen_name": null, "user": {"id": 142923470, "id_str": "142923470", "name": "Judy Brown", "screen_name": "iluvartandmusic", "location": "USA", "description": "", "url": "http://t.co/9i75FeCGVn", "entities": {"url": {"urls": [{"url": "http://t.co/9i75FeCGVn", "expanded_url": "http://judybrownfineart.com", "display_url": "judybrownfineart.com", "indices": [0, 22]}]}, "description": {"urls": []}}, "protected": false, "followers_count": 70, "friends_count": 418, "listed_count": 0, "created_at": "Wed May 12 03:14:17 +0000 2010", "favourites_count": 2158, "utc_offset": null, "time_zone": null, "geo_enabled": false, "verified": false, "statuses_count": 5298, "lang": null, "contributors_enabled": false, "is_translator": false, "is_translation_enabled": false, "profile_background_color": "0099B9", "profile_background_image_url": "http://abs.twimg.com/images/themes/theme4/bg.gif", "profile_background_image_url_https": "https://abs.twimg.com/images/themes/theme4/bg.gif", "profile_background_tile": false, "profile_image_url": "http://pbs.twimg.com/profile_images/3065739857/b876d69083fbc438409eeb715a177aca_normal.png", "profile_image_url_https": "https://pbs.twimg.com/profile_images/3065739857/b876d69083fbc438409eeb715a177aca_normal.png", "profile_banner_url": "https://pbs.twimg.com/profile_banners/142923470/1353533322", "profile_link_color": "0099B9", "profile_sidebar_border_color": "5ED4DC", "profile_sidebar_fill_color": "95E8EC", "profile_text_color": "3C3940", "profile_use_background_image": true, "has_extended_profile": true, "default_profile": false, "default_profile_image": false, "following": false, "follow_request_sent": false, "notifications": false, "translator_type": "none", "withheld_in_countries": []}, "geo": null, "coordinates": null, "place": null, "contributors": null, "is_quote_status": false, "retweet_count": 0, "favorite_count": 0, "favorited": false, "retweeted": false, "possibly_sensitive": false, "lang": "en"}