{"created_at": "Tue Jan 10 05:40:33 +0000 2017", "id": 818693995928895488, "id_str": "818693995928895488", "text": "BREAKING: Meryl Streep Just Got Fired From A Major Project For Lying About Trump https://t.co/P2LsYNwCoV", "truncated": false, "entities": {"hashtags": [], "symbols": [], "user_mentions": [], "urls": [{"url": "https://t.co/P2LsYNwCoV", "expanded_url": "http://wp.me/p78T3s-uG", "display_url": "wp.me/p78T3s-uG", "indices": [81, 104]}]}, "source": "<a href=\"http://twitter.com\" rel=\"nofollow\">Twitter Web Client</a>", "in_reply_to_status_id": null, "in_reply_to_status_id_str": null, "in_reply_to_user_id": null, "in_reply_to_user_id_str": null, "in_reply_to_screen_name": null, "user": {"id": 18269496, "id_str": "18269496", "name": "mzee26 \ud83c\uddfa\ud83c\uddf8 \ud83c\uddfa\ud83c\uddf8", "screen_name": "mzee26", "location": "Texas", "description": "Politically Independent/Conservative,mostly political tweets. Big Brother fan, Love Dallas Stars \ud83c\udfd2 , NY Yankees.\u26be #MAGA! #USA \ud83c\uddfa\ud83c\uddf8", "url": "https://t.co/cxCMEpQpNI", "entities": {"url": {"urls": [{"url": "https://t.co/cxCMEpQpNI", "expanded_url": "http://www.facebook.com/YDugout99", "display_url": "facebook.com/YDugout99", "indices": [0, 23]}]}, "description": {"urls": []}}, "protected": false, "followers_count": 12947, "friends_count": 12857, "listed_count": 200, "created_at": "Sat Dec 20 17:41:56 +0000 2008", "favourites_count": 181183, "utc_offset": null, "time_zone": null, "geo_enabled": true, "verified": false, "statuses_count": 573235, "lang": null, "contributors_enabled": false, "is_translator": false, "is_translation_enabled": false, "profile_background_color": "120E57", "profile_background_image_url": "http://abs.twimg.com/images/themes/theme15/bg.png", "profile_background_image_url_https": "https://abs.twimg.com/images/themes/theme15/bg.png", "profile_background_tile": true, "profile_image_url": "http://pbs.twimg.com/profile_images/929184457591943169/eM0aQ_sa_normal.jpg", "profile_image_url_https": "https://pbs.twimg.com/profile_images/929184457591943169/eM0aQ_sa_normal.jpg", "profile_banner_url": "https://pbs.twimg.com/profile_banners/18269496/1603837077", "profile_link_color": "19CF86", "profile_sidebar_border_color": "000000", "profile_sidebar_fill_color": "9FA4AB", "profile_text_color": "000000", "profile_use_background_image": true, "has_extended_profile": false, "default_profile": false, "default_profile_image": false, "following": false, "follow_request_sent": false, "notifications": false, "translator_type": "none", "withheld_in_countries": []}, "geo": null, "coordinates": null, "place": null, "contributors": null, "is_quote_status": false, "retweet_count": 0, "favorite_count": 0, "favorited": false, "retweeted": false, "possibly_sensitive": false, "lang": "en"}