{"created_at": "Tue Jan 10 03:06:49 +0000 2017", "id": 818655306318278656, "id_str": "818655306318278656", "text": "BREAKING: Meryl Streep Just Got Fired From A Major Project For Lying About Trump https://t.co/pyfZy7V3c0", "truncated": false, "entities": {"hashtags": [], "symbols": [], "user_mentions": [], "urls": [{"url": "https://t.co/pyfZy7V3c0", "expanded_url": "http://wp.me/p78T3s-uG", "display_url": "wp.me/p78T3s-uG", "indices": [81, 104]}]}, "source": "<a href=\"http://twitter.com\" rel=\"nofollow\">Twitter Web Client</a>", "in_reply_to_status_id": null, "in_reply_to_status_id_str": null, "in_reply_to_user_id": null, "in_reply_to_user_id_str": null, "in_reply_to_screen_name": null, "user": {"id": 764892660901392384, "id_str": "764892660901392384", "name": "Nora Bedrossian", "screen_name": "nderbed", "location": "", "description": "", "url": null, "entities": {"description": {"urls": []}}, "protected": false, "followers_count": 5, "friends_count": 79, "listed_count": 0, "created_at": "Sun Aug 14 18:33:16 +0000 2016", "favourites_count": 1309, "utc_offset": null, "time_zone": null, "geo_enabled": true, "verified": false, "statuses_count": 335, "lang": null, "contributors_enabled": false, "is_translator": false, "is_translation_enabled": false, "profile_background_color": "F5F8FA", "profile_background_image_url": null, "profile_background_image_url_https": null, "profile_background_tile": false, "profile_image_url": "http://abs.twimg.com/sticky/default_profile_images/default_profile_normal.png", "profile_image_url_https": "https://abs.twimg.com/sticky/default_profile_images/default_profile_normal.png", "profile_link_color": "1DA1F2", "profile_sidebar_border_color": "C0DEED", "profile_sidebar_fill_color": "DDEEF6", "profile_text_color": "333333", "profile_use_background_image": true, "has_extended_profile": false, "default_profile": true, "default_profile_image": true, "following": false, "follow_request_sent": false, "notifications": false, "translator_type": "none", "withheld_in_countries": []}, "geo": null, "coordinates": null, "place": null, "contributors": null, "is_quote_status": false, "retweet_count": 0, "favorite_count": 0, "favorited": false, "retweeted": false, "possibly_sensitive": false, "lang": "en"}