{"created_at": "Tue Jan 10 03:37:49 +0000 2017", "id": 818663108570914816, "id_str": "818663108570914816", "text": "BREAKING: Meryl Streep Just Got Fired From A Major Project For Lying About Trump https://t.co/DiicoG4VLP", "truncated": false, "entities": {"hashtags": [], "symbols": [], "user_mentions": [], "urls": [{"url": "https://t.co/DiicoG4VLP", "expanded_url": "http://wp.me/p78T3s-uG", "display_url": "wp.me/p78T3s-uG", "indices": [81, 104]}]}, "source": "<a href=\"http://twitter.com/download/iphone\" rel=\"nofollow\">Twitter for iPhone</a>", "in_reply_to_status_id": null, "in_reply_to_status_id_str": null, "in_reply_to_user_id": null, "in_reply_to_user_id_str": null, "in_reply_to_screen_name": null, "user": {"id": 543540672, "id_str": "543540672", "name": "CasJan", "screen_name": "Rogofagi1", "location": "Texas, USA", "description": "\ud83d\udc89Medical \ud83c\uddfa\ud83c\uddf8Politics\ud83c\udf3bGardening Music \ud83c\udfc8AGGIES ,ASTROS,Travel BD:Jan 3\ud83c\udf895G-K\u2665\ufe0fVol-Hosp\ud83c\uddfa\ud83c\uddf8GOP 20 Trump, Crenshaw,D,-\ud83d\ude3bRIP-Scout\u2665\ufe0f Parler\ud83c\uddfa\ud83c\uddf8\ud83c\uddfa\ud83c\uddf8\ud83d\udc6e\u200d\u2642\ufe0f", "url": null, "entities": {"description": {"urls": []}}, "protected": false, "followers_count": 1870, "friends_count": 2512, "listed_count": 36, "created_at": "Mon Apr 02 14:32:45 +0000 2012", "favourites_count": 35120, "utc_offset": null, "time_zone": null, "geo_enabled": true, "verified": false, "statuses_count": 108561, "lang": null, "contributors_enabled": false, "is_translator": false, "is_translation_enabled": false, "profile_background_color": "C0DEED", "profile_background_image_url": "http://abs.twimg.com/images/themes/theme1/bg.png", "profile_background_image_url_https": "https://abs.twimg.com/images/themes/theme1/bg.png", "profile_background_tile": false, "profile_image_url": "http://pbs.twimg.com/profile_images/1220173902816608257/EFadB0Fx_normal.jpg", "profile_image_url_https": "https://pbs.twimg.com/profile_images/1220173902816608257/EFadB0Fx_normal.jpg", "profile_banner_url": "https://pbs.twimg.com/profile_banners/543540672/1595423183", "profile_link_color": "1DA1F2", "profile_sidebar_border_color": "C0DEED", "profile_sidebar_fill_color": "DDEEF6", "profile_text_color": "333333", "profile_use_background_image": true, "has_extended_profile": false, "default_profile": true, "default_profile_image": false, "following": false, "follow_request_sent": false, "notifications": false, "translator_type": "none", "withheld_in_countries": []}, "geo": null, "coordinates": null, "place": null, "contributors": null, "is_quote_status": false, "retweet_count": 0, "favorite_count": 0, "favorited": false, "retweeted": false, "possibly_sensitive": false, "lang": "en"}