{"created_at": "Tue Jan 10 00:12:48 +0000 2017", "id": 818611514584219650, "id_str": "818611514584219650", "text": "BREAKING: Meryl Streep Just Got Fired From A Major Project For Lying About Trump https://t.co/yXSqGpYzBQ", "truncated": false, "entities": {"hashtags": [], "symbols": [], "user_mentions": [], "urls": [{"url": "https://t.co/yXSqGpYzBQ", "expanded_url": "http://fb.me/2WosbYjjB", "display_url": "fb.me/2WosbYjjB", "indices": [81, 104]}]}, "source": "<a href=\"http://www.facebook.com/twitter\" rel=\"nofollow\">Facebook</a>", "in_reply_to_status_id": null, "in_reply_to_status_id_str": null, "in_reply_to_user_id": null, "in_reply_to_user_id_str": null, "in_reply_to_screen_name": null, "user": {"id": 48473404, "id_str": "48473404", "name": "Michael Daly", "screen_name": "STP43FAN", "location": "Wakefield, MA", "description": "Blogger, writer, sportsfan", "url": null, "entities": {"description": {"urls": []}}, "protected": false, "followers_count": 216, "friends_count": 629, "listed_count": 16, "created_at": "Thu Jun 18 20:13:20 +0000 2009", "favourites_count": 9274, "utc_offset": null, "time_zone": null, "geo_enabled": false, "verified": false, "statuses_count": 149049, "lang": null, "contributors_enabled": false, "is_translator": false, "is_translation_enabled": false, "profile_background_color": "C0DEED", "profile_background_image_url": "http://abs.twimg.com/images/themes/theme1/bg.png", "profile_background_image_url_https": "https://abs.twimg.com/images/themes/theme1/bg.png", "profile_background_tile": false, "profile_image_url": "http://abs.twimg.com/sticky/default_profile_images/default_profile_normal.png", "profile_image_url_https": "https://abs.twimg.com/sticky/default_profile_images/default_profile_normal.png", "profile_banner_url": "https://pbs.twimg.com/profile_banners/48473404/1568776410", "profile_link_color": "1DA1F2", "profile_sidebar_border_color": "C0DEED", "profile_sidebar_fill_color": "DDEEF6", "profile_text_color": "333333", "profile_use_background_image": true, "has_extended_profile": false, "default_profile": true, "default_profile_image": true, "following": false, "follow_request_sent": false, "notifications": false, "translator_type": "none", "withheld_in_countries": []}, "geo": null, "coordinates": null, "place": null, "contributors": null, "is_quote_status": false, "retweet_count": 0, "favorite_count": 0, "favorited": false, "retweeted": false, "possibly_sensitive": false, "lang": "en"}