{"created_at": "Tue Jan 10 00:46:51 +0000 2017", "id": 818620082985107456, "id_str": "818620082985107456", "text": "BREAKING: Meryl Streep Just Got Fired From A Major Project For Lying About Trump https://t.co/p3BcZOD6kM", "truncated": false, "entities": {"hashtags": [], "symbols": [], "user_mentions": [], "urls": [{"url": "https://t.co/p3BcZOD6kM", "expanded_url": "http://fb.me/2THUaYrH5", "display_url": "fb.me/2THUaYrH5", "indices": [81, 104]}]}, "source": "<a href=\"http://www.facebook.com/twitter\" rel=\"nofollow\">Facebook</a>", "in_reply_to_status_id": null, "in_reply_to_status_id_str": null, "in_reply_to_user_id": null, "in_reply_to_user_id_str": null, "in_reply_to_screen_name": null, "user": {"id": 14129929, "id_str": "14129929", "name": "Patschef", "screen_name": "Patschef", "location": "", "description": "", "url": null, "entities": {"description": {"urls": []}}, "protected": false, "followers_count": 761, "friends_count": 1257, "listed_count": 24, "created_at": "Wed Mar 12 04:10:12 +0000 2008", "favourites_count": 12636, "utc_offset": null, "time_zone": null, "geo_enabled": true, "verified": false, "statuses_count": 104315, "lang": null, "contributors_enabled": false, "is_translator": false, "is_translation_enabled": false, "profile_background_color": "022330", "profile_background_image_url": "http://abs.twimg.com/images/themes/theme15/bg.png", "profile_background_image_url_https": "https://abs.twimg.com/images/themes/theme15/bg.png", "profile_background_tile": false, "profile_image_url": "http://pbs.twimg.com/profile_images/480317036979974144/wI4K4fo8_normal.jpeg", "profile_image_url_https": "https://pbs.twimg.com/profile_images/480317036979974144/wI4K4fo8_normal.jpeg", "profile_banner_url": "https://pbs.twimg.com/profile_banners/14129929/1403351128", "profile_link_color": "0084B4", "profile_sidebar_border_color": "FFFFFF", "profile_sidebar_fill_color": "C0DFEC", "profile_text_color": "333333", "profile_use_background_image": true, "has_extended_profile": false, "default_profile": false, "default_profile_image": false, "following": false, "follow_request_sent": false, "notifications": false, "translator_type": "none", "withheld_in_countries": []}, "geo": null, "coordinates": null, "place": null, "contributors": null, "is_quote_status": false, "retweet_count": 0, "favorite_count": 0, "favorited": false, "retweeted": false, "possibly_sensitive": false, "lang": "en"}