{"created_at": "Tue Jan 10 00:14:22 +0000 2017", "id": 818611907896688641, "id_str": "818611907896688641", "text": "BREAKING: Meryl Streep Just Got Fired From A Major Project For Lying About Trump \u2013 SGS NEWS https://t.co/iTGqbSktl2", "truncated": false, "entities": {"hashtags": [], "symbols": [], "user_mentions": [], "urls": [{"url": "https://t.co/iTGqbSktl2", "expanded_url": "http://sgsnews.com/index.php/2017/01/09/breaking-meryl-streep-just-got-fired-from-a-major-project-for-lying-about-trump/", "display_url": "sgsnews.com/index.php/2017\u2026", "indices": [92, 115]}]}, "source": "<a href=\"http://twitter.com\" rel=\"nofollow\">Twitter Web Client</a>", "in_reply_to_status_id": null, "in_reply_to_status_id_str": null, "in_reply_to_user_id": null, "in_reply_to_user_id_str": null, "in_reply_to_screen_name": null, "user": {"id": 37970826, "id_str": "37970826", "name": "Sarah E McRae", "screen_name": "sarah_mcrae", "location": "Juneau, AK", "description": "Widow of CSM. Howard McRae/He was one of the Special Forces Honor Guard @President Kennedy's Funeral/Grandmother of Wounded Warrior GySgt.Thomas McRae/Juneau AK", "url": "https://t.co/f6M78KPHfj", "entities": {"url": {"urls": [{"url": "https://t.co/f6M78KPHfj", "expanded_url": "https://www.facebook.com/semcrae", "display_url": "facebook.com/semcrae", "indices": [0, 23]}]}, "description": {"urls": []}}, "protected": false, "followers_count": 362, "friends_count": 639, "listed_count": 23, "created_at": "Tue May 05 17:24:17 +0000 2009", "favourites_count": 11121, "utc_offset": null, "time_zone": null, "geo_enabled": true, "verified": false, "statuses_count": 14931, "lang": null, "contributors_enabled": false, "is_translator": false, "is_translation_enabled": false, "profile_background_color": "C0DEED", "profile_background_image_url": "http://abs.twimg.com/images/themes/theme1/bg.png", "profile_background_image_url_https": "https://abs.twimg.com/images/themes/theme1/bg.png", "profile_background_tile": false, "profile_image_url": "http://pbs.twimg.com/profile_images/822512085661720576/0CuNbMYn_normal.jpg", "profile_image_url_https": "https://pbs.twimg.com/profile_images/822512085661720576/0CuNbMYn_normal.jpg", "profile_banner_url": "https://pbs.twimg.com/profile_banners/37970826/1480871443", "profile_link_color": "1DA1F2", "profile_sidebar_border_color": "C0DEED", "profile_sidebar_fill_color": "DDEEF6", "profile_text_color": "333333", "profile_use_background_image": true, "has_extended_profile": true, "default_profile": true, "default_profile_image": false, "following": false, "follow_request_sent": false, "notifications": false, "translator_type": "none", "withheld_in_countries": []}, "geo": null, "coordinates": null, "place": null, "contributors": null, "is_quote_status": false, "retweet_count": 0, "favorite_count": 0, "favorited": false, "retweeted": false, "possibly_sensitive": false, "lang": "en"}