{"created_at": "Tue Jan 10 01:58:55 +0000 2017", "id": 818638218887385091, "id_str": "818638218887385091", "text": "Karma \nBREAKING: Meryl Streep Just Got Fired From A Major Project For Lying About Trump https://t.co/lEw8Lk0Kmw", "truncated": false, "entities": {"hashtags": [], "symbols": [], "user_mentions": [], "urls": [{"url": "https://t.co/lEw8Lk0Kmw", "expanded_url": "http://ln.is/thelastlineofdefense.org/3IN8L", "display_url": "ln.is/thelastlineofd\u2026", "indices": [88, 111]}]}, "source": "<a href=\"http://linkis.com\" rel=\"nofollow\">Linkis: turn sharing into growth</a>", "in_reply_to_status_id": null, "in_reply_to_status_id_str": null, "in_reply_to_user_id": null, "in_reply_to_user_id_str": null, "in_reply_to_screen_name": null, "user": {"id": 326965777, "id_str": "326965777", "name": "Robert Mayhew", "screen_name": "robert_mayhew", "location": "Richmond Va", "description": "Retired", "url": null, "entities": {"description": {"urls": []}}, "protected": false, "followers_count": 210, "friends_count": 1239, "listed_count": 2, "created_at": "Thu Jun 30 19:41:16 +0000 2011", "favourites_count": 2559, "utc_offset": null, "time_zone": null, "geo_enabled": true, "verified": false, "statuses_count": 15181, "lang": null, "contributors_enabled": false, "is_translator": false, "is_translation_enabled": false, "profile_background_color": "C0DEED", "profile_background_image_url": "http://abs.twimg.com/images/themes/theme1/bg.png", "profile_background_image_url_https": "https://abs.twimg.com/images/themes/theme1/bg.png", "profile_background_tile": false, "profile_image_url": "http://pbs.twimg.com/profile_images/1135286294161055744/Za5_Ke1B_normal.jpg", "profile_image_url_https": "https://pbs.twimg.com/profile_images/1135286294161055744/Za5_Ke1B_normal.jpg", "profile_banner_url": "https://pbs.twimg.com/profile_banners/326965777/1561672623", "profile_link_color": "1DA1F2", "profile_sidebar_border_color": "C0DEED", "profile_sidebar_fill_color": "DDEEF6", "profile_text_color": "333333", "profile_use_background_image": true, "has_extended_profile": false, "default_profile": true, "default_profile_image": false, "following": false, "follow_request_sent": false, "notifications": false, "translator_type": "none", "withheld_in_countries": []}, "geo": null, "coordinates": null, "place": null, "contributors": null, "is_quote_status": false, "retweet_count": 0, "favorite_count": 0, "favorited": false, "retweeted": false, "possibly_sensitive": false, "lang": "en"}