{"created_at": "Mon Jan 09 23:37:28 +0000 2017", "id": 818602619774140416, "id_str": "818602619774140416", "text": "BREAKING: Meryl Streep Just Got Fired From A Major Project For Lying About Trump \u2013 SGS NEWS https://t.co/LTX5hoPTci", "truncated": false, "entities": {"hashtags": [], "symbols": [], "user_mentions": [], "urls": [{"url": "https://t.co/LTX5hoPTci", "expanded_url": "http://sgsnews.com/index.php/2017/01/09/breaking-meryl-streep-just-got-fired-from-a-major-project-for-lying-about-trump/", "display_url": "sgsnews.com/index.php/2017\u2026", "indices": [92, 115]}]}, "source": "<a href=\"http://twitter.com\" rel=\"nofollow\">Twitter Web Client</a>", "in_reply_to_status_id": null, "in_reply_to_status_id_str": null, "in_reply_to_user_id": null, "in_reply_to_user_id_str": null, "in_reply_to_screen_name": null, "user": {"id": 894175236, "id_str": "894175236", "name": "darlene hudgins", "screen_name": "DarleneHudgins", "location": "", "description": "", "url": null, "entities": {"description": {"urls": []}}, "protected": false, "followers_count": 78, "friends_count": 851, "listed_count": 0, "created_at": "Sat Oct 20 22:47:31 +0000 2012", "favourites_count": 185, "utc_offset": null, "time_zone": null, "geo_enabled": true, "verified": false, "statuses_count": 15042, "lang": null, "contributors_enabled": false, "is_translator": false, "is_translation_enabled": false, "profile_background_color": "000000", "profile_background_image_url": "http://abs.twimg.com/images/themes/theme1/bg.png", "profile_background_image_url_https": "https://abs.twimg.com/images/themes/theme1/bg.png", "profile_background_tile": false, "profile_image_url": "http://abs.twimg.com/sticky/default_profile_images/default_profile_normal.png", "profile_image_url_https": "https://abs.twimg.com/sticky/default_profile_images/default_profile_normal.png", "profile_link_color": "FF691F", "profile_sidebar_border_color": "000000", "profile_sidebar_fill_color": "000000", "profile_text_color": "000000", "profile_use_background_image": false, "has_extended_profile": true, "default_profile": false, "default_profile_image": true, "following": false, "follow_request_sent": false, "notifications": false, "translator_type": "none", "withheld_in_countries": []}, "geo": null, "coordinates": null, "place": null, "contributors": null, "is_quote_status": false, "retweet_count": 0, "favorite_count": 0, "favorited": false, "retweeted": false, "possibly_sensitive": false, "lang": "en"}