{"created_at": "Tue Jan 10 04:42:19 +0000 2017", "id": 818679339583737857, "id_str": "818679339583737857", "text": "https://t.co/eweYqrTJkm \"BREAKING: Meryl Streep Just Got Fired From A Major Project For Lying About Trump\"", "truncated": false, "entities": {"hashtags": [], "symbols": [], "user_mentions": [], "urls": [{"url": "https://t.co/eweYqrTJkm", "expanded_url": "http://ift.tt/2j2gCIV", "display_url": "ift.tt/2j2gCIV", "indices": [0, 23]}]}, "source": "<a href=\"https://ifttt.com\" rel=\"nofollow\">IFTTT</a>", "in_reply_to_status_id": null, "in_reply_to_status_id_str": null, "in_reply_to_user_id": null, "in_reply_to_user_id_str": null, "in_reply_to_screen_name": null, "user": {"id": 3068746850, "id_str": "3068746850", "name": "\ud83c\uddfa\ud83c\uddf8ChristianPatriot", "screen_name": "SavetheUSNation", "location": "United States", "description": "I am an American, a Christian, the son of a Veteran, and a Trump supporter. No weapon formed against this nation shall prosper. We will save this country.", "url": "https://t.co/GhdZpkj81s", "entities": {"url": {"urls": [{"url": "https://t.co/GhdZpkj81s", "expanded_url": "http://reddit.com/r/the_donald", "display_url": "reddit.com/r/the_donald", "indices": [0, 23]}]}, "description": {"urls": []}}, "protected": false, "followers_count": 510, "friends_count": 249, "listed_count": 33, "created_at": "Sun Mar 08 22:04:06 +0000 2015", "favourites_count": 4363, "utc_offset": null, "time_zone": null, "geo_enabled": false, "verified": false, "statuses_count": 256255, "lang": null, "contributors_enabled": false, "is_translator": false, "is_translation_enabled": false, "profile_background_color": "000000", "profile_background_image_url": "http://abs.twimg.com/images/themes/theme1/bg.png", "profile_background_image_url_https": "https://abs.twimg.com/images/themes/theme1/bg.png", "profile_background_tile": false, "profile_image_url": "http://pbs.twimg.com/profile_images/886025562833027072/7NlPkmM6_normal.jpg", "profile_image_url_https": "https://pbs.twimg.com/profile_images/886025562833027072/7NlPkmM6_normal.jpg", "profile_banner_url": "https://pbs.twimg.com/profile_banners/3068746850/1514327072", "profile_link_color": "8B0000", "profile_sidebar_border_color": "000000", "profile_sidebar_fill_color": "000000", "profile_text_color": "000000", "profile_use_background_image": false, "has_extended_profile": false, "default_profile": false, "default_profile_image": false, "following": false, "follow_request_sent": false, "notifications": false, "translator_type": "none", "withheld_in_countries": []}, "geo": null, "coordinates": null, "place": null, "contributors": null, "is_quote_status": false, "retweet_count": 0, "favorite_count": 0, "favorited": false, "retweeted": false, "possibly_sensitive": false, "lang": "en"}