{"created_at": "Tue Jan 10 04:07:52 +0000 2017", "id": 818670667793137664, "id_str": "818670667793137664", "text": "BREAKING: Meryl Streep Just Got Fired From A Major Project For Lying About Trump https://t.co/nCKPzi86fR", "truncated": false, "entities": {"hashtags": [], "symbols": [], "user_mentions": [], "urls": [{"url": "https://t.co/nCKPzi86fR", "expanded_url": "http://www.usadailyinfo.com/2017/01/breaking-meryl-streep-just-got-fired-major-project-lying-trump/", "display_url": "usadailyinfo.com/2017/01/breaki\u2026", "indices": [81, 104]}]}, "source": "<a href=\"http://twitter.com\" rel=\"nofollow\">Twitter Web Client</a>", "in_reply_to_status_id": null, "in_reply_to_status_id_str": null, "in_reply_to_user_id": null, "in_reply_to_user_id_str": null, "in_reply_to_screen_name": null, "user": {"id": 320252434, "id_str": "320252434", "name": "sam", "screen_name": "flyer4life", "location": "", "description": "Sports fanatic...Flyers, Eagles...enough said.", "url": null, "entities": {"description": {"urls": []}}, "protected": false, "followers_count": 7896, "friends_count": 7446, "listed_count": 162, "created_at": "Sun Jun 19 15:48:15 +0000 2011", "favourites_count": 214111, "utc_offset": null, "time_zone": null, "geo_enabled": false, "verified": false, "statuses_count": 256372, "lang": null, "contributors_enabled": false, "is_translator": false, "is_translation_enabled": false, "profile_background_color": "131516", "profile_background_image_url": "http://abs.twimg.com/images/themes/theme14/bg.gif", "profile_background_image_url_https": "https://abs.twimg.com/images/themes/theme14/bg.gif", "profile_background_tile": true, "profile_image_url": "http://pbs.twimg.com/profile_images/753285414656602112/Nuq6xhW1_normal.jpg", "profile_image_url_https": "https://pbs.twimg.com/profile_images/753285414656602112/Nuq6xhW1_normal.jpg", "profile_banner_url": "https://pbs.twimg.com/profile_banners/320252434/1468432262", "profile_link_color": "009999", "profile_sidebar_border_color": "EEEEEE", "profile_sidebar_fill_color": "EFEFEF", "profile_text_color": "333333", "profile_use_background_image": true, "has_extended_profile": false, "default_profile": false, "default_profile_image": false, "following": false, "follow_request_sent": false, "notifications": false, "translator_type": "none", "withheld_in_countries": []}, "geo": null, "coordinates": null, "place": null, "contributors": null, "is_quote_status": false, "retweet_count": 0, "favorite_count": 0, "favorited": false, "retweeted": false, "possibly_sensitive": false, "lang": "en"}