{"created_at": "Tue Jan 10 08:20:00 +0000 2017", "id": 818734121593749504, "id_str": "818734121593749504", "text": "BREAKING BOOMERANG: Meryl Streep Just Got Fired From A Major Project For Lying About Trump https://t.co/eArI37RXvp", "truncated": false, "entities": {"hashtags": [], "symbols": [], "user_mentions": [], "urls": [{"url": "https://t.co/eArI37RXvp", "expanded_url": "http://ln.is/www.usadailyinfo.com/MT4DL", "display_url": "ln.is/www.usadailyin\u2026", "indices": [91, 114]}]}, "source": "<a href=\"http://linkis.com\" rel=\"nofollow\">Linkis: turn sharing into growth</a>", "in_reply_to_status_id": null, "in_reply_to_status_id_str": null, "in_reply_to_user_id": null, "in_reply_to_user_id_str": null, "in_reply_to_screen_name": null, "user": {"id": 499260590, "id_str": "499260590", "name": "Frankly Speaking", "screen_name": "FrankTunde64", "location": "", "description": "A Christian, an Addictive Israel\u200b supporter and\nA Central Conservative and a believer in Renewable Energy Technologies.", "url": null, "entities": {"description": {"urls": []}}, "protected": false, "followers_count": 1168, "friends_count": 910, "listed_count": 10, "created_at": "Tue Feb 21 23:13:07 +0000 2012", "favourites_count": 99165, "utc_offset": null, "time_zone": null, "geo_enabled": true, "verified": false, "statuses_count": 13475, "lang": null, "contributors_enabled": false, "is_translator": false, "is_translation_enabled": false, "profile_background_color": "C0DEED", "profile_background_image_url": "http://abs.twimg.com/images/themes/theme1/bg.png", "profile_background_image_url_https": "https://abs.twimg.com/images/themes/theme1/bg.png", "profile_background_tile": false, "profile_image_url": "http://pbs.twimg.com/profile_images/923222000201592833/UYchzYzp_normal.jpg", "profile_image_url_https": "https://pbs.twimg.com/profile_images/923222000201592833/UYchzYzp_normal.jpg", "profile_banner_url": "https://pbs.twimg.com/profile_banners/499260590/1604611468", "profile_link_color": "1DA1F2", "profile_sidebar_border_color": "C0DEED", "profile_sidebar_fill_color": "DDEEF6", "profile_text_color": "333333", "profile_use_background_image": true, "has_extended_profile": true, "default_profile": true, "default_profile_image": false, "following": false, "follow_request_sent": false, "notifications": false, "translator_type": "none", "withheld_in_countries": []}, "geo": null, "coordinates": null, "place": null, "contributors": null, "is_quote_status": false, "retweet_count": 0, "favorite_count": 0, "favorited": false, "retweeted": false, "possibly_sensitive": false, "lang": "en"}