{"created_at": "Tue Jan 10 06:17:28 +0000 2017", "id": 818703283967574016, "id_str": "818703283967574016", "text": "BREAKING: Meryl Streep Just Got Fired From A Major Project For Lying About Trump https://t.co/APglkbB4K0", "truncated": false, "entities": {"hashtags": [], "symbols": [], "user_mentions": [], "urls": [{"url": "https://t.co/APglkbB4K0", "expanded_url": "http://fb.me/5J4b2NZcT", "display_url": "fb.me/5J4b2NZcT", "indices": [81, 104]}]}, "source": "<a href=\"http://www.facebook.com/twitter\" rel=\"nofollow\">Facebook</a>", "in_reply_to_status_id": null, "in_reply_to_status_id_str": null, "in_reply_to_user_id": null, "in_reply_to_user_id_str": null, "in_reply_to_screen_name": null, "user": {"id": 64911139, "id_str": "64911139", "name": "Carl Roetemeyer", "screen_name": "sujaru", "location": "La Quinta CA.", "description": "I've been selling real estate in the COACHELLA valley for 13 years and the changes are always on going. I'm up for the challenge. Bring it on!!", "url": "https://t.co/BGlaIvGJRJ", "entities": {"url": {"urls": [{"url": "https://t.co/BGlaIvGJRJ", "expanded_url": "http://CarlandTeresa.com", "display_url": "CarlandTeresa.com", "indices": [0, 23]}]}, "description": {"urls": []}}, "protected": false, "followers_count": 384, "friends_count": 1291, "listed_count": 9, "created_at": "Wed Aug 12 02:40:28 +0000 2009", "favourites_count": 9, "utc_offset": null, "time_zone": null, "geo_enabled": true, "verified": false, "statuses_count": 6624, "lang": null, "contributors_enabled": false, "is_translator": false, "is_translation_enabled": false, "profile_background_color": "642D8B", "profile_background_image_url": "http://abs.twimg.com/images/themes/theme10/bg.gif", "profile_background_image_url_https": "https://abs.twimg.com/images/themes/theme10/bg.gif", "profile_background_tile": true, "profile_image_url": "http://pbs.twimg.com/profile_images/378800000463238056/7a3779d06732c06a5478525bef29a110_normal.jpeg", "profile_image_url_https": "https://pbs.twimg.com/profile_images/378800000463238056/7a3779d06732c06a5478525bef29a110_normal.jpeg", "profile_banner_url": "https://pbs.twimg.com/profile_banners/64911139/1374171285", "profile_link_color": "89C9FA", "profile_sidebar_border_color": "65B0DA", "profile_sidebar_fill_color": "7AC3EE", "profile_text_color": "3D1957", "profile_use_background_image": true, "has_extended_profile": true, "default_profile": false, "default_profile_image": false, "following": false, "follow_request_sent": false, "notifications": false, "translator_type": "none", "withheld_in_countries": []}, "geo": null, "coordinates": null, "place": null, "contributors": null, "is_quote_status": false, "retweet_count": 0, "favorite_count": 0, "favorited": false, "retweeted": false, "possibly_sensitive": false, "lang": "en"}