{"created_at": "Tue Jan 10 11:46:01 +0000 2017", "id": 818785966819344384, "id_str": "818785966819344384", "text": "BREAKING: Meryl Streep Just Got Fired From A Major Project For Lying About Trump - Usa News https://t.co/rJBCZyh7Wg", "truncated": false, "entities": {"hashtags": [], "symbols": [], "user_mentions": [], "urls": [{"url": "https://t.co/rJBCZyh7Wg", "expanded_url": "http://fb.me/8sARzKWpS", "display_url": "fb.me/8sARzKWpS", "indices": [92, 115]}]}, "source": "<a href=\"http://www.facebook.com/twitter\" rel=\"nofollow\">Facebook</a>", "in_reply_to_status_id": null, "in_reply_to_status_id_str": null, "in_reply_to_user_id": null, "in_reply_to_user_id_str": null, "in_reply_to_screen_name": null, "user": {"id": 58932159, "id_str": "58932159", "name": "HERMAN CARR", "screen_name": "hcarr34488", "location": "Ocklawaha, FL", "description": "handymanlawnservices@3524542925.com", "url": "https://t.co/QFg0PN4yyn", "entities": {"url": {"urls": [{"url": "https://t.co/QFg0PN4yyn", "expanded_url": "http://www.handymanlawnservices.com", "display_url": "handymanlawnservices.com", "indices": [0, 23]}]}, "description": {"urls": []}}, "protected": false, "followers_count": 58, "friends_count": 384, "listed_count": 0, "created_at": "Tue Jul 21 21:44:43 +0000 2009", "favourites_count": 1391, "utc_offset": null, "time_zone": null, "geo_enabled": true, "verified": false, "statuses_count": 12029, "lang": null, "contributors_enabled": false, "is_translator": false, "is_translation_enabled": false, "profile_background_color": "000000", "profile_background_image_url": "http://abs.twimg.com/images/themes/theme1/bg.png", "profile_background_image_url_https": "https://abs.twimg.com/images/themes/theme1/bg.png", "profile_background_tile": false, "profile_image_url": "http://pbs.twimg.com/profile_images/694521121371246592/nIXT7G8l_normal.jpg", "profile_image_url_https": "https://pbs.twimg.com/profile_images/694521121371246592/nIXT7G8l_normal.jpg", "profile_link_color": "DD2E44", "profile_sidebar_border_color": "000000", "profile_sidebar_fill_color": "000000", "profile_text_color": "000000", "profile_use_background_image": false, "has_extended_profile": true, "default_profile": false, "default_profile_image": false, "following": false, "follow_request_sent": false, "notifications": false, "translator_type": "none", "withheld_in_countries": []}, "geo": null, "coordinates": null, "place": null, "contributors": null, "is_quote_status": false, "retweet_count": 0, "favorite_count": 0, "favorited": false, "retweeted": false, "possibly_sensitive": false, "lang": "en"}