{"created_at": "Tue Jan 10 07:14:47 +0000 2017", "id": 818717710091685888, "id_str": "818717710091685888", "text": "@DrudgeReport @BreitbartNews BREAKING:Meryl Streep Just Got Fired From A Major Project For Lying About Trump #uspoli https://t.co/lnuvK8W08t", "truncated": false, "entities": {"hashtags": [{"text": "uspoli", "indices": [109, 116]}], "symbols": [], "user_mentions": [{"screen_name": "drudgereport", "name": "Drudge Report", "id": 5942922, "id_str": "5942922", "indices": [0, 13]}, {"screen_name": "BreitbartNews", "name": "Breitbart News", "id": 457984599, "id_str": "457984599", "indices": [14, 28]}], "urls": [{"url": "https://t.co/lnuvK8W08t", "expanded_url": "http://departedmedia.info/breaking-meryl-streep-just-got-fired-major-project-lying-trump/", "display_url": "departedmedia.info/breaking-meryl\u2026", "indices": [117, 140]}]}, "source": "<a href=\"http://twitter.com\" rel=\"nofollow\">Twitter Web Client</a>", "in_reply_to_status_id": null, "in_reply_to_status_id_str": null, "in_reply_to_user_id": 5942922, "in_reply_to_user_id_str": "5942922", "in_reply_to_screen_name": "drudgereport", "user": {"id": 1023659581, "id_str": "1023659581", "name": "Terry", "screen_name": "Terry24681865", "location": "", "description": "FM of #PPC End illegal immigration, corporate/foreign welfare, keep your Guns! Pardons for over 30grams of Cannabis-700 medical uses, Vote #MadMax No NWO #MCGA", "url": null, "entities": {"description": {"urls": []}}, "protected": false, "followers_count": 2707, "friends_count": 3262, "listed_count": 136, "created_at": "Thu Dec 20 06:26:02 +0000 2012", "favourites_count": 111176, "utc_offset": null, "time_zone": null, "geo_enabled": false, "verified": false, "statuses_count": 133232, "lang": null, "contributors_enabled": false, "is_translator": false, "is_translation_enabled": false, "profile_background_color": "C0DEED", "profile_background_image_url": "http://abs.twimg.com/images/themes/theme1/bg.png", "profile_background_image_url_https": "https://abs.twimg.com/images/themes/theme1/bg.png", "profile_background_tile": false, "profile_image_url": "http://pbs.twimg.com/profile_images/3513563543/de035d8dc573ed07871c0fd37a085f47_normal.jpeg", "profile_image_url_https": "https://pbs.twimg.com/profile_images/3513563543/de035d8dc573ed07871c0fd37a085f47_normal.jpeg", "profile_banner_url": "https://pbs.twimg.com/profile_banners/1023659581/1365825675", "profile_link_color": "1DA1F2", "profile_sidebar_border_color": "C0DEED", "profile_sidebar_fill_color": "DDEEF6", "profile_text_color": "333333", "profile_use_background_image": true, "has_extended_profile": false, "default_profile": true, "default_profile_image": false, "following": false, "follow_request_sent": false, "notifications": false, "translator_type": "none", "withheld_in_countries": []}, "geo": null, "coordinates": null, "place": null, "contributors": null, "is_quote_status": false, "retweet_count": 0, "favorite_count": 0, "favorited": false, "retweeted": false, "possibly_sensitive": false, "lang": "en"}