{"created_at": "Tue Jan 10 06:51:00 +0000 2017", "id": 818711723620188160, "id_str": "818711723620188160", "text": "Meryl Streep Just Got Fired From A Major Project For Lying About Trump, losing Millions of Dollars. =&gt; Karma  =&gt; https://t.co/Mv5NH5tecj", "truncated": false, "entities": {"hashtags": [], "symbols": [], "user_mentions": [], "urls": [{"url": "https://t.co/Mv5NH5tecj", "expanded_url": "http://bit.ly/2idj8Lt", "display_url": "bit.ly/2idj8Lt", "indices": [119, 142]}]}, "source": "<a href=\"http://twitter.com\" rel=\"nofollow\">Twitter Web Client</a>", "in_reply_to_status_id": null, "in_reply_to_status_id_str": null, "in_reply_to_user_id": null, "in_reply_to_user_id_str": null, "in_reply_to_screen_name": null, "user": {"id": 763588974, "id_str": "763588974", "name": "MensaMax", "screen_name": "MensaMax2", "location": "", "description": "Follower of Plato who described the Ideal State as a Republic, not a Democracy. Writer - Lover of Knowledge (On & Off Planet) - Seeker of Wisdom -", "url": null, "entities": {"description": {"urls": []}}, "protected": false, "followers_count": 14352, "friends_count": 14296, "listed_count": 124, "created_at": "Fri Aug 17 12:08:08 +0000 2012", "favourites_count": 85, "utc_offset": null, "time_zone": null, "geo_enabled": false, "verified": false, "statuses_count": 26501, "lang": null, "contributors_enabled": false, "is_translator": false, "is_translation_enabled": false, "profile_background_color": "C0DEED", "profile_background_image_url": "http://abs.twimg.com/images/themes/theme1/bg.png", "profile_background_image_url_https": "https://abs.twimg.com/images/themes/theme1/bg.png", "profile_background_tile": false, "profile_image_url": "http://pbs.twimg.com/profile_images/2514276659/Mensa_Max_for_Facebook_normal.jpg", "profile_image_url_https": "https://pbs.twimg.com/profile_images/2514276659/Mensa_Max_for_Facebook_normal.jpg", "profile_banner_url": "https://pbs.twimg.com/profile_banners/763588974/1402388394", "profile_link_color": "0084B4", "profile_sidebar_border_color": "C0DEED", "profile_sidebar_fill_color": "DDEEF6", "profile_text_color": "333333", "profile_use_background_image": true, "has_extended_profile": false, "default_profile": false, "default_profile_image": false, "following": false, "follow_request_sent": false, "notifications": false, "translator_type": "none", "withheld_in_countries": []}, "geo": null, "coordinates": null, "place": null, "contributors": null, "is_quote_status": false, "retweet_count": 6, "favorite_count": 5, "favorited": false, "retweeted": false, "possibly_sensitive": false, "lang": "en"}