{"created_at": "Tue Jan 10 06:11:54 +0000 2017", "id": 818701884164739073, "id_str": "818701884164739073", "text": "She would be a natural for Mrs.C :BREAKING: Meryl Streep Just Got Fired From A Major Project For Lying About Trump https://t.co/xQjBYzAakE", "truncated": false, "entities": {"hashtags": [], "symbols": [], "user_mentions": [], "urls": [{"url": "https://t.co/xQjBYzAakE", "expanded_url": "http://www.usadailyinfo.com/2017/01/breaking-meryl-streep-just-got-fired-major-project-lying-trump/", "display_url": "usadailyinfo.com/2017/01/breaki\u2026", "indices": [115, 138]}]}, "source": "<a href=\"http://twitter.com\" rel=\"nofollow\">Twitter Web Client</a>", "in_reply_to_status_id": null, "in_reply_to_status_id_str": null, "in_reply_to_user_id": null, "in_reply_to_user_id_str": null, "in_reply_to_screen_name": null, "user": {"id": 572847319, "id_str": "572847319", "name": "Aussie News & Views", "screen_name": "AussieNewsViews", "location": "", "description": "", "url": null, "entities": {"description": {"urls": []}}, "protected": false, "followers_count": 285, "friends_count": 219, "listed_count": 62, "created_at": "Sun May 06 17:30:43 +0000 2012", "favourites_count": 18411, "utc_offset": null, "time_zone": null, "geo_enabled": false, "verified": false, "statuses_count": 46981, "lang": null, "contributors_enabled": false, "is_translator": false, "is_translation_enabled": false, "profile_background_color": "C0DEED", "profile_background_image_url": "http://abs.twimg.com/images/themes/theme1/bg.png", "profile_background_image_url_https": "https://abs.twimg.com/images/themes/theme1/bg.png", "profile_background_tile": false, "profile_image_url": "http://pbs.twimg.com/profile_images/646000929829879809/ujF1flzS_normal.jpg", "profile_image_url_https": "https://pbs.twimg.com/profile_images/646000929829879809/ujF1flzS_normal.jpg", "profile_link_color": "1DA1F2", "profile_sidebar_border_color": "C0DEED", "profile_sidebar_fill_color": "DDEEF6", "profile_text_color": "333333", "profile_use_background_image": true, "has_extended_profile": false, "default_profile": true, "default_profile_image": false, "following": false, "follow_request_sent": false, "notifications": false, "translator_type": "none", "withheld_in_countries": []}, "geo": null, "coordinates": null, "place": null, "contributors": null, "is_quote_status": false, "retweet_count": 0, "favorite_count": 0, "favorited": false, "retweeted": false, "possibly_sensitive": false, "lang": "en"}