{"created_at": "Tue Jan 10 11:57:32 +0000 2017", "id": 818788864886075393, "id_str": "818788864886075393", "text": "BREAKING: Meryl Streep Just Got Fired From A Major Project For Lying About Trump https://t.co/Cbod4x0xfJ", "truncated": false, "entities": {"hashtags": [], "symbols": [], "user_mentions": [], "urls": [{"url": "https://t.co/Cbod4x0xfJ", "expanded_url": "http://fb.me/2x6SP9bVU", "display_url": "fb.me/2x6SP9bVU", "indices": [81, 104]}]}, "source": "<a href=\"http://www.facebook.com/twitter\" rel=\"nofollow\">Facebook</a>", "in_reply_to_status_id": null, "in_reply_to_status_id_str": null, "in_reply_to_user_id": null, "in_reply_to_user_id_str": null, "in_reply_to_screen_name": null, "user": {"id": 112275346, "id_str": "112275346", "name": "Cliff Rosang", "screen_name": "CliffRosang", "location": "Vancouver, BC", "description": "Lucky guy, married to an awesome woman and have 3 incredible kids. I Like being healthy and inspired conversation with authentic good people.", "url": "http://t.co/kpaCgBzHZF", "entities": {"url": {"urls": [{"url": "http://t.co/kpaCgBzHZF", "expanded_url": "http://HeartDiseaseReversed.com", "display_url": "HeartDiseaseReversed.com", "indices": [0, 22]}]}, "description": {"urls": []}}, "protected": false, "followers_count": 34, "friends_count": 50, "listed_count": 1, "created_at": "Sun Feb 07 22:07:28 +0000 2010", "favourites_count": 46, "utc_offset": null, "time_zone": null, "geo_enabled": false, "verified": false, "statuses_count": 7546, "lang": null, "contributors_enabled": false, "is_translator": false, "is_translation_enabled": false, "profile_background_color": "0099B9", "profile_background_image_url": "http://abs.twimg.com/images/themes/theme4/bg.gif", "profile_background_image_url_https": "https://abs.twimg.com/images/themes/theme4/bg.gif", "profile_background_tile": false, "profile_image_url": "http://pbs.twimg.com/profile_images/1194619568/Cliff_normal.jpg", "profile_image_url_https": "https://pbs.twimg.com/profile_images/1194619568/Cliff_normal.jpg", "profile_link_color": "0099B9", "profile_sidebar_border_color": "5ED4DC", "profile_sidebar_fill_color": "95E8EC", "profile_text_color": "3C3940", "profile_use_background_image": true, "has_extended_profile": false, "default_profile": false, "default_profile_image": false, "following": false, "follow_request_sent": false, "notifications": false, "translator_type": "none", "withheld_in_countries": []}, "geo": null, "coordinates": null, "place": null, "contributors": null, "is_quote_status": false, "retweet_count": 0, "favorite_count": 0, "favorited": false, "retweeted": false, "possibly_sensitive": false, "lang": "en"}