{"created_at": "Tue Jan 10 06:44:29 +0000 2017", "id": 818710083001585664, "id_str": "818710083001585664", "text": "BREAKING: Meryl Streep Just Got Fired From A Major Project For Lying About Trump https://t.co/Wiqx4X3KVQ", "truncated": false, "entities": {"hashtags": [], "symbols": [], "user_mentions": [], "urls": [{"url": "https://t.co/Wiqx4X3KVQ", "expanded_url": "http://ln.is/thelastlineofdefense.org/tl8bF", "display_url": "ln.is/thelastlineofd\u2026", "indices": [81, 104]}]}, "source": "<a href=\"http://linkis.com\" rel=\"nofollow\">Linkis: turn sharing into growth</a>", "in_reply_to_status_id": null, "in_reply_to_status_id_str": null, "in_reply_to_user_id": null, "in_reply_to_user_id_str": null, "in_reply_to_screen_name": null, "user": {"id": 3172217882, "id_str": "3172217882", "name": "LINDA LEE REYES", "screen_name": "lindaleereyes", "location": "Carson City, NV", "description": "Nevada Real Estate Broker Nevada Properties Commercial Multi Family Land Investments Conservative Patriot Trumpster with a Never Give Up Philosophy Love Family", "url": "https://t.co/lcF1N02hxR", "entities": {"url": {"urls": [{"url": "https://t.co/lcF1N02hxR", "expanded_url": "http://www.NorthernNevadaProperties.com", "display_url": "NorthernNevadaProperties.com", "indices": [0, 23]}]}, "description": {"urls": []}}, "protected": false, "followers_count": 793, "friends_count": 1682, "listed_count": 12, "created_at": "Sat Apr 25 13:31:28 +0000 2015", "favourites_count": 52484, "utc_offset": null, "time_zone": null, "geo_enabled": true, "verified": false, "statuses_count": 19843, "lang": null, "contributors_enabled": false, "is_translator": false, "is_translation_enabled": false, "profile_background_color": "000000", "profile_background_image_url": "http://abs.twimg.com/images/themes/theme1/bg.png", "profile_background_image_url_https": "https://abs.twimg.com/images/themes/theme1/bg.png", "profile_background_tile": false, "profile_image_url": "http://pbs.twimg.com/profile_images/1053796908236341249/C2mRn0ZC_normal.jpg", "profile_image_url_https": "https://pbs.twimg.com/profile_images/1053796908236341249/C2mRn0ZC_normal.jpg", "profile_banner_url": "https://pbs.twimg.com/profile_banners/3172217882/1539993332", "profile_link_color": "9266CC", "profile_sidebar_border_color": "000000", "profile_sidebar_fill_color": "000000", "profile_text_color": "000000", "profile_use_background_image": false, "has_extended_profile": true, "default_profile": false, "default_profile_image": false, "following": false, "follow_request_sent": false, "notifications": false, "translator_type": "none", "withheld_in_countries": []}, "geo": null, "coordinates": null, "place": null, "contributors": null, "is_quote_status": false, "retweet_count": 1, "favorite_count": 0, "favorited": false, "retweeted": false, "possibly_sensitive": false, "lang": "en"}