{"created_at": "Tue Jan 10 12:21:17 +0000 2017", "id": 818794840167239680, "id_str": "818794840167239680", "text": "BREAKING: Meryl Streep Just Got Fired From A Major Project For Lying About Trump https://t.co/oQ6VM83g61", "truncated": false, "entities": {"hashtags": [], "symbols": [], "user_mentions": [], "urls": [{"url": "https://t.co/oQ6VM83g61", "expanded_url": "http://wp.me/p78T3s-uG", "display_url": "wp.me/p78T3s-uG", "indices": [81, 104]}]}, "source": "<a href=\"http://twitter.com/download/iphone\" rel=\"nofollow\">Twitter for iPhone</a>", "in_reply_to_status_id": null, "in_reply_to_status_id_str": null, "in_reply_to_user_id": null, "in_reply_to_user_id_str": null, "in_reply_to_screen_name": null, "user": {"id": 257643702, "id_str": "257643702", "name": "angelforever", "screen_name": "lilrascal01", "location": "", "description": "#TRUMP2020!! #MAGA #KAG #Angeldaughter We have the right 2 free speech don\u2019t abuse it! \u201cWhen the debate is lost,slander becomes the tool of the losers\u201d Socrates", "url": null, "entities": {"description": {"urls": []}}, "protected": false, "followers_count": 3270, "friends_count": 3744, "listed_count": 80, "created_at": "Fri Feb 25 21:43:03 +0000 2011", "favourites_count": 48091, "utc_offset": null, "time_zone": null, "geo_enabled": false, "verified": false, "statuses_count": 118561, "lang": null, "contributors_enabled": false, "is_translator": false, "is_translation_enabled": false, "profile_background_color": "EBEBEB", "profile_background_image_url": "http://abs.twimg.com/images/themes/theme17/bg.gif", "profile_background_image_url_https": "https://abs.twimg.com/images/themes/theme17/bg.gif", "profile_background_tile": false, "profile_image_url": "http://pbs.twimg.com/profile_images/1786200158/freespeechzone_normal.jpg", "profile_image_url_https": "https://pbs.twimg.com/profile_images/1786200158/freespeechzone_normal.jpg", "profile_banner_url": "https://pbs.twimg.com/profile_banners/257643702/1540305657", "profile_link_color": "990000", "profile_sidebar_border_color": "F5F0F5", "profile_sidebar_fill_color": "F7EFF7", "profile_text_color": "333333", "profile_use_background_image": true, "has_extended_profile": false, "default_profile": false, "default_profile_image": false, "following": false, "follow_request_sent": false, "notifications": false, "translator_type": "none", "withheld_in_countries": []}, "geo": null, "coordinates": null, "place": null, "contributors": null, "is_quote_status": false, "retweet_count": 0, "favorite_count": 0, "favorited": false, "retweeted": false, "possibly_sensitive": false, "lang": "en"}