{"created_at": "Tue Jan 10 06:54:10 +0000 2017", "id": 818712521011961856, "id_str": "818712521011961856", "text": "BREAKING: Meryl Streep Just Got Fired From A Major Project For Lying About Trump https://t.co/qhpHdtDfRT", "truncated": false, "entities": {"hashtags": [], "symbols": [], "user_mentions": [], "urls": [{"url": "https://t.co/qhpHdtDfRT", "expanded_url": "http://paper.li/RouleReport/1334728962?read=http%3A%2F%2Fwww.usadailyinfo.com%2F2017%2F01%2Fbreaking-meryl-streep-just-got-fired-major-project-lying-trump%2F", "display_url": "paper.li/RouleReport/13\u2026", "indices": [81, 104]}]}, "source": "<a href=\"http://twitter.com\" rel=\"nofollow\">Twitter Web Client</a>", "in_reply_to_status_id": null, "in_reply_to_status_id_str": null, "in_reply_to_user_id": null, "in_reply_to_user_id_str": null, "in_reply_to_screen_name": null, "user": {"id": 310178659, "id_str": "310178659", "name": "RouleResponse", "screen_name": "RouleReport", "location": "Australia ", "description": "Where Integrity Begins \n= Public Benefit Gladiator #CONFRONTtheCONSENSUS by #QUESTION ISSUES \n#CHALLENGE DISTORTIONS #DELIVER REAL TRUTH \n#YouDecide", "url": null, "entities": {"description": {"urls": []}}, "protected": false, "followers_count": 2760, "friends_count": 4603, "listed_count": 385, "created_at": "Fri Jun 03 09:47:53 +0000 2011", "favourites_count": 18115, "utc_offset": null, "time_zone": null, "geo_enabled": false, "verified": false, "statuses_count": 210828, "lang": null, "contributors_enabled": false, "is_translator": false, "is_translation_enabled": false, "profile_background_color": "C0DEED", "profile_background_image_url": "http://abs.twimg.com/images/themes/theme1/bg.png", "profile_background_image_url_https": "https://abs.twimg.com/images/themes/theme1/bg.png", "profile_background_tile": false, "profile_image_url": "http://pbs.twimg.com/profile_images/946271386355372032/rO9E5rR7_normal.jpg", "profile_image_url_https": "https://pbs.twimg.com/profile_images/946271386355372032/rO9E5rR7_normal.jpg", "profile_link_color": "1DA1F2", "profile_sidebar_border_color": "C0DEED", "profile_sidebar_fill_color": "DDEEF6", "profile_text_color": "333333", "profile_use_background_image": true, "has_extended_profile": false, "default_profile": true, "default_profile_image": false, "following": false, "follow_request_sent": false, "notifications": false, "translator_type": "none", "withheld_in_countries": []}, "geo": null, "coordinates": null, "place": null, "contributors": null, "is_quote_status": false, "retweet_count": 1, "favorite_count": 2, "favorited": false, "retweeted": false, "possibly_sensitive": false, "lang": "en"}