{"created_at": "Tue Jan 10 15:04:29 +0000 2017", "id": 818835911882379265, "id_str": "818835911882379265", "text": "BREAKING: MERYL STREEP JUST GOT FIRED FROM A MAJOR PROJECT FOR LYING ABOUT TRUMP: After saying 6 minutes of mean\u2026\u2026 https://t.co/iT1NJMcBGQ", "truncated": true, "entities": {"hashtags": [], "symbols": [], "user_mentions": [], "urls": [{"url": "https://t.co/iT1NJMcBGQ", "expanded_url": "https://twitter.com/i/web/status/818835911882379265", "display_url": "twitter.com/i/web/status/8\u2026", "indices": [115, 138]}]}, "source": "<a href=\"https://dlvrit.com/\" rel=\"nofollow\">dlvr.it</a>", "in_reply_to_status_id": null, "in_reply_to_status_id_str": null, "in_reply_to_user_id": null, "in_reply_to_user_id_str": null, "in_reply_to_screen_name": null, "user": {"id": 99765216, "id_str": "99765216", "name": "ZonaCapitalista.com", "screen_name": "zonacapitalista", "location": "EE.UU.", "description": "Entrepreneur | Digital Marketing Manager | Investor | CPA | Droshipping\n#Success tips & tools by #Entrepreneurs for entrepreneurs. #Entrepreneurship #Business", "url": "https://t.co/pGa15bQElk", "entities": {"url": {"urls": [{"url": "https://t.co/pGa15bQElk", "expanded_url": "http://zonacapitalista.com/", "display_url": "zonacapitalista.com", "indices": [0, 23]}]}, "description": {"urls": []}}, "protected": false, "followers_count": 3139, "friends_count": 4188, "listed_count": 0, "created_at": "Sun Dec 27 19:19:55 +0000 2009", "favourites_count": 3240, "utc_offset": null, "time_zone": null, "geo_enabled": true, "verified": false, "statuses_count": 23836, "lang": null, "contributors_enabled": false, "is_translator": false, "is_translation_enabled": false, "profile_background_color": "1A1B1F", "profile_background_image_url": "http://abs.twimg.com/images/themes/theme1/bg.png", "profile_background_image_url_https": "https://abs.twimg.com/images/themes/theme1/bg.png", "profile_background_tile": true, "profile_image_url": "http://pbs.twimg.com/profile_images/1231630945607962625/RX6TOlAj_normal.jpg", "profile_image_url_https": "https://pbs.twimg.com/profile_images/1231630945607962625/RX6TOlAj_normal.jpg", "profile_banner_url": "https://pbs.twimg.com/profile_banners/99765216/1582478676", "profile_link_color": "4A913C", "profile_sidebar_border_color": "FFFFFF", "profile_sidebar_fill_color": "252429", "profile_text_color": "666666", "profile_use_background_image": true, "has_extended_profile": true, "default_profile": false, "default_profile_image": false, "following": false, "follow_request_sent": false, "notifications": false, "translator_type": "none", "withheld_in_countries": []}, "geo": null, "coordinates": null, "place": null, "contributors": null, "is_quote_status": false, "retweet_count": 0, "favorite_count": 0, "favorited": false, "retweeted": false, "possibly_sensitive": false, "lang": "en"}