{"created_at": "Tue Jan 10 18:41:19 +0000 2017", "id": 818890480628957184, "id_str": "818890480628957184", "text": "BREAKING: Meryl Streep Just Got Fired From A Major Project For Lying About Trump - https://t.co/nmEP2kGvWY via @Shareaholic", "truncated": false, "entities": {"hashtags": [], "symbols": [], "user_mentions": [{"screen_name": "Shareaholic", "name": "Shareaholic", "id": 791635, "id_str": "791635", "indices": [111, 123]}], "urls": [{"url": "https://t.co/nmEP2kGvWY", "expanded_url": "http://ln.is/omgtruefacts.com/bre/o08N0", "display_url": "ln.is/omgtruefacts.c\u2026", "indices": [83, 106]}]}, "source": "<a href=\"http://linkis.com\" rel=\"nofollow\">Linkis: turn sharing into growth</a>", "in_reply_to_status_id": null, "in_reply_to_status_id_str": null, "in_reply_to_user_id": null, "in_reply_to_user_id_str": null, "in_reply_to_screen_name": null, "user": {"id": 747039316669456385, "id_str": "747039316669456385", "name": "elizabeth paier", "screen_name": "ElizabethPaier", "location": " Connecticut I h", "description": "Wish I had become a professional Interior Decorator.........  \n\n\"Paier \" is NOT my correct last name;  I took the name \"Paier\" from the \"Paier School of Art.\"", "url": null, "entities": {"description": {"urls": []}}, "protected": false, "followers_count": 151, "friends_count": 1168, "listed_count": 5, "created_at": "Sun Jun 26 12:10:27 +0000 2016", "favourites_count": 204, "utc_offset": null, "time_zone": null, "geo_enabled": true, "verified": false, "statuses_count": 17542, "lang": null, "contributors_enabled": false, "is_translator": false, "is_translation_enabled": false, "profile_background_color": "000000", "profile_background_image_url": "http://abs.twimg.com/images/themes/theme1/bg.png", "profile_background_image_url_https": "https://abs.twimg.com/images/themes/theme1/bg.png", "profile_background_tile": false, "profile_image_url": "http://pbs.twimg.com/profile_images/1299191477977874432/vLHEBt32_normal.jpg", "profile_image_url_https": "https://pbs.twimg.com/profile_images/1299191477977874432/vLHEBt32_normal.jpg", "profile_banner_url": "https://pbs.twimg.com/profile_banners/747039316669456385/1479013822", "profile_link_color": "1B95E0", "profile_sidebar_border_color": "000000", "profile_sidebar_fill_color": "000000", "profile_text_color": "000000", "profile_use_background_image": false, "has_extended_profile": false, "default_profile": false, "default_profile_image": false, "following": false, "follow_request_sent": false, "notifications": false, "translator_type": "none", "withheld_in_countries": []}, "geo": null, "coordinates": null, "place": null, "contributors": null, "is_quote_status": false, "retweet_count": 0, "favorite_count": 0, "favorited": false, "retweeted": false, "possibly_sensitive": false, "lang": "en"}