{"created_at": "Tue Jan 10 18:37:01 +0000 2017", "id": 818889396539760641, "id_str": "818889396539760641", "text": "BREAKING: Meryl Streep Just Got Fired From A Major Project For Lying About Trump https://t.co/KUPNX19XBz", "truncated": false, "entities": {"hashtags": [], "symbols": [], "user_mentions": [], "urls": [{"url": "https://t.co/KUPNX19XBz", "expanded_url": "http://ln.is/thelastlineofdefense.org/YFLZv", "display_url": "ln.is/thelastlineofd\u2026", "indices": [81, 104]}]}, "source": "<a href=\"http://linkis.com\" rel=\"nofollow\">Linkis: turn sharing into growth</a>", "in_reply_to_status_id": null, "in_reply_to_status_id_str": null, "in_reply_to_user_id": null, "in_reply_to_user_id_str": null, "in_reply_to_screen_name": null, "user": {"id": 4180433547, "id_str": "4180433547", "name": "We Won: Follow me on Parler & Gab #Freespeech", "screen_name": "Ged_2345", "location": "Remember to Follow Me!!!!!", "description": "We have now left the corrupt EU, it will fall soon, the open sea awaits!, I am Free Speech absolutist, Man made Climate change is the greatest HOAX in history.", "url": null, "entities": {"description": {"urls": []}}, "protected": false, "followers_count": 772, "friends_count": 1026, "listed_count": 0, "created_at": "Fri Nov 13 18:06:16 +0000 2015", "favourites_count": 17748, "utc_offset": null, "time_zone": null, "geo_enabled": false, "verified": false, "statuses_count": 78496, "lang": null, "contributors_enabled": false, "is_translator": false, "is_translation_enabled": false, "profile_background_color": "000000", "profile_background_image_url": "http://abs.twimg.com/images/themes/theme1/bg.png", "profile_background_image_url_https": "https://abs.twimg.com/images/themes/theme1/bg.png", "profile_background_tile": false, "profile_image_url": "http://pbs.twimg.com/profile_images/1344992744347938818/rgv3RVha_normal.jpg", "profile_image_url_https": "https://pbs.twimg.com/profile_images/1344992744347938818/rgv3RVha_normal.jpg", "profile_banner_url": "https://pbs.twimg.com/profile_banners/4180433547/1609506235", "profile_link_color": "1B95E0", "profile_sidebar_border_color": "000000", "profile_sidebar_fill_color": "000000", "profile_text_color": "000000", "profile_use_background_image": false, "has_extended_profile": false, "default_profile": false, "default_profile_image": false, "following": false, "follow_request_sent": false, "notifications": false, "translator_type": "none", "withheld_in_countries": []}, "geo": null, "coordinates": null, "place": null, "contributors": null, "is_quote_status": false, "retweet_count": 0, "favorite_count": 0, "favorited": false, "retweeted": false, "possibly_sensitive": false, "lang": "en"}