{"created_at": "Tue Jan 10 15:04:32 +0000 2017", "id": 818835927401279489, "id_str": "818835927401279489", "text": "BREAKING: MERYL STREEP JUST GOT FIRED FROM A MAJOR PROJECT FOR LYING ABOUT TRUMP https://t.co/hqGn0iPsJq https://t.co/YhB1kOtm9L", "truncated": false, "entities": {"hashtags": [], "symbols": [], "user_mentions": [], "urls": [{"url": "https://t.co/hqGn0iPsJq", "expanded_url": "http://viid.me/qi8T8Z", "display_url": "viid.me/qi8T8Z", "indices": [81, 104]}], "media": [{"id": 818835924096192512, "id_str": "818835924096192512", "indices": [105, 128], "media_url": "http://pbs.twimg.com/media/C10W70EVEAAgZxO.jpg", "media_url_https": "https://pbs.twimg.com/media/C10W70EVEAAgZxO.jpg", "url": "https://t.co/YhB1kOtm9L", "display_url": "pic.twitter.com/YhB1kOtm9L", "expanded_url": "https://twitter.com/politicispower/status/818835927401279489/photo/1", "type": "photo", "sizes": {"thumb": {"w": 150, "h": 150, "resize": "crop"}, "large": {"w": 678, "h": 381, "resize": "fit"}, "medium": {"w": 678, "h": 381, "resize": "fit"}, "small": {"w": 678, "h": 381, "resize": "fit"}}}]}, "extended_entities": {"media": [{"id": 818835924096192512, "id_str": "818835924096192512", "indices": [105, 128], "media_url": "http://pbs.twimg.com/media/C10W70EVEAAgZxO.jpg", "media_url_https": "https://pbs.twimg.com/media/C10W70EVEAAgZxO.jpg", "url": "https://t.co/YhB1kOtm9L", "display_url": "pic.twitter.com/YhB1kOtm9L", "expanded_url": "https://twitter.com/politicispower/status/818835927401279489/photo/1", "type": "photo", "sizes": {"thumb": {"w": 150, "h": 150, "resize": "crop"}, "large": {"w": 678, "h": 381, "resize": "fit"}, "medium": {"w": 678, "h": 381, "resize": "fit"}, "small": {"w": 678, "h": 381, "resize": "fit"}}}]}, "source": "<a href=\"https://dlvrit.com/\" rel=\"nofollow\">dlvr.it</a>", "in_reply_to_status_id": null, "in_reply_to_status_id_str": null, "in_reply_to_user_id": null, "in_reply_to_user_id_str": null, "in_reply_to_screen_name": null, "user": {"id": 787474057084211201, "id_str": "787474057084211201", "name": "politics is power", "screen_name": "politicispower", "location": "Estados Unidos", "description": "pol\u00edtica", "url": null, "entities": {"description": {"urls": []}}, "protected": false, "followers_count": 448, "friends_count": 205, "listed_count": 2, "created_at": "Sun Oct 16 02:03:40 +0000 2016", "favourites_count": 1, "utc_offset": null, "time_zone": null, "geo_enabled": false, "verified": false, "statuses_count": 8332, "lang": null, "contributors_enabled": false, "is_translator": false, "is_translation_enabled": false, "profile_background_color": "F5F8FA", "profile_background_image_url": null, "profile_background_image_url_https": null, "profile_background_tile": false, "profile_image_url": "http://pbs.twimg.com/profile_images/787478700442972160/5AphCNSw_normal.jpg", "profile_image_url_https": "https://pbs.twimg.com/profile_images/787478700442972160/5AphCNSw_normal.jpg", "profile_banner_url": "https://pbs.twimg.com/profile_banners/787474057084211201/1476584562", "profile_link_color": "1DA1F2", "profile_sidebar_border_color": "C0DEED", "profile_sidebar_fill_color": "DDEEF6", "profile_text_color": "333333", "profile_use_background_image": true, "has_extended_profile": true, "default_profile": true, "default_profile_image": false, "following": false, "follow_request_sent": false, "notifications": false, "translator_type": "none", "withheld_in_countries": []}, "geo": null, "coordinates": null, "place": null, "contributors": null, "is_quote_status": false, "retweet_count": 0, "favorite_count": 0, "favorited": false, "retweeted": false, "possibly_sensitive": false, "lang": "en"}