{"created_at": "Tue Jan 10 17:51:18 +0000 2017", "id": 818877892025270277, "id_str": "818877892025270277", "text": "BREAKING: Meryl Streep Just Got Fired From A Major Project For Lying About Trump https://t.co/OzEKYHvY8K", "truncated": false, "entities": {"hashtags": [], "symbols": [], "user_mentions": [], "urls": [{"url": "https://t.co/OzEKYHvY8K", "expanded_url": "http://fb.me/3FPbIjCBU", "display_url": "fb.me/3FPbIjCBU", "indices": [81, 104]}]}, "source": "<a href=\"http://www.facebook.com/twitter\" rel=\"nofollow\">Facebook</a>", "in_reply_to_status_id": null, "in_reply_to_status_id_str": null, "in_reply_to_user_id": null, "in_reply_to_user_id_str": null, "in_reply_to_screen_name": null, "user": {"id": 538296603, "id_str": "538296603", "name": "Eddie L G Shea", "screen_name": "Elgs2", "location": "Glace Bay", "description": "From Toronto Ontario, Canada\r\nFriend Me On FaceBook\r\nhttps://t.co/SxazukaYIt", "url": "http://t.co/Szpwq1hZbQ", "entities": {"url": {"urls": [{"url": "http://t.co/Szpwq1hZbQ", "expanded_url": "http://spon.tw/r8EZ2", "display_url": "spon.tw/r8EZ2", "indices": [0, 22]}]}, "description": {"urls": [{"url": "https://t.co/SxazukaYIt", "expanded_url": "https://www.facebook.com/elgselgs1", "display_url": "facebook.com/elgselgs1", "indices": [53, 76]}]}}, "protected": false, "followers_count": 2186, "friends_count": 2890, "listed_count": 7, "created_at": "Tue Mar 27 14:39:08 +0000 2012", "favourites_count": 9, "utc_offset": null, "time_zone": null, "geo_enabled": true, "verified": false, "statuses_count": 19774, "lang": null, "contributors_enabled": false, "is_translator": false, "is_translation_enabled": false, "profile_background_color": "131516", "profile_background_image_url": "http://abs.twimg.com/images/themes/theme14/bg.gif", "profile_background_image_url_https": "https://abs.twimg.com/images/themes/theme14/bg.gif", "profile_background_tile": true, "profile_image_url": "http://pbs.twimg.com/profile_images/2060106411/eddddddddd_normal.jpg", "profile_image_url_https": "https://pbs.twimg.com/profile_images/2060106411/eddddddddd_normal.jpg", "profile_link_color": "009999", "profile_sidebar_border_color": "EEEEEE", "profile_sidebar_fill_color": "EFEFEF", "profile_text_color": "333333", "profile_use_background_image": true, "has_extended_profile": false, "default_profile": false, "default_profile_image": false, "following": false, "follow_request_sent": false, "notifications": false, "translator_type": "none", "withheld_in_countries": []}, "geo": null, "coordinates": null, "place": null, "contributors": null, "is_quote_status": false, "retweet_count": 0, "favorite_count": 0, "favorited": false, "retweeted": false, "possibly_sensitive": true, "lang": "en"}