{"created_at": "Tue Jan 10 15:24:19 +0000 2017", "id": 818840902089273345, "id_str": "818840902089273345", "text": "BREAKING: Meryl Streep Just Got Fired From A Major Project For Lying About Trump https://t.co/rSHIKcKOre", "truncated": false, "entities": {"hashtags": [], "symbols": [], "user_mentions": [], "urls": [{"url": "https://t.co/rSHIKcKOre", "expanded_url": "http://fb.me/1Rg7cpguP", "display_url": "fb.me/1Rg7cpguP", "indices": [81, 104]}]}, "source": "<a href=\"http://www.facebook.com/twitter\" rel=\"nofollow\">Facebook</a>", "in_reply_to_status_id": null, "in_reply_to_status_id_str": null, "in_reply_to_user_id": null, "in_reply_to_user_id_str": null, "in_reply_to_screen_name": null, "user": {"id": 2278740589, "id_str": "2278740589", "name": "SmallBizNetWorkGroup", "screen_name": "SmallBizNetwkGr", "location": "Ivyland, PA", "description": "Absolutely FREE Small Business Networking Advertising Group. Let's Network and Help Each Other to SURVIVE and THRIVE in these Challenging Economic Times!", "url": "http://t.co/5V1GBK3jvI", "entities": {"url": {"urls": [{"url": "http://t.co/5V1GBK3jvI", "expanded_url": "http://www.sbngme.com", "display_url": "sbngme.com", "indices": [0, 22]}]}, "description": {"urls": []}}, "protected": false, "followers_count": 1507, "friends_count": 2339, "listed_count": 66, "created_at": "Mon Jan 06 07:42:13 +0000 2014", "favourites_count": 82, "utc_offset": null, "time_zone": null, "geo_enabled": true, "verified": false, "statuses_count": 75997, "lang": null, "contributors_enabled": false, "is_translator": false, "is_translation_enabled": false, "profile_background_color": "0099B9", "profile_background_image_url": "http://abs.twimg.com/images/themes/theme4/bg.gif", "profile_background_image_url_https": "https://abs.twimg.com/images/themes/theme4/bg.gif", "profile_background_tile": false, "profile_image_url": "http://pbs.twimg.com/profile_images/473558375976812544/ol9KT-7a_normal.jpeg", "profile_image_url_https": "https://pbs.twimg.com/profile_images/473558375976812544/ol9KT-7a_normal.jpeg", "profile_banner_url": "https://pbs.twimg.com/profile_banners/2278740589/1412886819", "profile_link_color": "0099B9", "profile_sidebar_border_color": "5ED4DC", "profile_sidebar_fill_color": "95E8EC", "profile_text_color": "3C3940", "profile_use_background_image": true, "has_extended_profile": false, "default_profile": false, "default_profile_image": false, "following": false, "follow_request_sent": false, "notifications": false, "translator_type": "none", "withheld_in_countries": []}, "geo": null, "coordinates": null, "place": null, "contributors": null, "is_quote_status": false, "retweet_count": 0, "favorite_count": 0, "favorited": false, "retweeted": false, "possibly_sensitive": true, "lang": "en"}