{"created_at": "Tue Jan 10 13:32:06 +0000 2017", "id": 818812664692490240, "id_str": "818812664692490240", "text": "BREAKING: Meryl Streep Just Got Fired From A Major Project For Lying About Trump https://t.co/qdgh3j9O69", "truncated": false, "entities": {"hashtags": [], "symbols": [], "user_mentions": [], "urls": [{"url": "https://t.co/qdgh3j9O69", "expanded_url": "http://wp.me/p78T3s-uG", "display_url": "wp.me/p78T3s-uG", "indices": [81, 104]}]}, "source": "<a href=\"http://twitter.com\" rel=\"nofollow\">Twitter Web Client</a>", "in_reply_to_status_id": null, "in_reply_to_status_id_str": null, "in_reply_to_user_id": null, "in_reply_to_user_id_str": null, "in_reply_to_screen_name": null, "user": {"id": 132284741, "id_str": "132284741", "name": "1947mama", "screen_name": "1947mama", "location": "kentucky", "description": "wife, grandmother, conservative, proud to be a genuine Kentuckian.", "url": null, "entities": {"description": {"urls": []}}, "protected": false, "followers_count": 772, "friends_count": 1489, "listed_count": 6, "created_at": "Mon Apr 12 20:30:26 +0000 2010", "favourites_count": 15176, "utc_offset": null, "time_zone": null, "geo_enabled": true, "verified": false, "statuses_count": 34693, "lang": null, "contributors_enabled": false, "is_translator": false, "is_translation_enabled": false, "profile_background_color": "0099B9", "profile_background_image_url": "http://abs.twimg.com/images/themes/theme4/bg.gif", "profile_background_image_url_https": "https://abs.twimg.com/images/themes/theme4/bg.gif", "profile_background_tile": false, "profile_image_url": "http://pbs.twimg.com/profile_images/645021698442559488/ZqCKpD8X_normal.jpg", "profile_image_url_https": "https://pbs.twimg.com/profile_images/645021698442559488/ZqCKpD8X_normal.jpg", "profile_link_color": "0099B9", "profile_sidebar_border_color": "5ED4DC", "profile_sidebar_fill_color": "95E8EC", "profile_text_color": "3C3940", "profile_use_background_image": true, "has_extended_profile": true, "default_profile": false, "default_profile_image": false, "following": false, "follow_request_sent": false, "notifications": false, "translator_type": "none", "withheld_in_countries": []}, "geo": null, "coordinates": null, "place": null, "contributors": null, "is_quote_status": false, "retweet_count": 0, "favorite_count": 0, "favorited": false, "retweeted": false, "possibly_sensitive": false, "lang": "en"}