{"created_at": "Tue Jan 10 19:15:34 +0000 2017", "id": 818899100443754497, "id_str": "818899100443754497", "text": "BREAKING: Meryl Streep Just Got Fired From A Major Project For Lying About Trump \ud83d\ude02\ud83d\ude02\ud83d\ude02 https://t.co/FqxtbbWUTG karma byah", "truncated": false, "entities": {"hashtags": [], "symbols": [], "user_mentions": [], "urls": [{"url": "https://t.co/FqxtbbWUTG", "expanded_url": "http://wp.me/p78T3s-uG", "display_url": "wp.me/p78T3s-uG", "indices": [85, 108]}]}, "source": "<a href=\"http://twitter.com/download/android\" rel=\"nofollow\">Twitter for Android</a>", "in_reply_to_status_id": null, "in_reply_to_status_id_str": null, "in_reply_to_user_id": null, "in_reply_to_user_id_str": null, "in_reply_to_screen_name": null, "user": {"id": 739852455739957253, "id_str": "739852455739957253", "name": "\ud83c\udf39\ud83c\uddfa\ud83c\uddf8TRUE PATRIOT LADY\u2b50\ud83c\udf39", "screen_name": "truepatriotlady", "location": "United States", "description": "Gold star family member, and a proud member of a huge military family. #HispanicTrumpSupporter, and I fight for truth and justic with my tweets. #AllLivesMatter", "url": null, "entities": {"description": {"urls": []}}, "protected": false, "followers_count": 2592, "friends_count": 2850, "listed_count": 4, "created_at": "Mon Jun 06 16:12:26 +0000 2016", "favourites_count": 27808, "utc_offset": null, "time_zone": null, "geo_enabled": false, "verified": false, "statuses_count": 42879, "lang": null, "contributors_enabled": false, "is_translator": false, "is_translation_enabled": false, "profile_background_color": "000000", "profile_background_image_url": "http://abs.twimg.com/images/themes/theme1/bg.png", "profile_background_image_url_https": "https://abs.twimg.com/images/themes/theme1/bg.png", "profile_background_tile": false, "profile_image_url": "http://pbs.twimg.com/profile_images/1379896427674009600/fMNpKyyv_normal.jpg", "profile_image_url_https": "https://pbs.twimg.com/profile_images/1379896427674009600/fMNpKyyv_normal.jpg", "profile_banner_url": "https://pbs.twimg.com/profile_banners/739852455739957253/1610699886", "profile_link_color": "981CEB", "profile_sidebar_border_color": "000000", "profile_sidebar_fill_color": "000000", "profile_text_color": "000000", "profile_use_background_image": false, "has_extended_profile": false, "default_profile": false, "default_profile_image": false, "following": false, "follow_request_sent": false, "notifications": false, "translator_type": "none", "withheld_in_countries": []}, "geo": null, "coordinates": null, "place": null, "contributors": null, "is_quote_status": false, "retweet_count": 0, "favorite_count": 1, "favorited": false, "retweeted": false, "possibly_sensitive": false, "lang": "en"}