{"created_at": "Tue Jan 10 15:06:23 +0000 2017", "id": 818836390922350592, "id_str": "818836390922350592", "text": "BREAKING: Meryl Streep Just Got Fired From A Major Project For Lying About Trump https://t.co/E7v2s5qd3k", "truncated": false, "entities": {"hashtags": [], "symbols": [], "user_mentions": [], "urls": [{"url": "https://t.co/E7v2s5qd3k", "expanded_url": "http://fb.me/11YKrCzjQ", "display_url": "fb.me/11YKrCzjQ", "indices": [81, 104]}]}, "source": "<a href=\"http://www.facebook.com/twitter\" rel=\"nofollow\">Facebook</a>", "in_reply_to_status_id": null, "in_reply_to_status_id_str": null, "in_reply_to_user_id": null, "in_reply_to_user_id_str": null, "in_reply_to_screen_name": null, "user": {"id": 433524788, "id_str": "433524788", "name": "FRANK BAILEY", "screen_name": "legaleaglesoars", "location": "St Augustine Beach, FL", "description": "CORPORATE BACKGROUND, REALTOR, LEGAL SERVICES BROKER POLITICALLY , CONSERVATIVE , PATRIOT", "url": "http://t.co/xugt4TzUsZ", "entities": {"url": {"urls": [{"url": "http://t.co/xugt4TzUsZ", "expanded_url": "http://www.legalshield.com", "display_url": "legalshield.com", "indices": [0, 22]}]}, "description": {"urls": []}}, "protected": false, "followers_count": 98, "friends_count": 24, "listed_count": 4, "created_at": "Sat Dec 10 17:36:13 +0000 2011", "favourites_count": 7, "utc_offset": null, "time_zone": null, "geo_enabled": true, "verified": false, "statuses_count": 37107, "lang": null, "contributors_enabled": false, "is_translator": false, "is_translation_enabled": false, "profile_background_color": "ACDED6", "profile_background_image_url": "http://abs.twimg.com/images/themes/theme18/bg.gif", "profile_background_image_url_https": "https://abs.twimg.com/images/themes/theme18/bg.gif", "profile_background_tile": false, "profile_image_url": "http://pbs.twimg.com/profile_images/440934589003857920/qMZffoz0_normal.jpeg", "profile_image_url_https": "https://pbs.twimg.com/profile_images/440934589003857920/qMZffoz0_normal.jpeg", "profile_banner_url": "https://pbs.twimg.com/profile_banners/433524788/1368902494", "profile_link_color": "A4A824", "profile_sidebar_border_color": "EEEEEE", "profile_sidebar_fill_color": "F6F6F6", "profile_text_color": "333333", "profile_use_background_image": true, "has_extended_profile": false, "default_profile": false, "default_profile_image": false, "following": false, "follow_request_sent": false, "notifications": false, "translator_type": "none", "withheld_in_countries": []}, "geo": null, "coordinates": null, "place": null, "contributors": null, "is_quote_status": false, "retweet_count": 0, "favorite_count": 0, "favorited": false, "retweeted": false, "possibly_sensitive": false, "lang": "en"}