{"created_at": "Tue Jan 10 15:04:19 +0000 2017", "id": 818835872313274368, "id_str": "818835872313274368", "text": "BREAKING: MERYL STREEP JUST GOT FIRED FROM A MAJOR PROJECT FOR LYING ABOUT TRUMP https://t.co/KLrwC75NC7 https://t.co/3JL7xOLOIN", "truncated": false, "entities": {"hashtags": [], "symbols": [], "user_mentions": [], "urls": [{"url": "https://t.co/KLrwC75NC7", "expanded_url": "http://viid.me/qi8TMX", "display_url": "viid.me/qi8TMX", "indices": [81, 104]}], "media": [{"id": 818835868177690625, "id_str": "818835868177690625", "indices": [105, 128], "media_url": "http://pbs.twimg.com/media/C10W4jwUcAEPH2T.jpg", "media_url_https": "https://pbs.twimg.com/media/C10W4jwUcAEPH2T.jpg", "url": "https://t.co/3JL7xOLOIN", "display_url": "pic.twitter.com/3JL7xOLOIN", "expanded_url": "https://twitter.com/shortpoliticvzl/status/818835872313274368/photo/1", "type": "photo", "sizes": {"thumb": {"w": 150, "h": 150, "resize": "crop"}, "large": {"w": 678, "h": 381, "resize": "fit"}, "medium": {"w": 678, "h": 381, "resize": "fit"}, "small": {"w": 678, "h": 381, "resize": "fit"}}}]}, "extended_entities": {"media": [{"id": 818835868177690625, "id_str": "818835868177690625", "indices": [105, 128], "media_url": "http://pbs.twimg.com/media/C10W4jwUcAEPH2T.jpg", "media_url_https": "https://pbs.twimg.com/media/C10W4jwUcAEPH2T.jpg", "url": "https://t.co/3JL7xOLOIN", "display_url": "pic.twitter.com/3JL7xOLOIN", "expanded_url": "https://twitter.com/shortpoliticvzl/status/818835872313274368/photo/1", "type": "photo", "sizes": {"thumb": {"w": 150, "h": 150, "resize": "crop"}, "large": {"w": 678, "h": 381, "resize": "fit"}, "medium": {"w": 678, "h": 381, "resize": "fit"}, "small": {"w": 678, "h": 381, "resize": "fit"}}}]}, "source": "<a href=\"https://dlvrit.com/\" rel=\"nofollow\">dlvr.it</a>", "in_reply_to_status_id": null, "in_reply_to_status_id_str": null, "in_reply_to_user_id": null, "in_reply_to_user_id_str": null, "in_reply_to_screen_name": null, "user": {"id": 786276799277785088, "id_str": "786276799277785088", "name": "politic", "screen_name": "shortpoliticvzl", "location": "Venezuela", "description": "Politica, Venezuela, Estados Unidos, Deportes, Musica, Entretenimiento y mas", "url": "https://t.co/vgEEXsviBv", "entities": {"url": {"urls": [{"url": "https://t.co/vgEEXsviBv", "expanded_url": "http://join-shortest.com/es/ref/0c91a9d318", "display_url": "join-shortest.com/es/ref/0c91a9d\u2026", "indices": [0, 23]}]}, "description": {"urls": []}}, "protected": false, "followers_count": 41, "friends_count": 272, "listed_count": 1, "created_at": "Wed Oct 12 18:46:12 +0000 2016", "favourites_count": 0, "utc_offset": null, "time_zone": null, "geo_enabled": false, "verified": false, "statuses_count": 15755, "lang": null, "contributors_enabled": false, "is_translator": false, "is_translation_enabled": false, "profile_background_color": "000000", "profile_background_image_url": "http://abs.twimg.com/images/themes/theme1/bg.png", "profile_background_image_url_https": "https://abs.twimg.com/images/themes/theme1/bg.png", "profile_background_tile": false, "profile_image_url": "http://pbs.twimg.com/profile_images/786279357572603904/SuC0DxyU_normal.jpg", "profile_image_url_https": "https://pbs.twimg.com/profile_images/786279357572603904/SuC0DxyU_normal.jpg", "profile_banner_url": "https://pbs.twimg.com/profile_banners/786276799277785088/1476298677", "profile_link_color": "1B95E0", "profile_sidebar_border_color": "000000", "profile_sidebar_fill_color": "000000", "profile_text_color": "000000", "profile_use_background_image": false, "has_extended_profile": true, "default_profile": false, "default_profile_image": false, "following": false, "follow_request_sent": false, "notifications": false, "translator_type": "none", "withheld_in_countries": []}, "geo": null, "coordinates": null, "place": null, "contributors": null, "is_quote_status": false, "retweet_count": 0, "favorite_count": 0, "favorited": false, "retweeted": false, "possibly_sensitive": false, "lang": "en"}