{"created_at": "Tue Jan 10 15:04:21 +0000 2017", "id": 818835880899014657, "id_str": "818835880899014657", "text": "BREAKING: MERYL STREEP JUST GOT FIRED FROM A MAJOR PROJECT FOR LYING ABOUT TRUMP https://t.co/42xBKW0FJL https://t.co/13d0X2PXsN", "truncated": false, "entities": {"hashtags": [], "symbols": [], "user_mentions": [], "urls": [{"url": "https://t.co/42xBKW0FJL", "expanded_url": "http://viid.me/qi8T2v", "display_url": "viid.me/qi8T2v", "indices": [81, 104]}], "media": [{"id": 818835876444635137, "id_str": "818835876444635137", "indices": [105, 128], "media_url": "http://pbs.twimg.com/media/C10W5CjUAAEWRCG.jpg", "media_url_https": "https://pbs.twimg.com/media/C10W5CjUAAEWRCG.jpg", "url": "https://t.co/13d0X2PXsN", "display_url": "pic.twitter.com/13d0X2PXsN", "expanded_url": "https://twitter.com/VictorMiranda30/status/818835880899014657/photo/1", "type": "photo", "sizes": {"thumb": {"w": 150, "h": 150, "resize": "crop"}, "large": {"w": 678, "h": 381, "resize": "fit"}, "medium": {"w": 678, "h": 381, "resize": "fit"}, "small": {"w": 678, "h": 381, "resize": "fit"}}}]}, "extended_entities": {"media": [{"id": 818835876444635137, "id_str": "818835876444635137", "indices": [105, 128], "media_url": "http://pbs.twimg.com/media/C10W5CjUAAEWRCG.jpg", "media_url_https": "https://pbs.twimg.com/media/C10W5CjUAAEWRCG.jpg", "url": "https://t.co/13d0X2PXsN", "display_url": "pic.twitter.com/13d0X2PXsN", "expanded_url": "https://twitter.com/VictorMiranda30/status/818835880899014657/photo/1", "type": "photo", "sizes": {"thumb": {"w": 150, "h": 150, "resize": "crop"}, "large": {"w": 678, "h": 381, "resize": "fit"}, "medium": {"w": 678, "h": 381, "resize": "fit"}, "small": {"w": 678, "h": 381, "resize": "fit"}}}]}, "source": "<a href=\"https://dlvrit.com/\" rel=\"nofollow\">dlvr.it</a>", "in_reply_to_status_id": null, "in_reply_to_status_id_str": null, "in_reply_to_user_id": null, "in_reply_to_user_id_str": null, "in_reply_to_screen_name": null, "user": {"id": 367506318, "id_str": "367506318", "name": "politic everywhere", "screen_name": "VictorMiranda30", "location": "", "description": "", "url": null, "entities": {"description": {"urls": []}}, "protected": false, "followers_count": 55, "friends_count": 418, "listed_count": 3, "created_at": "Sun Sep 04 02:42:15 +0000 2011", "favourites_count": 0, "utc_offset": null, "time_zone": null, "geo_enabled": false, "verified": false, "statuses_count": 11590, "lang": null, "contributors_enabled": false, "is_translator": false, "is_translation_enabled": false, "profile_background_color": "C0DEED", "profile_background_image_url": "http://abs.twimg.com/images/themes/theme1/bg.png", "profile_background_image_url_https": "https://abs.twimg.com/images/themes/theme1/bg.png", "profile_background_tile": false, "profile_image_url": "http://pbs.twimg.com/profile_images/808093037691891712/MN6oKRbn_normal.jpg", "profile_image_url_https": "https://pbs.twimg.com/profile_images/808093037691891712/MN6oKRbn_normal.jpg", "profile_banner_url": "https://pbs.twimg.com/profile_banners/367506318/1481499192", "profile_link_color": "1DA1F2", "profile_sidebar_border_color": "C0DEED", "profile_sidebar_fill_color": "DDEEF6", "profile_text_color": "333333", "profile_use_background_image": true, "has_extended_profile": false, "default_profile": true, "default_profile_image": false, "following": false, "follow_request_sent": false, "notifications": false, "translator_type": "none", "withheld_in_countries": []}, "geo": null, "coordinates": null, "place": null, "contributors": null, "is_quote_status": false, "retweet_count": 0, "favorite_count": 0, "favorited": false, "retweeted": false, "possibly_sensitive": false, "lang": "en"}