{"created_at": "Tue Jan 10 15:04:01 +0000 2017", "id": 818835795326836740, "id_str": "818835795326836740", "text": "BREAKING: MERYL STREEP JUST GOT FIRED FROM A MAJOR PROJECT FOR LYING ABOUT TRUMP https://t.co/49TQe2506g https://t.co/DunhkjLJiG", "truncated": false, "entities": {"hashtags": [], "symbols": [], "user_mentions": [], "urls": [{"url": "https://t.co/49TQe2506g", "expanded_url": "http://viid.me/qi8TDe", "display_url": "viid.me/qi8TDe", "indices": [81, 104]}], "media": [{"id": 818835789610041346, "id_str": "818835789610041346", "indices": [105, 128], "media_url": "http://pbs.twimg.com/media/C10Wz_EVQAIdH3q.jpg", "media_url_https": "https://pbs.twimg.com/media/C10Wz_EVQAIdH3q.jpg", "url": "https://t.co/DunhkjLJiG", "display_url": "pic.twitter.com/DunhkjLJiG", "expanded_url": "https://twitter.com/NewsRecharged/status/818835795326836740/photo/1", "type": "photo", "sizes": {"thumb": {"w": 150, "h": 150, "resize": "crop"}, "large": {"w": 678, "h": 381, "resize": "fit"}, "medium": {"w": 678, "h": 381, "resize": "fit"}, "small": {"w": 678, "h": 381, "resize": "fit"}}}]}, "extended_entities": {"media": [{"id": 818835789610041346, "id_str": "818835789610041346", "indices": [105, 128], "media_url": "http://pbs.twimg.com/media/C10Wz_EVQAIdH3q.jpg", "media_url_https": "https://pbs.twimg.com/media/C10Wz_EVQAIdH3q.jpg", "url": "https://t.co/DunhkjLJiG", "display_url": "pic.twitter.com/DunhkjLJiG", "expanded_url": "https://twitter.com/NewsRecharged/status/818835795326836740/photo/1", "type": "photo", "sizes": {"thumb": {"w": 150, "h": 150, "resize": "crop"}, "large": {"w": 678, "h": 381, "resize": "fit"}, "medium": {"w": 678, "h": 381, "resize": "fit"}, "small": {"w": 678, "h": 381, "resize": "fit"}}}]}, "source": "<a href=\"https://dlvrit.com/\" rel=\"nofollow\">dlvr.it</a>", "in_reply_to_status_id": null, "in_reply_to_status_id_str": null, "in_reply_to_user_id": null, "in_reply_to_user_id_str": null, "in_reply_to_screen_name": null, "user": {"id": 752727994226081792, "id_str": "752727994226081792", "name": "PGHA", "screen_name": "NewsRecharged", "location": "", "description": "", "url": null, "entities": {"description": {"urls": []}}, "protected": false, "followers_count": 30, "friends_count": 220, "listed_count": 2, "created_at": "Tue Jul 12 04:55:13 +0000 2016", "favourites_count": 0, "utc_offset": null, "time_zone": null, "geo_enabled": false, "verified": false, "statuses_count": 16683, "lang": null, "contributors_enabled": false, "is_translator": false, "is_translation_enabled": false, "profile_background_color": "F5F8FA", "profile_background_image_url": null, "profile_background_image_url_https": null, "profile_background_tile": false, "profile_image_url": "http://pbs.twimg.com/profile_images/752731378253529088/DDBAEiNS_normal.jpg", "profile_image_url_https": "https://pbs.twimg.com/profile_images/752731378253529088/DDBAEiNS_normal.jpg", "profile_banner_url": "https://pbs.twimg.com/profile_banners/752727994226081792/1468300021", "profile_link_color": "1DA1F2", "profile_sidebar_border_color": "C0DEED", "profile_sidebar_fill_color": "DDEEF6", "profile_text_color": "333333", "profile_use_background_image": true, "has_extended_profile": false, "default_profile": true, "default_profile_image": false, "following": false, "follow_request_sent": false, "notifications": false, "translator_type": "none", "withheld_in_countries": []}, "geo": null, "coordinates": null, "place": null, "contributors": null, "is_quote_status": false, "retweet_count": 0, "favorite_count": 0, "favorited": false, "retweeted": false, "possibly_sensitive": false, "lang": "en"}