{"created_at": "Tue Jan 10 12:57:58 +0000 2017", "id": 818804074447572993, "id_str": "818804074447572993", "text": "BREAKING: Meryl Streep Just Got Fired From A Major Project For Lying About Trump https://t.co/UckV7UjavP", "truncated": false, "entities": {"hashtags": [], "symbols": [], "user_mentions": [], "urls": [{"url": "https://t.co/UckV7UjavP", "expanded_url": "http://ln.is/thelastlineofdefense.org/b1DOD", "display_url": "ln.is/thelastlineofd\u2026", "indices": [81, 104]}]}, "source": "<a href=\"http://linkis.com\" rel=\"nofollow\">Linkis: turn sharing into growth</a>", "in_reply_to_status_id": null, "in_reply_to_status_id_str": null, "in_reply_to_user_id": null, "in_reply_to_user_id_str": null, "in_reply_to_screen_name": null, "user": {"id": 2423637911, "id_str": "2423637911", "name": "jill adelus", "screen_name": "jilladelus1", "location": "Poole", "description": "Seed planting time, can't wait to see my sunflowers bloom\ud83c\udf3b\ud83c\udf3b\ud83c\udf3b & we're having an allotment competition for the tallest \ud83c\udf3b, gotta win that\ud83c\udf43", "url": null, "entities": {"description": {"urls": []}}, "protected": false, "followers_count": 2265, "friends_count": 3813, "listed_count": 87, "created_at": "Wed Mar 19 23:39:03 +0000 2014", "favourites_count": 10423, "utc_offset": null, "time_zone": null, "geo_enabled": false, "verified": false, "statuses_count": 25347, "lang": null, "contributors_enabled": false, "is_translator": false, "is_translation_enabled": false, "profile_background_color": "C0DEED", "profile_background_image_url": "http://abs.twimg.com/images/themes/theme1/bg.png", "profile_background_image_url_https": "https://abs.twimg.com/images/themes/theme1/bg.png", "profile_background_tile": false, "profile_image_url": "http://pbs.twimg.com/profile_images/1370153869532135431/SkXWsjzQ_normal.jpg", "profile_image_url_https": "https://pbs.twimg.com/profile_images/1370153869532135431/SkXWsjzQ_normal.jpg", "profile_banner_url": "https://pbs.twimg.com/profile_banners/2423637911/1615490840", "profile_link_color": "1DA1F2", "profile_sidebar_border_color": "C0DEED", "profile_sidebar_fill_color": "DDEEF6", "profile_text_color": "333333", "profile_use_background_image": true, "has_extended_profile": false, "default_profile": true, "default_profile_image": false, "following": false, "follow_request_sent": false, "notifications": false, "translator_type": "none", "withheld_in_countries": []}, "geo": null, "coordinates": null, "place": null, "contributors": null, "is_quote_status": false, "retweet_count": 0, "favorite_count": 0, "favorited": false, "retweeted": false, "possibly_sensitive": false, "lang": "en"}