{"created_at": "Tue Jan 10 14:53:21 +0000 2017", "id": 818833111043702785, "id_str": "818833111043702785", "text": "BREAKING: Meryl Streep Just Got Fired From A Major Project For Lying About Trump https://t.co/GoZxTkLPAb", "truncated": false, "entities": {"hashtags": [], "symbols": [], "user_mentions": [], "urls": [{"url": "https://t.co/GoZxTkLPAb", "expanded_url": "http://fb.me/8nkP5mEps", "display_url": "fb.me/8nkP5mEps", "indices": [81, 104]}]}, "source": "<a href=\"http://www.facebook.com/twitter\" rel=\"nofollow\">Facebook</a>", "in_reply_to_status_id": null, "in_reply_to_status_id_str": null, "in_reply_to_user_id": null, "in_reply_to_user_id_str": null, "in_reply_to_screen_name": null, "user": {"id": 286442000, "id_str": "286442000", "name": "Norman Rayburn", "screen_name": "normanrayburn", "location": "Louisvill ky.", "description": "", "url": null, "entities": {"description": {"urls": []}}, "protected": false, "followers_count": 820, "friends_count": 1459, "listed_count": 12, "created_at": "Sat Apr 23 01:01:15 +0000 2011", "favourites_count": 42, "utc_offset": null, "time_zone": null, "geo_enabled": false, "verified": false, "statuses_count": 90976, "lang": null, "contributors_enabled": false, "is_translator": false, "is_translation_enabled": false, "profile_background_color": "C0DEED", "profile_background_image_url": "http://abs.twimg.com/images/themes/theme1/bg.png", "profile_background_image_url_https": "https://abs.twimg.com/images/themes/theme1/bg.png", "profile_background_tile": false, "profile_image_url": "http://pbs.twimg.com/profile_images/3218615068/a44b7793b73108b1485dac70fe85ad5c_normal.jpeg", "profile_image_url_https": "https://pbs.twimg.com/profile_images/3218615068/a44b7793b73108b1485dac70fe85ad5c_normal.jpeg", "profile_link_color": "1DA1F2", "profile_sidebar_border_color": "C0DEED", "profile_sidebar_fill_color": "DDEEF6", "profile_text_color": "333333", "profile_use_background_image": true, "has_extended_profile": false, "default_profile": true, "default_profile_image": false, "following": false, "follow_request_sent": false, "notifications": false, "translator_type": "none", "withheld_in_countries": []}, "geo": null, "coordinates": null, "place": null, "contributors": null, "is_quote_status": false, "retweet_count": 0, "favorite_count": 0, "favorited": false, "retweeted": false, "possibly_sensitive": false, "lang": "en"}