{"created_at": "Tue Jan 10 15:03:59 +0000 2017", "id": 818835788473303040, "id_str": "818835788473303040", "text": "BREAKING: MERYL STREEP JUST GOT FIRED FROM A MAJOR PROJECT FOR LYING ABOUT TRUMP https://t.co/ak3TyusmDC https://t.co/WsP94ho6uV", "truncated": false, "entities": {"hashtags": [], "symbols": [], "user_mentions": [], "urls": [{"url": "https://t.co/ak3TyusmDC", "expanded_url": "http://viid.me/qi8TDW", "display_url": "viid.me/qi8TDW", "indices": [81, 104]}], "media": [{"id": 818835783184359424, "id_str": "818835783184359424", "indices": [105, 128], "media_url": "http://pbs.twimg.com/media/C10WznIVIAAt-8F.jpg", "media_url_https": "https://pbs.twimg.com/media/C10WznIVIAAt-8F.jpg", "url": "https://t.co/WsP94ho6uV", "display_url": "pic.twitter.com/WsP94ho6uV", "expanded_url": "https://twitter.com/Latinos331/status/818835788473303040/photo/1", "type": "photo", "sizes": {"thumb": {"w": 150, "h": 150, "resize": "crop"}, "large": {"w": 678, "h": 381, "resize": "fit"}, "medium": {"w": 678, "h": 381, "resize": "fit"}, "small": {"w": 678, "h": 381, "resize": "fit"}}}]}, "extended_entities": {"media": [{"id": 818835783184359424, "id_str": "818835783184359424", "indices": [105, 128], "media_url": "http://pbs.twimg.com/media/C10WznIVIAAt-8F.jpg", "media_url_https": "https://pbs.twimg.com/media/C10WznIVIAAt-8F.jpg", "url": "https://t.co/WsP94ho6uV", "display_url": "pic.twitter.com/WsP94ho6uV", "expanded_url": "https://twitter.com/Latinos331/status/818835788473303040/photo/1", "type": "photo", "sizes": {"thumb": {"w": 150, "h": 150, "resize": "crop"}, "large": {"w": 678, "h": 381, "resize": "fit"}, "medium": {"w": 678, "h": 381, "resize": "fit"}, "small": {"w": 678, "h": 381, "resize": "fit"}}}]}, "source": "<a href=\"https://dlvrit.com/\" rel=\"nofollow\">dlvr.it</a>", "in_reply_to_status_id": null, "in_reply_to_status_id_str": null, "in_reply_to_user_id": null, "in_reply_to_user_id_str": null, "in_reply_to_screen_name": null, "user": {"id": 862287260, "id_str": "862287260", "name": "Latinas con Hillary", "screen_name": "Latinos331", "location": "", "description": "", "url": null, "entities": {"description": {"urls": []}}, "protected": false, "followers_count": 142, "friends_count": 133, "listed_count": 6, "created_at": "Fri Oct 05 00:55:06 +0000 2012", "favourites_count": 2, "utc_offset": null, "time_zone": null, "geo_enabled": false, "verified": false, "statuses_count": 50575, "lang": null, "contributors_enabled": false, "is_translator": false, "is_translation_enabled": false, "profile_background_color": "000000", "profile_background_image_url": "http://abs.twimg.com/images/themes/theme1/bg.png", "profile_background_image_url_https": "https://abs.twimg.com/images/themes/theme1/bg.png", "profile_background_tile": false, "profile_image_url": "http://pbs.twimg.com/profile_images/780539731167809536/DaIpPaMW_normal.jpg", "profile_image_url_https": "https://pbs.twimg.com/profile_images/780539731167809536/DaIpPaMW_normal.jpg", "profile_banner_url": "https://pbs.twimg.com/profile_banners/862287260/1474930083", "profile_link_color": "94D487", "profile_sidebar_border_color": "000000", "profile_sidebar_fill_color": "000000", "profile_text_color": "000000", "profile_use_background_image": false, "has_extended_profile": false, "default_profile": false, "default_profile_image": false, "following": false, "follow_request_sent": false, "notifications": false, "translator_type": "none", "withheld_in_countries": []}, "geo": null, "coordinates": null, "place": null, "contributors": null, "is_quote_status": false, "retweet_count": 0, "favorite_count": 0, "favorited": false, "retweeted": false, "possibly_sensitive": false, "lang": "en"}