{"created_at": "Tue Jan 10 15:04:30 +0000 2017", "id": 818835919029473286, "id_str": "818835919029473286", "text": "BREAKING: MERYL STREEP JUST GOT FIRED FROM A MAJOR PROJECT FOR LYING ABOUT TRUMP https://t.co/byC3ZCzCSo https://t.co/YGI6mYwYrl", "truncated": false, "entities": {"hashtags": [], "symbols": [], "user_mentions": [], "urls": [{"url": "https://t.co/byC3ZCzCSo", "expanded_url": "http://viid.me/qi8Ytc", "display_url": "viid.me/qi8Ytc", "indices": [81, 104]}], "media": [{"id": 818835915678199808, "id_str": "818835915678199808", "indices": [105, 128], "media_url": "http://pbs.twimg.com/media/C10W7UtUsAAAh1B.jpg", "media_url_https": "https://pbs.twimg.com/media/C10W7UtUsAAAh1B.jpg", "url": "https://t.co/YGI6mYwYrl", "display_url": "pic.twitter.com/YGI6mYwYrl", "expanded_url": "https://twitter.com/actividadnotice/status/818835919029473286/photo/1", "type": "photo", "sizes": {"thumb": {"w": 150, "h": 150, "resize": "crop"}, "large": {"w": 678, "h": 381, "resize": "fit"}, "medium": {"w": 678, "h": 381, "resize": "fit"}, "small": {"w": 678, "h": 381, "resize": "fit"}}}]}, "extended_entities": {"media": [{"id": 818835915678199808, "id_str": "818835915678199808", "indices": [105, 128], "media_url": "http://pbs.twimg.com/media/C10W7UtUsAAAh1B.jpg", "media_url_https": "https://pbs.twimg.com/media/C10W7UtUsAAAh1B.jpg", "url": "https://t.co/YGI6mYwYrl", "display_url": "pic.twitter.com/YGI6mYwYrl", "expanded_url": "https://twitter.com/actividadnotice/status/818835919029473286/photo/1", "type": "photo", "sizes": {"thumb": {"w": 150, "h": 150, "resize": "crop"}, "large": {"w": 678, "h": 381, "resize": "fit"}, "medium": {"w": 678, "h": 381, "resize": "fit"}, "small": {"w": 678, "h": 381, "resize": "fit"}}}]}, "source": "<a href=\"https://dlvrit.com/\" rel=\"nofollow\">dlvr.it</a>", "in_reply_to_status_id": null, "in_reply_to_status_id_str": null, "in_reply_to_user_id": null, "in_reply_to_user_id_str": null, "in_reply_to_screen_name": null, "user": {"id": 816121734344622086, "id_str": "816121734344622086", "name": "NOTICIAS DE HOY", "screen_name": "actividadnotice", "location": "Venezuela", "description": "OFRECER NOTICIAS AL PUBLICO", "url": null, "entities": {"description": {"urls": []}}, "protected": false, "followers_count": 886, "friends_count": 3420, "listed_count": 0, "created_at": "Tue Jan 03 03:19:19 +0000 2017", "favourites_count": 20, "utc_offset": null, "time_zone": null, "geo_enabled": false, "verified": false, "statuses_count": 13055, "lang": null, "contributors_enabled": false, "is_translator": false, "is_translation_enabled": false, "profile_background_color": "F5F8FA", "profile_background_image_url": null, "profile_background_image_url_https": null, "profile_background_tile": false, "profile_image_url": "http://pbs.twimg.com/profile_images/816124383412547584/wzJkX36r_normal.jpg", "profile_image_url_https": "https://pbs.twimg.com/profile_images/816124383412547584/wzJkX36r_normal.jpg", "profile_banner_url": "https://pbs.twimg.com/profile_banners/816121734344622086/1483420496", "profile_link_color": "1DA1F2", "profile_sidebar_border_color": "C0DEED", "profile_sidebar_fill_color": "DDEEF6", "profile_text_color": "333333", "profile_use_background_image": true, "has_extended_profile": true, "default_profile": true, "default_profile_image": false, "following": false, "follow_request_sent": false, "notifications": false, "translator_type": "none", "withheld_in_countries": []}, "geo": null, "coordinates": null, "place": null, "contributors": null, "is_quote_status": false, "retweet_count": 0, "favorite_count": 0, "favorited": false, "retweeted": false, "possibly_sensitive": false, "lang": "en"}