{"created_at": "Tue Jan 10 15:04:02 +0000 2017", "id": 818835801161072641, "id_str": "818835801161072641", "text": "BREAKING: MERYL STREEP JUST GOT FIRED FROM A MAJOR PROJECT FOR LYING ABOUT TRUMP https://t.co/W8XgnFRt6f https://t.co/WoV3tYdDMl", "truncated": false, "entities": {"hashtags": [], "symbols": [], "user_mentions": [], "urls": [{"url": "https://t.co/W8XgnFRt6f", "expanded_url": "http://spinzon.com/breaking-meryl-streep-just-got-fired-major-project-lying-trump/?utm_source=dlvr.it&utm_medium=twitter", "display_url": "spinzon.com/breaking-meryl\u2026", "indices": [81, 104]}], "media": [{"id": 818835795184263169, "id_str": "818835795184263169", "indices": [105, 128], "media_url": "http://pbs.twimg.com/media/C10W0T1VIAEjlVK.jpg", "media_url_https": "https://pbs.twimg.com/media/C10W0T1VIAEjlVK.jpg", "url": "https://t.co/WoV3tYdDMl", "display_url": "pic.twitter.com/WoV3tYdDMl", "expanded_url": "https://twitter.com/arquitriny/status/818835801161072641/photo/1", "type": "photo", "sizes": {"thumb": {"w": 150, "h": 150, "resize": "crop"}, "large": {"w": 678, "h": 381, "resize": "fit"}, "medium": {"w": 678, "h": 381, "resize": "fit"}, "small": {"w": 678, "h": 381, "resize": "fit"}}}]}, "extended_entities": {"media": [{"id": 818835795184263169, "id_str": "818835795184263169", "indices": [105, 128], "media_url": "http://pbs.twimg.com/media/C10W0T1VIAEjlVK.jpg", "media_url_https": "https://pbs.twimg.com/media/C10W0T1VIAEjlVK.jpg", "url": "https://t.co/WoV3tYdDMl", "display_url": "pic.twitter.com/WoV3tYdDMl", "expanded_url": "https://twitter.com/arquitriny/status/818835801161072641/photo/1", "type": "photo", "sizes": {"thumb": {"w": 150, "h": 150, "resize": "crop"}, "large": {"w": 678, "h": 381, "resize": "fit"}, "medium": {"w": 678, "h": 381, "resize": "fit"}, "small": {"w": 678, "h": 381, "resize": "fit"}}}]}, "source": "<a href=\"https://dlvrit.com/\" rel=\"nofollow\">dlvr.it</a>", "in_reply_to_status_id": null, "in_reply_to_status_id_str": null, "in_reply_to_user_id": null, "in_reply_to_user_id_str": null, "in_reply_to_screen_name": null, "user": {"id": 2593931689, "id_str": "2593931689", "name": "UniversalNews", "screen_name": "arquitriny", "location": "Venezuela", "description": "@universalnews", "url": null, "entities": {"description": {"urls": []}}, "protected": false, "followers_count": 323, "friends_count": 418, "listed_count": 2, "created_at": "Sun Jun 29 00:25:19 +0000 2014", "favourites_count": 564, "utc_offset": null, "time_zone": null, "geo_enabled": false, "verified": false, "statuses_count": 31143, "lang": null, "contributors_enabled": false, "is_translator": false, "is_translation_enabled": false, "profile_background_color": "000000", "profile_background_image_url": "http://abs.twimg.com/images/themes/theme1/bg.png", "profile_background_image_url_https": "https://abs.twimg.com/images/themes/theme1/bg.png", "profile_background_tile": false, "profile_image_url": "http://pbs.twimg.com/profile_images/761563226563837952/LJd5tpOA_normal.jpg", "profile_image_url_https": "https://pbs.twimg.com/profile_images/761563226563837952/LJd5tpOA_normal.jpg", "profile_banner_url": "https://pbs.twimg.com/profile_banners/2593931689/1470606474", "profile_link_color": "ABB8C2", "profile_sidebar_border_color": "000000", "profile_sidebar_fill_color": "000000", "profile_text_color": "000000", "profile_use_background_image": false, "has_extended_profile": false, "default_profile": false, "default_profile_image": false, "following": false, "follow_request_sent": false, "notifications": false, "translator_type": "none", "withheld_in_countries": []}, "geo": null, "coordinates": null, "place": null, "contributors": null, "is_quote_status": false, "retweet_count": 0, "favorite_count": 0, "favorited": false, "retweeted": false, "possibly_sensitive": false, "lang": "en"}