{"created_at": "Tue Jan 10 14:49:03 +0000 2017", "id": 818832030033125377, "id_str": "818832030033125377", "text": "BREAKING: Meryl Streep Just Got Fired From A Major Project For Lying About Trump https://t.co/FS3v8MqwTH", "truncated": false, "entities": {"hashtags": [], "symbols": [], "user_mentions": [], "urls": [{"url": "https://t.co/FS3v8MqwTH", "expanded_url": "http://fb.me/MSKaS9RK", "display_url": "fb.me/MSKaS9RK", "indices": [81, 104]}]}, "source": "<a href=\"http://www.facebook.com/twitter\" rel=\"nofollow\">Facebook</a>", "in_reply_to_status_id": null, "in_reply_to_status_id_str": null, "in_reply_to_user_id": null, "in_reply_to_user_id_str": null, "in_reply_to_screen_name": null, "user": {"id": 218272694, "id_str": "218272694", "name": "Terri Rhodes", "screen_name": "terrirhodes72", "location": "Edgewood New Mexico", "description": "In a relationship with a wonderful man I have 8 grandchildren three children and now I am free to travel the world and enjoy life.", "url": null, "entities": {"description": {"urls": []}}, "protected": false, "followers_count": 208, "friends_count": 461, "listed_count": 5, "created_at": "Sun Nov 21 22:08:13 +0000 2010", "favourites_count": 218, "utc_offset": null, "time_zone": null, "geo_enabled": false, "verified": false, "statuses_count": 27661, "lang": null, "contributors_enabled": false, "is_translator": false, "is_translation_enabled": false, "profile_background_color": "642D8B", "profile_background_image_url": "http://abs.twimg.com/images/themes/theme10/bg.gif", "profile_background_image_url_https": "https://abs.twimg.com/images/themes/theme10/bg.gif", "profile_background_tile": true, "profile_image_url": "http://pbs.twimg.com/profile_images/606331082120626176/WWRF4iQZ_normal.jpg", "profile_image_url_https": "https://pbs.twimg.com/profile_images/606331082120626176/WWRF4iQZ_normal.jpg", "profile_banner_url": "https://pbs.twimg.com/profile_banners/218272694/1432420629", "profile_link_color": "FF0000", "profile_sidebar_border_color": "FFFFFF", "profile_sidebar_fill_color": "7AC3EE", "profile_text_color": "3D1957", "profile_use_background_image": true, "has_extended_profile": false, "default_profile": false, "default_profile_image": false, "following": false, "follow_request_sent": false, "notifications": false, "translator_type": "none", "withheld_in_countries": []}, "geo": null, "coordinates": null, "place": null, "contributors": null, "is_quote_status": false, "retweet_count": 0, "favorite_count": 0, "favorited": false, "retweeted": false, "possibly_sensitive": false, "lang": "en"}