{"created_at": "Tue Jan 10 17:31:37 +0000 2017", "id": 818872941932908545, "id_str": "818872941932908545", "text": "BREAKING: Meryl Streep Just Got Fired From A Major Project For Lying About Trump https://t.co/JncgbTuf2S", "truncated": false, "entities": {"hashtags": [], "symbols": [], "user_mentions": [], "urls": [{"url": "https://t.co/JncgbTuf2S", "expanded_url": "http://fb.me/8i1ETsfLX", "display_url": "fb.me/8i1ETsfLX", "indices": [81, 104]}]}, "source": "<a href=\"http://www.facebook.com/twitter\" rel=\"nofollow\">Facebook</a>", "in_reply_to_status_id": null, "in_reply_to_status_id_str": null, "in_reply_to_user_id": null, "in_reply_to_user_id_str": null, "in_reply_to_screen_name": null, "user": {"id": 749691109, "id_str": "749691109", "name": "phillip", "screen_name": "phillipb1956", "location": "Lake Jackson, TX", "description": "Many years in industrial construction! Now a professional Networker Marketer! Passionate about health and helping people find financial freedom!", "url": null, "entities": {"description": {"urls": []}}, "protected": false, "followers_count": 51, "friends_count": 222, "listed_count": 0, "created_at": "Fri Aug 10 16:58:19 +0000 2012", "favourites_count": 5, "utc_offset": null, "time_zone": null, "geo_enabled": false, "verified": false, "statuses_count": 14548, "lang": null, "contributors_enabled": false, "is_translator": false, "is_translation_enabled": false, "profile_background_color": "C0DEED", "profile_background_image_url": "http://abs.twimg.com/images/themes/theme1/bg.png", "profile_background_image_url_https": "https://abs.twimg.com/images/themes/theme1/bg.png", "profile_background_tile": false, "profile_image_url": "http://pbs.twimg.com/profile_images/481178585483321344/Rlifo4MT_normal.jpeg", "profile_image_url_https": "https://pbs.twimg.com/profile_images/481178585483321344/Rlifo4MT_normal.jpeg", "profile_link_color": "1DA1F2", "profile_sidebar_border_color": "C0DEED", "profile_sidebar_fill_color": "DDEEF6", "profile_text_color": "333333", "profile_use_background_image": true, "has_extended_profile": false, "default_profile": true, "default_profile_image": false, "following": false, "follow_request_sent": false, "notifications": false, "translator_type": "none", "withheld_in_countries": []}, "geo": null, "coordinates": null, "place": null, "contributors": null, "is_quote_status": false, "retweet_count": 0, "favorite_count": 0, "favorited": false, "retweeted": false, "possibly_sensitive": false, "lang": "en"}