{"created_at": "Tue Jan 10 15:04:13 +0000 2017", "id": 818835847713689601, "id_str": "818835847713689601", "text": "BREAKING: MERYL STREEP JUST GOT FIRED FROM A MAJOR PROJECT FOR LYING ABOUT TRUMP https://t.co/w2oABwzPPt https://t.co/BC8pXGO4aO", "truncated": false, "entities": {"hashtags": [], "symbols": [], "user_mentions": [], "urls": [{"url": "https://t.co/w2oABwzPPt", "expanded_url": "http://dlvr.it/N4b0JG", "display_url": "dlvr.it/N4b0JG", "indices": [81, 104]}], "media": [{"id": 818835844307898369, "id_str": "818835844307898369", "indices": [105, 128], "media_url": "http://pbs.twimg.com/media/C10W3K1UUAEhWhV.jpg", "media_url_https": "https://pbs.twimg.com/media/C10W3K1UUAEhWhV.jpg", "url": "https://t.co/BC8pXGO4aO", "display_url": "pic.twitter.com/BC8pXGO4aO", "expanded_url": "https://twitter.com/mprietov11/status/818835847713689601/photo/1", "type": "photo", "sizes": {"thumb": {"w": 150, "h": 150, "resize": "crop"}, "large": {"w": 678, "h": 381, "resize": "fit"}, "medium": {"w": 678, "h": 381, "resize": "fit"}, "small": {"w": 678, "h": 381, "resize": "fit"}}}]}, "extended_entities": {"media": [{"id": 818835844307898369, "id_str": "818835844307898369", "indices": [105, 128], "media_url": "http://pbs.twimg.com/media/C10W3K1UUAEhWhV.jpg", "media_url_https": "https://pbs.twimg.com/media/C10W3K1UUAEhWhV.jpg", "url": "https://t.co/BC8pXGO4aO", "display_url": "pic.twitter.com/BC8pXGO4aO", "expanded_url": "https://twitter.com/mprietov11/status/818835847713689601/photo/1", "type": "photo", "sizes": {"thumb": {"w": 150, "h": 150, "resize": "crop"}, "large": {"w": 678, "h": 381, "resize": "fit"}, "medium": {"w": 678, "h": 381, "resize": "fit"}, "small": {"w": 678, "h": 381, "resize": "fit"}}}]}, "source": "<a href=\"https://dlvrit.com/\" rel=\"nofollow\">dlvr.it</a>", "in_reply_to_status_id": null, "in_reply_to_status_id_str": null, "in_reply_to_user_id": null, "in_reply_to_user_id_str": null, "in_reply_to_screen_name": null, "user": {"id": 817196960197345280, "id_str": "817196960197345280", "name": "maria prieto", "screen_name": "mprietov11", "location": "", "description": "", "url": null, "entities": {"description": {"urls": []}}, "protected": false, "followers_count": 326, "friends_count": 1440, "listed_count": 0, "created_at": "Fri Jan 06 02:31:52 +0000 2017", "favourites_count": 4, "utc_offset": null, "time_zone": null, "geo_enabled": false, "verified": false, "statuses_count": 7487, "lang": null, "contributors_enabled": false, "is_translator": false, "is_translation_enabled": false, "profile_background_color": "F5F8FA", "profile_background_image_url": null, "profile_background_image_url_https": null, "profile_background_tile": false, "profile_image_url": "http://pbs.twimg.com/profile_images/817839566459666432/1wLHa5SO_normal.jpg", "profile_image_url_https": "https://pbs.twimg.com/profile_images/817839566459666432/1wLHa5SO_normal.jpg", "profile_link_color": "1DA1F2", "profile_sidebar_border_color": "C0DEED", "profile_sidebar_fill_color": "DDEEF6", "profile_text_color": "333333", "profile_use_background_image": true, "has_extended_profile": false, "default_profile": true, "default_profile_image": false, "following": false, "follow_request_sent": false, "notifications": false, "translator_type": "none", "withheld_in_countries": []}, "geo": null, "coordinates": null, "place": null, "contributors": null, "is_quote_status": false, "retweet_count": 0, "favorite_count": 0, "favorited": false, "retweeted": false, "possibly_sensitive": false, "lang": "en"}