{"created_at": "Tue Jan 10 16:41:33 +0000 2017", "id": 818860338624024577, "id_str": "818860338624024577", "text": "BREAKING: Meryl Streep Just Got Fired From A Major Project For Lying About Trump https://t.co/arOFDLHyZA", "truncated": false, "entities": {"hashtags": [], "symbols": [], "user_mentions": [], "urls": [{"url": "https://t.co/arOFDLHyZA", "expanded_url": "http://wp.me/p78T3s-uG", "display_url": "wp.me/p78T3s-uG", "indices": [81, 104]}]}, "source": "<a href=\"http://twitter.com\" rel=\"nofollow\">Twitter Web Client</a>", "in_reply_to_status_id": null, "in_reply_to_status_id_str": null, "in_reply_to_user_id": null, "in_reply_to_user_id_str": null, "in_reply_to_screen_name": null, "user": {"id": 3060847377, "id_str": "3060847377", "name": "alexgainly", "screen_name": "GaberielD", "location": "Maine, USA", "description": "family man with four kids my youngest 2 months#USMC vet#proud patriot#christian conservative#molanlabe#prolife#childrensrights#lovemydog#anti pc#oldschool", "url": "https://t.co/SIUN8ZA4O2", "entities": {"url": {"urls": [{"url": "https://t.co/SIUN8ZA4O2", "expanded_url": "https://m.facebook.com/home.php", "display_url": "m.facebook.com/home.php", "indices": [0, 23]}]}, "description": {"urls": []}}, "protected": false, "followers_count": 1181, "friends_count": 1742, "listed_count": 18, "created_at": "Wed Feb 25 05:36:56 +0000 2015", "favourites_count": 2043, "utc_offset": null, "time_zone": null, "geo_enabled": false, "verified": false, "statuses_count": 4176, "lang": null, "contributors_enabled": false, "is_translator": false, "is_translation_enabled": false, "profile_background_color": "C0DEED", "profile_background_image_url": "http://abs.twimg.com/images/themes/theme1/bg.png", "profile_background_image_url_https": "https://abs.twimg.com/images/themes/theme1/bg.png", "profile_background_tile": false, "profile_image_url": "http://pbs.twimg.com/profile_images/582876721097129984/VhOs0TAs_normal.jpg", "profile_image_url_https": "https://pbs.twimg.com/profile_images/582876721097129984/VhOs0TAs_normal.jpg", "profile_banner_url": "https://pbs.twimg.com/profile_banners/3060847377/1426003165", "profile_link_color": "1DA1F2", "profile_sidebar_border_color": "C0DEED", "profile_sidebar_fill_color": "DDEEF6", "profile_text_color": "333333", "profile_use_background_image": true, "has_extended_profile": false, "default_profile": true, "default_profile_image": false, "following": false, "follow_request_sent": false, "notifications": false, "translator_type": "none", "withheld_in_countries": []}, "geo": null, "coordinates": null, "place": null, "contributors": null, "is_quote_status": false, "retweet_count": 0, "favorite_count": 0, "favorited": false, "retweeted": false, "possibly_sensitive": false, "lang": "en"}