{"created_at": "Tue Jan 10 15:03:59 +0000 2017", "id": 818835786325835776, "id_str": "818835786325835776", "text": "BREAKING: MERYL STREEP JUST GOT FIRED FROM A MAJOR PROJECT FOR LYING ABOUT TRUMP https://t.co/rG5mGjZcP8 https://t.co/UumvxLfIaV", "truncated": false, "entities": {"hashtags": [], "symbols": [], "user_mentions": [], "urls": [{"url": "https://t.co/rG5mGjZcP8", "expanded_url": "http://viid.me/qi8TPD", "display_url": "viid.me/qi8TPD", "indices": [81, 104]}], "media": [{"id": 818835776888676354, "id_str": "818835776888676354", "indices": [105, 128], "media_url": "http://pbs.twimg.com/media/C10WzPrUoAInnGR.jpg", "media_url_https": "https://pbs.twimg.com/media/C10WzPrUoAInnGR.jpg", "url": "https://t.co/UumvxLfIaV", "display_url": "pic.twitter.com/UumvxLfIaV", "expanded_url": "https://twitter.com/sucesosmundial/status/818835786325835776/photo/1", "type": "photo", "sizes": {"thumb": {"w": 150, "h": 150, "resize": "crop"}, "large": {"w": 678, "h": 381, "resize": "fit"}, "medium": {"w": 678, "h": 381, "resize": "fit"}, "small": {"w": 678, "h": 381, "resize": "fit"}}}]}, "extended_entities": {"media": [{"id": 818835776888676354, "id_str": "818835776888676354", "indices": [105, 128], "media_url": "http://pbs.twimg.com/media/C10WzPrUoAInnGR.jpg", "media_url_https": "https://pbs.twimg.com/media/C10WzPrUoAInnGR.jpg", "url": "https://t.co/UumvxLfIaV", "display_url": "pic.twitter.com/UumvxLfIaV", "expanded_url": "https://twitter.com/sucesosmundial/status/818835786325835776/photo/1", "type": "photo", "sizes": {"thumb": {"w": 150, "h": 150, "resize": "crop"}, "large": {"w": 678, "h": 381, "resize": "fit"}, "medium": {"w": 678, "h": 381, "resize": "fit"}, "small": {"w": 678, "h": 381, "resize": "fit"}}}]}, "source": "<a href=\"https://dlvrit.com/\" rel=\"nofollow\">dlvr.it</a>", "in_reply_to_status_id": null, "in_reply_to_status_id_str": null, "in_reply_to_user_id": null, "in_reply_to_user_id_str": null, "in_reply_to_screen_name": null, "user": {"id": 330121407, "id_str": "330121407", "name": "world events", "screen_name": "Yohniellaffont", "location": "Venezuela", "description": ":D", "url": "https://t.co/owNR8vBg4k", "entities": {"url": {"urls": [{"url": "https://t.co/owNR8vBg4k", "expanded_url": "https://www.facebook.com/angel.laffont", "display_url": "facebook.com/angel.laffont", "indices": [0, 23]}]}, "description": {"urls": []}}, "protected": false, "followers_count": 1630, "friends_count": 3033, "listed_count": 5, "created_at": "Wed Jul 06 04:02:46 +0000 2011", "favourites_count": 1334, "utc_offset": null, "time_zone": null, "geo_enabled": false, "verified": false, "statuses_count": 24382, "lang": null, "contributors_enabled": false, "is_translator": false, "is_translation_enabled": false, "profile_background_color": "022330", "profile_background_image_url": "http://abs.twimg.com/images/themes/theme15/bg.png", "profile_background_image_url_https": "https://abs.twimg.com/images/themes/theme15/bg.png", "profile_background_tile": true, "profile_image_url": "http://pbs.twimg.com/profile_images/761622037219672064/UXyO6AAH_normal.jpg", "profile_image_url_https": "https://pbs.twimg.com/profile_images/761622037219672064/UXyO6AAH_normal.jpg", "profile_banner_url": "https://pbs.twimg.com/profile_banners/330121407/1470419580", "profile_link_color": "19CF86", "profile_sidebar_border_color": "FFFFFF", "profile_sidebar_fill_color": "C0DFEC", "profile_text_color": "333333", "profile_use_background_image": true, "has_extended_profile": true, "default_profile": false, "default_profile_image": false, "following": false, "follow_request_sent": false, "notifications": false, "translator_type": "none", "withheld_in_countries": []}, "geo": null, "coordinates": null, "place": null, "contributors": null, "is_quote_status": false, "retweet_count": 0, "favorite_count": 0, "favorited": false, "retweeted": false, "possibly_sensitive": false, "lang": "en"}