{"created_at": "Tue Jan 10 17:44:17 +0000 2017", "id": 818876128962236416, "id_str": "818876128962236416", "text": "BREAKING: Meryl Streep Just Got Fired From A Major Project For Lying About Trump https://t.co/rRbIyNrTvh", "truncated": false, "entities": {"hashtags": [], "symbols": [], "user_mentions": [], "urls": [{"url": "https://t.co/rRbIyNrTvh", "expanded_url": "http://wp.me/p78T3s-uG", "display_url": "wp.me/p78T3s-uG", "indices": [81, 104]}]}, "source": "<a href=\"http://twitter.com/download/android\" rel=\"nofollow\">Twitter for Android</a>", "in_reply_to_status_id": null, "in_reply_to_status_id_str": null, "in_reply_to_user_id": null, "in_reply_to_user_id_str": null, "in_reply_to_screen_name": null, "user": {"id": 21372910, "id_str": "21372910", "name": "\ud83c\uddee\ud83c\uddf9Johnny\ud83c\uddfa\ud83c\uddf8", "screen_name": "RedRumINSIDI0US", "location": "Providence, Boston", "description": "#HorroR Films | Constitutionalist  |  #Destiny2 , Trance & HipHop Music | College Football #NotreDame \ud83c\uddee\ud83c\uddea\u2618  \n\u2744\ufe0f #CocaCola \ud83e\udd76", "url": null, "entities": {"description": {"urls": []}}, "protected": false, "followers_count": 2640, "friends_count": 2704, "listed_count": 136, "created_at": "Fri Feb 20 04:16:43 +0000 2009", "favourites_count": 8338, "utc_offset": null, "time_zone": null, "geo_enabled": true, "verified": false, "statuses_count": 127617, "lang": null, "contributors_enabled": false, "is_translator": false, "is_translation_enabled": false, "profile_background_color": "000000", "profile_background_image_url": "http://abs.twimg.com/images/themes/theme14/bg.gif", "profile_background_image_url_https": "https://abs.twimg.com/images/themes/theme14/bg.gif", "profile_background_tile": true, "profile_image_url": "http://pbs.twimg.com/profile_images/1318745751489548288/DHrmTCRE_normal.jpg", "profile_image_url_https": "https://pbs.twimg.com/profile_images/1318745751489548288/DHrmTCRE_normal.jpg", "profile_banner_url": "https://pbs.twimg.com/profile_banners/21372910/1618721144", "profile_link_color": "1B95E0", "profile_sidebar_border_color": "FFFFFF", "profile_sidebar_fill_color": "EFEFEF", "profile_text_color": "333333", "profile_use_background_image": true, "has_extended_profile": true, "default_profile": false, "default_profile_image": false, "following": false, "follow_request_sent": false, "notifications": false, "translator_type": "none", "withheld_in_countries": []}, "geo": null, "coordinates": null, "place": null, "contributors": null, "is_quote_status": false, "retweet_count": 1, "favorite_count": 0, "favorited": false, "retweeted": false, "possibly_sensitive": false, "lang": "en"}