{"created_at": "Tue Jan 10 13:10:01 +0000 2017", "id": 818807105486553088, "id_str": "818807105486553088", "text": "BREAKING: Meryl Streep Just Got Fired From A Major Project For Lying About Trump https://t.co/K9teQTPAJc", "truncated": false, "entities": {"hashtags": [], "symbols": [], "user_mentions": [], "urls": [{"url": "https://t.co/K9teQTPAJc", "expanded_url": "http://wp.me/p78T3s-uG", "display_url": "wp.me/p78T3s-uG", "indices": [81, 104]}]}, "source": "<a href=\"http://twitter.com\" rel=\"nofollow\">Twitter Web Client</a>", "in_reply_to_status_id": null, "in_reply_to_status_id_str": null, "in_reply_to_user_id": null, "in_reply_to_user_id_str": null, "in_reply_to_screen_name": null, "user": {"id": 52256871, "id_str": "52256871", "name": "Tavares Davis", "screen_name": "Billionaire128", "location": "USA..", "description": "I am the Luckiest man in the World.. I am Billionaire128 #MAGA #Trump.", "url": "https://t.co/jGJyRdocpn", "entities": {"url": {"urls": [{"url": "https://t.co/jGJyRdocpn", "expanded_url": "http://twitpic.com/photos/Billionaire128", "display_url": "twitpic.com/photos/Billion\u2026", "indices": [0, 23]}]}, "description": {"urls": []}}, "protected": false, "followers_count": 1141, "friends_count": 3456, "listed_count": 11, "created_at": "Tue Jun 30 01:20:30 +0000 2009", "favourites_count": 6225, "utc_offset": null, "time_zone": null, "geo_enabled": true, "verified": false, "statuses_count": 38183, "lang": null, "contributors_enabled": false, "is_translator": false, "is_translation_enabled": false, "profile_background_color": "C0DEED", "profile_background_image_url": "http://abs.twimg.com/images/themes/theme1/bg.png", "profile_background_image_url_https": "https://abs.twimg.com/images/themes/theme1/bg.png", "profile_background_tile": true, "profile_image_url": "http://pbs.twimg.com/profile_images/946261503128342528/5rVjwhYu_normal.jpg", "profile_image_url_https": "https://pbs.twimg.com/profile_images/946261503128342528/5rVjwhYu_normal.jpg", "profile_banner_url": "https://pbs.twimg.com/profile_banners/52256871/1514441183", "profile_link_color": "0084B4", "profile_sidebar_border_color": "C0DEED", "profile_sidebar_fill_color": "DDEEF6", "profile_text_color": "333333", "profile_use_background_image": true, "has_extended_profile": false, "default_profile": false, "default_profile_image": false, "following": false, "follow_request_sent": false, "notifications": false, "translator_type": "none", "withheld_in_countries": []}, "geo": null, "coordinates": null, "place": null, "contributors": null, "is_quote_status": false, "retweet_count": 1, "favorite_count": 0, "favorited": false, "retweeted": false, "possibly_sensitive": false, "lang": "en"}