{"created_at": "Tue Jan 10 15:15:05 +0000 2017", "id": 818838581275869184, "id_str": "818838581275869184", "text": "BREAKING: MERYL STREEP JUST GOT FIRED FROM A MAJOR PROJECT FOR LYING ABOUT TRUMP https://t.co/gB3peTAg7V https://t.co/my5vLGAbvT", "truncated": false, "entities": {"hashtags": [], "symbols": [], "user_mentions": [], "urls": [{"url": "https://t.co/gB3peTAg7V", "expanded_url": "http://dlvr.it/N4bCyk", "display_url": "dlvr.it/N4bCyk", "indices": [81, 104]}], "media": [{"id": 818838577148620801, "id_str": "818838577148620801", "indices": [105, 128], "media_url": "http://pbs.twimg.com/media/C10ZWPdUcAE6A5y.jpg", "media_url_https": "https://pbs.twimg.com/media/C10ZWPdUcAE6A5y.jpg", "url": "https://t.co/my5vLGAbvT", "display_url": "pic.twitter.com/my5vLGAbvT", "expanded_url": "https://twitter.com/dp199211/status/818838581275869184/photo/1", "type": "photo", "sizes": {"thumb": {"w": 150, "h": 150, "resize": "crop"}, "large": {"w": 678, "h": 381, "resize": "fit"}, "medium": {"w": 678, "h": 381, "resize": "fit"}, "small": {"w": 678, "h": 381, "resize": "fit"}}}]}, "extended_entities": {"media": [{"id": 818838577148620801, "id_str": "818838577148620801", "indices": [105, 128], "media_url": "http://pbs.twimg.com/media/C10ZWPdUcAE6A5y.jpg", "media_url_https": "https://pbs.twimg.com/media/C10ZWPdUcAE6A5y.jpg", "url": "https://t.co/my5vLGAbvT", "display_url": "pic.twitter.com/my5vLGAbvT", "expanded_url": "https://twitter.com/dp199211/status/818838581275869184/photo/1", "type": "photo", "sizes": {"thumb": {"w": 150, "h": 150, "resize": "crop"}, "large": {"w": 678, "h": 381, "resize": "fit"}, "medium": {"w": 678, "h": 381, "resize": "fit"}, "small": {"w": 678, "h": 381, "resize": "fit"}}}]}, "source": "<a href=\"https://dlvrit.com/\" rel=\"nofollow\">dlvr.it</a>", "in_reply_to_status_id": null, "in_reply_to_status_id_str": null, "in_reply_to_user_id": null, "in_reply_to_user_id_str": null, "in_reply_to_screen_name": null, "user": {"id": 146629175, "id_str": "146629175", "name": "Dougleisisprieto", "screen_name": "dougleisispriet", "location": "Venezuela", "description": "", "url": null, "entities": {"description": {"urls": []}}, "protected": false, "followers_count": 670, "friends_count": 977, "listed_count": 4, "created_at": "Fri May 21 23:29:04 +0000 2010", "favourites_count": 18, "utc_offset": null, "time_zone": null, "geo_enabled": false, "verified": false, "statuses_count": 22643, "lang": null, "contributors_enabled": false, "is_translator": false, "is_translation_enabled": false, "profile_background_color": "131516", "profile_background_image_url": "http://abs.twimg.com/images/themes/theme14/bg.gif", "profile_background_image_url_https": "https://abs.twimg.com/images/themes/theme14/bg.gif", "profile_background_tile": true, "profile_image_url": "http://abs.twimg.com/sticky/default_profile_images/default_profile_normal.png", "profile_image_url_https": "https://abs.twimg.com/sticky/default_profile_images/default_profile_normal.png", "profile_link_color": "009999", "profile_sidebar_border_color": "EEEEEE", "profile_sidebar_fill_color": "EFEFEF", "profile_text_color": "333333", "profile_use_background_image": true, "has_extended_profile": false, "default_profile": false, "default_profile_image": true, "following": false, "follow_request_sent": false, "notifications": false, "translator_type": "none", "withheld_in_countries": []}, "geo": null, "coordinates": null, "place": null, "contributors": null, "is_quote_status": false, "retweet_count": 0, "favorite_count": 0, "favorited": false, "retweeted": false, "possibly_sensitive": false, "lang": "en"}