{"created_at": "Tue Jan 10 17:28:58 +0000 2017", "id": 818872274346459136, "id_str": "818872274346459136", "text": "Meryl Streep Just Got Fired From A Major Project For Lying About Trump - https://t.co/JNrAcG1RTf via @Shareaholic", "truncated": false, "entities": {"hashtags": [], "symbols": [], "user_mentions": [{"screen_name": "Shareaholic", "name": "Shareaholic", "id": 791635, "id_str": "791635", "indices": [101, 113]}], "urls": [{"url": "https://t.co/JNrAcG1RTf", "expanded_url": "http://ir.shareaholic.com/e?a=1&u=http%3A%2F%2Fomgtruefacts.com%2Fbreaking-meryl-streep-just-got-fired-major-project-lying-trump%2F%3Futm_campaign%3Dshareaholic%26utm_medium%3Dtwitter%26utm_source%3Dsocialnetwork&r=1", "display_url": "ir.shareaholic.com/e?a=1&u=http%3\u2026", "indices": [73, 96]}]}, "source": "<a href=\"http://twitter.com\" rel=\"nofollow\">Twitter Web Client</a>", "in_reply_to_status_id": null, "in_reply_to_status_id_str": null, "in_reply_to_user_id": null, "in_reply_to_user_id_str": null, "in_reply_to_screen_name": null, "user": {"id": 16514451, "id_str": "16514451", "name": "Justice is Coming", "screen_name": "Artie_B", "location": "Orlando/Boston LTDW", "description": "Bible Christian, GC, Husband, Father,  NO LISTS  #2A #PATRIOT #Israel #MAGA #NRA #Lender #Realtor #BlueLivesMatter #ARMYDAD @realDonaldTrump", "url": null, "entities": {"description": {"urls": []}}, "protected": false, "followers_count": 9236, "friends_count": 10007, "listed_count": 117, "created_at": "Mon Sep 29 17:18:14 +0000 2008", "favourites_count": 5595, "utc_offset": null, "time_zone": null, "geo_enabled": false, "verified": false, "statuses_count": 62046, "lang": null, "contributors_enabled": false, "is_translator": false, "is_translation_enabled": false, "profile_background_color": "141113", "profile_background_image_url": "http://abs.twimg.com/images/themes/theme5/bg.gif", "profile_background_image_url_https": "https://abs.twimg.com/images/themes/theme5/bg.gif", "profile_background_tile": false, "profile_image_url": "http://pbs.twimg.com/profile_images/1349185167051677699/jRVbFVLG_normal.jpg", "profile_image_url_https": "https://pbs.twimg.com/profile_images/1349185167051677699/jRVbFVLG_normal.jpg", "profile_banner_url": "https://pbs.twimg.com/profile_banners/16514451/1611184309", "profile_link_color": "E62929", "profile_sidebar_border_color": "000000", "profile_sidebar_fill_color": "BBBADB", "profile_text_color": "111208", "profile_use_background_image": true, "has_extended_profile": false, "default_profile": false, "default_profile_image": false, "following": false, "follow_request_sent": false, "notifications": false, "translator_type": "none", "withheld_in_countries": []}, "geo": null, "coordinates": null, "place": null, "contributors": null, "is_quote_status": false, "retweet_count": 0, "favorite_count": 0, "favorited": false, "retweeted": false, "possibly_sensitive": false, "lang": "en"}