{"created_at": "Tue Jan 10 15:04:33 +0000 2017", "id": 818835927946514432, "id_str": "818835927946514432", "text": "BREAKING: MERYL STREEP JUST GOT FIRED FROM A MAJOR PROJECT FOR LYING ABOUT TRUMP https://t.co/CEoPTWmNLe https://t.co/CPXhm3ijp2", "truncated": false, "entities": {"hashtags": [], "symbols": [], "user_mentions": [], "urls": [{"url": "https://t.co/CEoPTWmNLe", "expanded_url": "http://viid.me/qi8YyL", "display_url": "viid.me/qi8YyL", "indices": [81, 104]}], "media": [{"id": 818835923798372353, "id_str": "818835923798372353", "indices": [105, 128], "media_url": "http://pbs.twimg.com/media/C10W7y9UsAEJx6R.jpg", "media_url_https": "https://pbs.twimg.com/media/C10W7y9UsAEJx6R.jpg", "url": "https://t.co/CPXhm3ijp2", "display_url": "pic.twitter.com/CPXhm3ijp2", "expanded_url": "https://twitter.com/Usainflames/status/818835927946514432/photo/1", "type": "photo", "sizes": {"thumb": {"w": 150, "h": 150, "resize": "crop"}, "large": {"w": 678, "h": 381, "resize": "fit"}, "medium": {"w": 678, "h": 381, "resize": "fit"}, "small": {"w": 678, "h": 381, "resize": "fit"}}}]}, "extended_entities": {"media": [{"id": 818835923798372353, "id_str": "818835923798372353", "indices": [105, 128], "media_url": "http://pbs.twimg.com/media/C10W7y9UsAEJx6R.jpg", "media_url_https": "https://pbs.twimg.com/media/C10W7y9UsAEJx6R.jpg", "url": "https://t.co/CPXhm3ijp2", "display_url": "pic.twitter.com/CPXhm3ijp2", "expanded_url": "https://twitter.com/Usainflames/status/818835927946514432/photo/1", "type": "photo", "sizes": {"thumb": {"w": 150, "h": 150, "resize": "crop"}, "large": {"w": 678, "h": 381, "resize": "fit"}, "medium": {"w": 678, "h": 381, "resize": "fit"}, "small": {"w": 678, "h": 381, "resize": "fit"}}}]}, "source": "<a href=\"https://dlvrit.com/\" rel=\"nofollow\">dlvr.it</a>", "in_reply_to_status_id": null, "in_reply_to_status_id_str": null, "in_reply_to_user_id": null, "in_reply_to_user_id_str": null, "in_reply_to_screen_name": null, "user": {"id": 764662496179421185, "id_str": "764662496179421185", "name": "D R E a M S \u30b9\u30a8\u30fc\u30cb\u30e7", "screen_name": "DREaMS07480111", "location": "Estados Unidos", "description": "", "url": null, "entities": {"description": {"urls": []}}, "protected": false, "followers_count": 7299, "friends_count": 8380, "listed_count": 39, "created_at": "Sun Aug 14 03:18:40 +0000 2016", "favourites_count": 63, "utc_offset": null, "time_zone": null, "geo_enabled": false, "verified": false, "statuses_count": 96285, "lang": null, "contributors_enabled": false, "is_translator": false, "is_translation_enabled": false, "profile_background_color": "000000", "profile_background_image_url": "http://abs.twimg.com/images/themes/theme1/bg.png", "profile_background_image_url_https": "https://abs.twimg.com/images/themes/theme1/bg.png", "profile_background_tile": false, "profile_image_url": "http://pbs.twimg.com/profile_images/1152906993025409024/qThDK2LU_normal.jpg", "profile_image_url_https": "https://pbs.twimg.com/profile_images/1152906993025409024/qThDK2LU_normal.jpg", "profile_banner_url": "https://pbs.twimg.com/profile_banners/764662496179421185/1563709425", "profile_link_color": "FF691F", "profile_sidebar_border_color": "000000", "profile_sidebar_fill_color": "000000", "profile_text_color": "000000", "profile_use_background_image": false, "has_extended_profile": false, "default_profile": false, "default_profile_image": false, "following": false, "follow_request_sent": false, "notifications": false, "translator_type": "none", "withheld_in_countries": []}, "geo": null, "coordinates": null, "place": null, "contributors": null, "is_quote_status": false, "retweet_count": 0, "favorite_count": 1, "favorited": false, "retweeted": false, "possibly_sensitive": false, "lang": "en"}