{"created_at": "Tue Jan 10 15:03:55 +0000 2017", "id": 818835768730796034, "id_str": "818835768730796034", "text": "BREAKING: MERYL STREEP JUST GOT FIRED FROM A MAJOR PROJECT FOR LYING ABOUT TRUMP https://t.co/0ogNmy1vM6 https://t.co/E6j29uajQw", "truncated": false, "entities": {"hashtags": [], "symbols": [], "user_mentions": [], "urls": [{"url": "https://t.co/0ogNmy1vM6", "expanded_url": "http://viid.me/qi8TIJ", "display_url": "viid.me/qi8TIJ", "indices": [81, 104]}], "media": [{"id": 818835761537552384, "id_str": "818835761537552384", "indices": [105, 128], "media_url": "http://pbs.twimg.com/media/C10WyWfVEAAraqu.jpg", "media_url_https": "https://pbs.twimg.com/media/C10WyWfVEAAraqu.jpg", "url": "https://t.co/E6j29uajQw", "display_url": "pic.twitter.com/E6j29uajQw", "expanded_url": "https://twitter.com/dia_tus/status/818835768730796034/photo/1", "type": "photo", "sizes": {"thumb": {"w": 150, "h": 150, "resize": "crop"}, "large": {"w": 678, "h": 381, "resize": "fit"}, "medium": {"w": 678, "h": 381, "resize": "fit"}, "small": {"w": 678, "h": 381, "resize": "fit"}}}]}, "extended_entities": {"media": [{"id": 818835761537552384, "id_str": "818835761537552384", "indices": [105, 128], "media_url": "http://pbs.twimg.com/media/C10WyWfVEAAraqu.jpg", "media_url_https": "https://pbs.twimg.com/media/C10WyWfVEAAraqu.jpg", "url": "https://t.co/E6j29uajQw", "display_url": "pic.twitter.com/E6j29uajQw", "expanded_url": "https://twitter.com/dia_tus/status/818835768730796034/photo/1", "type": "photo", "sizes": {"thumb": {"w": 150, "h": 150, "resize": "crop"}, "large": {"w": 678, "h": 381, "resize": "fit"}, "medium": {"w": 678, "h": 381, "resize": "fit"}, "small": {"w": 678, "h": 381, "resize": "fit"}}}]}, "source": "<a href=\"https://dlvrit.com/\" rel=\"nofollow\">dlvr.it</a>", "in_reply_to_status_id": null, "in_reply_to_status_id_str": null, "in_reply_to_user_id": null, "in_reply_to_user_id_str": null, "in_reply_to_screen_name": null, "user": {"id": 753032908970070018, "id_str": "753032908970070018", "name": "Politic News", "screen_name": "dia_tus", "location": "", "description": "", "url": null, "entities": {"description": {"urls": []}}, "protected": false, "followers_count": 21, "friends_count": 66, "listed_count": 0, "created_at": "Wed Jul 13 01:06:50 +0000 2016", "favourites_count": 0, "utc_offset": null, "time_zone": null, "geo_enabled": false, "verified": false, "statuses_count": 1728, "lang": null, "contributors_enabled": false, "is_translator": false, "is_translation_enabled": false, "profile_background_color": "000000", "profile_background_image_url": "http://abs.twimg.com/images/themes/theme1/bg.png", "profile_background_image_url_https": "https://abs.twimg.com/images/themes/theme1/bg.png", "profile_background_tile": false, "profile_image_url": "http://pbs.twimg.com/profile_images/778349433922682880/Mnsy8GOW_normal.jpg", "profile_image_url_https": "https://pbs.twimg.com/profile_images/778349433922682880/Mnsy8GOW_normal.jpg", "profile_banner_url": "https://pbs.twimg.com/profile_banners/753032908970070018/1474407746", "profile_link_color": "FF691F", "profile_sidebar_border_color": "000000", "profile_sidebar_fill_color": "000000", "profile_text_color": "000000", "profile_use_background_image": false, "has_extended_profile": false, "default_profile": false, "default_profile_image": false, "following": false, "follow_request_sent": false, "notifications": false, "translator_type": "none", "withheld_in_countries": []}, "geo": null, "coordinates": null, "place": null, "contributors": null, "is_quote_status": false, "retweet_count": 0, "favorite_count": 0, "favorited": false, "retweeted": false, "possibly_sensitive": false, "lang": "en"}