{"created_at": "Wed Jan 11 00:51:47 +0000 2017", "id": 818983712041746433, "id_str": "818983712041746433", "text": "BREAKING: Meryl Streep Just Got Fired From A Major Project For Lying About Trump https://t.co/7ThaopaJW8", "truncated": false, "entities": {"hashtags": [], "symbols": [], "user_mentions": [], "urls": [{"url": "https://t.co/7ThaopaJW8", "expanded_url": "http://wp.me/p78T3s-uG", "display_url": "wp.me/p78T3s-uG", "indices": [81, 104]}]}, "source": "<a href=\"http://twitter.com\" rel=\"nofollow\">Twitter Web Client</a>", "in_reply_to_status_id": null, "in_reply_to_status_id_str": null, "in_reply_to_user_id": null, "in_reply_to_user_id_str": null, "in_reply_to_screen_name": null, "user": {"id": 272483790, "id_str": "272483790", "name": "Orkidnut", "screen_name": "Orkidnut", "location": "", "description": "Sick of #Liberal lies, corruption & ethics viol, esp Justin Trudeau! Need all opposition 2 unite & investigate ALL scandals! #LiberalsMustGo #TrudeauCorruption", "url": null, "entities": {"description": {"urls": []}}, "protected": false, "followers_count": 2001, "friends_count": 1241, "listed_count": 66, "created_at": "Sat Mar 26 16:14:25 +0000 2011", "favourites_count": 105213, "utc_offset": null, "time_zone": null, "geo_enabled": true, "verified": false, "statuses_count": 97201, "lang": null, "contributors_enabled": false, "is_translator": false, "is_translation_enabled": false, "profile_background_color": "ACDED6", "profile_background_image_url": "http://abs.twimg.com/images/themes/theme18/bg.gif", "profile_background_image_url_https": "https://abs.twimg.com/images/themes/theme18/bg.gif", "profile_background_tile": false, "profile_image_url": "http://pbs.twimg.com/profile_images/1344111295579054082/MAjO3i2p_normal.jpg", "profile_image_url_https": "https://pbs.twimg.com/profile_images/1344111295579054082/MAjO3i2p_normal.jpg", "profile_banner_url": "https://pbs.twimg.com/profile_banners/272483790/1577604817", "profile_link_color": "1B95E0", "profile_sidebar_border_color": "000000", "profile_sidebar_fill_color": "000000", "profile_text_color": "000000", "profile_use_background_image": true, "has_extended_profile": true, "default_profile": false, "default_profile_image": false, "following": false, "follow_request_sent": false, "notifications": false, "translator_type": "none", "withheld_in_countries": []}, "geo": null, "coordinates": null, "place": null, "contributors": null, "is_quote_status": false, "retweet_count": 0, "favorite_count": 0, "favorited": false, "retweeted": false, "possibly_sensitive": false, "lang": "en"}