{"created_at": "Tue Jan 10 19:48:01 +0000 2017", "id": 818907268091494400, "id_str": "818907268091494400", "text": "BREAKING: Meryl Streep Just Got Fired From A Major Project For Lying About Trump https://t.co/XyB7SUV73A", "truncated": false, "entities": {"hashtags": [], "symbols": [], "user_mentions": [], "urls": [{"url": "https://t.co/XyB7SUV73A", "expanded_url": "http://fb.me/50nhns7Lj", "display_url": "fb.me/50nhns7Lj", "indices": [81, 104]}]}, "source": "<a href=\"http://www.facebook.com/twitter\" rel=\"nofollow\">Facebook</a>", "in_reply_to_status_id": null, "in_reply_to_status_id_str": null, "in_reply_to_user_id": null, "in_reply_to_user_id_str": null, "in_reply_to_screen_name": null, "user": {"id": 632356874, "id_str": "632356874", "name": "Robert C Hunter", "screen_name": "RobtcHunter", "location": "Los Angeles ", "description": "Author, Business Advisor, CEO of Exxcell Entertainment. Past CEO of PepsiCo Food Systems,  U.S. Chamber of Commerce Board, and many charity organizations.", "url": "http://t.co/WaNgs2bUba", "entities": {"url": {"urls": [{"url": "http://t.co/WaNgs2bUba", "expanded_url": "http://www.robertcharleshunter.com/index.html", "display_url": "robertcharleshunter.com/index.html", "indices": [0, 22]}]}, "description": {"urls": []}}, "protected": false, "followers_count": 1466, "friends_count": 1113, "listed_count": 18, "created_at": "Tue Jul 10 22:11:49 +0000 2012", "favourites_count": 25, "utc_offset": null, "time_zone": null, "geo_enabled": false, "verified": false, "statuses_count": 3878, "lang": null, "contributors_enabled": false, "is_translator": false, "is_translation_enabled": false, "profile_background_color": "C0DEED", "profile_background_image_url": "http://abs.twimg.com/images/themes/theme1/bg.png", "profile_background_image_url_https": "https://abs.twimg.com/images/themes/theme1/bg.png", "profile_background_tile": false, "profile_image_url": "http://pbs.twimg.com/profile_images/2455999434/laemp5upxikx5q92i28z_normal.png", "profile_image_url_https": "https://pbs.twimg.com/profile_images/2455999434/laemp5upxikx5q92i28z_normal.png", "profile_link_color": "0084B4", "profile_sidebar_border_color": "C0DEED", "profile_sidebar_fill_color": "DDEEF6", "profile_text_color": "333333", "profile_use_background_image": true, "has_extended_profile": false, "default_profile": false, "default_profile_image": false, "following": false, "follow_request_sent": false, "notifications": false, "translator_type": "none", "withheld_in_countries": []}, "geo": null, "coordinates": null, "place": null, "contributors": null, "is_quote_status": false, "retweet_count": 0, "favorite_count": 0, "favorited": false, "retweeted": false, "possibly_sensitive": false, "lang": "en"}