{"created_at": "Tue Jan 10 21:15:26 +0000 2017", "id": 818929264322023425, "id_str": "818929264322023425", "text": "BREAKING: Meryl Streep Just Got Fired From A Major Project For Lying About Trump https://t.co/PGPCAY2NeN", "truncated": false, "entities": {"hashtags": [], "symbols": [], "user_mentions": [], "urls": [{"url": "https://t.co/PGPCAY2NeN", "expanded_url": "http://fb.me/15W3kfdEX", "display_url": "fb.me/15W3kfdEX", "indices": [81, 104]}]}, "source": "<a href=\"http://www.facebook.com/twitter\" rel=\"nofollow\">Facebook</a>", "in_reply_to_status_id": null, "in_reply_to_status_id_str": null, "in_reply_to_user_id": null, "in_reply_to_user_id_str": null, "in_reply_to_screen_name": null, "user": {"id": 329283131, "id_str": "329283131", "name": "larry w. reed", "screen_name": "Lpr1944W", "location": "Haskell, TX", "description": "Conservative,Father,Married to same gal 53 yrs. We need to start with a new Congress and a new President ,,and take America back", "url": null, "entities": {"description": {"urls": []}}, "protected": false, "followers_count": 324, "friends_count": 731, "listed_count": 6, "created_at": "Mon Jul 04 20:33:11 +0000 2011", "favourites_count": 37, "utc_offset": null, "time_zone": null, "geo_enabled": false, "verified": false, "statuses_count": 69015, "lang": null, "contributors_enabled": false, "is_translator": false, "is_translation_enabled": false, "profile_background_color": "C0DEED", "profile_background_image_url": "http://abs.twimg.com/images/themes/theme1/bg.png", "profile_background_image_url_https": "https://abs.twimg.com/images/themes/theme1/bg.png", "profile_background_tile": false, "profile_image_url": "http://pbs.twimg.com/profile_images/730001439418896385/uH9VJ094_normal.jpg", "profile_image_url_https": "https://pbs.twimg.com/profile_images/730001439418896385/uH9VJ094_normal.jpg", "profile_banner_url": "https://pbs.twimg.com/profile_banners/329283131/1437654142", "profile_link_color": "1DA1F2", "profile_sidebar_border_color": "C0DEED", "profile_sidebar_fill_color": "DDEEF6", "profile_text_color": "333333", "profile_use_background_image": true, "has_extended_profile": true, "default_profile": true, "default_profile_image": false, "following": false, "follow_request_sent": false, "notifications": false, "translator_type": "none", "withheld_in_countries": []}, "geo": null, "coordinates": null, "place": null, "contributors": null, "is_quote_status": false, "retweet_count": 0, "favorite_count": 0, "favorited": false, "retweeted": false, "possibly_sensitive": false, "lang": "en"}