{"created_at": "Tue Jan 10 23:37:23 +0000 2017", "id": 818964986416533506, "id_str": "818964986416533506", "text": "BREAKING: Meryl Streep Just Got Fired From A Major Project For Lying About Trump  https://t.co/Yd8hOYoDBs", "truncated": false, "entities": {"hashtags": [], "symbols": [], "user_mentions": [], "urls": [{"url": "https://t.co/Yd8hOYoDBs", "expanded_url": "http://thelastlineofdefense.org/breaking-meryl-streep-just-got-fired-from-a-major-project-for-lying-about-trump/", "display_url": "thelastlineofdefense.org/breaking-meryl\u2026", "indices": [82, 105]}]}, "source": "<a href=\"http://twitter.com\" rel=\"nofollow\">Twitter Web Client</a>", "in_reply_to_status_id": null, "in_reply_to_status_id_str": null, "in_reply_to_user_id": null, "in_reply_to_user_id_str": null, "in_reply_to_screen_name": null, "user": {"id": 448817704, "id_str": "448817704", "name": "Pastor John", "screen_name": "KeruxonJCJ", "location": "Jonesborough, TN", "description": "Born of the Spirit, Washed in the Blood, Preacher/Teacher Radio and Personal Appearances, Husband Father & Brother\nConst. Engineer, Author of John's Commentary", "url": null, "entities": {"description": {"urls": []}}, "protected": false, "followers_count": 2464, "friends_count": 1244, "listed_count": 24, "created_at": "Wed Dec 28 12:03:20 +0000 2011", "favourites_count": 61460, "utc_offset": null, "time_zone": null, "geo_enabled": true, "verified": false, "statuses_count": 55696, "lang": null, "contributors_enabled": false, "is_translator": false, "is_translation_enabled": false, "profile_background_color": "000000", "profile_background_image_url": "http://abs.twimg.com/images/themes/theme1/bg.png", "profile_background_image_url_https": "https://abs.twimg.com/images/themes/theme1/bg.png", "profile_background_tile": false, "profile_image_url": "http://pbs.twimg.com/profile_images/1355148981748314112/PPhITy17_normal.jpg", "profile_image_url_https": "https://pbs.twimg.com/profile_images/1355148981748314112/PPhITy17_normal.jpg", "profile_banner_url": "https://pbs.twimg.com/profile_banners/448817704/1398333912", "profile_link_color": "E81C4F", "profile_sidebar_border_color": "000000", "profile_sidebar_fill_color": "000000", "profile_text_color": "000000", "profile_use_background_image": false, "has_extended_profile": true, "default_profile": false, "default_profile_image": false, "following": false, "follow_request_sent": false, "notifications": false, "translator_type": "none", "withheld_in_countries": []}, "geo": null, "coordinates": null, "place": null, "contributors": null, "is_quote_status": false, "retweet_count": 0, "favorite_count": 1, "favorited": false, "retweeted": false, "possibly_sensitive": false, "lang": "en"}