{"created_at": "Tue Jan 10 20:30:17 +0000 2017", "id": 818917903739326465, "id_str": "818917903739326465", "text": "BREAKING: Meryl Streep Just Got Fired From A Major Project For Lying About Trump https://t.co/B5eRPNtczf", "truncated": false, "entities": {"hashtags": [], "symbols": [], "user_mentions": [], "urls": [{"url": "https://t.co/B5eRPNtczf", "expanded_url": "http://wp.me/p78T3s-uG", "display_url": "wp.me/p78T3s-uG", "indices": [81, 104]}]}, "source": "<a href=\"http://twitter.com/download/android\" rel=\"nofollow\">Twitter for Android</a>", "in_reply_to_status_id": null, "in_reply_to_status_id_str": null, "in_reply_to_user_id": null, "in_reply_to_user_id_str": null, "in_reply_to_screen_name": null, "user": {"id": 25473099, "id_str": "25473099", "name": "Lisa Curtis-Bridgman", "screen_name": "godschild1966", "location": "Kentucky, USA", "description": "I am who and what I am; love me or hate me, I'm still gonna be me.", "url": null, "entities": {"description": {"urls": []}}, "protected": false, "followers_count": 360, "friends_count": 2076, "listed_count": 6, "created_at": "Fri Mar 20 06:48:19 +0000 2009", "favourites_count": 11388, "utc_offset": null, "time_zone": null, "geo_enabled": false, "verified": false, "statuses_count": 71116, "lang": null, "contributors_enabled": false, "is_translator": false, "is_translation_enabled": false, "profile_background_color": "4E206F", "profile_background_image_url": "http://abs.twimg.com/images/themes/theme1/bg.png", "profile_background_image_url_https": "https://abs.twimg.com/images/themes/theme1/bg.png", "profile_background_tile": true, "profile_image_url": "http://pbs.twimg.com/profile_images/1343966846224134145/_ibsL4NF_normal.jpg", "profile_image_url_https": "https://pbs.twimg.com/profile_images/1343966846224134145/_ibsL4NF_normal.jpg", "profile_banner_url": "https://pbs.twimg.com/profile_banners/25473099/1609261641", "profile_link_color": "981CEB", "profile_sidebar_border_color": "411A70", "profile_sidebar_fill_color": "D37AEE", "profile_text_color": "D5BAE9", "profile_use_background_image": true, "has_extended_profile": true, "default_profile": false, "default_profile_image": false, "following": false, "follow_request_sent": false, "notifications": false, "translator_type": "none", "withheld_in_countries": []}, "geo": null, "coordinates": null, "place": null, "contributors": null, "is_quote_status": false, "retweet_count": 0, "favorite_count": 0, "favorited": false, "retweeted": false, "possibly_sensitive": false, "lang": "en"}