{"created_at": "Tue Jan 10 23:09:20 +0000 2017", "id": 818957928828903424, "id_str": "818957928828903424", "text": "BREAKING: Meryl Streep Just Got Fired From A Major Project For Lying About Trump https://t.co/P0FLB6d90k", "truncated": false, "entities": {"hashtags": [], "symbols": [], "user_mentions": [], "urls": [{"url": "https://t.co/P0FLB6d90k", "expanded_url": "http://ln.is/thelastlineofdefense.org/tjGge", "display_url": "ln.is/thelastlineofd\u2026", "indices": [81, 104]}]}, "source": "<a href=\"http://linkis.com\" rel=\"nofollow\">Linkis: turn sharing into growth</a>", "in_reply_to_status_id": null, "in_reply_to_status_id_str": null, "in_reply_to_user_id": null, "in_reply_to_user_id_str": null, "in_reply_to_screen_name": null, "user": {"id": 2922889499, "id_str": "2922889499", "name": "Mr.Hardy Harr", "screen_name": "4gettaboutit", "location": "", "description": "", "url": null, "entities": {"description": {"urls": []}}, "protected": false, "followers_count": 147, "friends_count": 407, "listed_count": 3, "created_at": "Mon Dec 15 13:44:46 +0000 2014", "favourites_count": 610, "utc_offset": null, "time_zone": null, "geo_enabled": false, "verified": false, "statuses_count": 2296, "lang": null, "contributors_enabled": false, "is_translator": false, "is_translation_enabled": false, "profile_background_color": "C0DEED", "profile_background_image_url": "http://abs.twimg.com/images/themes/theme1/bg.png", "profile_background_image_url_https": "https://abs.twimg.com/images/themes/theme1/bg.png", "profile_background_tile": false, "profile_image_url": "http://pbs.twimg.com/profile_images/684439671997394944/Spi9jGgQ_normal.jpg", "profile_image_url_https": "https://pbs.twimg.com/profile_images/684439671997394944/Spi9jGgQ_normal.jpg", "profile_banner_url": "https://pbs.twimg.com/profile_banners/2922889499/1458658946", "profile_link_color": "1DA1F2", "profile_sidebar_border_color": "C0DEED", "profile_sidebar_fill_color": "DDEEF6", "profile_text_color": "333333", "profile_use_background_image": true, "has_extended_profile": false, "default_profile": true, "default_profile_image": false, "following": false, "follow_request_sent": false, "notifications": false, "translator_type": "none", "withheld_in_countries": []}, "geo": null, "coordinates": null, "place": null, "contributors": null, "is_quote_status": false, "retweet_count": 0, "favorite_count": 0, "favorited": false, "retweeted": false, "possibly_sensitive": false, "lang": "en"}