{"created_at": "Tue Jan 10 21:45:52 +0000 2017", "id": 818936923091849218, "id_str": "818936923091849218", "text": "BREAKING: Meryl Streep Just Got Fired From A Major Project For Lying About Trump https://t.co/IB9IMK6Z44", "truncated": false, "entities": {"hashtags": [], "symbols": [], "user_mentions": [], "urls": [{"url": "https://t.co/IB9IMK6Z44", "expanded_url": "https://wp.me/p83gZk-2f4", "display_url": "wp.me/p83gZk-2f4", "indices": [81, 104]}]}, "source": "<a href=\"http://newsbreakshere.com\" rel=\"nofollow\">news break shere</a>", "in_reply_to_status_id": null, "in_reply_to_status_id_str": null, "in_reply_to_user_id": null, "in_reply_to_user_id_str": null, "in_reply_to_screen_name": null, "user": {"id": 782302230196215809, "id_str": "782302230196215809", "name": "God Bless Trump", "screen_name": "DTrumpThe45th", "location": "United States", "description": "", "url": null, "entities": {"description": {"urls": []}}, "protected": false, "followers_count": 747, "friends_count": 3159, "listed_count": 2, "created_at": "Sat Oct 01 19:32:40 +0000 2016", "favourites_count": 1, "utc_offset": null, "time_zone": null, "geo_enabled": false, "verified": false, "statuses_count": 12899, "lang": null, "contributors_enabled": false, "is_translator": false, "is_translation_enabled": false, "profile_background_color": "F5F8FA", "profile_background_image_url": null, "profile_background_image_url_https": null, "profile_background_tile": false, "profile_image_url": "http://pbs.twimg.com/profile_images/782302969425489920/4peckMbq_normal.jpg", "profile_image_url_https": "https://pbs.twimg.com/profile_images/782302969425489920/4peckMbq_normal.jpg", "profile_banner_url": "https://pbs.twimg.com/profile_banners/782302230196215809/1475351174", "profile_link_color": "1DA1F2", "profile_sidebar_border_color": "C0DEED", "profile_sidebar_fill_color": "DDEEF6", "profile_text_color": "333333", "profile_use_background_image": true, "has_extended_profile": true, "default_profile": true, "default_profile_image": false, "following": false, "follow_request_sent": false, "notifications": false, "translator_type": "none", "withheld_in_countries": []}, "geo": null, "coordinates": null, "place": null, "contributors": null, "is_quote_status": false, "retweet_count": 0, "favorite_count": 0, "favorited": false, "retweeted": false, "possibly_sensitive": false, "lang": "en"}