{"created_at": "Wed Jan 11 01:53:54 +0000 2017", "id": 818999343466352640, "id_str": "818999343466352640", "text": "BREAKING: Meryl Streep Just Got Fired From A Major Project For Lying About Trump \u2013 The Resistance: https://t.co/m7hPnYMYq6", "truncated": false, "entities": {"hashtags": [], "symbols": [], "user_mentions": [], "urls": [{"url": "https://t.co/m7hPnYMYq6", "expanded_url": "http://thelastlineofdefense.org/breaking-meryl-streep-just-got-fired-from-a-major-project-for-lying-about-trump/", "display_url": "thelastlineofdefense.org/breaking-meryl\u2026", "indices": [99, 122]}]}, "source": "<a href=\"http://twitter.com\" rel=\"nofollow\">Twitter Web Client</a>", "in_reply_to_status_id": null, "in_reply_to_status_id_str": null, "in_reply_to_user_id": null, "in_reply_to_user_id_str": null, "in_reply_to_screen_name": null, "user": {"id": 2330437794, "id_str": "2330437794", "name": "Ron Wagner", "screen_name": "RonaldCWagner", "location": "", "description": "Conservative, Christian, veteran, outdoorsman, traveler. Fighting for the Constitution, Christianity, Fracking, and defeating statism.", "url": null, "entities": {"description": {"urls": []}}, "protected": false, "followers_count": 2536, "friends_count": 4204, "listed_count": 58, "created_at": "Thu Feb 06 15:16:58 +0000 2014", "favourites_count": 5888, "utc_offset": null, "time_zone": null, "geo_enabled": false, "verified": false, "statuses_count": 104736, "lang": null, "contributors_enabled": false, "is_translator": false, "is_translation_enabled": false, "profile_background_color": "C0DEED", "profile_background_image_url": "http://abs.twimg.com/images/themes/theme1/bg.png", "profile_background_image_url_https": "https://abs.twimg.com/images/themes/theme1/bg.png", "profile_background_tile": false, "profile_image_url": "http://pbs.twimg.com/profile_images/431463282642149376/u2NHQWlx_normal.jpeg", "profile_image_url_https": "https://pbs.twimg.com/profile_images/431463282642149376/u2NHQWlx_normal.jpeg", "profile_link_color": "1DA1F2", "profile_sidebar_border_color": "C0DEED", "profile_sidebar_fill_color": "DDEEF6", "profile_text_color": "333333", "profile_use_background_image": true, "has_extended_profile": false, "default_profile": true, "default_profile_image": false, "following": false, "follow_request_sent": false, "notifications": false, "translator_type": "none", "withheld_in_countries": []}, "geo": null, "coordinates": null, "place": null, "contributors": null, "is_quote_status": false, "retweet_count": 0, "favorite_count": 0, "favorited": false, "retweeted": false, "possibly_sensitive": false, "lang": "en"}