{"created_at": "Tue Jan 10 21:02:42 +0000 2017", "id": 818926061060820992, "id_str": "818926061060820992", "text": "HOOE SO. SHE STABBED US IN THE BACK!BREAKING: Meryl Streep Just Got Fired From A Major Project For Lying About Trump https://t.co/D1gtWYHLNF", "truncated": false, "entities": {"hashtags": [], "symbols": [], "user_mentions": [], "urls": [{"url": "https://t.co/D1gtWYHLNF", "expanded_url": "http://www.usadailyinfo.com/2017/01/breaking-meryl-streep-just-got-fired-major-project-lying-trump/", "display_url": "usadailyinfo.com/2017/01/breaki\u2026", "indices": [117, 140]}]}, "source": "<a href=\"http://twitter.com\" rel=\"nofollow\">Twitter Web Client</a>", "in_reply_to_status_id": null, "in_reply_to_status_id_str": null, "in_reply_to_user_id": null, "in_reply_to_user_id_str": null, "in_reply_to_screen_name": null, "user": {"id": 4861243801, "id_str": "4861243801", "name": "rachel nickerson", "screen_name": "rnickerson443", "location": "", "description": "", "url": null, "entities": {"description": {"urls": []}}, "protected": false, "followers_count": 303, "friends_count": 307, "listed_count": 1, "created_at": "Thu Feb 04 22:53:40 +0000 2016", "favourites_count": 26169, "utc_offset": null, "time_zone": null, "geo_enabled": false, "verified": false, "statuses_count": 39611, "lang": null, "contributors_enabled": false, "is_translator": false, "is_translation_enabled": false, "profile_background_color": "F5F8FA", "profile_background_image_url": null, "profile_background_image_url_https": null, "profile_background_tile": false, "profile_image_url": "http://pbs.twimg.com/profile_images/695382316114272258/3G8wSIxm_normal.jpg", "profile_image_url_https": "https://pbs.twimg.com/profile_images/695382316114272258/3G8wSIxm_normal.jpg", "profile_link_color": "1DA1F2", "profile_sidebar_border_color": "C0DEED", "profile_sidebar_fill_color": "DDEEF6", "profile_text_color": "333333", "profile_use_background_image": true, "has_extended_profile": false, "default_profile": true, "default_profile_image": false, "following": false, "follow_request_sent": false, "notifications": false, "translator_type": "none", "withheld_in_countries": []}, "geo": null, "coordinates": null, "place": null, "contributors": null, "is_quote_status": false, "retweet_count": 0, "favorite_count": 0, "favorited": false, "retweeted": false, "possibly_sensitive": false, "lang": "en"}