{"created_at": "Tue Jan 10 21:29:53 +0000 2017", "id": 818932900724961280, "id_str": "818932900724961280", "text": "BREAKING: Meryl Streep Just Got Fired From A Major Project For Lying About Trump https://t.co/FQbchSrE0n", "truncated": false, "entities": {"hashtags": [], "symbols": [], "user_mentions": [], "urls": [{"url": "https://t.co/FQbchSrE0n", "expanded_url": "http://fb.me/5y943e8sl", "display_url": "fb.me/5y943e8sl", "indices": [81, 104]}]}, "source": "<a href=\"http://www.facebook.com/twitter\" rel=\"nofollow\">Facebook</a>", "in_reply_to_status_id": null, "in_reply_to_status_id_str": null, "in_reply_to_user_id": null, "in_reply_to_user_id_str": null, "in_reply_to_screen_name": null, "user": {"id": 361692624, "id_str": "361692624", "name": "Joe Sposa", "screen_name": "JoeCoolACHarley", "location": "Plantation, Florida", "description": "Joe Sposa- Owner/CEO and Service Technician of All County Air Conditioning, Refrigeration & Heating Co.located in Plantation, Florida. (954) 297-9754", "url": "http://t.co/jhFwWcAral", "entities": {"url": {"urls": [{"url": "http://t.co/jhFwWcAral", "expanded_url": "http://www.airconditioningbroward.com", "display_url": "airconditioningbroward.com", "indices": [0, 22]}]}, "description": {"urls": []}}, "protected": false, "followers_count": 16, "friends_count": 1, "listed_count": 2, "created_at": "Thu Aug 25 05:23:48 +0000 2011", "favourites_count": 0, "utc_offset": null, "time_zone": null, "geo_enabled": false, "verified": false, "statuses_count": 28232, "lang": null, "contributors_enabled": false, "is_translator": false, "is_translation_enabled": false, "profile_background_color": "C0DEED", "profile_background_image_url": "http://abs.twimg.com/images/themes/theme1/bg.png", "profile_background_image_url_https": "https://abs.twimg.com/images/themes/theme1/bg.png", "profile_background_tile": false, "profile_image_url": "http://abs.twimg.com/sticky/default_profile_images/default_profile_normal.png", "profile_image_url_https": "https://abs.twimg.com/sticky/default_profile_images/default_profile_normal.png", "profile_link_color": "1DA1F2", "profile_sidebar_border_color": "C0DEED", "profile_sidebar_fill_color": "DDEEF6", "profile_text_color": "333333", "profile_use_background_image": true, "has_extended_profile": false, "default_profile": true, "default_profile_image": true, "following": false, "follow_request_sent": false, "notifications": false, "translator_type": "none", "withheld_in_countries": []}, "geo": null, "coordinates": null, "place": null, "contributors": null, "is_quote_status": false, "retweet_count": 0, "favorite_count": 0, "favorited": false, "retweeted": false, "possibly_sensitive": false, "lang": "en"}