{"created_at": "Wed Jan 11 05:59:13 +0000 2017", "id": 819061077988278272, "id_str": "819061077988278272", "text": "BREAKING: Meryl Streep Just Got Fired From A Major Project For Lying About Trump https://t.co/QikA5R1T1N", "truncated": false, "entities": {"hashtags": [], "symbols": [], "user_mentions": [], "urls": [{"url": "https://t.co/QikA5R1T1N", "expanded_url": "http://wp.me/p78T3s-uG", "display_url": "wp.me/p78T3s-uG", "indices": [81, 104]}]}, "source": "<a href=\"http://twitter.com\" rel=\"nofollow\">Twitter Web Client</a>", "in_reply_to_status_id": null, "in_reply_to_status_id_str": null, "in_reply_to_user_id": null, "in_reply_to_user_id_str": null, "in_reply_to_screen_name": null, "user": {"id": 1662872534, "id_str": "1662872534", "name": "Laurie driver", "screen_name": "lauriedriver910", "location": "Iceland", "description": "The original drummer with the 70's punk band The Adverts", "url": null, "entities": {"description": {"urls": []}}, "protected": false, "followers_count": 157, "friends_count": 228, "listed_count": 37, "created_at": "Sun Aug 11 15:53:05 +0000 2013", "favourites_count": 522, "utc_offset": null, "time_zone": null, "geo_enabled": false, "verified": false, "statuses_count": 70964, "lang": null, "contributors_enabled": false, "is_translator": false, "is_translation_enabled": false, "profile_background_color": "C0DEED", "profile_background_image_url": "http://abs.twimg.com/images/themes/theme1/bg.png", "profile_background_image_url_https": "https://abs.twimg.com/images/themes/theme1/bg.png", "profile_background_tile": false, "profile_image_url": "http://pbs.twimg.com/profile_images/701022811280818176/NTRlclT4_normal.jpg", "profile_image_url_https": "https://pbs.twimg.com/profile_images/701022811280818176/NTRlclT4_normal.jpg", "profile_banner_url": "https://pbs.twimg.com/profile_banners/1662872534/1455972411", "profile_link_color": "1DA1F2", "profile_sidebar_border_color": "C0DEED", "profile_sidebar_fill_color": "DDEEF6", "profile_text_color": "333333", "profile_use_background_image": true, "has_extended_profile": false, "default_profile": true, "default_profile_image": false, "following": false, "follow_request_sent": false, "notifications": false, "translator_type": "none", "withheld_in_countries": []}, "geo": null, "coordinates": null, "place": null, "contributors": null, "is_quote_status": false, "retweet_count": 0, "favorite_count": 0, "favorited": false, "retweeted": false, "possibly_sensitive": false, "lang": "en"}