{"created_at": "Wed Jan 11 04:17:33 +0000 2017", "id": 819035494604488706, "id_str": "819035494604488706", "text": "BREAKING: Meryl Streep Just Got Fired From A Major Project For Lying About Trump https://t.co/i4LVCN6J7c", "truncated": false, "entities": {"hashtags": [], "symbols": [], "user_mentions": [], "urls": [{"url": "https://t.co/i4LVCN6J7c", "expanded_url": "http://wp.me/p78T3s-uG", "display_url": "wp.me/p78T3s-uG", "indices": [81, 104]}]}, "source": "<a href=\"http://twitter.com\" rel=\"nofollow\">Twitter Web Client</a>", "in_reply_to_status_id": null, "in_reply_to_status_id_str": null, "in_reply_to_user_id": null, "in_reply_to_user_id_str": null, "in_reply_to_screen_name": null, "user": {"id": 704152414966960128, "id_str": "704152414966960128", "name": "NUP(indepent)", "screen_name": "eberry841", "location": "georgia usa ", "description": "I am a working man,and a big president trump supporter.i am independent voter of Georgia.& support legalize marijuana at federal leve/norml member", "url": null, "entities": {"description": {"urls": []}}, "protected": false, "followers_count": 267, "friends_count": 1504, "listed_count": 3, "created_at": "Mon Feb 29 03:53:13 +0000 2016", "favourites_count": 6, "utc_offset": null, "time_zone": null, "geo_enabled": false, "verified": false, "statuses_count": 620, "lang": null, "contributors_enabled": false, "is_translator": false, "is_translation_enabled": false, "profile_background_color": "F5F8FA", "profile_background_image_url": null, "profile_background_image_url_https": null, "profile_background_tile": false, "profile_image_url": "http://pbs.twimg.com/profile_images/850733945360658432/OKPNP-Aj_normal.jpg", "profile_image_url_https": "https://pbs.twimg.com/profile_images/850733945360658432/OKPNP-Aj_normal.jpg", "profile_banner_url": "https://pbs.twimg.com/profile_banners/704152414966960128/1491665754", "profile_link_color": "1DA1F2", "profile_sidebar_border_color": "C0DEED", "profile_sidebar_fill_color": "DDEEF6", "profile_text_color": "333333", "profile_use_background_image": true, "has_extended_profile": true, "default_profile": true, "default_profile_image": false, "following": false, "follow_request_sent": false, "notifications": false, "translator_type": "none", "withheld_in_countries": []}, "geo": null, "coordinates": null, "place": null, "contributors": null, "is_quote_status": false, "retweet_count": 0, "favorite_count": 0, "favorited": false, "retweeted": false, "possibly_sensitive": false, "lang": "en"}