{"created_at": "Wed Jan 11 06:21:02 +0000 2017", "id": 819066568164315136, "id_str": "819066568164315136", "text": "BREAKING: #MerylStreep Just Got #Fired From A Major Project For Lying About #Trump https://t.co/qIMo3z1uG6", "truncated": false, "entities": {"hashtags": [{"text": "MerylStreep", "indices": [10, 22]}, {"text": "Fired", "indices": [32, 38]}, {"text": "Trump", "indices": [76, 82]}], "symbols": [], "user_mentions": [], "urls": [{"url": "https://t.co/qIMo3z1uG6", "expanded_url": "http://wp.me/p78T3s-uG", "display_url": "wp.me/p78T3s-uG", "indices": [83, 106]}]}, "source": "<a href=\"http://twitter.com\" rel=\"nofollow\">Twitter Web Client</a>", "in_reply_to_status_id": null, "in_reply_to_status_id_str": null, "in_reply_to_user_id": null, "in_reply_to_user_id_str": null, "in_reply_to_screen_name": null, "user": {"id": 17108219, "id_str": "17108219", "name": "Donovan the American", "screen_name": "don_arete", "location": "Eugene, Oregon", "description": "From San Francisco, living in Oregon, Spinning Soul Music & Being A Propagandist For Our Republic! Long Live Our Republic!RightWingPrayerSquad #RWPS Dieu Le Roi", "url": null, "entities": {"description": {"urls": []}}, "protected": false, "followers_count": 1322, "friends_count": 3567, "listed_count": 161, "created_at": "Sun Nov 02 01:16:57 +0000 2008", "favourites_count": 86864, "utc_offset": null, "time_zone": null, "geo_enabled": true, "verified": false, "statuses_count": 114240, "lang": null, "contributors_enabled": false, "is_translator": false, "is_translation_enabled": false, "profile_background_color": "F7EB0D", "profile_background_image_url": "http://abs.twimg.com/images/themes/theme9/bg.gif", "profile_background_image_url_https": "https://abs.twimg.com/images/themes/theme9/bg.gif", "profile_background_tile": false, "profile_image_url": "http://pbs.twimg.com/profile_images/1342289096006225920/lt-v0nVS_normal.jpg", "profile_image_url_https": "https://pbs.twimg.com/profile_images/1342289096006225920/lt-v0nVS_normal.jpg", "profile_banner_url": "https://pbs.twimg.com/profile_banners/17108219/1567298154", "profile_link_color": "AD0E0E", "profile_sidebar_border_color": "FFFFFF", "profile_sidebar_fill_color": "252429", "profile_text_color": "666666", "profile_use_background_image": true, "has_extended_profile": false, "default_profile": false, "default_profile_image": false, "following": false, "follow_request_sent": false, "notifications": false, "translator_type": "none", "withheld_in_countries": []}, "geo": null, "coordinates": null, "place": null, "contributors": null, "is_quote_status": false, "retweet_count": 1, "favorite_count": 1, "favorited": false, "retweeted": false, "possibly_sensitive": true, "lang": "en"}