{"created_at": "Wed Jan 11 02:25:31 +0000 2017", "id": 819007301944217600, "id_str": "819007301944217600", "text": "BREAKING: Meryl Streep Just Got Fired From A Major Project For Lying About Trump - https://t.co/Ib4w1LnrkG via @Shareaholic", "truncated": false, "entities": {"hashtags": [], "symbols": [], "user_mentions": [{"screen_name": "Shareaholic", "name": "Shareaholic", "id": 791635, "id_str": "791635", "indices": [111, 123]}], "urls": [{"url": "https://t.co/Ib4w1LnrkG", "expanded_url": "http://ir.shareaholic.com/e?a=1&u=http%3A%2F%2Fomgtruefacts.com%2Fbreaking-meryl-streep-just-got-fired-major-project-lying-trump%2F%3Futm_campaign%3Dshareaholic%26utm_medium%3Dtwitter%26utm_source%3Dsocialnetwork&r=1", "display_url": "ir.shareaholic.com/e?a=1&u=http%3\u2026", "indices": [83, 106]}]}, "source": "<a href=\"http://twitter.com\" rel=\"nofollow\">Twitter Web Client</a>", "in_reply_to_status_id": null, "in_reply_to_status_id_str": null, "in_reply_to_user_id": null, "in_reply_to_user_id_str": null, "in_reply_to_screen_name": null, "user": {"id": 50549571, "id_str": "50549571", "name": "Mehrangiz", "screen_name": "Mehijoon", "location": "", "description": "", "url": null, "entities": {"description": {"urls": []}}, "protected": false, "followers_count": 5, "friends_count": 12, "listed_count": 0, "created_at": "Thu Jun 25 04:27:15 +0000 2009", "favourites_count": 649, "utc_offset": null, "time_zone": null, "geo_enabled": false, "verified": false, "statuses_count": 2500, "lang": null, "contributors_enabled": false, "is_translator": false, "is_translation_enabled": false, "profile_background_color": "C0DEED", "profile_background_image_url": "http://abs.twimg.com/images/themes/theme1/bg.png", "profile_background_image_url_https": "https://abs.twimg.com/images/themes/theme1/bg.png", "profile_background_tile": false, "profile_image_url": "http://abs.twimg.com/sticky/default_profile_images/default_profile_normal.png", "profile_image_url_https": "https://abs.twimg.com/sticky/default_profile_images/default_profile_normal.png", "profile_link_color": "1DA1F2", "profile_sidebar_border_color": "C0DEED", "profile_sidebar_fill_color": "DDEEF6", "profile_text_color": "333333", "profile_use_background_image": true, "has_extended_profile": false, "default_profile": true, "default_profile_image": true, "following": false, "follow_request_sent": false, "notifications": false, "translator_type": "none", "withheld_in_countries": []}, "geo": null, "coordinates": null, "place": null, "contributors": null, "is_quote_status": false, "retweet_count": 0, "favorite_count": 0, "favorited": false, "retweeted": false, "possibly_sensitive": false, "lang": "en"}