{"created_at": "Wed Jan 11 05:22:53 +0000 2017", "id": 819051935533821953, "id_str": "819051935533821953", "text": "BREAKING: Meryl Streep Just Got Fired From A Major Project For Lying About Trump https://t.co/VL0R6zkYN6", "truncated": false, "entities": {"hashtags": [], "symbols": [], "user_mentions": [], "urls": [{"url": "https://t.co/VL0R6zkYN6", "expanded_url": "http://wp.me/p78T3s-uG", "display_url": "wp.me/p78T3s-uG", "indices": [81, 104]}]}, "source": "<a href=\"http://twitter.com\" rel=\"nofollow\">Twitter Web Client</a>", "in_reply_to_status_id": null, "in_reply_to_status_id_str": null, "in_reply_to_user_id": null, "in_reply_to_user_id_str": null, "in_reply_to_screen_name": null, "user": {"id": 25324886, "id_str": "25324886", "name": "Robert Burrell", "screen_name": "OChaun", "location": "Memphis area", "description": "1 DAY OLDER THAN DIRT", "url": null, "entities": {"description": {"urls": []}}, "protected": false, "followers_count": 25, "friends_count": 42, "listed_count": 0, "created_at": "Thu Mar 19 16:00:55 +0000 2009", "favourites_count": 25, "utc_offset": null, "time_zone": null, "geo_enabled": false, "verified": false, "statuses_count": 2471, "lang": null, "contributors_enabled": false, "is_translator": false, "is_translation_enabled": false, "profile_background_color": "C0DEED", "profile_background_image_url": "http://abs.twimg.com/images/themes/theme1/bg.png", "profile_background_image_url_https": "https://abs.twimg.com/images/themes/theme1/bg.png", "profile_background_tile": false, "profile_image_url": "http://pbs.twimg.com/profile_images/1855951637/SUNP0022_normal.JPG", "profile_image_url_https": "https://pbs.twimg.com/profile_images/1855951637/SUNP0022_normal.JPG", "profile_banner_url": "https://pbs.twimg.com/profile_banners/25324886/1448848240", "profile_link_color": "1DA1F2", "profile_sidebar_border_color": "C0DEED", "profile_sidebar_fill_color": "DDEEF6", "profile_text_color": "333333", "profile_use_background_image": true, "has_extended_profile": false, "default_profile": true, "default_profile_image": false, "following": false, "follow_request_sent": false, "notifications": false, "translator_type": "none", "withheld_in_countries": []}, "geo": null, "coordinates": null, "place": null, "contributors": null, "is_quote_status": false, "retweet_count": 0, "favorite_count": 0, "favorited": false, "retweeted": false, "possibly_sensitive": false, "lang": "en"}