{"created_at": "Wed Jan 11 09:43:48 +0000 2017", "id": 819117599355207684, "id_str": "819117599355207684", "text": "BREAKING: Meryl Streep Just Got Fired From A Major Project For Lying About Trump \u2013 loose lips sink ships \ud83d\ude02  https://t.co/XZhyuMmnPr", "truncated": false, "entities": {"hashtags": [], "symbols": [], "user_mentions": [], "urls": [{"url": "https://t.co/XZhyuMmnPr", "expanded_url": "http://thelastlineofdefense.org/breaking-meryl-streep-just-got-fired-from-a-major-project-for-lying-about-trump/", "display_url": "thelastlineofdefense.org/breaking-meryl\u2026", "indices": [108, 131]}]}, "source": "<a href=\"http://twitter.com/download/iphone\" rel=\"nofollow\">Twitter for iPhone</a>", "in_reply_to_status_id": null, "in_reply_to_status_id_str": null, "in_reply_to_user_id": null, "in_reply_to_user_id_str": null, "in_reply_to_screen_name": null, "user": {"id": 3416492723, "id_str": "3416492723", "name": "mustang girl", "screen_name": "Marco15Trump", "location": "New York, USA", "description": "Election Fraud ITALY DID IT !", "url": null, "entities": {"description": {"urls": []}}, "protected": false, "followers_count": 5665, "friends_count": 5556, "listed_count": 25, "created_at": "Tue Aug 11 23:47:20 +0000 2015", "favourites_count": 104141, "utc_offset": null, "time_zone": null, "geo_enabled": false, "verified": false, "statuses_count": 69261, "lang": null, "contributors_enabled": false, "is_translator": false, "is_translation_enabled": false, "profile_background_color": "C0DEED", "profile_background_image_url": "http://abs.twimg.com/images/themes/theme1/bg.png", "profile_background_image_url_https": "https://abs.twimg.com/images/themes/theme1/bg.png", "profile_background_tile": false, "profile_image_url": "http://pbs.twimg.com/profile_images/1269167139711320064/u3FosKjZ_normal.jpg", "profile_image_url_https": "https://pbs.twimg.com/profile_images/1269167139711320064/u3FosKjZ_normal.jpg", "profile_banner_url": "https://pbs.twimg.com/profile_banners/3416492723/1610017484", "profile_link_color": "1DA1F2", "profile_sidebar_border_color": "C0DEED", "profile_sidebar_fill_color": "DDEEF6", "profile_text_color": "333333", "profile_use_background_image": true, "has_extended_profile": false, "default_profile": true, "default_profile_image": false, "following": false, "follow_request_sent": false, "notifications": false, "translator_type": "none", "withheld_in_countries": []}, "geo": null, "coordinates": null, "place": null, "contributors": null, "is_quote_status": false, "retweet_count": 2, "favorite_count": 1, "favorited": false, "retweeted": false, "possibly_sensitive": false, "lang": "en"}