{"created_at": "Wed Jan 11 09:58:59 +0000 2017", "id": 819121420588359682, "id_str": "819121420588359682", "text": "Meryl Streep Just Got Fired From A Major Project For Lying About Trump \nhttps://t.co/eav8uomuyf", "truncated": false, "entities": {"hashtags": [], "symbols": [], "user_mentions": [], "urls": [{"url": "https://t.co/eav8uomuyf", "expanded_url": "http://thelastlineofdefense.org/breaking-meryl-streep-just-got-fired-from-a-major-project-for-lying-about-trump/", "display_url": "thelastlineofdefense.org/breaking-meryl\u2026", "indices": [72, 95]}]}, "source": "<a href=\"http://twitter.com/download/android\" rel=\"nofollow\">Twitter for Android</a>", "in_reply_to_status_id": null, "in_reply_to_status_id_str": null, "in_reply_to_user_id": null, "in_reply_to_user_id_str": null, "in_reply_to_screen_name": null, "user": {"id": 122279472, "id_str": "122279472", "name": "JohnP", "screen_name": "JohnP1752", "location": "", "description": "Justice & Rule of Law, Dislike Neo Liberalism & Climate Change Deniers", "url": null, "entities": {"description": {"urls": []}}, "protected": false, "followers_count": 1367, "friends_count": 826, "listed_count": 44, "created_at": "Fri Mar 12 05:30:32 +0000 2010", "favourites_count": 14144, "utc_offset": null, "time_zone": null, "geo_enabled": false, "verified": false, "statuses_count": 64556, "lang": null, "contributors_enabled": false, "is_translator": false, "is_translation_enabled": false, "profile_background_color": "1796D6", "profile_background_image_url": "http://abs.twimg.com/images/themes/theme1/bg.png", "profile_background_image_url_https": "https://abs.twimg.com/images/themes/theme1/bg.png", "profile_background_tile": false, "profile_image_url": "http://pbs.twimg.com/profile_images/1108603506397609984/N4XfpUbQ_normal.png", "profile_image_url_https": "https://pbs.twimg.com/profile_images/1108603506397609984/N4XfpUbQ_normal.png", "profile_banner_url": "https://pbs.twimg.com/profile_banners/122279472/1553146716", "profile_link_color": "DE4416", "profile_sidebar_border_color": "000000", "profile_sidebar_fill_color": "DDEEF6", "profile_text_color": "333333", "profile_use_background_image": true, "has_extended_profile": false, "default_profile": false, "default_profile_image": false, "following": false, "follow_request_sent": false, "notifications": false, "translator_type": "none", "withheld_in_countries": []}, "geo": null, "coordinates": null, "place": null, "contributors": null, "is_quote_status": false, "retweet_count": 0, "favorite_count": 1, "favorited": false, "retweeted": false, "possibly_sensitive": false, "lang": "en"}