{"created_at": "Wed Jan 11 14:16:30 +0000 2017", "id": 819186224275419136, "id_str": "819186224275419136", "text": "BREAKING: Meryl Streep Just Got Fired From A Major Project For Lying About Trump https://t.co/0qq8tfnkvx", "truncated": false, "entities": {"hashtags": [], "symbols": [], "user_mentions": [], "urls": [{"url": "https://t.co/0qq8tfnkvx", "expanded_url": "http://fb.me/1QDwJwPj1", "display_url": "fb.me/1QDwJwPj1", "indices": [81, 104]}]}, "source": "<a href=\"http://www.facebook.com/twitter\" rel=\"nofollow\">Facebook</a>", "in_reply_to_status_id": null, "in_reply_to_status_id_str": null, "in_reply_to_user_id": null, "in_reply_to_user_id_str": null, "in_reply_to_screen_name": null, "user": {"id": 1892774448, "id_str": "1892774448", "name": "Rosella STARR Sears", "screen_name": "RosellaSTARR", "location": "Spokane,  Wa.", "description": "A mother, wife and very proud granma.I love music. I am learning guitar! I also LOVE TO RIDE ON THE HARLEY! I am finished and and now am recording WINDRUNNER", "url": null, "entities": {"description": {"urls": []}}, "protected": false, "followers_count": 499, "friends_count": 1764, "listed_count": 7, "created_at": "Sun Sep 22 07:11:13 +0000 2013", "favourites_count": 55, "utc_offset": null, "time_zone": null, "geo_enabled": true, "verified": false, "statuses_count": 15581, "lang": null, "contributors_enabled": false, "is_translator": false, "is_translation_enabled": false, "profile_background_color": "C0DEED", "profile_background_image_url": "http://abs.twimg.com/images/themes/theme1/bg.png", "profile_background_image_url_https": "https://abs.twimg.com/images/themes/theme1/bg.png", "profile_background_tile": false, "profile_image_url": "http://pbs.twimg.com/profile_images/378800000496109614/df21fe976bf8c9e3fc936c29f87c6044_normal.jpeg", "profile_image_url_https": "https://pbs.twimg.com/profile_images/378800000496109614/df21fe976bf8c9e3fc936c29f87c6044_normal.jpeg", "profile_banner_url": "https://pbs.twimg.com/profile_banners/1892774448/1384023975", "profile_link_color": "1DA1F2", "profile_sidebar_border_color": "C0DEED", "profile_sidebar_fill_color": "DDEEF6", "profile_text_color": "333333", "profile_use_background_image": true, "has_extended_profile": false, "default_profile": true, "default_profile_image": false, "following": false, "follow_request_sent": false, "notifications": false, "translator_type": "none", "withheld_in_countries": []}, "geo": null, "coordinates": null, "place": null, "contributors": null, "is_quote_status": false, "retweet_count": 0, "favorite_count": 0, "favorited": false, "retweeted": false, "possibly_sensitive": false, "lang": "en"}