{"created_at": "Wed Jan 11 09:25:37 +0000 2017", "id": 819113022140588032, "id_str": "819113022140588032", "text": "BREAKING: Meryl Streep Just Got Fired From A Major Project For Lying About Trump https://t.co/0w8UDmr72b", "truncated": false, "entities": {"hashtags": [], "symbols": [], "user_mentions": [], "urls": [{"url": "https://t.co/0w8UDmr72b", "expanded_url": "http://wp.me/p78T3s-uG", "display_url": "wp.me/p78T3s-uG", "indices": [81, 104]}]}, "source": "<a href=\"http://twitter.com\" rel=\"nofollow\">Twitter Web Client</a>", "in_reply_to_status_id": null, "in_reply_to_status_id_str": null, "in_reply_to_user_id": null, "in_reply_to_user_id_str": null, "in_reply_to_screen_name": null, "user": {"id": 41344876, "id_str": "41344876", "name": "Deplorable Muriel", "screen_name": "MJkatzTheWriter", "location": "Gastonia, NC, U.S.A.", "description": "A PRO-TRUMP Patriot who is fighting to save our country & Constitution.  Lists=block. Jesus IS coming back!", "url": null, "entities": {"description": {"urls": []}}, "protected": false, "followers_count": 2217, "friends_count": 3560, "listed_count": 34, "created_at": "Wed May 20 12:05:57 +0000 2009", "favourites_count": 61895, "utc_offset": null, "time_zone": null, "geo_enabled": false, "verified": false, "statuses_count": 69144, "lang": null, "contributors_enabled": false, "is_translator": false, "is_translation_enabled": false, "profile_background_color": "0099B9", "profile_background_image_url": "http://abs.twimg.com/images/themes/theme4/bg.gif", "profile_background_image_url_https": "https://abs.twimg.com/images/themes/theme4/bg.gif", "profile_background_tile": false, "profile_image_url": "http://pbs.twimg.com/profile_images/679738439898533889/2IhWxqr1_normal.jpg", "profile_image_url_https": "https://pbs.twimg.com/profile_images/679738439898533889/2IhWxqr1_normal.jpg", "profile_banner_url": "https://pbs.twimg.com/profile_banners/41344876/1359175765", "profile_link_color": "0099B9", "profile_sidebar_border_color": "5ED4DC", "profile_sidebar_fill_color": "95E8EC", "profile_text_color": "3C3940", "profile_use_background_image": true, "has_extended_profile": false, "default_profile": false, "default_profile_image": false, "following": false, "follow_request_sent": false, "notifications": false, "translator_type": "none", "withheld_in_countries": []}, "geo": null, "coordinates": null, "place": null, "contributors": null, "is_quote_status": false, "retweet_count": 0, "favorite_count": 0, "favorited": false, "retweeted": false, "possibly_sensitive": false, "lang": "en"}