{"created_at": "Wed Jan 11 17:44:12 +0000 2017", "id": 819238494291771392, "id_str": "819238494291771392", "text": "BREAKING: Meryl Streep Just Got Fired From A Major Project For Lying About Trump https://t.co/WM798eN2i1", "truncated": false, "entities": {"hashtags": [], "symbols": [], "user_mentions": [], "urls": [{"url": "https://t.co/WM798eN2i1", "expanded_url": "http://wp.me/p78T3s-uG", "display_url": "wp.me/p78T3s-uG", "indices": [81, 104]}]}, "source": "<a href=\"http://twitter.com\" rel=\"nofollow\">Twitter Web Client</a>", "in_reply_to_status_id": null, "in_reply_to_status_id_str": null, "in_reply_to_user_id": null, "in_reply_to_user_id_str": null, "in_reply_to_screen_name": null, "user": {"id": 259878689, "id_str": "259878689", "name": "Katy", "screen_name": "Katy1927", "location": "", "description": "God Guns Country!", "url": null, "entities": {"description": {"urls": []}}, "protected": false, "followers_count": 444, "friends_count": 960, "listed_count": 14, "created_at": "Wed Mar 02 19:47:29 +0000 2011", "favourites_count": 35267, "utc_offset": null, "time_zone": null, "geo_enabled": false, "verified": false, "statuses_count": 63739, "lang": null, "contributors_enabled": false, "is_translator": false, "is_translation_enabled": false, "profile_background_color": "FF6699", "profile_background_image_url": "http://abs.twimg.com/images/themes/theme11/bg.gif", "profile_background_image_url_https": "https://abs.twimg.com/images/themes/theme11/bg.gif", "profile_background_tile": true, "profile_image_url": "http://pbs.twimg.com/profile_images/1358027129854828546/MgpWY2Sp_normal.jpg", "profile_image_url_https": "https://pbs.twimg.com/profile_images/1358027129854828546/MgpWY2Sp_normal.jpg", "profile_banner_url": "https://pbs.twimg.com/profile_banners/259878689/1480736390", "profile_link_color": "B40B43", "profile_sidebar_border_color": "CC3366", "profile_sidebar_fill_color": "E5507E", "profile_text_color": "362720", "profile_use_background_image": true, "has_extended_profile": false, "default_profile": false, "default_profile_image": false, "following": false, "follow_request_sent": false, "notifications": false, "translator_type": "none", "withheld_in_countries": []}, "geo": null, "coordinates": null, "place": null, "contributors": null, "is_quote_status": false, "retweet_count": 0, "favorite_count": 0, "favorited": false, "retweeted": false, "possibly_sensitive": false, "lang": "en"}