{"created_at": "Wed Jan 11 16:43:07 +0000 2017", "id": 819223121446260738, "id_str": "819223121446260738", "text": "BREAKING: Meryl Streep Just Got Fired From A Major Project For Lying About Trump - https://t.co/PYr8mQNYNU via @Shareaholic", "truncated": false, "entities": {"hashtags": [], "symbols": [], "user_mentions": [{"screen_name": "Shareaholic", "name": "Shareaholic", "id": 791635, "id_str": "791635", "indices": [111, 123]}], "urls": [{"url": "https://t.co/PYr8mQNYNU", "expanded_url": "http://ln.is/omgtruefacts.com/bre/UOL6Q", "display_url": "ln.is/omgtruefacts.c\u2026", "indices": [83, 106]}]}, "source": "<a href=\"http://linkis.com\" rel=\"nofollow\">Linkis: turn sharing into growth</a>", "in_reply_to_status_id": null, "in_reply_to_status_id_str": null, "in_reply_to_user_id": null, "in_reply_to_user_id_str": null, "in_reply_to_screen_name": null, "user": {"id": 920120467, "id_str": "920120467", "name": "Tea N. Cracka", "screen_name": "MJBodary", "location": "MAGA Country", "description": "I believe in the US Constitution and the Divine Inspiration therein. Fighting the Good Fight to maintain Truth & Liberty! MAGA Trump!", "url": "https://t.co/qyhxXSG0NA", "entities": {"url": {"urls": [{"url": "https://t.co/qyhxXSG0NA", "expanded_url": "https://www.usfreedomarmy.com/", "display_url": "usfreedomarmy.com", "indices": [0, 23]}]}, "description": {"urls": []}}, "protected": false, "followers_count": 14557, "friends_count": 16286, "listed_count": 111, "created_at": "Fri Nov 02 00:46:10 +0000 2012", "favourites_count": 42517, "utc_offset": null, "time_zone": null, "geo_enabled": true, "verified": false, "statuses_count": 147643, "lang": null, "contributors_enabled": false, "is_translator": false, "is_translation_enabled": false, "profile_background_color": "C0DEED", "profile_background_image_url": "http://abs.twimg.com/images/themes/theme1/bg.png", "profile_background_image_url_https": "https://abs.twimg.com/images/themes/theme1/bg.png", "profile_background_tile": false, "profile_image_url": "http://pbs.twimg.com/profile_images/825198428951031809/Eqv7tKlg_normal.jpg", "profile_image_url_https": "https://pbs.twimg.com/profile_images/825198428951031809/Eqv7tKlg_normal.jpg", "profile_banner_url": "https://pbs.twimg.com/profile_banners/920120467/1566854676", "profile_link_color": "1DA1F2", "profile_sidebar_border_color": "C0DEED", "profile_sidebar_fill_color": "DDEEF6", "profile_text_color": "333333", "profile_use_background_image": true, "has_extended_profile": false, "default_profile": true, "default_profile_image": false, "following": false, "follow_request_sent": false, "notifications": false, "translator_type": "none", "withheld_in_countries": []}, "geo": null, "coordinates": null, "place": null, "contributors": null, "is_quote_status": false, "retweet_count": 2, "favorite_count": 1, "favorited": false, "retweeted": false, "possibly_sensitive": false, "lang": "en"}