{"created_at": "Wed Jan 11 18:50:15 +0000 2017", "id": 819255115987251200, "id_str": "819255115987251200", "text": "BREAKING: MERYL STREEP JUST GOT FIRED FROM A MAJOR PROJECT FOR LYING ABOUT TRUMP https://t.co/sc5kukd7MO", "truncated": false, "entities": {"hashtags": [], "symbols": [], "user_mentions": [], "urls": [{"url": "https://t.co/sc5kukd7MO", "expanded_url": "http://spinzon.com/breaking-meryl-streep-just-got-fired-major-project-lying-trump/", "display_url": "spinzon.com/breaking-meryl\u2026", "indices": [81, 104]}]}, "source": "<a href=\"http://twitter.com\" rel=\"nofollow\">Twitter Web Client</a>", "in_reply_to_status_id": null, "in_reply_to_status_id_str": null, "in_reply_to_user_id": null, "in_reply_to_user_id_str": null, "in_reply_to_screen_name": null, "user": {"id": 68807455, "id_str": "68807455", "name": "the big fellow", "screen_name": "borderfox116", "location": " New York  / P.A Area ", "description": "Hoping to leave a country to my two boys that they can be proud of ,im just a dad that want's to find out what going on with this great country , #GONAVY", "url": "https://t.co/uLocFGMqNt", "entities": {"url": {"urls": [{"url": "https://t.co/uLocFGMqNt", "expanded_url": "https://www.facebook.com/Bluetunder40", "display_url": "facebook.com/Bluetunder40", "indices": [0, 23]}]}, "description": {"urls": []}}, "protected": false, "followers_count": 10079, "friends_count": 11047, "listed_count": 197, "created_at": "Tue Aug 25 21:27:07 +0000 2009", "favourites_count": 50252, "utc_offset": null, "time_zone": null, "geo_enabled": true, "verified": false, "statuses_count": 132861, "lang": null, "contributors_enabled": false, "is_translator": false, "is_translation_enabled": false, "profile_background_color": "022330", "profile_background_image_url": "http://abs.twimg.com/images/themes/theme5/bg.gif", "profile_background_image_url_https": "https://abs.twimg.com/images/themes/theme5/bg.gif", "profile_background_tile": false, "profile_image_url": "http://pbs.twimg.com/profile_images/1201925804/DSC04228_normal.JPG", "profile_image_url_https": "https://pbs.twimg.com/profile_images/1201925804/DSC04228_normal.JPG", "profile_banner_url": "https://pbs.twimg.com/profile_banners/68807455/1591118169", "profile_link_color": "4A913C", "profile_sidebar_border_color": "A8C7F7", "profile_sidebar_fill_color": "C0DFEC", "profile_text_color": "333333", "profile_use_background_image": true, "has_extended_profile": false, "default_profile": false, "default_profile_image": false, "following": false, "follow_request_sent": false, "notifications": false, "translator_type": "none", "withheld_in_countries": []}, "geo": null, "coordinates": null, "place": null, "contributors": null, "is_quote_status": false, "retweet_count": 0, "favorite_count": 0, "favorited": false, "retweeted": false, "possibly_sensitive": false, "lang": "en"}