{"created_at": "Thu Jan 12 00:14:49 +0000 2017", "id": 819336796752330752, "id_str": "819336796752330752", "text": "BREAKING: Meryl Streep Just Got Fired From A Major Project For Lying About Trump https://t.co/AOPlzbmKWv", "truncated": false, "entities": {"hashtags": [], "symbols": [], "user_mentions": [], "urls": [{"url": "https://t.co/AOPlzbmKWv", "expanded_url": "http://fb.me/SY8idqZJ", "display_url": "fb.me/SY8idqZJ", "indices": [81, 104]}]}, "source": "<a href=\"http://www.facebook.com/twitter\" rel=\"nofollow\">Facebook</a>", "in_reply_to_status_id": null, "in_reply_to_status_id_str": null, "in_reply_to_user_id": null, "in_reply_to_user_id_str": null, "in_reply_to_screen_name": null, "user": {"id": 2536204998, "id_str": "2536204998", "name": "Ethelbert Carpio", "screen_name": "reincarpio", "location": "van nuys  california", "description": "history of reason you determine how you think vs anger or intelligence common respect to a fellow man\n\nhttps://t.co/owlU7n2R1R", "url": "https://t.co/fbWuA5akqR", "entities": {"url": {"urls": [{"url": "https://t.co/fbWuA5akqR", "expanded_url": "https://www.facebook.com/tomcat14ergc", "display_url": "facebook.com/tomcat14ergc", "indices": [0, 23]}]}, "description": {"urls": [{"url": "https://t.co/owlU7n2R1R", "expanded_url": "https://www.facebook.com/Tom-14-ergc-147541689132540/", "display_url": "facebook.com/Tom-14-ergc-14\u2026", "indices": [103, 126]}]}}, "protected": false, "followers_count": 120, "friends_count": 1144, "listed_count": 0, "created_at": "Sat May 31 01:05:46 +0000 2014", "favourites_count": 10679, "utc_offset": null, "time_zone": null, "geo_enabled": true, "verified": false, "statuses_count": 315478, "lang": null, "contributors_enabled": false, "is_translator": false, "is_translation_enabled": false, "profile_background_color": "000000", "profile_background_image_url": "http://abs.twimg.com/images/themes/theme1/bg.png", "profile_background_image_url_https": "https://abs.twimg.com/images/themes/theme1/bg.png", "profile_background_tile": false, "profile_image_url": "http://pbs.twimg.com/profile_images/1313682028655640576/ilwD_fPA_normal.jpg", "profile_image_url_https": "https://pbs.twimg.com/profile_images/1313682028655640576/ilwD_fPA_normal.jpg", "profile_banner_url": "https://pbs.twimg.com/profile_banners/2536204998/1484903291", "profile_link_color": "0084B4", "profile_sidebar_border_color": "000000", "profile_sidebar_fill_color": "000000", "profile_text_color": "000000", "profile_use_background_image": false, "has_extended_profile": true, "default_profile": false, "default_profile_image": false, "following": false, "follow_request_sent": false, "notifications": false, "translator_type": "regular", "withheld_in_countries": []}, "geo": null, "coordinates": null, "place": null, "contributors": null, "is_quote_status": false, "retweet_count": 0, "favorite_count": 0, "favorited": false, "retweeted": false, "possibly_sensitive": false, "lang": "en"}