{"created_at": "Thu Jan 12 01:43:16 +0000 2017", "id": 819359055068143616, "id_str": "819359055068143616", "text": "BREAKING: Meryl Streep Just Got Fired From A Major Project For Lying About Trump https://t.co/MoYkUx62Pi", "truncated": false, "entities": {"hashtags": [], "symbols": [], "user_mentions": [], "urls": [{"url": "https://t.co/MoYkUx62Pi", "expanded_url": "http://fb.me/2BcE0tsRa", "display_url": "fb.me/2BcE0tsRa", "indices": [81, 104]}]}, "source": "<a href=\"http://www.facebook.com/twitter\" rel=\"nofollow\">Facebook</a>", "in_reply_to_status_id": null, "in_reply_to_status_id_str": null, "in_reply_to_user_id": null, "in_reply_to_user_id_str": null, "in_reply_to_screen_name": null, "user": {"id": 34237257, "id_str": "34237257", "name": "Nicholas J. Balouris", "screen_name": "OuzoGuru", "location": "Ellenton, FL USA", "description": "", "url": null, "entities": {"description": {"urls": []}}, "protected": false, "followers_count": 31, "friends_count": 358, "listed_count": 1, "created_at": "Wed Apr 22 10:31:18 +0000 2009", "favourites_count": 16, "utc_offset": null, "time_zone": null, "geo_enabled": false, "verified": false, "statuses_count": 54607, "lang": null, "contributors_enabled": false, "is_translator": false, "is_translation_enabled": false, "profile_background_color": "000000", "profile_background_image_url": "http://abs.twimg.com/images/themes/theme16/bg.gif", "profile_background_image_url_https": "https://abs.twimg.com/images/themes/theme16/bg.gif", "profile_background_tile": false, "profile_image_url": "http://pbs.twimg.com/profile_images/1141533820258308097/tM0UD2KZ_normal.png", "profile_image_url_https": "https://pbs.twimg.com/profile_images/1141533820258308097/tM0UD2KZ_normal.png", "profile_link_color": "1B95E0", "profile_sidebar_border_color": "000000", "profile_sidebar_fill_color": "000000", "profile_text_color": "000000", "profile_use_background_image": false, "has_extended_profile": true, "default_profile": false, "default_profile_image": false, "following": false, "follow_request_sent": false, "notifications": false, "translator_type": "none", "withheld_in_countries": []}, "geo": null, "coordinates": null, "place": null, "contributors": null, "is_quote_status": false, "retweet_count": 0, "favorite_count": 0, "favorited": false, "retweeted": false, "possibly_sensitive": false, "lang": "en"}