{"created_at": "Thu Jan 12 16:33:46 +0000 2017", "id": 819583157943070720, "id_str": "819583157943070720", "text": "BREAKING: Meryl Streep Just Got Fired From A Major Project For Lying About Trump https://t.co/XD3BsUmNOL", "truncated": false, "entities": {"hashtags": [], "symbols": [], "user_mentions": [], "urls": [{"url": "https://t.co/XD3BsUmNOL", "expanded_url": "http://wp.me/p78T3s-uG", "display_url": "wp.me/p78T3s-uG", "indices": [81, 104]}]}, "source": "<a href=\"http://twitter.com\" rel=\"nofollow\">Twitter Web Client</a>", "in_reply_to_status_id": null, "in_reply_to_status_id_str": null, "in_reply_to_user_id": null, "in_reply_to_user_id_str": null, "in_reply_to_screen_name": null, "user": {"id": 584711715, "id_str": "584711715", "name": "wildwelshy@hotmail.co.uk", "screen_name": "Wildwelshy", "location": "UK", "description": "BRITISH PATRIOT. ANTI GLOBALIST & NWO. Vegan. Artist, Animator, Holistic Therapist. Hypocrisy gets my hackles up.", "url": null, "entities": {"description": {"urls": []}}, "protected": false, "followers_count": 207, "friends_count": 339, "listed_count": 10, "created_at": "Sat May 19 10:18:27 +0000 2012", "favourites_count": 15040, "utc_offset": null, "time_zone": null, "geo_enabled": false, "verified": false, "statuses_count": 17658, "lang": null, "contributors_enabled": false, "is_translator": false, "is_translation_enabled": false, "profile_background_color": "C0DEED", "profile_background_image_url": "http://abs.twimg.com/images/themes/theme1/bg.png", "profile_background_image_url_https": "https://abs.twimg.com/images/themes/theme1/bg.png", "profile_background_tile": false, "profile_image_url": "http://pbs.twimg.com/profile_images/718039905172111360/OG1wsc1T_normal.jpg", "profile_image_url_https": "https://pbs.twimg.com/profile_images/718039905172111360/OG1wsc1T_normal.jpg", "profile_link_color": "1DA1F2", "profile_sidebar_border_color": "C0DEED", "profile_sidebar_fill_color": "DDEEF6", "profile_text_color": "333333", "profile_use_background_image": true, "has_extended_profile": false, "default_profile": true, "default_profile_image": false, "following": false, "follow_request_sent": false, "notifications": false, "translator_type": "none", "withheld_in_countries": []}, "geo": null, "coordinates": null, "place": null, "contributors": null, "is_quote_status": false, "retweet_count": 0, "favorite_count": 0, "favorited": false, "retweeted": false, "possibly_sensitive": false, "lang": "en"}