{"created_at": "Thu Jan 12 19:52:01 +0000 2017", "id": 819633049906319360, "id_str": "819633049906319360", "text": "BREAKING: Meryl Streep Just Got Fired From A Major Project For Lying About Trump https://t.co/SbtXlNLtQo", "truncated": false, "entities": {"hashtags": [], "symbols": [], "user_mentions": [], "urls": [{"url": "https://t.co/SbtXlNLtQo", "expanded_url": "http://departedmedia.info/breaking-meryl-streep-just-got-fired-major-project-lying-trump-3/", "display_url": "departedmedia.info/breaking-meryl\u2026", "indices": [81, 104]}]}, "source": "<a href=\"http://twitter.com\" rel=\"nofollow\">Twitter Web Client</a>", "in_reply_to_status_id": null, "in_reply_to_status_id_str": null, "in_reply_to_user_id": null, "in_reply_to_user_id_str": null, "in_reply_to_screen_name": null, "user": {"id": 743860319357833216, "id_str": "743860319357833216", "name": "President Elect ShadyLady", "screen_name": "ShadyLady2500", "location": "Canada", "description": "First I am a Canadian who despises The Prime Minister. Loved Trump.  I love RealityTV Beat Cancer in 2016 & while in Hospital for 7mo. my husband passed. No DM", "url": null, "entities": {"description": {"urls": []}}, "protected": false, "followers_count": 1322, "friends_count": 1315, "listed_count": 10, "created_at": "Fri Jun 17 17:38:15 +0000 2016", "favourites_count": 17559, "utc_offset": null, "time_zone": null, "geo_enabled": false, "verified": false, "statuses_count": 34984, "lang": null, "contributors_enabled": false, "is_translator": false, "is_translation_enabled": false, "profile_background_color": "000000", "profile_background_image_url": "http://abs.twimg.com/images/themes/theme1/bg.png", "profile_background_image_url_https": "https://abs.twimg.com/images/themes/theme1/bg.png", "profile_background_tile": false, "profile_image_url": "http://pbs.twimg.com/profile_images/1327024846354731008/9jmGJQZ2_normal.jpg", "profile_image_url_https": "https://pbs.twimg.com/profile_images/1327024846354731008/9jmGJQZ2_normal.jpg", "profile_banner_url": "https://pbs.twimg.com/profile_banners/743860319357833216/1577420452", "profile_link_color": "E81C4F", "profile_sidebar_border_color": "000000", "profile_sidebar_fill_color": "000000", "profile_text_color": "000000", "profile_use_background_image": false, "has_extended_profile": false, "default_profile": false, "default_profile_image": false, "following": false, "follow_request_sent": false, "notifications": false, "translator_type": "none", "withheld_in_countries": []}, "geo": null, "coordinates": null, "place": null, "contributors": null, "is_quote_status": false, "retweet_count": 0, "favorite_count": 0, "favorited": false, "retweeted": false, "possibly_sensitive": false, "lang": "en"}