{"created_at": "Thu Jan 12 19:47:56 +0000 2017", "id": 819632022410903552, "id_str": "819632022410903552", "text": "BREAKING: Meryl Streep Just Got Fired From A Major Project For Lying About Trump https://t.co/dI1HC3vwz5", "truncated": false, "entities": {"hashtags": [], "symbols": [], "user_mentions": [], "urls": [{"url": "https://t.co/dI1HC3vwz5", "expanded_url": "http://fb.me/2yfnnBmRV", "display_url": "fb.me/2yfnnBmRV", "indices": [81, 104]}]}, "source": "<a href=\"http://www.facebook.com/twitter\" rel=\"nofollow\">Facebook</a>", "in_reply_to_status_id": null, "in_reply_to_status_id_str": null, "in_reply_to_user_id": null, "in_reply_to_user_id_str": null, "in_reply_to_screen_name": null, "user": {"id": 36092722, "id_str": "36092722", "name": "Ken Crowe Global News Channel", "screen_name": "kenc2001", "location": "New York", "description": "I`m Kenneth F Crowe, We work hard to bring you the news. You will get the most updated news, as it happens. Come and join us if you want the latest news.", "url": "https://t.co/dxLusq7S6Q", "entities": {"url": {"urls": [{"url": "https://t.co/dxLusq7S6Q", "expanded_url": "https://www.facebook.com/KenCroweMarketing/", "display_url": "facebook.com/KenCroweMarket\u2026", "indices": [0, 23]}]}, "description": {"urls": []}}, "protected": false, "followers_count": 23336, "friends_count": 6256, "listed_count": 131, "created_at": "Tue Apr 28 15:26:08 +0000 2009", "favourites_count": 43684, "utc_offset": null, "time_zone": null, "geo_enabled": true, "verified": false, "statuses_count": 80863, "lang": null, "contributors_enabled": false, "is_translator": false, "is_translation_enabled": false, "profile_background_color": "000000", "profile_background_image_url": "http://abs.twimg.com/images/themes/theme2/bg.gif", "profile_background_image_url_https": "https://abs.twimg.com/images/themes/theme2/bg.gif", "profile_background_tile": false, "profile_image_url": "http://pbs.twimg.com/profile_images/1002198059336560640/vcLgrcEJ_normal.jpg", "profile_image_url_https": "https://pbs.twimg.com/profile_images/1002198059336560640/vcLgrcEJ_normal.jpg", "profile_banner_url": "https://pbs.twimg.com/profile_banners/36092722/1527778231", "profile_link_color": "1B95E0", "profile_sidebar_border_color": "000000", "profile_sidebar_fill_color": "000000", "profile_text_color": "000000", "profile_use_background_image": false, "has_extended_profile": true, "default_profile": false, "default_profile_image": false, "following": false, "follow_request_sent": false, "notifications": false, "translator_type": "regular", "withheld_in_countries": []}, "geo": null, "coordinates": null, "place": null, "contributors": null, "is_quote_status": false, "retweet_count": 1, "favorite_count": 1, "favorited": false, "retweeted": false, "possibly_sensitive": false, "lang": "en"}