{"created_at": "Fri Jan 13 02:50:12 +0000 2017", "id": 819738288353329152, "id_str": "819738288353329152", "text": "BREAKING: Meryl Streep Just Got Fired From A Major Project For Lying About Trump https://t.co/zpxnaZLHbU", "truncated": false, "entities": {"hashtags": [], "symbols": [], "user_mentions": [], "urls": [{"url": "https://t.co/zpxnaZLHbU", "expanded_url": "http://fb.me/4VxIR0P3Q", "display_url": "fb.me/4VxIR0P3Q", "indices": [81, 104]}]}, "source": "<a href=\"http://www.facebook.com/twitter\" rel=\"nofollow\">Facebook</a>", "in_reply_to_status_id": null, "in_reply_to_status_id_str": null, "in_reply_to_user_id": null, "in_reply_to_user_id_str": null, "in_reply_to_screen_name": null, "user": {"id": 139735065, "id_str": "139735065", "name": "Michael Collins", "screen_name": "pimikeohio", "location": "Cleveland, Ohio", "description": "Retired from the US Army; concerned about the future of the US. Reviewing writings for Military Historical orgs.", "url": "https://t.co/ULhAodr6SH", "entities": {"url": {"urls": [{"url": "https://t.co/ULhAodr6SH", "expanded_url": "https://twitter.com/pimikeohio", "display_url": "twitter.com/pimikeohio", "indices": [0, 23]}]}, "description": {"urls": []}}, "protected": false, "followers_count": 157, "friends_count": 315, "listed_count": 5, "created_at": "Mon May 03 14:28:40 +0000 2010", "favourites_count": 143, "utc_offset": null, "time_zone": null, "geo_enabled": true, "verified": false, "statuses_count": 13345, "lang": null, "contributors_enabled": false, "is_translator": false, "is_translation_enabled": false, "profile_background_color": "000000", "profile_background_image_url": "http://abs.twimg.com/images/themes/theme14/bg.gif", "profile_background_image_url_https": "https://abs.twimg.com/images/themes/theme14/bg.gif", "profile_background_tile": false, "profile_image_url": "http://pbs.twimg.com/profile_images/1081900226087186432/VKPMdAP__normal.jpg", "profile_image_url_https": "https://pbs.twimg.com/profile_images/1081900226087186432/VKPMdAP__normal.jpg", "profile_banner_url": "https://pbs.twimg.com/profile_banners/139735065/1516713722", "profile_link_color": "19CF86", "profile_sidebar_border_color": "000000", "profile_sidebar_fill_color": "000000", "profile_text_color": "000000", "profile_use_background_image": false, "has_extended_profile": false, "default_profile": false, "default_profile_image": false, "following": false, "follow_request_sent": false, "notifications": false, "translator_type": "none", "withheld_in_countries": []}, "geo": null, "coordinates": null, "place": null, "contributors": null, "is_quote_status": false, "retweet_count": 0, "favorite_count": 0, "favorited": false, "retweeted": false, "possibly_sensitive": false, "lang": "en"}