{"created_at": "Fri Jan 13 02:27:33 +0000 2017", "id": 819732586046128128, "id_str": "819732586046128128", "text": "BREAKING: Meryl Streep Just Got Fired From A Major Project For Lying About Trump https://t.co/MHAGWmX7Z5", "truncated": false, "entities": {"hashtags": [], "symbols": [], "user_mentions": [], "urls": [{"url": "https://t.co/MHAGWmX7Z5", "expanded_url": "http://wp.me/p78T3s-uG", "display_url": "wp.me/p78T3s-uG", "indices": [81, 104]}]}, "source": "<a href=\"http://twitter.com\" rel=\"nofollow\">Twitter Web Client</a>", "in_reply_to_status_id": null, "in_reply_to_status_id_str": null, "in_reply_to_user_id": null, "in_reply_to_user_id_str": null, "in_reply_to_screen_name": null, "user": {"id": 1683322309, "id_str": "1683322309", "name": "Judy Katz", "screen_name": "annykat41", "location": "Florida", "description": "Conservative christian - Tea Party - #tcot #TGDN-MOS-SOT, Pro Life-WAAR", "url": null, "entities": {"description": {"urls": []}}, "protected": false, "followers_count": 581, "friends_count": 892, "listed_count": 39, "created_at": "Mon Aug 19 13:39:04 +0000 2013", "favourites_count": 303, "utc_offset": null, "time_zone": null, "geo_enabled": true, "verified": false, "statuses_count": 82186, "lang": null, "contributors_enabled": false, "is_translator": false, "is_translation_enabled": false, "profile_background_color": "C0DEED", "profile_background_image_url": "http://abs.twimg.com/images/themes/theme1/bg.png", "profile_background_image_url_https": "https://abs.twimg.com/images/themes/theme1/bg.png", "profile_background_tile": false, "profile_image_url": "http://pbs.twimg.com/profile_images/754275432518803457/JR0nLfiy_normal.jpg", "profile_image_url_https": "https://pbs.twimg.com/profile_images/754275432518803457/JR0nLfiy_normal.jpg", "profile_banner_url": "https://pbs.twimg.com/profile_banners/1683322309/1443714030", "profile_link_color": "1DA1F2", "profile_sidebar_border_color": "C0DEED", "profile_sidebar_fill_color": "DDEEF6", "profile_text_color": "333333", "profile_use_background_image": true, "has_extended_profile": false, "default_profile": true, "default_profile_image": false, "following": false, "follow_request_sent": false, "notifications": false, "translator_type": "none", "withheld_in_countries": []}, "geo": null, "coordinates": null, "place": null, "contributors": null, "is_quote_status": false, "retweet_count": 0, "favorite_count": 0, "favorited": false, "retweeted": false, "possibly_sensitive": false, "lang": "en"}