{"created_at": "Sat Jan 14 01:36:55 +0000 2017", "id": 820082232878477312, "id_str": "820082232878477312", "text": "BREAKING: Meryl Streep Just Got Fired From A Major Project For Lying About Trump https://t.co/Ce4lP2IfHD", "truncated": false, "entities": {"hashtags": [], "symbols": [], "user_mentions": [], "urls": [{"url": "https://t.co/Ce4lP2IfHD", "expanded_url": "http://usadailypost.us/?p=545", "display_url": "usadailypost.us/?p=545", "indices": [81, 104]}]}, "source": "<a href=\"http://twitter.com/#!/download/ipad\" rel=\"nofollow\">Twitter for iPad</a>", "in_reply_to_status_id": null, "in_reply_to_status_id_str": null, "in_reply_to_user_id": null, "in_reply_to_user_id_str": null, "in_reply_to_screen_name": null, "user": {"id": 148251250, "id_str": "148251250", "name": "Chicvid", "screen_name": "chicvidbabe222", "location": "", "description": "Just an ordinary citizen who loves reading current events on Twitter, my daily paper. If what I read/tweet/RT is not agreeable to one, just block me.", "url": null, "entities": {"description": {"urls": []}}, "protected": false, "followers_count": 540, "friends_count": 191, "listed_count": 5, "created_at": "Wed May 26 06:39:02 +0000 2010", "favourites_count": 120818, "utc_offset": null, "time_zone": null, "geo_enabled": true, "verified": false, "statuses_count": 91716, "lang": null, "contributors_enabled": false, "is_translator": false, "is_translation_enabled": false, "profile_background_color": "C0DEED", "profile_background_image_url": "http://abs.twimg.com/images/themes/theme1/bg.png", "profile_background_image_url_https": "https://abs.twimg.com/images/themes/theme1/bg.png", "profile_background_tile": false, "profile_image_url": "http://pbs.twimg.com/profile_images/1286902679797555210/pTZXEdaG_normal.jpg", "profile_image_url_https": "https://pbs.twimg.com/profile_images/1286902679797555210/pTZXEdaG_normal.jpg", "profile_banner_url": "https://pbs.twimg.com/profile_banners/148251250/1485120974", "profile_link_color": "1DA1F2", "profile_sidebar_border_color": "C0DEED", "profile_sidebar_fill_color": "DDEEF6", "profile_text_color": "333333", "profile_use_background_image": true, "has_extended_profile": false, "default_profile": true, "default_profile_image": false, "following": false, "follow_request_sent": false, "notifications": false, "translator_type": "none", "withheld_in_countries": []}, "geo": null, "coordinates": null, "place": null, "contributors": null, "is_quote_status": false, "retweet_count": 0, "favorite_count": 1, "favorited": false, "retweeted": false, "possibly_sensitive": false, "lang": "en"}