{"created_at": "Sat Jan 14 04:58:34 +0000 2017", "id": 820132979045519360, "id_str": "820132979045519360", "text": "BREAKING: Meryl Streep Just Got Fired From A Major Project For Lying About Trump https://t.co/Ii5pFgZmwP", "truncated": false, "entities": {"hashtags": [], "symbols": [], "user_mentions": [], "urls": [{"url": "https://t.co/Ii5pFgZmwP", "expanded_url": "http://wp.me/p78T3s-uG", "display_url": "wp.me/p78T3s-uG", "indices": [81, 104]}]}, "source": "<a href=\"http://twitter.com\" rel=\"nofollow\">Twitter Web Client</a>", "in_reply_to_status_id": null, "in_reply_to_status_id_str": null, "in_reply_to_user_id": null, "in_reply_to_user_id_str": null, "in_reply_to_screen_name": null, "user": {"id": 174805155, "id_str": "174805155", "name": "Michael Gale", "screen_name": "mjg956", "location": "", "description": "PATRIOTIC MARINE REPUBLICAN,EX DUMB DEMOC RAT! SMARTENED UP!", "url": null, "entities": {"description": {"urls": []}}, "protected": false, "followers_count": 60, "friends_count": 393, "listed_count": 1, "created_at": "Wed Aug 04 21:40:45 +0000 2010", "favourites_count": 1214, "utc_offset": null, "time_zone": null, "geo_enabled": false, "verified": false, "statuses_count": 3174, "lang": null, "contributors_enabled": false, "is_translator": false, "is_translation_enabled": false, "profile_background_color": "C0DEED", "profile_background_image_url": "http://abs.twimg.com/images/themes/theme1/bg.png", "profile_background_image_url_https": "https://abs.twimg.com/images/themes/theme1/bg.png", "profile_background_tile": false, "profile_image_url": "http://pbs.twimg.com/profile_images/896572148051046401/UuUqeHSs_normal.jpg", "profile_image_url_https": "https://pbs.twimg.com/profile_images/896572148051046401/UuUqeHSs_normal.jpg", "profile_banner_url": "https://pbs.twimg.com/profile_banners/174805155/1502594311", "profile_link_color": "1DA1F2", "profile_sidebar_border_color": "C0DEED", "profile_sidebar_fill_color": "DDEEF6", "profile_text_color": "333333", "profile_use_background_image": true, "has_extended_profile": false, "default_profile": true, "default_profile_image": false, "following": false, "follow_request_sent": false, "notifications": false, "translator_type": "none", "withheld_in_countries": []}, "geo": null, "coordinates": null, "place": null, "contributors": null, "is_quote_status": false, "retweet_count": 0, "favorite_count": 0, "favorited": false, "retweeted": false, "possibly_sensitive": false, "lang": "en"}