{"created_at": "Thu Jan 26 03:23:58 +0000 2017", "id": 824457829713084417, "id_str": "824457829713084417", "text": "BREAKING: Meryl Streep Just Got Fired From A Major Project For Lying About Trump https://t.co/HOwXX5KwMW", "truncated": false, "entities": {"hashtags": [], "symbols": [], "user_mentions": [], "urls": [{"url": "https://t.co/HOwXX5KwMW", "expanded_url": "http://incredibleusanews.com/breaking-meryl-streep-just-got-fired-major-project-lying-trump-2/", "display_url": "incredibleusanews.com/breaking-meryl\u2026", "indices": [81, 104]}]}, "source": "<a href=\"http://twitter.com\" rel=\"nofollow\">Twitter Web Client</a>", "in_reply_to_status_id": null, "in_reply_to_status_id_str": null, "in_reply_to_user_id": null, "in_reply_to_user_id_str": null, "in_reply_to_screen_name": null, "user": {"id": 537361002, "id_str": "537361002", "name": "Terry Gem", "screen_name": "terry_gem", "location": "Independence Oh", "description": "Home Inspector, Tree Huger, Tech Addict, Very Conservative, Motorcycle enthusiast,Free Thinker, Free Speaker", "url": null, "entities": {"description": {"urls": []}}, "protected": false, "followers_count": 143, "friends_count": 60, "listed_count": 8, "created_at": "Mon Mar 26 14:49:25 +0000 2012", "favourites_count": 1544, "utc_offset": null, "time_zone": null, "geo_enabled": false, "verified": false, "statuses_count": 15421, "lang": null, "contributors_enabled": false, "is_translator": false, "is_translation_enabled": false, "profile_background_color": "000000", "profile_background_image_url": "http://abs.twimg.com/images/themes/theme14/bg.gif", "profile_background_image_url_https": "https://abs.twimg.com/images/themes/theme14/bg.gif", "profile_background_tile": false, "profile_image_url": "http://pbs.twimg.com/profile_images/1962806457/Photo_on_3-26-12_at_11.25_AM_normal.jpg", "profile_image_url_https": "https://pbs.twimg.com/profile_images/1962806457/Photo_on_3-26-12_at_11.25_AM_normal.jpg", "profile_banner_url": "https://pbs.twimg.com/profile_banners/537361002/1469301498", "profile_link_color": "1B95E0", "profile_sidebar_border_color": "000000", "profile_sidebar_fill_color": "000000", "profile_text_color": "000000", "profile_use_background_image": false, "has_extended_profile": false, "default_profile": false, "default_profile_image": false, "following": false, "follow_request_sent": false, "notifications": false, "translator_type": "none", "withheld_in_countries": []}, "geo": null, "coordinates": null, "place": null, "contributors": null, "is_quote_status": false, "retweet_count": 0, "favorite_count": 0, "favorited": false, "retweeted": false, "possibly_sensitive": false, "lang": "en"}