{"created_at": "Thu Jan 26 01:25:48 +0000 2017", "id": 824428088704565248, "id_str": "824428088704565248", "text": "BREAKING: Meryl Streep Just Got Fired From A Major Project For Lying About Trump https://t.co/XZdvS9kx8f", "truncated": false, "entities": {"hashtags": [], "symbols": [], "user_mentions": [], "urls": [{"url": "https://t.co/XZdvS9kx8f", "expanded_url": "http://incredibleusanews.com/breaking-meryl-streep-just-got-fired-major-project-lying-trump-2/", "display_url": "incredibleusanews.com/breaking-meryl\u2026", "indices": [81, 104]}]}, "source": "<a href=\"http://twitter.com\" rel=\"nofollow\">Twitter Web Client</a>", "in_reply_to_status_id": null, "in_reply_to_status_id_str": null, "in_reply_to_user_id": null, "in_reply_to_user_id_str": null, "in_reply_to_screen_name": null, "user": {"id": 3481965513, "id_str": "3481965513", "name": "DEPLORABLE BETSY", "screen_name": "eeynouf", "location": "Tallahassee, FL", "description": "IFBP\u2764\ufe0f\u271d\ufe0fGod\u271d\ufe0fMatters \u2665\ufe0fFLYNN MATTERS \u2764\ufe0fTRUMP MATTERS \u2764\ufe0fPolice & Military.\u2764\ufe0fMatter \u2764\ufe0fhorses and White Beaches. proud daughter of Korean/V .N. Pilot\u2764\ufe0fNationalist.", "url": null, "entities": {"description": {"urls": []}}, "protected": false, "followers_count": 27381, "friends_count": 25860, "listed_count": 8, "created_at": "Sat Aug 29 16:27:38 +0000 2015", "favourites_count": 150620, "utc_offset": null, "time_zone": null, "geo_enabled": true, "verified": false, "statuses_count": 259232, "lang": null, "contributors_enabled": false, "is_translator": false, "is_translation_enabled": false, "profile_background_color": "C0DEED", "profile_background_image_url": "http://abs.twimg.com/images/themes/theme1/bg.png", "profile_background_image_url_https": "https://abs.twimg.com/images/themes/theme1/bg.png", "profile_background_tile": false, "profile_image_url": "http://pbs.twimg.com/profile_images/1217062770878840834/_J4a2gp9_normal.jpg", "profile_image_url_https": "https://pbs.twimg.com/profile_images/1217062770878840834/_J4a2gp9_normal.jpg", "profile_banner_url": "https://pbs.twimg.com/profile_banners/3481965513/1563928471", "profile_link_color": "1DA1F2", "profile_sidebar_border_color": "C0DEED", "profile_sidebar_fill_color": "DDEEF6", "profile_text_color": "333333", "profile_use_background_image": true, "has_extended_profile": false, "default_profile": true, "default_profile_image": false, "following": false, "follow_request_sent": false, "notifications": false, "translator_type": "none", "withheld_in_countries": []}, "geo": null, "coordinates": null, "place": null, "contributors": null, "is_quote_status": false, "retweet_count": 3, "favorite_count": 6, "favorited": false, "retweeted": false, "possibly_sensitive": false, "lang": "en"}