{"created_at": "Thu Jan 26 06:41:41 +0000 2017", "id": 824507583088230400, "id_str": "824507583088230400", "text": "BREAKING: Meryl Streep Just Got Fired From A Major Project For Lying About Trump - Usa News https://t.co/tUNM2epV2z", "truncated": false, "entities": {"hashtags": [], "symbols": [], "user_mentions": [], "urls": [{"url": "https://t.co/tUNM2epV2z", "expanded_url": "http://incredibleusanews.com/breaking-meryl-streep-just-got-fired-major-project-lying-trump-2/", "display_url": "incredibleusanews.com/breaking-meryl\u2026", "indices": [92, 115]}]}, "source": "<a href=\"http://twitter.com/download/iphone\" rel=\"nofollow\">Twitter for iPhone</a>", "in_reply_to_status_id": null, "in_reply_to_status_id_str": null, "in_reply_to_user_id": null, "in_reply_to_user_id_str": null, "in_reply_to_screen_name": null, "user": {"id": 3308877832, "id_str": "3308877832", "name": "Maryesta Durtche", "screen_name": "DurtcheDurtchem", "location": "KY", "description": "Conservative, wife 2 Ret USMC/UPS pilot; family of\ud83d\udc6e\u200d\u2642\ufe0f,\ud83d\udc68\ud83c\udffb\u200d\ud83d\ude92,\ud83d\udc69\u200d\u2695\ufe0f,\ud83d\udc69\u200d\ud83c\udfeb\ud83d\udc95 #1#2 #KAG #MAGA\ud83c\uddfa\ud83c\uddf8Trump\ud83d\ude82#COS #CCOT Born-Compton,CA", "url": null, "entities": {"description": {"urls": []}}, "protected": false, "followers_count": 4744, "friends_count": 4523, "listed_count": 40, "created_at": "Fri Jun 05 01:24:42 +0000 2015", "favourites_count": 8198, "utc_offset": null, "time_zone": null, "geo_enabled": false, "verified": false, "statuses_count": 103376, "lang": null, "contributors_enabled": false, "is_translator": false, "is_translation_enabled": false, "profile_background_color": "C0DEED", "profile_background_image_url": "http://abs.twimg.com/images/themes/theme1/bg.png", "profile_background_image_url_https": "https://abs.twimg.com/images/themes/theme1/bg.png", "profile_background_tile": false, "profile_image_url": "http://pbs.twimg.com/profile_images/720489917667811328/l6h5HZqD_normal.jpg", "profile_image_url_https": "https://pbs.twimg.com/profile_images/720489917667811328/l6h5HZqD_normal.jpg", "profile_banner_url": "https://pbs.twimg.com/profile_banners/3308877832/1519240173", "profile_link_color": "1DA1F2", "profile_sidebar_border_color": "C0DEED", "profile_sidebar_fill_color": "DDEEF6", "profile_text_color": "333333", "profile_use_background_image": true, "has_extended_profile": false, "default_profile": true, "default_profile_image": false, "following": false, "follow_request_sent": false, "notifications": false, "translator_type": "none", "withheld_in_countries": []}, "geo": null, "coordinates": null, "place": null, "contributors": null, "is_quote_status": false, "retweet_count": 0, "favorite_count": 0, "favorited": false, "retweeted": false, "possibly_sensitive": false, "lang": "en"}