{"created_at": "Thu Jan 26 17:00:04 +0000 2017", "id": 824663207889494017, "id_str": "824663207889494017", "text": "MERYL STREEP JUST GOT FIRED FROM A MAJOR PROJECT FOR LYING ABOUT TRUMP https://t.co/tifrqJvymQ", "truncated": false, "entities": {"hashtags": [], "symbols": [], "user_mentions": [], "urls": [{"url": "https://t.co/tifrqJvymQ", "expanded_url": "http://fb.me/7xeyQYKc0", "display_url": "fb.me/7xeyQYKc0", "indices": [71, 94]}]}, "source": "<a href=\"http://www.facebook.com/twitter\" rel=\"nofollow\">Facebook</a>", "in_reply_to_status_id": null, "in_reply_to_status_id_str": null, "in_reply_to_user_id": null, "in_reply_to_user_id_str": null, "in_reply_to_screen_name": null, "user": {"id": 756272158502973440, "id_str": "756272158502973440", "name": "Conservative Nation", "screen_name": "TheSpinzon", "location": "", "description": "Top Place for Conservative News", "url": "https://t.co/2LNfnSjvI6", "entities": {"url": {"urls": [{"url": "https://t.co/2LNfnSjvI6", "expanded_url": "http://www.spinzon.com", "display_url": "spinzon.com", "indices": [0, 23]}]}, "description": {"urls": []}}, "protected": false, "followers_count": 541, "friends_count": 744, "listed_count": 8, "created_at": "Thu Jul 21 23:38:28 +0000 2016", "favourites_count": 104, "utc_offset": null, "time_zone": null, "geo_enabled": false, "verified": false, "statuses_count": 1888, "lang": null, "contributors_enabled": false, "is_translator": false, "is_translation_enabled": false, "profile_background_color": "000000", "profile_background_image_url": "http://abs.twimg.com/images/themes/theme1/bg.png", "profile_background_image_url_https": "https://abs.twimg.com/images/themes/theme1/bg.png", "profile_background_tile": false, "profile_image_url": "http://pbs.twimg.com/profile_images/786892581921849344/9ZW1yAgN_normal.jpg", "profile_image_url_https": "https://pbs.twimg.com/profile_images/786892581921849344/9ZW1yAgN_normal.jpg", "profile_banner_url": "https://pbs.twimg.com/profile_banners/756272158502973440/1469145305", "profile_link_color": "1B95E0", "profile_sidebar_border_color": "000000", "profile_sidebar_fill_color": "000000", "profile_text_color": "000000", "profile_use_background_image": false, "has_extended_profile": true, "default_profile": false, "default_profile_image": false, "following": false, "follow_request_sent": false, "notifications": false, "translator_type": "none", "withheld_in_countries": []}, "geo": null, "coordinates": null, "place": null, "contributors": null, "is_quote_status": false, "retweet_count": 0, "favorite_count": 0, "favorited": false, "retweeted": false, "possibly_sensitive": false, "lang": "en"}