{"created_at": "Thu Jan 26 14:00:15 +0000 2017", "id": 824617954998263809, "id_str": "824617954998263809", "text": "BREAKING: MERYL STREEP JUST GOT FIRED FROM A MAJOR PROJECT FOR LYING ABOUT TRUMP https://t.co/YOdsC72OX0 https://t.co/LdJur6dK3h", "truncated": false, "entities": {"hashtags": [], "symbols": [], "user_mentions": [], "urls": [{"url": "https://t.co/YOdsC72OX0", "expanded_url": "http://departedmedia.info/breaking-meryl-streep-just-got-fired-major-project-lying-trump-4/?utm_source=dlvr.it&utm_medium=twitter", "display_url": "departedmedia.info/breaking-meryl\u2026", "indices": [81, 104]}], "media": [{"id": 824617951240151041, "id_str": "824617951240151041", "indices": [105, 128], "media_url": "http://pbs.twimg.com/media/C3GhqFsUYAEfrqZ.jpg", "media_url_https": "https://pbs.twimg.com/media/C3GhqFsUYAEfrqZ.jpg", "url": "https://t.co/LdJur6dK3h", "display_url": "pic.twitter.com/LdJur6dK3h", "expanded_url": "https://twitter.com/johnavy28/status/824617954998263809/photo/1", "type": "photo", "sizes": {"thumb": {"w": 150, "h": 150, "resize": "crop"}, "medium": {"w": 660, "h": 330, "resize": "fit"}, "large": {"w": 660, "h": 330, "resize": "fit"}, "small": {"w": 660, "h": 330, "resize": "fit"}}}]}, "extended_entities": {"media": [{"id": 824617951240151041, "id_str": "824617951240151041", "indices": [105, 128], "media_url": "http://pbs.twimg.com/media/C3GhqFsUYAEfrqZ.jpg", "media_url_https": "https://pbs.twimg.com/media/C3GhqFsUYAEfrqZ.jpg", "url": "https://t.co/LdJur6dK3h", "display_url": "pic.twitter.com/LdJur6dK3h", "expanded_url": "https://twitter.com/johnavy28/status/824617954998263809/photo/1", "type": "photo", "sizes": {"thumb": {"w": 150, "h": 150, "resize": "crop"}, "medium": {"w": 660, "h": 330, "resize": "fit"}, "large": {"w": 660, "h": 330, "resize": "fit"}, "small": {"w": 660, "h": 330, "resize": "fit"}}}]}, "source": "<a href=\"https://dlvrit.com/\" rel=\"nofollow\">dlvr.it</a>", "in_reply_to_status_id": null, "in_reply_to_status_id_str": null, "in_reply_to_user_id": null, "in_reply_to_user_id_str": null, "in_reply_to_screen_name": null, "user": {"id": 751091767437590528, "id_str": "751091767437590528", "name": "jhony escobar", "screen_name": "johnavy28", "location": "Caracas, Venezuela", "description": "Alegre, deportes, tecnolog\u00eda,curiosidades", "url": null, "entities": {"description": {"urls": []}}, "protected": false, "followers_count": 134, "friends_count": 574, "listed_count": 4, "created_at": "Thu Jul 07 16:33:26 +0000 2016", "favourites_count": 134, "utc_offset": null, "time_zone": null, "geo_enabled": false, "verified": false, "statuses_count": 35693, "lang": null, "contributors_enabled": false, "is_translator": false, "is_translation_enabled": false, "profile_background_color": "F5F8FA", "profile_background_image_url": null, "profile_background_image_url_https": null, "profile_background_tile": false, "profile_image_url": "http://pbs.twimg.com/profile_images/752202909144711168/7zzFXHEx_normal.jpg", "profile_image_url_https": "https://pbs.twimg.com/profile_images/752202909144711168/7zzFXHEx_normal.jpg", "profile_link_color": "1DA1F2", "profile_sidebar_border_color": "C0DEED", "profile_sidebar_fill_color": "DDEEF6", "profile_text_color": "333333", "profile_use_background_image": true, "has_extended_profile": true, "default_profile": true, "default_profile_image": false, "following": false, "follow_request_sent": false, "notifications": false, "translator_type": "none", "withheld_in_countries": []}, "geo": null, "coordinates": null, "place": null, "contributors": null, "is_quote_status": false, "retweet_count": 0, "favorite_count": 0, "favorited": false, "retweeted": false, "possibly_sensitive": false, "lang": "en"}