{"created_at": "Thu Jan 26 15:03:12 +0000 2017", "id": 824633793973784577, "id_str": "824633793973784577", "text": "BREAKING: Meryl Streep Just Got Fired From A Major Project For Lying About Trump - Usa News https://t.co/pwLeDvZXC8", "truncated": false, "entities": {"hashtags": [], "symbols": [], "user_mentions": [], "urls": [{"url": "https://t.co/pwLeDvZXC8", "expanded_url": "http://fb.me/5GHX6gj58", "display_url": "fb.me/5GHX6gj58", "indices": [92, 115]}]}, "source": "<a href=\"http://www.facebook.com/twitter\" rel=\"nofollow\">Facebook</a>", "in_reply_to_status_id": null, "in_reply_to_status_id_str": null, "in_reply_to_user_id": null, "in_reply_to_user_id_str": null, "in_reply_to_screen_name": null, "user": {"id": 77155312, "id_str": "77155312", "name": "james collins", "screen_name": "kalel60", "location": "Windermere, FL", "description": "", "url": null, "entities": {"description": {"urls": []}}, "protected": false, "followers_count": 154, "friends_count": 184, "listed_count": 20, "created_at": "Fri Sep 25 07:01:17 +0000 2009", "favourites_count": 47, "utc_offset": null, "time_zone": null, "geo_enabled": true, "verified": false, "statuses_count": 196061, "lang": null, "contributors_enabled": false, "is_translator": false, "is_translation_enabled": false, "profile_background_color": "C0DEED", "profile_background_image_url": "http://abs.twimg.com/images/themes/theme1/bg.png", "profile_background_image_url_https": "https://abs.twimg.com/images/themes/theme1/bg.png", "profile_background_tile": true, "profile_image_url": "http://pbs.twimg.com/profile_images/1287068865927749634/l5bG7hoA_normal.jpg", "profile_image_url_https": "https://pbs.twimg.com/profile_images/1287068865927749634/l5bG7hoA_normal.jpg", "profile_banner_url": "https://pbs.twimg.com/profile_banners/77155312/1398394510", "profile_link_color": "1B95E0", "profile_sidebar_border_color": "C0DEED", "profile_sidebar_fill_color": "DDEEF6", "profile_text_color": "333333", "profile_use_background_image": true, "has_extended_profile": false, "default_profile": false, "default_profile_image": false, "following": false, "follow_request_sent": false, "notifications": false, "translator_type": "none", "withheld_in_countries": []}, "geo": null, "coordinates": null, "place": null, "contributors": null, "is_quote_status": false, "retweet_count": 0, "favorite_count": 0, "favorited": false, "retweeted": false, "possibly_sensitive": false, "lang": "en"}