{"created_at": "Thu Jan 26 19:55:51 +0000 2017", "id": 824707445226364928, "id_str": "824707445226364928", "text": "BREAKING: Meryl Streep Just Got Fired From A Major Project For Lying About Trump https://t.co/3ZL9IKgvWv", "truncated": false, "entities": {"hashtags": [], "symbols": [], "user_mentions": [], "urls": [{"url": "https://t.co/3ZL9IKgvWv", "expanded_url": "http://www.dailyinfobox.com/2017/01/26/breaking-meryl-streep-just-got-fired-from-a-major-project-for-lying-about-trump/", "display_url": "dailyinfobox.com/2017/01/26/bre\u2026", "indices": [81, 104]}]}, "source": "<a href=\"http://twitter.com\" rel=\"nofollow\">Twitter Web Client</a>", "in_reply_to_status_id": null, "in_reply_to_status_id_str": null, "in_reply_to_user_id": null, "in_reply_to_user_id_str": null, "in_reply_to_screen_name": null, "user": {"id": 2543951930, "id_str": "2543951930", "name": "JanPage", "screen_name": "JanetPageHill", "location": "Florida, USA", "description": "Retired Ph.D. forensic psychologist. Love animals, mystery buff, political conservative. Active on Twitter since 2018. No DMs please.", "url": null, "entities": {"description": {"urls": []}}, "protected": false, "followers_count": 1970, "friends_count": 2137, "listed_count": 2, "created_at": "Tue Jun 03 17:06:47 +0000 2014", "favourites_count": 61654, "utc_offset": null, "time_zone": null, "geo_enabled": true, "verified": false, "statuses_count": 93962, "lang": null, "contributors_enabled": false, "is_translator": false, "is_translation_enabled": false, "profile_background_color": "000000", "profile_background_image_url": "http://abs.twimg.com/images/themes/theme1/bg.png", "profile_background_image_url_https": "https://abs.twimg.com/images/themes/theme1/bg.png", "profile_background_tile": false, "profile_image_url": "http://pbs.twimg.com/profile_images/481158989174951936/dPJbo2az_normal.jpeg", "profile_image_url_https": "https://pbs.twimg.com/profile_images/481158989174951936/dPJbo2az_normal.jpeg", "profile_link_color": "F58EA8", "profile_sidebar_border_color": "000000", "profile_sidebar_fill_color": "000000", "profile_text_color": "000000", "profile_use_background_image": false, "has_extended_profile": true, "default_profile": false, "default_profile_image": false, "following": false, "follow_request_sent": false, "notifications": false, "translator_type": "none", "withheld_in_countries": []}, "geo": null, "coordinates": null, "place": null, "contributors": null, "is_quote_status": false, "retweet_count": 0, "favorite_count": 0, "favorited": false, "retweeted": false, "possibly_sensitive": false, "lang": "en"}