{"created_at": "Fri Jan 27 21:26:37 +0000 2017", "id": 825092673228898304, "id_str": "825092673228898304", "text": "BREAKING: Meryl Streep Just Got Fired From A Major Project For Lying About Trump https://t.co/lTQhpl88eo", "truncated": false, "entities": {"hashtags": [], "symbols": [], "user_mentions": [], "urls": [{"url": "https://t.co/lTQhpl88eo", "expanded_url": "http://www.dailyinfobox.com/2017/01/26/breaking-meryl-streep-just-got-fired-from-a-major-project-for-lying-about-trump/", "display_url": "dailyinfobox.com/2017/01/26/bre\u2026", "indices": [81, 104]}]}, "source": "<a href=\"http://twitter.com\" rel=\"nofollow\">Twitter Web Client</a>", "in_reply_to_status_id": null, "in_reply_to_status_id_str": null, "in_reply_to_user_id": null, "in_reply_to_user_id_str": null, "in_reply_to_screen_name": null, "user": {"id": 2387053584, "id_str": "2387053584", "name": "Doug L.", "screen_name": "dlaspca", "location": "United States", "description": "", "url": null, "entities": {"description": {"urls": []}}, "protected": false, "followers_count": 33, "friends_count": 45, "listed_count": 2, "created_at": "Thu Mar 13 14:06:02 +0000 2014", "favourites_count": 5383, "utc_offset": null, "time_zone": null, "geo_enabled": true, "verified": false, "statuses_count": 26242, "lang": null, "contributors_enabled": false, "is_translator": false, "is_translation_enabled": false, "profile_background_color": "000000", "profile_background_image_url": "http://abs.twimg.com/images/themes/theme18/bg.gif", "profile_background_image_url_https": "https://abs.twimg.com/images/themes/theme18/bg.gif", "profile_background_tile": false, "profile_image_url": "http://pbs.twimg.com/profile_images/1129171156341329920/d0kBse5y_normal.jpg", "profile_image_url_https": "https://pbs.twimg.com/profile_images/1129171156341329920/d0kBse5y_normal.jpg", "profile_banner_url": "https://pbs.twimg.com/profile_banners/2387053584/1459799146", "profile_link_color": "FF691F", "profile_sidebar_border_color": "000000", "profile_sidebar_fill_color": "000000", "profile_text_color": "000000", "profile_use_background_image": false, "has_extended_profile": true, "default_profile": false, "default_profile_image": false, "following": false, "follow_request_sent": false, "notifications": false, "translator_type": "none", "withheld_in_countries": []}, "geo": null, "coordinates": null, "place": null, "contributors": null, "is_quote_status": false, "retweet_count": 0, "favorite_count": 0, "favorited": false, "retweeted": false, "possibly_sensitive": false, "lang": "en"}