{"created_at": "Sat Jan 28 00:55:47 +0000 2017", "id": 825145313564454912, "id_str": "825145313564454912", "text": "BREAKING: Meryl Streep Just Got Fired From A Major Project For Lying About Trump https://t.co/wLLJHeDXEm", "truncated": false, "entities": {"hashtags": [], "symbols": [], "user_mentions": [], "urls": [{"url": "https://t.co/wLLJHeDXEm", "expanded_url": "http://fb.me/6gGd7qhYW", "display_url": "fb.me/6gGd7qhYW", "indices": [81, 104]}]}, "source": "<a href=\"http://www.facebook.com/twitter\" rel=\"nofollow\">Facebook</a>", "in_reply_to_status_id": null, "in_reply_to_status_id_str": null, "in_reply_to_user_id": null, "in_reply_to_user_id_str": null, "in_reply_to_screen_name": null, "user": {"id": 17092455, "id_str": "17092455", "name": "Sharon Anderson", "screen_name": "Sharon4Anderson", "location": "Minnesota, USA", "description": "https://t.co/7YkgYKwKGv", "url": "https://t.co/3RlFYa96I4", "entities": {"url": {"urls": [{"url": "https://t.co/3RlFYa96I4", "expanded_url": "http://sharon4anderson.org", "display_url": "sharon4anderson.org", "indices": [0, 23]}]}, "description": {"urls": [{"url": "https://t.co/7YkgYKwKGv", "expanded_url": "http://sharonsenate64.blogspot.com", "display_url": "sharonsenate64.blogspot.com", "indices": [0, 23]}]}}, "protected": false, "followers_count": 500, "friends_count": 2534, "listed_count": 22, "created_at": "Fri Oct 31 20:50:53 +0000 2008", "favourites_count": 7352, "utc_offset": null, "time_zone": null, "geo_enabled": true, "verified": false, "statuses_count": 35612, "lang": null, "contributors_enabled": false, "is_translator": false, "is_translation_enabled": false, "profile_background_color": "EBEBEB", "profile_background_image_url": "http://abs.twimg.com/images/themes/theme1/bg.png", "profile_background_image_url_https": "https://abs.twimg.com/images/themes/theme1/bg.png", "profile_background_tile": true, "profile_image_url": "http://pbs.twimg.com/profile_images/1225503039185981441/yK-Eh8sR_normal.jpg", "profile_image_url_https": "https://pbs.twimg.com/profile_images/1225503039185981441/yK-Eh8sR_normal.jpg", "profile_banner_url": "https://pbs.twimg.com/profile_banners/17092455/1609847487", "profile_link_color": "990000", "profile_sidebar_border_color": "DFDFDF", "profile_sidebar_fill_color": "F3F3F3", "profile_text_color": "333333", "profile_use_background_image": true, "has_extended_profile": false, "default_profile": false, "default_profile_image": false, "following": false, "follow_request_sent": false, "notifications": false, "translator_type": "none", "withheld_in_countries": []}, "geo": null, "coordinates": null, "place": null, "contributors": null, "is_quote_status": false, "retweet_count": 0, "favorite_count": 0, "favorited": false, "retweeted": false, "possibly_sensitive": false, "lang": "en"}