{"created_at": "Sun Jan 29 15:23:13 +0000 2017", "id": 825725995965616128, "id_str": "825725995965616128", "text": "BREAKING: Meryl Streep Just Got Fired From A Major Project For Lying About Trump https://t.co/kKMKUhLH5a", "truncated": false, "entities": {"hashtags": [], "symbols": [], "user_mentions": [], "urls": [{"url": "https://t.co/kKMKUhLH5a", "expanded_url": "http://www.dailyinfobox.com/2017/01/26/breaking-meryl-streep-just-got-fired-from-a-major-project-for-lying-about-trump/", "display_url": "dailyinfobox.com/2017/01/26/bre\u2026", "indices": [81, 104]}]}, "source": "<a href=\"http://twitter.com\" rel=\"nofollow\">Twitter Web Client</a>", "in_reply_to_status_id": null, "in_reply_to_status_id_str": null, "in_reply_to_user_id": null, "in_reply_to_user_id_str": null, "in_reply_to_screen_name": null, "user": {"id": 4329010814, "id_str": "4329010814", "name": "John Samson", "screen_name": "JSamsonAl1", "location": "Alabama", "description": "Disabled American Veteran.", "url": null, "entities": {"description": {"urls": []}}, "protected": false, "followers_count": 96, "friends_count": 601, "listed_count": 0, "created_at": "Mon Nov 23 01:46:32 +0000 2015", "favourites_count": 4177, "utc_offset": null, "time_zone": null, "geo_enabled": false, "verified": false, "statuses_count": 4966, "lang": null, "contributors_enabled": false, "is_translator": false, "is_translation_enabled": false, "profile_background_color": "C0DEED", "profile_background_image_url": "http://abs.twimg.com/images/themes/theme1/bg.png", "profile_background_image_url_https": "https://abs.twimg.com/images/themes/theme1/bg.png", "profile_background_tile": false, "profile_image_url": "http://pbs.twimg.com/profile_images/673870014395494400/taqAuEi__normal.jpg", "profile_image_url_https": "https://pbs.twimg.com/profile_images/673870014395494400/taqAuEi__normal.jpg", "profile_link_color": "1DA1F2", "profile_sidebar_border_color": "C0DEED", "profile_sidebar_fill_color": "DDEEF6", "profile_text_color": "333333", "profile_use_background_image": true, "has_extended_profile": false, "default_profile": true, "default_profile_image": false, "following": false, "follow_request_sent": false, "notifications": false, "translator_type": "none", "withheld_in_countries": []}, "geo": null, "coordinates": null, "place": null, "contributors": null, "is_quote_status": false, "retweet_count": 0, "favorite_count": 0, "favorited": false, "retweeted": false, "possibly_sensitive": false, "lang": "en"}