{"created_at": "Sun Jan 29 18:30:36 +0000 2017", "id": 825773151816658944, "id_str": "825773151816658944", "text": "BREAKING: Meryl Streep Just Got Fired From A Major Project For Lying About Trump https://t.co/P1cBvGcjIM", "truncated": false, "entities": {"hashtags": [], "symbols": [], "user_mentions": [], "urls": [{"url": "https://t.co/P1cBvGcjIM", "expanded_url": "http://www.dailyinfobox.com/2017/01/26/breaking-meryl-streep-just-got-fired-from-a-major-project-for-lying-about-trump/", "display_url": "dailyinfobox.com/2017/01/26/bre\u2026", "indices": [81, 104]}]}, "source": "<a href=\"http://twitter.com\" rel=\"nofollow\">Twitter Web Client</a>", "in_reply_to_status_id": null, "in_reply_to_status_id_str": null, "in_reply_to_user_id": null, "in_reply_to_user_id_str": null, "in_reply_to_screen_name": null, "user": {"id": 272741993, "id_str": "272741993", "name": "lola babin", "screen_name": "dominionlola", "location": "San Antonio,Tx", "description": "business owner,world traveler,blogger and dreamer\ud83d\ude0a", "url": "https://t.co/DSi7lacbJk", "entities": {"url": {"urls": [{"url": "https://t.co/DSi7lacbJk", "expanded_url": "http://www.everystepwitheve.com", "display_url": "everystepwitheve.com", "indices": [0, 23]}]}, "description": {"urls": []}}, "protected": false, "followers_count": 326, "friends_count": 2397, "listed_count": 2, "created_at": "Sun Mar 27 03:06:28 +0000 2011", "favourites_count": 22939, "utc_offset": null, "time_zone": null, "geo_enabled": false, "verified": false, "statuses_count": 2822, "lang": null, "contributors_enabled": false, "is_translator": false, "is_translation_enabled": false, "profile_background_color": "000000", "profile_background_image_url": "http://abs.twimg.com/images/themes/theme5/bg.gif", "profile_background_image_url_https": "https://abs.twimg.com/images/themes/theme5/bg.gif", "profile_background_tile": false, "profile_image_url": "http://pbs.twimg.com/profile_images/782744043306508290/TY3uMlAa_normal.jpg", "profile_image_url_https": "https://pbs.twimg.com/profile_images/782744043306508290/TY3uMlAa_normal.jpg", "profile_banner_url": "https://pbs.twimg.com/profile_banners/272741993/1509473684", "profile_link_color": "F58EA8", "profile_sidebar_border_color": "000000", "profile_sidebar_fill_color": "000000", "profile_text_color": "000000", "profile_use_background_image": false, "has_extended_profile": false, "default_profile": false, "default_profile_image": false, "following": false, "follow_request_sent": false, "notifications": false, "translator_type": "none", "withheld_in_countries": []}, "geo": null, "coordinates": null, "place": null, "contributors": null, "is_quote_status": false, "retweet_count": 0, "favorite_count": 0, "favorited": false, "retweeted": false, "possibly_sensitive": false, "lang": "en"}