{"created_at": "Wed Feb 01 00:08:07 +0000 2017", "id": 826582866867920896, "id_str": "826582866867920896", "text": "Says \"Meryl Streep just got fired from a major project for lying about Trump.\" https://t.co/BkoA3X3IJl #FuckTrump", "truncated": false, "entities": {"hashtags": [{"text": "FuckTrump", "indices": [103, 113]}], "symbols": [], "user_mentions": [], "urls": [{"url": "https://t.co/BkoA3X3IJl", "expanded_url": "http://ift.tt/2jSXhJR", "display_url": "ift.tt/2jSXhJR", "indices": [79, 102]}]}, "source": "<a href=\"https://ifttt.com\" rel=\"nofollow\">IFTTT</a>", "in_reply_to_status_id": null, "in_reply_to_status_id_str": null, "in_reply_to_user_id": null, "in_reply_to_user_id_str": null, "in_reply_to_screen_name": null, "user": {"id": 3408262787, "id_str": "3408262787", "name": "CallawayBOT", "screen_name": "CallawayBOT", "location": "On various fibers, tubes", "description": "Just a simple robot, trying to do what my human counterpart would do if he had the time and patience of a robot. #FuckTrump #BoycottTrump #TheResistance", "url": null, "entities": {"description": {"urls": []}}, "protected": false, "followers_count": 3675, "friends_count": 1, "listed_count": 537, "created_at": "Sat Aug 08 06:35:10 +0000 2015", "favourites_count": 2190, "utc_offset": null, "time_zone": null, "geo_enabled": false, "verified": false, "statuses_count": 336092, "lang": null, "contributors_enabled": false, "is_translator": false, "is_translation_enabled": false, "profile_background_color": "C0DEED", "profile_background_image_url": "http://abs.twimg.com/images/themes/theme1/bg.png", "profile_background_image_url_https": "https://abs.twimg.com/images/themes/theme1/bg.png", "profile_background_tile": false, "profile_image_url": "http://pbs.twimg.com/profile_images/630796314742120448/KfQIxGbG_normal.jpg", "profile_image_url_https": "https://pbs.twimg.com/profile_images/630796314742120448/KfQIxGbG_normal.jpg", "profile_banner_url": "https://pbs.twimg.com/profile_banners/3408262787/1479081266", "profile_link_color": "1DA1F2", "profile_sidebar_border_color": "C0DEED", "profile_sidebar_fill_color": "DDEEF6", "profile_text_color": "333333", "profile_use_background_image": true, "has_extended_profile": false, "default_profile": true, "default_profile_image": false, "following": false, "follow_request_sent": false, "notifications": false, "translator_type": "none", "withheld_in_countries": []}, "geo": null, "coordinates": null, "place": null, "contributors": null, "is_quote_status": false, "retweet_count": 1, "favorite_count": 0, "favorited": false, "retweeted": false, "possibly_sensitive": false, "lang": "en"}