{"created_at": "Wed Feb 01 14:55:00 +0000 2017", "id": 826806060598120448, "id_str": "826806060598120448", "text": "Fake News: Claims that \"Meryl Streep just got fired from a major project for lying about Trump.\"\u2026 https://t.co/92ZeimDfjD", "truncated": true, "entities": {"hashtags": [], "symbols": [], "user_mentions": [], "urls": [{"url": "https://t.co/92ZeimDfjD", "expanded_url": "https://twitter.com/i/web/status/826806060598120448", "display_url": "twitter.com/i/web/status/8\u2026", "indices": [98, 121]}]}, "source": "<a href=\"https://about.twitter.com/products/tweetdeck\" rel=\"nofollow\">TweetDeck</a>", "in_reply_to_status_id": null, "in_reply_to_status_id_str": null, "in_reply_to_user_id": null, "in_reply_to_user_id_str": null, "in_reply_to_screen_name": null, "user": {"id": 8953122, "id_str": "8953122", "name": "PolitiFact", "screen_name": "PolitiFact", "location": "Washington, DC", "description": "Home of the Truth-O-Meter and independent fact-checking. Part of @Poynter. Sign up for our newsletter: https://t.co/uj7NlGB468", "url": "https://t.co/g4gEDNIp7J", "entities": {"url": {"urls": [{"url": "https://t.co/g4gEDNIp7J", "expanded_url": "http://www.politifact.com", "display_url": "politifact.com", "indices": [0, 23]}]}, "description": {"urls": [{"url": "https://t.co/uj7NlGB468", "expanded_url": "https://bit.ly/2Y1o3Ui", "display_url": "bit.ly/2Y1o3Ui", "indices": [103, 126]}]}}, "protected": false, "followers_count": 695991, "friends_count": 7939, "listed_count": 11132, "created_at": "Tue Sep 18 15:08:32 +0000 2007", "favourites_count": 3868, "utc_offset": null, "time_zone": null, "geo_enabled": true, "verified": true, "statuses_count": 53328, "lang": null, "contributors_enabled": false, "is_translator": false, "is_translation_enabled": false, "profile_background_color": "FFFFFF", "profile_background_image_url": "http://abs.twimg.com/images/themes/theme1/bg.png", "profile_background_image_url_https": "https://abs.twimg.com/images/themes/theme1/bg.png", "profile_background_tile": false, "profile_image_url": "http://pbs.twimg.com/profile_images/1286766140115517441/8rq6ZxZm_normal.jpg", "profile_image_url_https": "https://pbs.twimg.com/profile_images/1286766140115517441/8rq6ZxZm_normal.jpg", "profile_banner_url": "https://pbs.twimg.com/profile_banners/8953122/1611096183", "profile_link_color": "003291", "profile_sidebar_border_color": "000000", "profile_sidebar_fill_color": "DDEEF6", "profile_text_color": "333333", "profile_use_background_image": true, "has_extended_profile": false, "default_profile": false, "default_profile_image": false, "following": false, "follow_request_sent": false, "notifications": false, "translator_type": "none", "withheld_in_countries": []}, "geo": null, "coordinates": null, "place": null, "contributors": null, "is_quote_status": false, "retweet_count": 112, "favorite_count": 135, "favorited": false, "retweeted": false, "possibly_sensitive": false, "lang": "en"}