{"created_at": "Wed Feb 01 15:31:16 +0000 2017", "id": 826815184329113600, "id_str": "826815184329113600", "text": "@PolitiFact: #FakeNews: Claims that \"Meryl Streep just got fired from a major project for lying about #Trump.\" https://t.co/htvOqQ54k5", "truncated": false, "entities": {"hashtags": [{"text": "FakeNews", "indices": [13, 22]}, {"text": "Trump", "indices": [102, 108]}], "symbols": [], "user_mentions": [{"screen_name": "PolitiFact", "name": "PolitiFact", "id": 8953122, "id_str": "8953122", "indices": [0, 11]}], "urls": [{"url": "https://t.co/htvOqQ54k5", "expanded_url": "http://www.politifact.com/punditfact/statements/2017/jan/31/blog-posting/no-meryl-streeps-anti-trump-rant-didnt-cost-her-ha/", "display_url": "politifact.com/punditfact/sta\u2026", "indices": [111, 134]}]}, "source": "<a href=\"http://www.hootsuite.com\" rel=\"nofollow\">Hootsuite</a>", "in_reply_to_status_id": null, "in_reply_to_status_id_str": null, "in_reply_to_user_id": 8953122, "in_reply_to_user_id_str": "8953122", "in_reply_to_screen_name": "PolitiFact", "user": {"id": 3344521174, "id_str": "3344521174", "name": "Media Bias Fact Check", "screen_name": "MBFC_News", "location": "United States", "description": "Tracking media bias and factual reporting since 2015. We also republish factual news stories from High Factual sources.", "url": "https://t.co/RLct9rAPAV", "entities": {"url": {"urls": [{"url": "https://t.co/RLct9rAPAV", "expanded_url": "https://mediabiasfactcheck.com/", "display_url": "mediabiasfactcheck.com", "indices": [0, 23]}]}, "description": {"urls": []}}, "protected": false, "followers_count": 5149, "friends_count": 2192, "listed_count": 231, "created_at": "Wed Jun 24 19:20:28 +0000 2015", "favourites_count": 667, "utc_offset": null, "time_zone": null, "geo_enabled": false, "verified": false, "statuses_count": 7506, "lang": null, "contributors_enabled": false, "is_translator": false, "is_translation_enabled": false, "profile_background_color": "000000", "profile_background_image_url": "http://abs.twimg.com/images/themes/theme15/bg.png", "profile_background_image_url_https": "https://abs.twimg.com/images/themes/theme15/bg.png", "profile_background_tile": false, "profile_image_url": "http://pbs.twimg.com/profile_images/1176539557518594049/lB51DJmL_normal.jpg", "profile_image_url_https": "https://pbs.twimg.com/profile_images/1176539557518594049/lB51DJmL_normal.jpg", "profile_banner_url": "https://pbs.twimg.com/profile_banners/3344521174/1569343823", "profile_link_color": "1B95E0", "profile_sidebar_border_color": "000000", "profile_sidebar_fill_color": "000000", "profile_text_color": "000000", "profile_use_background_image": false, "has_extended_profile": false, "default_profile": false, "default_profile_image": false, "following": false, "follow_request_sent": false, "notifications": false, "translator_type": "none", "withheld_in_countries": []}, "geo": null, "coordinates": null, "place": null, "contributors": null, "is_quote_status": false, "retweet_count": 0, "favorite_count": 0, "favorited": false, "retweeted": false, "possibly_sensitive": false, "lang": "en"}