{"created_at": "Tue Feb 07 22:44:04 +0000 2017", "id": 829098430094012421, "id_str": "829098430094012421", "text": "Meryl Streep Just Got Fired From A Major Project For Lying About Trump https://t.co/AzlWUiOY8D", "truncated": false, "entities": {"hashtags": [], "symbols": [], "user_mentions": [], "urls": [{"url": "https://t.co/AzlWUiOY8D", "expanded_url": "http://fb.me/3sf9f86JK", "display_url": "fb.me/3sf9f86JK", "indices": [71, 94]}]}, "source": "<a href=\"http://www.facebook.com/twitter\" rel=\"nofollow\">Facebook</a>", "in_reply_to_status_id": null, "in_reply_to_status_id_str": null, "in_reply_to_user_id": null, "in_reply_to_user_id_str": null, "in_reply_to_screen_name": null, "user": {"id": 619482778, "id_str": "619482778", "name": "chris childers", "screen_name": "chrischilders6", "location": "", "description": "MS Warrior, Stay at home Dad\n\nGa", "url": null, "entities": {"description": {"urls": []}}, "protected": false, "followers_count": 14, "friends_count": 49, "listed_count": 0, "created_at": "Tue Jun 26 22:39:38 +0000 2012", "favourites_count": 250, "utc_offset": null, "time_zone": null, "geo_enabled": true, "verified": false, "statuses_count": 11473, "lang": null, "contributors_enabled": false, "is_translator": false, "is_translation_enabled": false, "profile_background_color": "FFF04D", "profile_background_image_url": "http://abs.twimg.com/images/themes/theme19/bg.gif", "profile_background_image_url_https": "https://abs.twimg.com/images/themes/theme19/bg.gif", "profile_background_tile": false, "profile_image_url": "http://pbs.twimg.com/profile_images/933497857952419840/cSij5Rp__normal.jpg", "profile_image_url_https": "https://pbs.twimg.com/profile_images/933497857952419840/cSij5Rp__normal.jpg", "profile_link_color": "0099CC", "profile_sidebar_border_color": "FFF8AD", "profile_sidebar_fill_color": "F6FFD1", "profile_text_color": "333333", "profile_use_background_image": true, "has_extended_profile": false, "default_profile": false, "default_profile_image": false, "following": false, "follow_request_sent": false, "notifications": false, "translator_type": "none", "withheld_in_countries": []}, "geo": null, "coordinates": null, "place": null, "contributors": null, "is_quote_status": false, "retweet_count": 0, "favorite_count": 0, "favorited": false, "retweeted": false, "possibly_sensitive": false, "lang": "en"}