{"created_at": "Sun Feb 12 11:26:29 +0000 2017", "id": 830739850382999552, "id_str": "830739850382999552", "text": "BREAKING: Meryl Streep Just Got Fired From A Major Project For Lying About Trump https://t.co/aqIJy0OXW9", "truncated": false, "entities": {"hashtags": [], "symbols": [], "user_mentions": [], "urls": [{"url": "https://t.co/aqIJy0OXW9", "expanded_url": "http://openmagazines.com/breaking-meryl-streep-just-got-fired/", "display_url": "openmagazines.com/breaking-meryl\u2026", "indices": [81, 104]}]}, "source": "<a href=\"http://twitter.com\" rel=\"nofollow\">Twitter Web Client</a>", "in_reply_to_status_id": null, "in_reply_to_status_id_str": null, "in_reply_to_user_id": null, "in_reply_to_user_id_str": null, "in_reply_to_screen_name": null, "user": {"id": 761951355439157248, "id_str": "761951355439157248", "name": "BO DOWELL", "screen_name": "BodowellBo", "location": "", "description": "JESUS CHRIST IS MY LORD,I LOVE MY CHILDREN AND MY COUNTRY,I WILL FIGHT FOR WHAT I BELIEVE IN,GOD BLESS OUR BRAVE TROOPS,AMERICA LOVE'S TRUMP AND SO DO I,", "url": null, "entities": {"description": {"urls": []}}, "protected": false, "followers_count": 63, "friends_count": 118, "listed_count": 1, "created_at": "Sat Aug 06 15:45:34 +0000 2016", "favourites_count": 1681, "utc_offset": null, "time_zone": null, "geo_enabled": false, "verified": false, "statuses_count": 5784, "lang": null, "contributors_enabled": false, "is_translator": false, "is_translation_enabled": false, "profile_background_color": "000000", "profile_background_image_url": "http://abs.twimg.com/images/themes/theme1/bg.png", "profile_background_image_url_https": "https://abs.twimg.com/images/themes/theme1/bg.png", "profile_background_tile": false, "profile_image_url": "http://abs.twimg.com/sticky/default_profile_images/default_profile_normal.png", "profile_image_url_https": "https://abs.twimg.com/sticky/default_profile_images/default_profile_normal.png", "profile_link_color": "1B95E0", "profile_sidebar_border_color": "000000", "profile_sidebar_fill_color": "000000", "profile_text_color": "000000", "profile_use_background_image": false, "has_extended_profile": false, "default_profile": false, "default_profile_image": true, "following": false, "follow_request_sent": false, "notifications": false, "translator_type": "none", "withheld_in_countries": []}, "geo": null, "coordinates": null, "place": null, "contributors": null, "is_quote_status": false, "retweet_count": 0, "favorite_count": 0, "favorited": false, "retweeted": false, "possibly_sensitive": false, "lang": "en"}