{"created_at": "Sun Jun 11 20:46:17 +0000 2017", "id": 874004884013633537, "id_str": "874004884013633537", "text": "BREAKING: Meryl Streep Just Got Fired From A Major Project For Lying About Trump https://t.co/5pb3tWnc2Y", "truncated": false, "entities": {"hashtags": [], "symbols": [], "user_mentions": [], "urls": [{"url": "https://t.co/5pb3tWnc2Y", "expanded_url": "http://wp.me/p78T3s-uG", "display_url": "wp.me/p78T3s-uG", "indices": [81, 104]}]}, "source": "<a href=\"http://twitter.com\" rel=\"nofollow\">Twitter Web Client</a>", "in_reply_to_status_id": null, "in_reply_to_status_id_str": null, "in_reply_to_user_id": null, "in_reply_to_user_id_str": null, "in_reply_to_screen_name": null, "user": {"id": 15182828, "id_str": "15182828", "name": "williamhc1", "screen_name": "williamhc1", "location": "Alton, New Hampshire", "description": "", "url": null, "entities": {"description": {"urls": []}}, "protected": false, "followers_count": 348, "friends_count": 2483, "listed_count": 7, "created_at": "Fri Jun 20 18:35:30 +0000 2008", "favourites_count": 564, "utc_offset": null, "time_zone": null, "geo_enabled": false, "verified": false, "statuses_count": 18719, "lang": null, "contributors_enabled": false, "is_translator": false, "is_translation_enabled": false, "profile_background_color": "C6E2EE", "profile_background_image_url": "http://abs.twimg.com/images/themes/theme2/bg.gif", "profile_background_image_url_https": "https://abs.twimg.com/images/themes/theme2/bg.gif", "profile_background_tile": false, "profile_image_url": "http://pbs.twimg.com/profile_images/64699312/Bill_normal.jpg", "profile_image_url_https": "https://pbs.twimg.com/profile_images/64699312/Bill_normal.jpg", "profile_link_color": "1F98C7", "profile_sidebar_border_color": "C6E2EE", "profile_sidebar_fill_color": "DAECF4", "profile_text_color": "663B12", "profile_use_background_image": true, "has_extended_profile": false, "default_profile": false, "default_profile_image": false, "following": false, "follow_request_sent": false, "notifications": false, "translator_type": "none", "withheld_in_countries": []}, "geo": null, "coordinates": null, "place": null, "contributors": null, "is_quote_status": false, "retweet_count": 0, "favorite_count": 0, "favorited": false, "retweeted": false, "possibly_sensitive": false, "lang": "en"}