{"created_at": "Sat Jul 01 04:16:38 +0000 2017", "id": 881003588281024512, "id_str": "881003588281024512", "text": "Meryl Streep Just Got Fired From A Major Project For Lying About Trump https://t.co/LS906KUjGe", "truncated": false, "entities": {"hashtags": [], "symbols": [], "user_mentions": [], "urls": [{"url": "https://t.co/LS906KUjGe", "expanded_url": "http://flashnewscorner.com/meryl-streep-just-got-fired-major-project-lying-trump/", "display_url": "flashnewscorner.com/meryl-streep-j\u2026", "indices": [71, 94]}]}, "source": "<a href=\"http://twitter.com\" rel=\"nofollow\">Twitter Web Client</a>", "in_reply_to_status_id": null, "in_reply_to_status_id_str": null, "in_reply_to_user_id": null, "in_reply_to_user_id_str": null, "in_reply_to_screen_name": null, "user": {"id": 332325225, "id_str": "332325225", "name": "WILLIAM SOWLES", "screen_name": "1FILMIC43", "location": "England and Scotland", "description": "SCREEN WRITER. My WWII epic, A Foxhole Closer to Home takes us from Pearl Harbor through WWII in Europe as seen by Cpl. Bob Crawford.", "url": null, "entities": {"description": {"urls": []}}, "protected": false, "followers_count": 47, "friends_count": 427, "listed_count": 1, "created_at": "Sat Jul 09 16:10:43 +0000 2011", "favourites_count": 8711, "utc_offset": null, "time_zone": null, "geo_enabled": false, "verified": false, "statuses_count": 4477, "lang": null, "contributors_enabled": false, "is_translator": false, "is_translation_enabled": false, "profile_background_color": "C0DEED", "profile_background_image_url": "http://abs.twimg.com/images/themes/theme1/bg.png", "profile_background_image_url_https": "https://abs.twimg.com/images/themes/theme1/bg.png", "profile_background_tile": false, "profile_image_url": "http://pbs.twimg.com/profile_images/2436897162/di5donk2lwqons9atyfd_normal.jpeg", "profile_image_url_https": "https://pbs.twimg.com/profile_images/2436897162/di5donk2lwqons9atyfd_normal.jpeg", "profile_link_color": "1DA1F2", "profile_sidebar_border_color": "C0DEED", "profile_sidebar_fill_color": "DDEEF6", "profile_text_color": "333333", "profile_use_background_image": true, "has_extended_profile": false, "default_profile": true, "default_profile_image": false, "following": false, "follow_request_sent": false, "notifications": false, "translator_type": "none", "withheld_in_countries": []}, "geo": null, "coordinates": null, "place": null, "contributors": null, "is_quote_status": false, "retweet_count": 0, "favorite_count": 0, "favorited": false, "retweeted": false, "possibly_sensitive": false, "lang": "en"}