{"created_at": "Sat Jul 01 07:45:42 +0000 2017", "id": 881056201127190528, "id_str": "881056201127190528", "text": "Meryl Streep Just Got Fired From A Major Project For Lying About Trump https://t.co/wCxoxdwssS", "truncated": false, "entities": {"hashtags": [], "symbols": [], "user_mentions": [], "urls": [{"url": "https://t.co/wCxoxdwssS", "expanded_url": "http://flashnewscorner.com/meryl-streep-just-got-fired-major-project-lying-trump/", "display_url": "flashnewscorner.com/meryl-streep-j\u2026", "indices": [71, 94]}]}, "source": "<a href=\"http://twitter.com\" rel=\"nofollow\">Twitter Web Client</a>", "in_reply_to_status_id": null, "in_reply_to_status_id_str": null, "in_reply_to_user_id": null, "in_reply_to_user_id_str": null, "in_reply_to_screen_name": null, "user": {"id": 2381381725, "id_str": "2381381725", "name": "The Lavender Garden", "screen_name": "ChinaGroveNC", "location": "", "description": "", "url": "http://t.co/KDbB4Onpl3", "entities": {"url": {"urls": [{"url": "http://t.co/KDbB4Onpl3", "expanded_url": "http://www.thelavendergarden.net", "display_url": "thelavendergarden.net", "indices": [0, 22]}]}, "description": {"urls": []}}, "protected": false, "followers_count": 186, "friends_count": 124, "listed_count": 2, "created_at": "Mon Mar 10 02:22:45 +0000 2014", "favourites_count": 9821, "utc_offset": null, "time_zone": null, "geo_enabled": true, "verified": false, "statuses_count": 39399, "lang": null, "contributors_enabled": false, "is_translator": false, "is_translation_enabled": false, "profile_background_color": "C0DEED", "profile_background_image_url": "http://abs.twimg.com/images/themes/theme1/bg.png", "profile_background_image_url_https": "https://abs.twimg.com/images/themes/theme1/bg.png", "profile_background_tile": false, "profile_image_url": "http://pbs.twimg.com/profile_images/442852126058770432/kwtTdAU1_normal.jpeg", "profile_image_url_https": "https://pbs.twimg.com/profile_images/442852126058770432/kwtTdAU1_normal.jpeg", "profile_link_color": "1DA1F2", "profile_sidebar_border_color": "C0DEED", "profile_sidebar_fill_color": "DDEEF6", "profile_text_color": "333333", "profile_use_background_image": true, "has_extended_profile": false, "default_profile": true, "default_profile_image": false, "following": false, "follow_request_sent": false, "notifications": false, "translator_type": "none", "withheld_in_countries": []}, "geo": null, "coordinates": null, "place": null, "contributors": null, "is_quote_status": false, "retweet_count": 0, "favorite_count": 0, "favorited": false, "retweeted": false, "possibly_sensitive": false, "lang": "en"}