{"created_at": "Sat Jul 01 06:24:31 +0000 2017", "id": 881035771490189312, "id_str": "881035771490189312", "text": "BREAKING: Meryl Streep Just Got Fired From A Major Project For Lying About Trump https://t.co/z3pIpkg2W7", "truncated": false, "entities": {"hashtags": [], "symbols": [], "user_mentions": [], "urls": [{"url": "https://t.co/z3pIpkg2W7", "expanded_url": "http://newsfeedhunter.com/meryl-streep-just-got-fired-from-a-major-project-for-lying-about-trump/", "display_url": "newsfeedhunter.com/meryl-streep-j\u2026", "indices": [81, 104]}]}, "source": "<a href=\"http://twitter.com\" rel=\"nofollow\">Twitter Web Client</a>", "in_reply_to_status_id": null, "in_reply_to_status_id_str": null, "in_reply_to_user_id": null, "in_reply_to_user_id_str": null, "in_reply_to_screen_name": null, "user": {"id": 248419585, "id_str": "248419585", "name": "Funky Patriot", "screen_name": "Funkypatriot", "location": "", "description": "We LOVE America and everythin' 'bout it.  Join us!", "url": null, "entities": {"description": {"urls": []}}, "protected": false, "followers_count": 26769, "friends_count": 26294, "listed_count": 175, "created_at": "Sun Feb 06 23:46:33 +0000 2011", "favourites_count": 5727, "utc_offset": null, "time_zone": null, "geo_enabled": false, "verified": false, "statuses_count": 18079, "lang": null, "contributors_enabled": false, "is_translator": false, "is_translation_enabled": false, "profile_background_color": "C0DEED", "profile_background_image_url": "http://abs.twimg.com/images/themes/theme1/bg.png", "profile_background_image_url_https": "https://abs.twimg.com/images/themes/theme1/bg.png", "profile_background_tile": true, "profile_image_url": "http://pbs.twimg.com/profile_images/1276502173/Funky_Gal_normal.jpg", "profile_image_url_https": "https://pbs.twimg.com/profile_images/1276502173/Funky_Gal_normal.jpg", "profile_link_color": "0084B4", "profile_sidebar_border_color": "C0DEED", "profile_sidebar_fill_color": "DDEEF6", "profile_text_color": "333333", "profile_use_background_image": true, "has_extended_profile": false, "default_profile": false, "default_profile_image": false, "following": false, "follow_request_sent": false, "notifications": false, "translator_type": "none", "withheld_in_countries": []}, "geo": null, "coordinates": null, "place": null, "contributors": null, "is_quote_status": false, "retweet_count": 0, "favorite_count": 0, "favorited": false, "retweeted": false, "possibly_sensitive": false, "lang": "en"}