{"created_at": "Sat Jul 01 17:06:33 +0000 2017", "id": 881197344112480256, "id_str": "881197344112480256", "text": "BREAKING: Meryl Streep Just Got Fired From A Major Project For Lying About Trump https://t.co/33adLvkb6C", "truncated": false, "entities": {"hashtags": [], "symbols": [], "user_mentions": [], "urls": [{"url": "https://t.co/33adLvkb6C", "expanded_url": "http://fb.me/2XAjVOroW", "display_url": "fb.me/2XAjVOroW", "indices": [81, 104]}]}, "source": "<a href=\"http://www.facebook.com/twitter\" rel=\"nofollow\">Facebook</a>", "in_reply_to_status_id": null, "in_reply_to_status_id_str": null, "in_reply_to_user_id": null, "in_reply_to_user_id_str": null, "in_reply_to_screen_name": null, "user": {"id": 3729058935, "id_str": "3729058935", "name": "Donald D'Amico", "screen_name": "alexfortrump", "location": "", "description": "", "url": "https://t.co/rs2AzRkS44", "entities": {"url": {"urls": [{"url": "https://t.co/rs2AzRkS44", "expanded_url": "http://betterbeginnings.com", "display_url": "betterbeginnings.com", "indices": [0, 23]}]}, "description": {"urls": []}}, "protected": false, "followers_count": 150, "friends_count": 162, "listed_count": 1, "created_at": "Mon Sep 21 14:38:29 +0000 2015", "favourites_count": 1758, "utc_offset": null, "time_zone": null, "geo_enabled": false, "verified": false, "statuses_count": 33872, "lang": null, "contributors_enabled": false, "is_translator": false, "is_translation_enabled": false, "profile_background_color": "000000", "profile_background_image_url": "http://abs.twimg.com/images/themes/theme1/bg.png", "profile_background_image_url_https": "https://abs.twimg.com/images/themes/theme1/bg.png", "profile_background_tile": false, "profile_image_url": "http://pbs.twimg.com/profile_images/651573028531347456/GazBm8DJ_normal.jpg", "profile_image_url_https": "https://pbs.twimg.com/profile_images/651573028531347456/GazBm8DJ_normal.jpg", "profile_link_color": "FFCC4D", "profile_sidebar_border_color": "000000", "profile_sidebar_fill_color": "000000", "profile_text_color": "000000", "profile_use_background_image": false, "has_extended_profile": true, "default_profile": false, "default_profile_image": false, "following": false, "follow_request_sent": false, "notifications": false, "translator_type": "none", "withheld_in_countries": []}, "geo": null, "coordinates": null, "place": null, "contributors": null, "is_quote_status": false, "retweet_count": 0, "favorite_count": 0, "favorited": false, "retweeted": false, "possibly_sensitive": false, "lang": "en"}