{"created_at": "Sun Jul 02 19:36:41 +0000 2017", "id": 881597515497385986, "id_str": "881597515497385986", "text": "BREAKING: Meryl Streep Just Got Fired From A Major Project For Lying About Trump https://t.co/xDJRWxb27a", "truncated": false, "entities": {"hashtags": [], "symbols": [], "user_mentions": [], "urls": [{"url": "https://t.co/xDJRWxb27a", "expanded_url": "http://newsfeedhunter.com/meryl-streep-just-got-fired-from-a-major-project-for-lying-about-trump/", "display_url": "newsfeedhunter.com/meryl-streep-j\u2026", "indices": [81, 104]}]}, "source": "<a href=\"http://twitter.com\" rel=\"nofollow\">Twitter Web Client</a>", "in_reply_to_status_id": null, "in_reply_to_status_id_str": null, "in_reply_to_user_id": null, "in_reply_to_user_id_str": null, "in_reply_to_screen_name": null, "user": {"id": 16898084, "id_str": "16898084", "name": "goatman42749", "screen_name": "goatman42749", "location": "horse cave ky 42749", "description": "76  yrs young.retired oldfart,some fraging..tea party member fighting  cancer", "url": null, "entities": {"description": {"urls": []}}, "protected": false, "followers_count": 348, "friends_count": 441, "listed_count": 39, "created_at": "Wed Oct 22 01:38:29 +0000 2008", "favourites_count": 227, "utc_offset": null, "time_zone": null, "geo_enabled": false, "verified": false, "statuses_count": 111240, "lang": null, "contributors_enabled": false, "is_translator": false, "is_translation_enabled": false, "profile_background_color": "C70B0C", "profile_background_image_url": "http://abs.twimg.com/images/themes/theme1/bg.png", "profile_background_image_url_https": "https://abs.twimg.com/images/themes/theme1/bg.png", "profile_background_tile": true, "profile_image_url": "http://pbs.twimg.com/profile_images/890914733863436288/Pu3bFPOo_normal.jpg", "profile_image_url_https": "https://pbs.twimg.com/profile_images/890914733863436288/Pu3bFPOo_normal.jpg", "profile_link_color": "C70B0C", "profile_sidebar_border_color": "FFFFFF", "profile_sidebar_fill_color": "FFFFFF", "profile_text_color": "2740BA", "profile_use_background_image": true, "has_extended_profile": true, "default_profile": false, "default_profile_image": false, "following": false, "follow_request_sent": false, "notifications": false, "translator_type": "none", "withheld_in_countries": []}, "geo": null, "coordinates": null, "place": null, "contributors": null, "is_quote_status": false, "retweet_count": 0, "favorite_count": 1, "favorited": false, "retweeted": false, "possibly_sensitive": false, "lang": "en"}