{"created_at": "Thu Jul 06 22:18:57 +0000 2017", "id": 883087903215235074, "id_str": "883087903215235074", "text": "BREAKING: Meryl Streep Just Got Fired From A Major Project For Lying About Trump https://t.co/KwSKrlh9qI", "truncated": false, "entities": {"hashtags": [], "symbols": [], "user_mentions": [], "urls": [{"url": "https://t.co/KwSKrlh9qI", "expanded_url": "http://newsfeedhunter.com/meryl-streep-just-got-fired-from-a-major-project-for-lying-about-trump/", "display_url": "newsfeedhunter.com/meryl-streep-j\u2026", "indices": [81, 104]}]}, "source": "<a href=\"http://twitter.com\" rel=\"nofollow\">Twitter Web Client</a>", "in_reply_to_status_id": null, "in_reply_to_status_id_str": null, "in_reply_to_user_id": null, "in_reply_to_user_id_str": null, "in_reply_to_screen_name": null, "user": {"id": 31771801, "id_str": "31771801", "name": "Katina Alcola", "screen_name": "MtnLady2", "location": "", "description": "parent, liberty lover", "url": null, "entities": {"description": {"urls": []}}, "protected": false, "followers_count": 20, "friends_count": 178, "listed_count": 1, "created_at": "Thu Apr 16 13:08:34 +0000 2009", "favourites_count": 1111, "utc_offset": null, "time_zone": null, "geo_enabled": false, "verified": false, "statuses_count": 2200, "lang": null, "contributors_enabled": false, "is_translator": false, "is_translation_enabled": false, "profile_background_color": "000000", "profile_background_image_url": "http://abs.twimg.com/images/themes/theme4/bg.gif", "profile_background_image_url_https": "https://abs.twimg.com/images/themes/theme4/bg.gif", "profile_background_tile": false, "profile_image_url": "http://abs.twimg.com/sticky/default_profile_images/default_profile_normal.png", "profile_image_url_https": "https://abs.twimg.com/sticky/default_profile_images/default_profile_normal.png", "profile_link_color": "981CEB", "profile_sidebar_border_color": "000000", "profile_sidebar_fill_color": "000000", "profile_text_color": "000000", "profile_use_background_image": false, "has_extended_profile": true, "default_profile": false, "default_profile_image": true, "following": false, "follow_request_sent": false, "notifications": false, "translator_type": "none", "withheld_in_countries": []}, "geo": null, "coordinates": null, "place": null, "contributors": null, "is_quote_status": false, "retweet_count": 0, "favorite_count": 0, "favorited": false, "retweeted": false, "possibly_sensitive": false, "lang": "en"}