{"created_at": "Fri Jul 07 14:52:46 +0000 2017", "id": 883338004261220353, "id_str": "883338004261220353", "text": "BREAKING: Meryl Streep Just Got Fired From A Major Project For Lying About Trump https://t.co/r6m67CUEiE", "truncated": false, "entities": {"hashtags": [], "symbols": [], "user_mentions": [], "urls": [{"url": "https://t.co/r6m67CUEiE", "expanded_url": "http://newsfeedhunter.com/meryl-streep-just-got-fired-from-a-major-project-for-lying-about-trump/", "display_url": "newsfeedhunter.com/meryl-streep-j\u2026", "indices": [81, 104]}]}, "source": "<a href=\"http://twitter.com/#!/download/ipad\" rel=\"nofollow\">Twitter for iPad</a>", "in_reply_to_status_id": null, "in_reply_to_status_id_str": null, "in_reply_to_user_id": null, "in_reply_to_user_id_str": null, "in_reply_to_screen_name": null, "user": {"id": 2869432039, "id_str": "2869432039", "name": "MR", "screen_name": "MrMreardon23", "location": "", "description": "America is in Distress. \ud83c\udd98 \u271d\ufe0f \ud83d\ude4f\ud83d\udc4c\u2721  #TrumpWon #MAGA \ud83c\uddfa\ud83c\uddf8 #KAG. I support President Trump and Vice-President Pence.", "url": null, "entities": {"description": {"urls": []}}, "protected": false, "followers_count": 318, "friends_count": 369, "listed_count": 12, "created_at": "Tue Oct 21 20:20:34 +0000 2014", "favourites_count": 11868, "utc_offset": null, "time_zone": null, "geo_enabled": false, "verified": false, "statuses_count": 22059, "lang": null, "contributors_enabled": false, "is_translator": false, "is_translation_enabled": false, "profile_background_color": "C0DEED", "profile_background_image_url": "http://abs.twimg.com/images/themes/theme1/bg.png", "profile_background_image_url_https": "https://abs.twimg.com/images/themes/theme1/bg.png", "profile_background_tile": false, "profile_image_url": "http://pbs.twimg.com/profile_images/1334512515829653505/_OAT9Vfk_normal.jpg", "profile_image_url_https": "https://pbs.twimg.com/profile_images/1334512515829653505/_OAT9Vfk_normal.jpg", "profile_banner_url": "https://pbs.twimg.com/profile_banners/2869432039/1494114930", "profile_link_color": "1DA1F2", "profile_sidebar_border_color": "C0DEED", "profile_sidebar_fill_color": "DDEEF6", "profile_text_color": "333333", "profile_use_background_image": true, "has_extended_profile": false, "default_profile": true, "default_profile_image": false, "following": false, "follow_request_sent": false, "notifications": false, "translator_type": "none", "withheld_in_countries": []}, "geo": null, "coordinates": null, "place": null, "contributors": null, "is_quote_status": false, "retweet_count": 0, "favorite_count": 0, "favorited": false, "retweeted": false, "possibly_sensitive": false, "lang": "en"}