{"created_at": "Tue Jul 25 13:12:06 +0000 2017", "id": 889835652237447168, "id_str": "889835652237447168", "text": "BREAKING: Meryl Streep Just Got Fired From A Major Project For Lying About Trump https://t.co/8uimhLNTg4", "truncated": false, "entities": {"hashtags": [], "symbols": [], "user_mentions": [], "urls": [{"url": "https://t.co/8uimhLNTg4", "expanded_url": "http://newsfeedobserver.com/meryl-streep-just-got-fired-from-a-major-project-for-lying-about-trump/", "display_url": "newsfeedobserver.com/meryl-streep-j\u2026", "indices": [81, 104]}]}, "source": "<a href=\"http://twitter.com\" rel=\"nofollow\">Twitter Web Client</a>", "in_reply_to_status_id": null, "in_reply_to_status_id_str": null, "in_reply_to_user_id": null, "in_reply_to_user_id_str": null, "in_reply_to_screen_name": null, "user": {"id": 1467245395, "id_str": "1467245395", "name": "DeAnna Odom", "screen_name": "SpiritYah", "location": "", "description": "Happily married to the love of my life! Trump Supporter, Freedom Thinker, Thankful to my heavenly Father always! \ud83d\udeab DM\u2019s \ud83d\udeabLists", "url": null, "entities": {"description": {"urls": []}}, "protected": false, "followers_count": 312, "friends_count": 463, "listed_count": 0, "created_at": "Wed May 29 13:05:01 +0000 2013", "favourites_count": 19128, "utc_offset": null, "time_zone": null, "geo_enabled": false, "verified": false, "statuses_count": 10090, "lang": null, "contributors_enabled": false, "is_translator": false, "is_translation_enabled": false, "profile_background_color": "C0DEED", "profile_background_image_url": "http://abs.twimg.com/images/themes/theme1/bg.png", "profile_background_image_url_https": "https://abs.twimg.com/images/themes/theme1/bg.png", "profile_background_tile": false, "profile_image_url": "http://pbs.twimg.com/profile_images/3727309956/14bcfdfa43f8d1a03003352c62c36d51_normal.jpeg", "profile_image_url_https": "https://pbs.twimg.com/profile_images/3727309956/14bcfdfa43f8d1a03003352c62c36d51_normal.jpeg", "profile_link_color": "1DA1F2", "profile_sidebar_border_color": "C0DEED", "profile_sidebar_fill_color": "DDEEF6", "profile_text_color": "333333", "profile_use_background_image": true, "has_extended_profile": false, "default_profile": true, "default_profile_image": false, "following": false, "follow_request_sent": false, "notifications": false, "translator_type": "none", "withheld_in_countries": []}, "geo": null, "coordinates": null, "place": null, "contributors": null, "is_quote_status": false, "retweet_count": 0, "favorite_count": 0, "favorited": false, "retweeted": false, "possibly_sensitive": false, "lang": "en"}