{"created_at": "Mon Sep 04 17:08:03 +0000 2017", "id": 904752935296352257, "id_str": "904752935296352257", "text": "Pregnant Kate Middleton Hit With Cocaine Bombshell: Kate Middleton and her husband Prince William,\u2026 https://t.co/Gj5veYwJvN #RadarOnline", "truncated": false, "entities": {"hashtags": [{"text": "RadarOnline", "indices": [124, 136]}], "symbols": [], "user_mentions": [], "urls": [{"url": "https://t.co/Gj5veYwJvN", "expanded_url": "http://dlvr.it/PklSNx", "display_url": "dlvr.it/PklSNx", "indices": [100, 123]}]}, "source": "<a href=\"https://dlvrit.com/\" rel=\"nofollow\">dlvr.it</a>", "in_reply_to_status_id": null, "in_reply_to_status_id_str": null, "in_reply_to_user_id": null, "in_reply_to_user_id_str": null, "in_reply_to_screen_name": null, "user": {"id": 277600246, "id_str": "277600246", "name": "Gossip Bucket", "screen_name": "GossipBucket", "location": "Hollywood, CA", "description": "The ultimate celebrity news aggregator. Gossip Bucket is a big swirling bucket of the latest celebrity news, hollywood gossip and trending articles.", "url": "http://t.co/X1ZULfXn1q", "entities": {"url": {"urls": [{"url": "http://t.co/X1ZULfXn1q", "expanded_url": "http://gossipbucket.com", "display_url": "gossipbucket.com", "indices": [0, 22]}]}, "description": {"urls": []}}, "protected": false, "followers_count": 709, "friends_count": 2476, "listed_count": 20, "created_at": "Tue Apr 05 18:03:20 +0000 2011", "favourites_count": 268, "utc_offset": null, "time_zone": null, "geo_enabled": false, "verified": false, "statuses_count": 120376, "lang": null, "contributors_enabled": false, "is_translator": false, "is_translation_enabled": false, "profile_background_color": "FF6699", "profile_background_image_url": "http://abs.twimg.com/images/themes/theme11/bg.gif", "profile_background_image_url_https": "https://abs.twimg.com/images/themes/theme11/bg.gif", "profile_background_tile": true, "profile_image_url": "http://pbs.twimg.com/profile_images/968576440529760256/OWI6dPUq_normal.jpg", "profile_image_url_https": "https://pbs.twimg.com/profile_images/968576440529760256/OWI6dPUq_normal.jpg", "profile_banner_url": "https://pbs.twimg.com/profile_banners/277600246/1575051128", "profile_link_color": "B40B43", "profile_sidebar_border_color": "CC3366", "profile_sidebar_fill_color": "E5507E", "profile_text_color": "362720", "profile_use_background_image": true, "has_extended_profile": false, "default_profile": false, "default_profile_image": false, "following": false, "follow_request_sent": false, "notifications": false, "translator_type": "none", "withheld_in_countries": []}, "geo": null, "coordinates": null, "place": null, "contributors": null, "is_quote_status": false, "retweet_count": 0, "favorite_count": 0, "favorited": false, "retweeted": false, "possibly_sensitive": false, "lang": "en"}