{"created_at": "Mon Sep 04 16:30:40 +0000 2017", "id": 904743526629560320, "id_str": "904743526629560320", "text": "Pregnant Kate Middleton Hit With Cocaine Bombshell https://t.co/GmoMddn0Ti", "truncated": false, "entities": {"hashtags": [], "symbols": [], "user_mentions": [], "urls": [{"url": "https://t.co/GmoMddn0Ti", "expanded_url": "http://ift.tt/2gGrj4k", "display_url": "ift.tt/2gGrj4k", "indices": [51, 74]}]}, "source": "<a href=\"https://ifttt.com\" rel=\"nofollow\">IFTTT</a>", "in_reply_to_status_id": null, "in_reply_to_status_id_str": null, "in_reply_to_user_id": null, "in_reply_to_user_id_str": null, "in_reply_to_screen_name": null, "user": {"id": 834926037578371072, "id_str": "834926037578371072", "name": "Newsini", "screen_name": "NewsiniApp", "location": "", "description": "", "url": "https://t.co/DgjhDEo5DE", "entities": {"url": {"urls": [{"url": "https://t.co/DgjhDEo5DE", "expanded_url": "http://NEWSiNi.com", "display_url": "NEWSiNi.com", "indices": [0, 23]}]}, "description": {"urls": []}}, "protected": false, "followers_count": 46, "friends_count": 0, "listed_count": 1, "created_at": "Fri Feb 24 00:40:54 +0000 2017", "favourites_count": 0, "utc_offset": null, "time_zone": null, "geo_enabled": false, "verified": false, "statuses_count": 127536, "lang": null, "contributors_enabled": false, "is_translator": false, "is_translation_enabled": false, "profile_background_color": "F5F8FA", "profile_background_image_url": null, "profile_background_image_url_https": null, "profile_background_tile": false, "profile_image_url": "http://pbs.twimg.com/profile_images/834927121227108352/LI5Ktg_V_normal.jpg", "profile_image_url_https": "https://pbs.twimg.com/profile_images/834927121227108352/LI5Ktg_V_normal.jpg", "profile_link_color": "1DA1F2", "profile_sidebar_border_color": "C0DEED", "profile_sidebar_fill_color": "DDEEF6", "profile_text_color": "333333", "profile_use_background_image": true, "has_extended_profile": false, "default_profile": true, "default_profile_image": false, "following": false, "follow_request_sent": false, "notifications": false, "translator_type": "none", "withheld_in_countries": []}, "geo": null, "coordinates": null, "place": null, "contributors": null, "is_quote_status": false, "retweet_count": 0, "favorite_count": 0, "favorited": false, "retweeted": false, "possibly_sensitive": false, "lang": "en"}