{"created_at": "Mon Sep 04 15:42:40 +0000 2017", "id": 904731447235371008, "id_str": "904731447235371008", "text": "Pregnant Kate Middleton Hit With Cocaine Bombshell https://t.co/itAq3m3ZvG #Gossip #Buzz", "truncated": false, "entities": {"hashtags": [{"text": "Gossip", "indices": [75, 82]}, {"text": "Buzz", "indices": [83, 88]}], "symbols": [], "user_mentions": [], "urls": [{"url": "https://t.co/itAq3m3ZvG", "expanded_url": "https://goo.gl/fb/N8LMZH", "display_url": "goo.gl/fb/N8LMZH", "indices": [51, 74]}]}, "source": "<a href=\"https://www.google.com/\" rel=\"nofollow\">Google</a>", "in_reply_to_status_id": null, "in_reply_to_status_id_str": null, "in_reply_to_user_id": null, "in_reply_to_user_id_str": null, "in_reply_to_screen_name": null, "user": {"id": 155167307, "id_str": "155167307", "name": "Who wants to know", "screen_name": "WhoWants2Qnow", "location": "Planet Earth", "description": "You really want to know. 'aye?? Keep guessing would be also an option. Or searching...", "url": "http://t.co/S9UKWg1jRG", "entities": {"url": {"urls": [{"url": "http://t.co/S9UKWg1jRG", "expanded_url": "http://www.who-wants-2know.com/", "display_url": "who-wants-2know.com", "indices": [0, 22]}]}, "description": {"urls": []}}, "protected": false, "followers_count": 298, "friends_count": 179, "listed_count": 10, "created_at": "Sun Jun 13 09:18:15 +0000 2010", "favourites_count": 2, "utc_offset": null, "time_zone": null, "geo_enabled": false, "verified": false, "statuses_count": 62005, "lang": null, "contributors_enabled": false, "is_translator": false, "is_translation_enabled": false, "profile_background_color": "490A3D", "profile_background_image_url": "http://abs.twimg.com/images/themes/theme1/bg.png", "profile_background_image_url_https": "https://abs.twimg.com/images/themes/theme1/bg.png", "profile_background_tile": true, "profile_image_url": "http://pbs.twimg.com/profile_images/3306579774/68500524a8592377682bdd81567ed727_normal.jpeg", "profile_image_url_https": "https://pbs.twimg.com/profile_images/3306579774/68500524a8592377682bdd81567ed727_normal.jpeg", "profile_banner_url": "https://pbs.twimg.com/profile_banners/155167307/1431368803", "profile_link_color": "E97F02", "profile_sidebar_border_color": "8A9B0F", "profile_sidebar_fill_color": "F8CA00", "profile_text_color": "BD1550", "profile_use_background_image": true, "has_extended_profile": false, "default_profile": false, "default_profile_image": false, "following": false, "follow_request_sent": false, "notifications": false, "translator_type": "none", "withheld_in_countries": []}, "geo": null, "coordinates": null, "place": null, "contributors": null, "is_quote_status": false, "retweet_count": 0, "favorite_count": 0, "favorited": false, "retweeted": false, "possibly_sensitive": false, "lang": "en"}