{"created_at": "Mon Sep 04 15:33:06 +0000 2017", "id": 904729039491010563, "id_str": "904729039491010563", "text": "Pregnant Kate Middleton Hit With Cocaine Bombshell https://t.co/WjUMZlW20j", "truncated": false, "entities": {"hashtags": [], "symbols": [], "user_mentions": [], "urls": [{"url": "https://t.co/WjUMZlW20j", "expanded_url": "http://ift.tt/2gyqpU7", "display_url": "ift.tt/2gyqpU7", "indices": [51, 74]}]}, "source": "<a href=\"https://ifttt.com\" rel=\"nofollow\">IFTTT</a>", "in_reply_to_status_id": null, "in_reply_to_status_id_str": null, "in_reply_to_user_id": null, "in_reply_to_user_id_str": null, "in_reply_to_screen_name": null, "user": {"id": 725318318, "id_str": "725318318", "name": "Celebrity&Tech News", "screen_name": "CelebTechNews", "location": "Around the World", "description": "News (and some more news)\n#StayHome", "url": null, "entities": {"description": {"urls": []}}, "protected": false, "followers_count": 1399, "friends_count": 6, "listed_count": 251, "created_at": "Mon Jul 30 04:58:44 +0000 2012", "favourites_count": 0, "utc_offset": null, "time_zone": null, "geo_enabled": false, "verified": false, "statuses_count": 602740, "lang": null, "contributors_enabled": false, "is_translator": false, "is_translation_enabled": true, "profile_background_color": "131516", "profile_background_image_url": "http://abs.twimg.com/images/themes/theme14/bg.gif", "profile_background_image_url_https": "https://abs.twimg.com/images/themes/theme14/bg.gif", "profile_background_tile": true, "profile_image_url": "http://pbs.twimg.com/profile_images/2494665845/eku1ywnpg7gx8n08yf82_normal.jpeg", "profile_image_url_https": "https://pbs.twimg.com/profile_images/2494665845/eku1ywnpg7gx8n08yf82_normal.jpeg", "profile_link_color": "000000", "profile_sidebar_border_color": "EEEEEE", "profile_sidebar_fill_color": "EFEFEF", "profile_text_color": "333333", "profile_use_background_image": true, "has_extended_profile": false, "default_profile": false, "default_profile_image": false, "following": false, "follow_request_sent": false, "notifications": false, "translator_type": "none", "withheld_in_countries": []}, "geo": null, "coordinates": null, "place": null, "contributors": null, "is_quote_status": false, "retweet_count": 0, "favorite_count": 0, "favorited": false, "retweeted": false, "possibly_sensitive": false, "lang": "en"}