{"created_at": "Mon Sep 04 16:55:07 +0000 2017", "id": 904749677119135744, "id_str": "904749677119135744", "text": "Pregnant Kate Middleton Hit With Cocaine Bombshell https://t.co/oKlYasI76w https://t.co/ueBxN9KjWu", "truncated": false, "entities": {"hashtags": [], "symbols": [], "user_mentions": [], "urls": [{"url": "https://t.co/oKlYasI76w", "expanded_url": "http://dlvr.it/PklL34", "display_url": "dlvr.it/PklL34", "indices": [51, 74]}], "media": [{"id": 904749673298051073, "id_str": "904749673298051073", "indices": [75, 98], "media_url": "http://pbs.twimg.com/media/DI5RCMeUwAEJV0-.jpg", "media_url_https": "https://pbs.twimg.com/media/DI5RCMeUwAEJV0-.jpg", "url": "https://t.co/ueBxN9KjWu", "display_url": "pic.twitter.com/ueBxN9KjWu", "expanded_url": "https://twitter.com/trueorgossip/status/904749677119135744/photo/1", "type": "photo", "sizes": {"thumb": {"w": 150, "h": 150, "resize": "crop"}, "small": {"w": 300, "h": 191, "resize": "fit"}, "large": {"w": 300, "h": 191, "resize": "fit"}, "medium": {"w": 300, "h": 191, "resize": "fit"}}}]}, "extended_entities": {"media": [{"id": 904749673298051073, "id_str": "904749673298051073", "indices": [75, 98], "media_url": "http://pbs.twimg.com/media/DI5RCMeUwAEJV0-.jpg", "media_url_https": "https://pbs.twimg.com/media/DI5RCMeUwAEJV0-.jpg", "url": "https://t.co/ueBxN9KjWu", "display_url": "pic.twitter.com/ueBxN9KjWu", "expanded_url": "https://twitter.com/trueorgossip/status/904749677119135744/photo/1", "type": "photo", "sizes": {"thumb": {"w": 150, "h": 150, "resize": "crop"}, "small": {"w": 300, "h": 191, "resize": "fit"}, "large": {"w": 300, "h": 191, "resize": "fit"}, "medium": {"w": 300, "h": 191, "resize": "fit"}}}]}, "source": "<a href=\"https://dlvrit.com/\" rel=\"nofollow\">dlvr.it</a>", "in_reply_to_status_id": null, "in_reply_to_status_id_str": null, "in_reply_to_user_id": null, "in_reply_to_user_id_str": null, "in_reply_to_screen_name": null, "user": {"id": 58719077, "id_str": "58719077", "name": "Trueorgossip", "screen_name": "trueorgossip", "location": "", "description": "Daily Gossip and truths.", "url": "https://t.co/EdEYQmliQQ", "entities": {"url": {"urls": [{"url": "https://t.co/EdEYQmliQQ", "expanded_url": "http://trueorgossip.com", "display_url": "trueorgossip.com", "indices": [0, 23]}]}, "description": {"urls": []}}, "protected": false, "followers_count": 73, "friends_count": 282, "listed_count": 0, "created_at": "Tue Jul 21 05:53:24 +0000 2009", "favourites_count": 0, "utc_offset": null, "time_zone": null, "geo_enabled": false, "verified": false, "statuses_count": 16008, "lang": null, "contributors_enabled": false, "is_translator": false, "is_translation_enabled": false, "profile_background_color": "F5FAFA", "profile_background_image_url": "http://abs.twimg.com/images/themes/theme1/bg.png", "profile_background_image_url_https": "https://abs.twimg.com/images/themes/theme1/bg.png", "profile_background_tile": false, "profile_image_url": "http://pbs.twimg.com/profile_images/886107427321655297/imT1fRZl_normal.jpg", "profile_image_url_https": "https://pbs.twimg.com/profile_images/886107427321655297/imT1fRZl_normal.jpg", "profile_banner_url": "https://pbs.twimg.com/profile_banners/58719077/1500099439", "profile_link_color": "0084B4", "profile_sidebar_border_color": "BDDCAD", "profile_sidebar_fill_color": "DDFFCC", "profile_text_color": "333333", "profile_use_background_image": false, "has_extended_profile": false, "default_profile": false, "default_profile_image": false, "following": false, "follow_request_sent": false, "notifications": false, "translator_type": "none", "withheld_in_countries": []}, "geo": null, "coordinates": null, "place": null, "contributors": null, "is_quote_status": false, "retweet_count": 0, "favorite_count": 0, "favorited": false, "retweeted": false, "possibly_sensitive": false, "lang": "en"}