{"created_at": "Mon Sep 04 15:47:23 +0000 2017", "id": 904732633992704000, "id_str": "904732633992704000", "text": "Pregnant Kate Middleton Hit With Cocaine\u00a0Bombshell https://t.co/bOyeCtNvuV https://t.co/dSf8X73Rq4", "truncated": false, "entities": {"hashtags": [], "symbols": [], "user_mentions": [], "urls": [{"url": "https://t.co/bOyeCtNvuV", "expanded_url": "http://hollywoodgossip.mb4uli.com/pregnant-kate-middleton-hit-with-cocaine-bombshell/", "display_url": "hollywoodgossip.mb4uli.com/pregnant-kate-\u2026", "indices": [51, 74]}], "media": [{"id": 904732631530594304, "id_str": "904732631530594304", "indices": [75, 98], "media_url": "http://pbs.twimg.com/media/DI5BiO8V4AAGQ-p.jpg", "media_url_https": "https://pbs.twimg.com/media/DI5BiO8V4AAGQ-p.jpg", "url": "https://t.co/dSf8X73Rq4", "display_url": "pic.twitter.com/dSf8X73Rq4", "expanded_url": "https://twitter.com/mb4uli/status/904732633992704000/photo/1", "type": "photo", "sizes": {"thumb": {"w": 150, "h": 150, "resize": "crop"}, "small": {"w": 680, "h": 433, "resize": "fit"}, "large": {"w": 1024, "h": 652, "resize": "fit"}, "medium": {"w": 1024, "h": 652, "resize": "fit"}}}]}, "extended_entities": {"media": [{"id": 904732631530594304, "id_str": "904732631530594304", "indices": [75, 98], "media_url": "http://pbs.twimg.com/media/DI5BiO8V4AAGQ-p.jpg", "media_url_https": "https://pbs.twimg.com/media/DI5BiO8V4AAGQ-p.jpg", "url": "https://t.co/dSf8X73Rq4", "display_url": "pic.twitter.com/dSf8X73Rq4", "expanded_url": "https://twitter.com/mb4uli/status/904732633992704000/photo/1", "type": "photo", "sizes": {"thumb": {"w": 150, "h": 150, "resize": "crop"}, "small": {"w": 680, "h": 433, "resize": "fit"}, "large": {"w": 1024, "h": 652, "resize": "fit"}, "medium": {"w": 1024, "h": 652, "resize": "fit"}}}]}, "source": "<a href=\"http://publicize.wp.com/\" rel=\"nofollow\">WordPress.com</a>", "in_reply_to_status_id": null, "in_reply_to_status_id_str": null, "in_reply_to_user_id": null, "in_reply_to_user_id_str": null, "in_reply_to_screen_name": null, "user": {"id": 53629904, "id_str": "53629904", "name": "Uli Schaefer", "screen_name": "mb4uli", "location": "Germany", "description": "http://t.co/RV7Wo9ssNw", "url": "https://t.co/zagGKJBiNV", "entities": {"url": {"urls": [{"url": "https://t.co/zagGKJBiNV", "expanded_url": "http://www.xtremesportsltd.com", "display_url": "xtremesportsltd.com", "indices": [0, 23]}]}, "description": {"urls": [{"url": "http://t.co/RV7Wo9ssNw", "expanded_url": "http://www.diveandmore.com", "display_url": "diveandmore.com", "indices": [0, 22]}]}}, "protected": false, "followers_count": 781, "friends_count": 1894, "listed_count": 161, "created_at": "Sat Jul 04 08:28:58 +0000 2009", "favourites_count": 1, "utc_offset": null, "time_zone": null, "geo_enabled": false, "verified": false, "statuses_count": 507870, "lang": null, "contributors_enabled": false, "is_translator": false, "is_translation_enabled": false, "profile_background_color": "642D8B", "profile_background_image_url": "http://abs.twimg.com/images/themes/theme10/bg.gif", "profile_background_image_url_https": "https://abs.twimg.com/images/themes/theme10/bg.gif", "profile_background_tile": true, "profile_image_url": "http://pbs.twimg.com/profile_images/296715783/Uli-3_normal.JPG", "profile_image_url_https": "https://pbs.twimg.com/profile_images/296715783/Uli-3_normal.JPG", "profile_link_color": "FF0000", "profile_sidebar_border_color": "65B0DA", "profile_sidebar_fill_color": "7AC3EE", "profile_text_color": "3D1957", "profile_use_background_image": true, "has_extended_profile": false, "default_profile": false, "default_profile_image": false, "following": false, "follow_request_sent": false, "notifications": false, "translator_type": "none", "withheld_in_countries": []}, "geo": null, "coordinates": null, "place": null, "contributors": null, "is_quote_status": false, "retweet_count": 0, "favorite_count": 0, "favorited": false, "retweeted": false, "possibly_sensitive": false, "lang": "en"}