{"created_at": "Mon Sep 04 21:34:50 +0000 2017", "id": 904820071427710976, "id_str": "904820071427710976", "text": "Pregnant kate middleton hit with #cocaine bombshell. #hospital #drug https://t.co/PqVlw5Ln71 https://t.co/oH9XFWxxik https://t.co/R988ZPGmCF", "truncated": false, "entities": {"hashtags": [{"text": "cocaine", "indices": [33, 41]}, {"text": "hospital", "indices": [53, 62]}, {"text": "drug", "indices": [63, 68]}], "symbols": [], "user_mentions": [], "urls": [{"url": "https://t.co/PqVlw5Ln71", "expanded_url": "http://Newspaper.St/Read/111335006/", "display_url": "Newspaper.St/Read/111335006/", "indices": [69, 92]}, {"url": "https://t.co/oH9XFWxxik", "expanded_url": "https://twitter.com/Newspaper_St/status/904818923031248897/photo/1", "display_url": "pic.twitter.com/oH9XFWxxik", "indices": [93, 116]}], "media": [{"id": 904820067510169601, "id_str": "904820067510169601", "indices": [117, 140], "media_url": "http://pbs.twimg.com/media/DI6RDrWWsAEDa87.jpg", "media_url_https": "https://pbs.twimg.com/media/DI6RDrWWsAEDa87.jpg", "url": "https://t.co/R988ZPGmCF", "display_url": "pic.twitter.com/R988ZPGmCF", "expanded_url": "https://twitter.com/JasonJackWatson/status/904820071427710976/photo/1", "type": "photo", "sizes": {"thumb": {"w": 150, "h": 150, "resize": "crop"}, "small": {"w": 400, "h": 220, "resize": "fit"}, "medium": {"w": 400, "h": 220, "resize": "fit"}, "large": {"w": 400, "h": 220, "resize": "fit"}}}]}, "extended_entities": {"media": [{"id": 904820067510169601, "id_str": "904820067510169601", "indices": [117, 140], "media_url": "http://pbs.twimg.com/media/DI6RDrWWsAEDa87.jpg", "media_url_https": "https://pbs.twimg.com/media/DI6RDrWWsAEDa87.jpg", "url": "https://t.co/R988ZPGmCF", "display_url": "pic.twitter.com/R988ZPGmCF", "expanded_url": "https://twitter.com/JasonJackWatson/status/904820071427710976/photo/1", "type": "photo", "sizes": {"thumb": {"w": 150, "h": 150, "resize": "crop"}, "small": {"w": 400, "h": 220, "resize": "fit"}, "medium": {"w": 400, "h": 220, "resize": "fit"}, "large": {"w": 400, "h": 220, "resize": "fit"}}}]}, "source": "<a href=\"https://ifttt.com\" rel=\"nofollow\">IFTTT</a>", "in_reply_to_status_id": null, "in_reply_to_status_id_str": null, "in_reply_to_user_id": null, "in_reply_to_user_id_str": null, "in_reply_to_screen_name": null, "user": {"id": 795431113338417152, "id_str": "795431113338417152", "name": "Jason J Watson", "screen_name": "JasonJackWatson", "location": "CA FL MA NV OH WV", "description": "#USSupportLLC is the best!", "url": null, "entities": {"description": {"urls": []}}, "protected": false, "followers_count": 241, "friends_count": 5, "listed_count": 4, "created_at": "Mon Nov 07 01:02:10 +0000 2016", "favourites_count": 7, "utc_offset": null, "time_zone": null, "geo_enabled": false, "verified": false, "statuses_count": 37454, "lang": null, "contributors_enabled": false, "is_translator": false, "is_translation_enabled": false, "profile_background_color": "F5F8FA", "profile_background_image_url": null, "profile_background_image_url_https": null, "profile_background_tile": false, "profile_image_url": "http://pbs.twimg.com/profile_images/831247771881467904/7RY8WNr7_normal.jpg", "profile_image_url_https": "https://pbs.twimg.com/profile_images/831247771881467904/7RY8WNr7_normal.jpg", "profile_banner_url": "https://pbs.twimg.com/profile_banners/795431113338417152/1487019906", "profile_link_color": "1DA1F2", "profile_sidebar_border_color": "C0DEED", "profile_sidebar_fill_color": "DDEEF6", "profile_text_color": "333333", "profile_use_background_image": true, "has_extended_profile": true, "default_profile": true, "default_profile_image": false, "following": false, "follow_request_sent": false, "notifications": false, "translator_type": "none", "withheld_in_countries": []}, "geo": null, "coordinates": null, "place": null, "contributors": null, "is_quote_status": false, "retweet_count": 0, "favorite_count": 0, "favorited": false, "retweeted": false, "possibly_sensitive": false, "lang": "en"}