{"created_at": "Tue Sep 05 15:35:16 +0000 2017", "id": 905091971139731456, "id_str": "905091971139731456", "text": "Kate Middleton \u201cHit With Cocaine Bombshell\u201d Is Fake\u00a0News https://t.co/yuS5kgkD8z https://t.co/xpglsg6v1Y", "truncated": false, "entities": {"hashtags": [], "symbols": [], "user_mentions": [], "urls": [{"url": "https://t.co/yuS5kgkD8z", "expanded_url": "http://celebstarznews.com/2017/09/kate-middleton-hit-with-cocaine-bombshell-is-fake-news/", "display_url": "celebstarznews.com/2017/09/kate-m\u2026", "indices": [57, 80]}], "media": [{"id": 905091969260560387, "id_str": "905091969260560387", "indices": [81, 104], "media_url": "http://pbs.twimg.com/media/DI-IWcTVoAM1lZF.jpg", "media_url_https": "https://pbs.twimg.com/media/DI-IWcTVoAM1lZF.jpg", "url": "https://t.co/xpglsg6v1Y", "display_url": "pic.twitter.com/xpglsg6v1Y", "expanded_url": "https://twitter.com/CelebStarzNews/status/905091971139731456/photo/1", "type": "photo", "sizes": {"thumb": {"w": 150, "h": 150, "resize": "crop"}, "large": {"w": 592, "h": 378, "resize": "fit"}, "medium": {"w": 592, "h": 378, "resize": "fit"}, "small": {"w": 592, "h": 378, "resize": "fit"}}}]}, "extended_entities": {"media": [{"id": 905091969260560387, "id_str": "905091969260560387", "indices": [81, 104], "media_url": "http://pbs.twimg.com/media/DI-IWcTVoAM1lZF.jpg", "media_url_https": "https://pbs.twimg.com/media/DI-IWcTVoAM1lZF.jpg", "url": "https://t.co/xpglsg6v1Y", "display_url": "pic.twitter.com/xpglsg6v1Y", "expanded_url": "https://twitter.com/CelebStarzNews/status/905091971139731456/photo/1", "type": "photo", "sizes": {"thumb": {"w": 150, "h": 150, "resize": "crop"}, "large": {"w": 592, "h": 378, "resize": "fit"}, "medium": {"w": 592, "h": 378, "resize": "fit"}, "small": {"w": 592, "h": 378, "resize": "fit"}}}]}, "source": "<a href=\"http://publicize.wp.com/\" rel=\"nofollow\">WordPress.com</a>", "in_reply_to_status_id": null, "in_reply_to_status_id_str": null, "in_reply_to_user_id": null, "in_reply_to_user_id_str": null, "in_reply_to_screen_name": null, "user": {"id": 754545110818426881, "id_str": "754545110818426881", "name": "CelebStarzNews", "screen_name": "CelebStarzNews", "location": "United States", "description": "The latest #entertainment & #music news #headlines & #highlights from #celebrity #gossip #travel #fashion #lifestyle #movie reviews & releases #followback", "url": null, "entities": {"description": {"urls": []}}, "protected": false, "followers_count": 4800, "friends_count": 4365, "listed_count": 550, "created_at": "Sun Jul 17 05:15:48 +0000 2016", "favourites_count": 13448, "utc_offset": null, "time_zone": null, "geo_enabled": true, "verified": false, "statuses_count": 142388, "lang": null, "contributors_enabled": false, "is_translator": false, "is_translation_enabled": false, "profile_background_color": "F5F8FA", "profile_background_image_url": null, "profile_background_image_url_https": null, "profile_background_tile": false, "profile_image_url": "http://pbs.twimg.com/profile_images/757074359425138688/QAue1UPF_normal.jpg", "profile_image_url_https": "https://pbs.twimg.com/profile_images/757074359425138688/QAue1UPF_normal.jpg", "profile_banner_url": "https://pbs.twimg.com/profile_banners/754545110818426881/1469335298", "profile_link_color": "1DA1F2", "profile_sidebar_border_color": "C0DEED", "profile_sidebar_fill_color": "DDEEF6", "profile_text_color": "333333", "profile_use_background_image": true, "has_extended_profile": false, "default_profile": true, "default_profile_image": false, "following": false, "follow_request_sent": false, "notifications": false, "translator_type": "none", "withheld_in_countries": []}, "geo": null, "coordinates": null, "place": null, "contributors": null, "is_quote_status": false, "retweet_count": 0, "favorite_count": 0, "favorited": false, "retweeted": false, "possibly_sensitive": false, "lang": "en"}