{"created_at": "Wed Sep 06 03:17:14 +0000 2017", "id": 905268628991430656, "id_str": "905268628991430656", "text": "Kate Middleton \u201cHit With Cocaine Bombshell\u201d Is Fake News\n\nBeautiful places: https://t.co/CUz4axCg0k https://t.co/RTkezr6UjF", "truncated": false, "entities": {"hashtags": [], "symbols": [], "user_mentions": [], "urls": [{"url": "https://t.co/CUz4axCg0k", "expanded_url": "https://thebeauty1102.jimdo.com/", "display_url": "thebeauty1102.jimdo.com", "indices": [76, 99]}], "media": [{"id": 905268588252200962, "id_str": "905268588252200962", "indices": [100, 123], "media_url": "http://pbs.twimg.com/media/DJAo_BUXgAI4qlY.jpg", "media_url_https": "https://pbs.twimg.com/media/DJAo_BUXgAI4qlY.jpg", "url": "https://t.co/RTkezr6UjF", "display_url": "pic.twitter.com/RTkezr6UjF", "expanded_url": "https://twitter.com/HotStart2017/status/905268628991430656/photo/1", "type": "photo", "sizes": {"thumb": {"w": 150, "h": 150, "resize": "crop"}, "large": {"w": 270, "h": 172, "resize": "fit"}, "small": {"w": 270, "h": 172, "resize": "fit"}, "medium": {"w": 270, "h": 172, "resize": "fit"}}}]}, "extended_entities": {"media": [{"id": 905268588252200962, "id_str": "905268588252200962", "indices": [100, 123], "media_url": "http://pbs.twimg.com/media/DJAo_BUXgAI4qlY.jpg", "media_url_https": "https://pbs.twimg.com/media/DJAo_BUXgAI4qlY.jpg", "url": "https://t.co/RTkezr6UjF", "display_url": "pic.twitter.com/RTkezr6UjF", "expanded_url": "https://twitter.com/HotStart2017/status/905268628991430656/photo/1", "type": "photo", "sizes": {"thumb": {"w": 150, "h": 150, "resize": "crop"}, "large": {"w": 270, "h": 172, "resize": "fit"}, "small": {"w": 270, "h": 172, "resize": "fit"}, "medium": {"w": 270, "h": 172, "resize": "fit"}}}]}, "source": "<a href=\"http://twitter.com\" rel=\"nofollow\">Twitter Web Client</a>", "in_reply_to_status_id": null, "in_reply_to_status_id_str": null, "in_reply_to_user_id": null, "in_reply_to_user_id_str": null, "in_reply_to_screen_name": null, "user": {"id": 827018305516941312, "id_str": "827018305516941312", "name": "HOT WORLD", "screen_name": "HOTWORLD68", "location": "", "description": "Update Hot News In the World .  \nFollow FOR Follow \nUnfollow FOR Unfollow", "url": "https://t.co/UqNMRUu7cg", "entities": {"url": {"urls": [{"url": "https://t.co/UqNMRUu7cg", "expanded_url": "https://beginstart2017.tumblr.com/", "display_url": "beginstart2017.tumblr.com", "indices": [0, 23]}]}, "description": {"urls": []}}, "protected": false, "followers_count": 3885, "friends_count": 4670, "listed_count": 0, "created_at": "Thu Feb 02 04:58:24 +0000 2017", "favourites_count": 37, "utc_offset": null, "time_zone": null, "geo_enabled": false, "verified": false, "statuses_count": 1347, "lang": null, "contributors_enabled": false, "is_translator": false, "is_translation_enabled": false, "profile_background_color": "000000", "profile_background_image_url": "http://abs.twimg.com/images/themes/theme1/bg.png", "profile_background_image_url_https": "https://abs.twimg.com/images/themes/theme1/bg.png", "profile_background_tile": false, "profile_image_url": "http://pbs.twimg.com/profile_images/827019088400576512/gtPm9eQQ_normal.jpg", "profile_image_url_https": "https://pbs.twimg.com/profile_images/827019088400576512/gtPm9eQQ_normal.jpg", "profile_banner_url": "https://pbs.twimg.com/profile_banners/827018305516941312/1489882249", "profile_link_color": "7FDBB6", "profile_sidebar_border_color": "000000", "profile_sidebar_fill_color": "000000", "profile_text_color": "000000", "profile_use_background_image": false, "has_extended_profile": true, "default_profile": false, "default_profile_image": false, "following": false, "follow_request_sent": false, "notifications": false, "translator_type": "none", "withheld_in_countries": []}, "geo": null, "coordinates": null, "place": null, "contributors": null, "is_quote_status": false, "retweet_count": 0, "favorite_count": 0, "favorited": false, "retweeted": false, "possibly_sensitive": false, "lang": "en"}