{"created_at": "Tue Feb 13 18:52:13 +0000 2018", "id": 963485983739084802, "id_str": "963485983739084802", "text": "Katy Perry &amp; Orlando Bloom Reportedly \u2018Back On\u2019 After \u2018Robsten\u2019 Parties Together In\u00a0LA https://t.co/GjsdDYPRid", "truncated": false, "entities": {"hashtags": [], "symbols": [], "user_mentions": [], "urls": [{"url": "https://t.co/GjsdDYPRid", "expanded_url": "http://viralstar.ml/2018/02/13/katy-perry-orlando-bloom-reportedly-back-on-after-robsten-parties-together-in-la/", "display_url": "viralstar.ml/2018/02/13/kat\u2026", "indices": [91, 114]}]}, "source": "<a href=\"http://publicize.wp.com/\" rel=\"nofollow\">WordPress.com</a>", "in_reply_to_status_id": null, "in_reply_to_status_id_str": null, "in_reply_to_user_id": null, "in_reply_to_user_id_str": null, "in_reply_to_screen_name": null, "user": {"id": 2216923358, "id_str": "2216923358", "name": "jonas", "screen_name": "2006_jonas", "location": "", "description": "\u0644\u0648 \u0623\u0639\u0645\u064a\u062a \u0627\u0644\u0623\u0628\u0635\u0627\u0631 \u0648\u0623\u063a\u0644\u0642\u062a \u0627\u0644\u0623\u0641\u0648\u0627\u0647\u060c \u0644\u0646 \u0646\u0633\u062a\u0633\u0644\u0645 \u0644\u0644\u0623\u0646\u0630\u0627\u0644", "url": null, "entities": {"description": {"urls": []}}, "protected": false, "followers_count": 50, "friends_count": 67, "listed_count": 3, "created_at": "Wed Nov 27 00:56:48 +0000 2013", "favourites_count": 1, "utc_offset": null, "time_zone": null, "geo_enabled": false, "verified": false, "statuses_count": 94175, "lang": null, "contributors_enabled": false, "is_translator": false, "is_translation_enabled": false, "profile_background_color": "C0DEED", "profile_background_image_url": "http://abs.twimg.com/images/themes/theme1/bg.png", "profile_background_image_url_https": "https://abs.twimg.com/images/themes/theme1/bg.png", "profile_background_tile": false, "profile_image_url": "http://pbs.twimg.com/profile_images/378800000795447379/8bb6527ea96bb5a3976dc76a09a14310_normal.jpeg", "profile_image_url_https": "https://pbs.twimg.com/profile_images/378800000795447379/8bb6527ea96bb5a3976dc76a09a14310_normal.jpeg", "profile_link_color": "1DA1F2", "profile_sidebar_border_color": "C0DEED", "profile_sidebar_fill_color": "DDEEF6", "profile_text_color": "333333", "profile_use_background_image": true, "has_extended_profile": false, "default_profile": true, "default_profile_image": false, "following": false, "follow_request_sent": false, "notifications": false, "translator_type": "none", "withheld_in_countries": []}, "geo": null, "coordinates": null, "place": null, "contributors": null, "is_quote_status": false, "retweet_count": 0, "favorite_count": 0, "favorited": false, "retweeted": false, "possibly_sensitive": false, "lang": "en"}