{"created_at": "Tue Feb 13 18:49:03 +0000 2018", "id": 963485184115990528, "id_str": "963485184115990528", "text": "Katy Perry &amp; Orlando Bloom Reportedly \u2018Back On\u2019 After \u2018Robsten\u2019 Parties Together In LA https://t.co/YXsieGyo8T", "truncated": false, "entities": {"hashtags": [], "symbols": [], "user_mentions": [], "urls": [{"url": "https://t.co/YXsieGyo8T", "expanded_url": "http://hollywoodlife.com/2018/02/13/katy-perry-orlando-bloom-back-together-relationship-rekindled-romance/?utm_source=dlvr.it&utm_medium=twitter", "display_url": "hollywoodlife.com/2018/02/13/kat\u2026", "indices": [91, 114]}]}, "source": "<a href=\"https://dlvrit.com/\" rel=\"nofollow\">dlvr.it</a>", "in_reply_to_status_id": null, "in_reply_to_status_id_str": null, "in_reply_to_user_id": null, "in_reply_to_user_id_str": null, "in_reply_to_screen_name": null, "user": {"id": 2826006152, "id_str": "2826006152", "name": "Katy Perry News", "screen_name": "KatyP3rryNews", "location": "", "description": "All Hot & Sexy News about @katyperry :)", "url": null, "entities": {"description": {"urls": []}}, "protected": false, "followers_count": 532, "friends_count": 503, "listed_count": 5, "created_at": "Mon Sep 22 09:29:51 +0000 2014", "favourites_count": 2, "utc_offset": null, "time_zone": null, "geo_enabled": false, "verified": false, "statuses_count": 47122, "lang": null, "contributors_enabled": false, "is_translator": false, "is_translation_enabled": false, "profile_background_color": "C0DEED", "profile_background_image_url": "http://abs.twimg.com/images/themes/theme1/bg.png", "profile_background_image_url_https": "https://abs.twimg.com/images/themes/theme1/bg.png", "profile_background_tile": false, "profile_image_url": "http://pbs.twimg.com/profile_images/513984254573678592/i4mEzzSl_normal.jpeg", "profile_image_url_https": "https://pbs.twimg.com/profile_images/513984254573678592/i4mEzzSl_normal.jpeg", "profile_banner_url": "https://pbs.twimg.com/profile_banners/2826006152/1411378363", "profile_link_color": "1DA1F2", "profile_sidebar_border_color": "C0DEED", "profile_sidebar_fill_color": "DDEEF6", "profile_text_color": "333333", "profile_use_background_image": true, "has_extended_profile": false, "default_profile": true, "default_profile_image": false, "following": false, "follow_request_sent": false, "notifications": false, "translator_type": "none", "withheld_in_countries": []}, "geo": null, "coordinates": null, "place": null, "contributors": null, "is_quote_status": false, "retweet_count": 0, "favorite_count": 0, "favorited": false, "retweeted": false, "possibly_sensitive": false, "lang": "en"}