{"created_at": "Tue Feb 13 18:56:08 +0000 2018", "id": 963486966535909379, "id_str": "963486966535909379", "text": "&lt;b&gt;Katy Perry&lt;/b&gt; &amp;amp; Orlando Bloom Reportedly &amp;#39;Back On&amp;#39; After &amp;#39;Robsten&amp;#39; Parties Together In LA https://t.co/HUrPUkZR4l", "truncated": false, "entities": {"hashtags": [], "symbols": [], "user_mentions": [], "urls": [{"url": "https://t.co/HUrPUkZR4l", "expanded_url": "http://ow.ly/N8TR100WOgF", "display_url": "ow.ly/N8TR100WOgF", "indices": [146, 169]}]}, "source": "<a href=\"http://www.hootsuite.com\" rel=\"nofollow\">Hootsuite</a>", "in_reply_to_status_id": null, "in_reply_to_status_id_str": null, "in_reply_to_user_id": null, "in_reply_to_user_id_str": null, "in_reply_to_screen_name": null, "user": {"id": 897210839689641985, "id_str": "897210839689641985", "name": "@KatyCatTribe", "screen_name": "KatyCatTribe", "location": "", "description": "Everything Katy Perry, as it happens. Join us and become a super fan!", "url": null, "entities": {"description": {"urls": []}}, "protected": false, "followers_count": 2480, "friends_count": 25, "listed_count": 2, "created_at": "Mon Aug 14 21:38:28 +0000 2017", "favourites_count": 23, "utc_offset": null, "time_zone": null, "geo_enabled": false, "verified": false, "statuses_count": 13151, "lang": null, "contributors_enabled": false, "is_translator": false, "is_translation_enabled": false, "profile_background_color": "F5F8FA", "profile_background_image_url": null, "profile_background_image_url_https": null, "profile_background_tile": false, "profile_image_url": "http://pbs.twimg.com/profile_images/897231927052181504/p_MMatTB_normal.jpg", "profile_image_url_https": "https://pbs.twimg.com/profile_images/897231927052181504/p_MMatTB_normal.jpg", "profile_banner_url": "https://pbs.twimg.com/profile_banners/897210839689641985/1502751839", "profile_link_color": "1DA1F2", "profile_sidebar_border_color": "C0DEED", "profile_sidebar_fill_color": "DDEEF6", "profile_text_color": "333333", "profile_use_background_image": true, "has_extended_profile": true, "default_profile": true, "default_profile_image": false, "following": false, "follow_request_sent": false, "notifications": false, "translator_type": "none", "withheld_in_countries": []}, "geo": null, "coordinates": null, "place": null, "contributors": null, "is_quote_status": false, "retweet_count": 0, "favorite_count": 0, "favorited": false, "retweeted": false, "possibly_sensitive": false, "lang": "en"}