{"created_at": "Tue Feb 13 19:05:22 +0000 2018", "id": 963489292294283264, "id_str": "963489292294283264", "text": "Katy Perry &amp; Orlando Bloom Reportedly \u2018Back On\u2019 After \u2018Robsten\u2019 Parties Together In\u00a0LA https://t.co/dYVH43mEQY", "truncated": false, "entities": {"hashtags": [], "symbols": [], "user_mentions": [], "urls": [{"url": "https://t.co/dYVH43mEQY", "expanded_url": "http://starfeed.890m.com/katy-perry-orlando-bloom-reportedly-back-on-after-robsten-parties-together-in-la/", "display_url": "starfeed.890m.com/katy-perry-orl\u2026", "indices": [91, 114]}]}, "source": "<a href=\"http://publicize.wp.com/\" rel=\"nofollow\">WordPress.com</a>", "in_reply_to_status_id": null, "in_reply_to_status_id_str": null, "in_reply_to_user_id": null, "in_reply_to_user_id_str": null, "in_reply_to_screen_name": null, "user": {"id": 927839603683336192, "id_str": "927839603683336192", "name": "StarFeed", "screen_name": "EnjoyStarfeed", "location": "", "description": "", "url": null, "entities": {"description": {"urls": []}}, "protected": false, "followers_count": 6, "friends_count": 91, "listed_count": 0, "created_at": "Tue Nov 07 10:06:14 +0000 2017", "favourites_count": 0, "utc_offset": null, "time_zone": null, "geo_enabled": false, "verified": false, "statuses_count": 12237, "lang": null, "contributors_enabled": false, "is_translator": false, "is_translation_enabled": false, "profile_background_color": "F5F8FA", "profile_background_image_url": null, "profile_background_image_url_https": null, "profile_background_tile": false, "profile_image_url": "http://pbs.twimg.com/profile_images/949876500165087239/wDPJMIFX_normal.jpg", "profile_image_url_https": "https://pbs.twimg.com/profile_images/949876500165087239/wDPJMIFX_normal.jpg", "profile_banner_url": "https://pbs.twimg.com/profile_banners/927839603683336192/1515303192", "profile_link_color": "1DA1F2", "profile_sidebar_border_color": "C0DEED", "profile_sidebar_fill_color": "DDEEF6", "profile_text_color": "333333", "profile_use_background_image": true, "has_extended_profile": false, "default_profile": true, "default_profile_image": false, "following": false, "follow_request_sent": false, "notifications": false, "translator_type": "none", "withheld_in_countries": []}, "geo": null, "coordinates": null, "place": null, "contributors": null, "is_quote_status": false, "retweet_count": 0, "favorite_count": 0, "favorited": false, "retweeted": false, "possibly_sensitive": false, "lang": "en"}