{"created_at": "Wed Feb 14 04:25:10 +0000 2018", "id": 963630169318658049, "id_str": "963630169318658049", "text": "Katy Perry &amp; Orlando Bloom Reportedly \u2018Back On\u2019 After \u2018Robsten\u2019 Parties Together In LA https://t.co/AaaXpw8AhG", "truncated": false, "entities": {"hashtags": [], "symbols": [], "user_mentions": [], "urls": [{"url": "https://t.co/AaaXpw8AhG", "expanded_url": "https://fb.me/WfLPijMR", "display_url": "fb.me/WfLPijMR", "indices": [91, 114]}]}, "source": "<a href=\"http://www.facebook.com/twitter\" rel=\"nofollow\">Facebook</a>", "in_reply_to_status_id": null, "in_reply_to_status_id_str": null, "in_reply_to_user_id": null, "in_reply_to_user_id_str": null, "in_reply_to_screen_name": null, "user": {"id": 367424676, "id_str": "367424676", "name": "TuRitmo", "screen_name": "TuRitmo_", "location": "NEW YORK", "description": "", "url": "http://t.co/8PD48hYsg4", "entities": {"url": {"urls": [{"url": "http://t.co/8PD48hYsg4", "expanded_url": "http://www.turitmo.com", "display_url": "turitmo.com", "indices": [0, 22]}]}, "description": {"urls": []}}, "protected": false, "followers_count": 312, "friends_count": 277, "listed_count": 4, "created_at": "Sat Sep 03 23:23:43 +0000 2011", "favourites_count": 1687, "utc_offset": null, "time_zone": null, "geo_enabled": false, "verified": false, "statuses_count": 2333, "lang": null, "contributors_enabled": false, "is_translator": false, "is_translation_enabled": false, "profile_background_color": "C0DEED", "profile_background_image_url": "http://abs.twimg.com/images/themes/theme1/bg.png", "profile_background_image_url_https": "https://abs.twimg.com/images/themes/theme1/bg.png", "profile_background_tile": true, "profile_image_url": "http://pbs.twimg.com/profile_images/818981407406100482/hzNaagSW_normal.jpg", "profile_image_url_https": "https://pbs.twimg.com/profile_images/818981407406100482/hzNaagSW_normal.jpg", "profile_banner_url": "https://pbs.twimg.com/profile_banners/367424676/1508251792", "profile_link_color": "0084B4", "profile_sidebar_border_color": "FFFFFF", "profile_sidebar_fill_color": "DDEEF6", "profile_text_color": "333333", "profile_use_background_image": true, "has_extended_profile": false, "default_profile": false, "default_profile_image": false, "following": false, "follow_request_sent": false, "notifications": false, "translator_type": "none", "withheld_in_countries": []}, "geo": null, "coordinates": null, "place": null, "contributors": null, "is_quote_status": false, "retweet_count": 0, "favorite_count": 0, "favorited": false, "retweeted": false, "possibly_sensitive": false, "lang": "en"}