{"created_at": "Mon Oct 11 18:41:52 +0000 2010", "id": 27059193430, "id_str": "27059193430", "text": "Kristen Stewart is usual scowling self on night out with Robert Pattinson  http://bit.ly/8XW7Rm", "truncated": false, "entities": {"hashtags": [], "symbols": [], "user_mentions": [], "urls": []}, "source": "<a href=\"http://bitly.com\" rel=\"nofollow\">bitly bitlink</a>", "in_reply_to_status_id": null, "in_reply_to_status_id_str": null, "in_reply_to_user_id": null, "in_reply_to_user_id_str": null, "in_reply_to_screen_name": null, "user": {"id": 159624725, "id_str": "159624725", "name": "-", "screen_name": "bieberdoughnut", "location": "New York", "description": "", "url": null, "entities": {"description": {"urls": []}}, "protected": false, "followers_count": 11738, "friends_count": 183, "listed_count": 55, "created_at": "Fri Jun 25 22:28:27 +0000 2010", "favourites_count": 13998, "utc_offset": null, "time_zone": null, "geo_enabled": false, "verified": false, "statuses_count": 73778, "lang": null, "contributors_enabled": false, "is_translator": false, "is_translation_enabled": false, "profile_background_color": "FCFCFC", "profile_background_image_url": "http://abs.twimg.com/images/themes/theme14/bg.gif", "profile_background_image_url_https": "https://abs.twimg.com/images/themes/theme14/bg.gif", "profile_background_tile": false, "profile_image_url": "http://pbs.twimg.com/profile_images/1009277855006691329/VOoammVJ_normal.jpg", "profile_image_url_https": "https://pbs.twimg.com/profile_images/1009277855006691329/VOoammVJ_normal.jpg", "profile_banner_url": "https://pbs.twimg.com/profile_banners/159624725/1493690361", "profile_link_color": "F58EA8", "profile_sidebar_border_color": "000000", "profile_sidebar_fill_color": "EFEFEF", "profile_text_color": "333333", "profile_use_background_image": true, "has_extended_profile": false, "default_profile": false, "default_profile_image": false, "following": false, "follow_request_sent": false, "notifications": false, "translator_type": "regular", "withheld_in_countries": []}, "geo": null, "coordinates": null, "place": null, "contributors": null, "is_quote_status": false, "retweet_count": 0, "favorite_count": 1, "favorited": false, "retweeted": false, "lang": "en"}