{"created_at": "Mon Oct 11 19:28:46 +0000 2010", "id": 27062384562, "id_str": "27062384562", "text": "Kristen Stewart is usual scowling self on night out with Robert Pattinson: The 20-year-old actress had her usual s... http://bit.ly/aQMe3h", "truncated": false, "entities": {"hashtags": [], "symbols": [], "user_mentions": [], "urls": []}, "source": "<a href=\"http://twitterfeed.com\" rel=\"nofollow\">twitterfeed</a>", "in_reply_to_status_id": null, "in_reply_to_status_id_str": null, "in_reply_to_user_id": null, "in_reply_to_user_id_str": null, "in_reply_to_screen_name": null, "user": {"id": 64426820, "id_str": "64426820", "name": "Cool Gadget Store", "screen_name": "groovygadgetsuk", "location": "United Kingdom", "description": "The Cool Gadget Store: Tech toys at unbeatable prices. Free Worldwide Shipping. #gadgets #tech #ecommerce #shopping #geekout", "url": "https://t.co/gkSfbMbHUQ", "entities": {"url": {"urls": [{"url": "https://t.co/gkSfbMbHUQ", "expanded_url": "http://www.thecoolgadgetstore.com", "display_url": "thecoolgadgetstore.com", "indices": [0, 23]}]}, "description": {"urls": []}}, "protected": false, "followers_count": 2373, "friends_count": 2902, "listed_count": 67, "created_at": "Mon Aug 10 15:16:28 +0000 2009", "favourites_count": 3, "utc_offset": null, "time_zone": null, "geo_enabled": false, "verified": false, "statuses_count": 63704, "lang": null, "contributors_enabled": false, "is_translator": false, "is_translation_enabled": false, "profile_background_color": "990F16", "profile_background_image_url": "http://abs.twimg.com/images/themes/theme9/bg.gif", "profile_background_image_url_https": "https://abs.twimg.com/images/themes/theme9/bg.gif", "profile_background_tile": true, "profile_image_url": "http://pbs.twimg.com/profile_images/734373566486065153/nsZE0V7-_normal.jpg", "profile_image_url_https": "https://pbs.twimg.com/profile_images/734373566486065153/nsZE0V7-_normal.jpg", "profile_banner_url": "https://pbs.twimg.com/profile_banners/64426820/1463923294", "profile_link_color": "570303", "profile_sidebar_border_color": "D5D9D7", "profile_sidebar_fill_color": "D5D9D7", "profile_text_color": "990F16", "profile_use_background_image": true, "has_extended_profile": true, "default_profile": false, "default_profile_image": false, "following": false, "follow_request_sent": false, "notifications": false, "translator_type": "none", "withheld_in_countries": []}, "geo": null, "coordinates": null, "place": null, "contributors": null, "is_quote_status": false, "retweet_count": 0, "favorite_count": 0, "favorited": false, "retweeted": false, "lang": "en"}