{"created_at": "Mon Oct 11 19:42:10 +0000 2010", "id": 27063228330, "id_str": "27063228330", "text": "Follow this ... Kristen Stewart is usual scowling self on night out with Robert Pattinson: By D... http://bit.ly/dcJFI9 \"Follow me -CallyJ\"", "truncated": false, "entities": {"hashtags": [], "symbols": [], "user_mentions": [], "urls": []}, "source": "<a href=\"http://twitterfeed.com\" rel=\"nofollow\">twitterfeed</a>", "in_reply_to_status_id": null, "in_reply_to_status_id_str": null, "in_reply_to_user_id": null, "in_reply_to_user_id_str": null, "in_reply_to_screen_name": null, "user": {"id": 134706734, "id_str": "134706734", "name": "Cally Jaymes", "screen_name": "CallyJaymes", "location": "Los Angeles, Miami, NYC", "description": "I'm a girl who loves guys. And loves girls.  And wants to help them get together.", "url": null, "entities": {"description": {"urls": []}}, "protected": false, "followers_count": 2079, "friends_count": 1164, "listed_count": 19, "created_at": "Mon Apr 19 06:25:28 +0000 2010", "favourites_count": 6, "utc_offset": null, "time_zone": null, "geo_enabled": false, "verified": false, "statuses_count": 184150, "lang": null, "contributors_enabled": false, "is_translator": false, "is_translation_enabled": false, "profile_background_color": "1A1B1F", "profile_background_image_url": "http://abs.twimg.com/images/themes/theme9/bg.gif", "profile_background_image_url_https": "https://abs.twimg.com/images/themes/theme9/bg.gif", "profile_background_tile": false, "profile_image_url": "http://pbs.twimg.com/profile_images/834924690/cally_normal.jpg", "profile_image_url_https": "https://pbs.twimg.com/profile_images/834924690/cally_normal.jpg", "profile_link_color": "2FC2EF", "profile_sidebar_border_color": "181A1E", "profile_sidebar_fill_color": "252429", "profile_text_color": "666666", "profile_use_background_image": true, "has_extended_profile": false, "default_profile": false, "default_profile_image": false, "following": false, "follow_request_sent": false, "notifications": false, "translator_type": "none", "withheld_in_countries": []}, "geo": null, "coordinates": null, "place": null, "contributors": null, "is_quote_status": false, "retweet_count": 0, "favorite_count": 0, "favorited": false, "retweeted": false, "lang": "en"}