{"created_at": "Mon Oct 11 19:59:03 +0000 2010", "id": 27064353848, "id_str": "27064353848", "text": "Kristen Stewart is usual scowling self on night out with Robert Pattinson: Despite a career, boyfriend and bank ba... http://bit.ly/cpnRux", "truncated": false, "entities": {"hashtags": [], "symbols": [], "user_mentions": [], "urls": []}, "source": "<a href=\"http://twitterfeed.com\" rel=\"nofollow\">twitterfeed</a>", "in_reply_to_status_id": null, "in_reply_to_status_id_str": null, "in_reply_to_user_id": null, "in_reply_to_user_id_str": null, "in_reply_to_screen_name": null, "user": {"id": 94419589, "id_str": "94419589", "name": "Derrick Bryant", "screen_name": "twilightsaga345", "location": "Blountsville", "description": "I like to read the twight saga and the movies or great", "url": "http://t.co/Y9XeD3sjjL", "entities": {"url": {"urls": [{"url": "http://t.co/Y9XeD3sjjL", "expanded_url": "http://bryant.fastdeals.us", "display_url": "bryant.fastdeals.us", "indices": [0, 22]}]}, "description": {"urls": []}}, "protected": false, "followers_count": 467, "friends_count": 1527, "listed_count": 12, "created_at": "Thu Dec 03 21:38:05 +0000 2009", "favourites_count": 0, "utc_offset": null, "time_zone": null, "geo_enabled": false, "verified": false, "statuses_count": 18398, "lang": null, "contributors_enabled": false, "is_translator": false, "is_translation_enabled": false, "profile_background_color": "C0DEED", "profile_background_image_url": "http://abs.twimg.com/images/themes/theme1/bg.png", "profile_background_image_url_https": "https://abs.twimg.com/images/themes/theme1/bg.png", "profile_background_tile": true, "profile_image_url": "http://pbs.twimg.com/profile_images/557369846/IMG_0049_normal.JPG", "profile_image_url_https": "https://pbs.twimg.com/profile_images/557369846/IMG_0049_normal.JPG", "profile_link_color": "0084B4", "profile_sidebar_border_color": "C0DEED", "profile_sidebar_fill_color": "DDEEF6", "profile_text_color": "333333", "profile_use_background_image": true, "has_extended_profile": false, "default_profile": false, "default_profile_image": false, "following": false, "follow_request_sent": false, "notifications": false, "translator_type": "none", "withheld_in_countries": []}, "geo": null, "coordinates": null, "place": null, "contributors": null, "is_quote_status": false, "retweet_count": 0, "favorite_count": 0, "favorited": false, "retweeted": false, "lang": "en"}