{"created_at": "Mon Oct 11 22:17:55 +0000 2010", "id": 27073655327, "id_str": "27073655327", "text": "Kristen Stewart is usual scowling self on night out with Robert Pattinson | Mail Online - \u203a Note to Kristen:... http://tumblr.com/x5klehtqr", "truncated": false, "entities": {"hashtags": [], "symbols": [], "user_mentions": [], "urls": []}, "source": "<a href=\"https://www.tumblr.com/\" rel=\"nofollow\">Tumblr</a>", "in_reply_to_status_id": null, "in_reply_to_status_id_str": null, "in_reply_to_user_id": null, "in_reply_to_user_id_str": null, "in_reply_to_screen_name": null, "user": {"id": 26132778, "id_str": "26132778", "name": "Iga", "screen_name": "Iga_LDN", "location": "", "description": "\u201cI don\u2019t regret anything because it\u2019s life\u2019s little twists and turns and bumps and bruises that make you who you are. Why would I regret that?\u201d", "url": null, "entities": {"description": {"urls": []}}, "protected": false, "followers_count": 109, "friends_count": 186, "listed_count": 13, "created_at": "Tue Mar 24 00:29:32 +0000 2009", "favourites_count": 2229, "utc_offset": null, "time_zone": null, "geo_enabled": false, "verified": false, "statuses_count": 31015, "lang": null, "contributors_enabled": false, "is_translator": false, "is_translation_enabled": false, "profile_background_color": "642D8B", "profile_background_image_url": "http://abs.twimg.com/images/themes/theme18/bg.gif", "profile_background_image_url_https": "https://abs.twimg.com/images/themes/theme18/bg.gif", "profile_background_tile": true, "profile_image_url": "http://pbs.twimg.com/profile_images/1388401500565745666/N7dYKdS4_normal.jpg", "profile_image_url_https": "https://pbs.twimg.com/profile_images/1388401500565745666/N7dYKdS4_normal.jpg", "profile_banner_url": "https://pbs.twimg.com/profile_banners/26132778/1561005320", "profile_link_color": "7FDBB6", "profile_sidebar_border_color": "000000", "profile_sidebar_fill_color": "F7CFC3", "profile_text_color": "EB928A", "profile_use_background_image": true, "has_extended_profile": true, "default_profile": false, "default_profile_image": false, "following": false, "follow_request_sent": false, "notifications": false, "translator_type": "none", "withheld_in_countries": []}, "geo": null, "coordinates": null, "place": null, "contributors": null, "is_quote_status": false, "retweet_count": 0, "favorite_count": 0, "favorited": false, "retweeted": false, "lang": "en"}