{"created_at": "Mon Oct 11 22:44:55 +0000 2010", "id": 27075584548, "id_str": "27075584548", "text": "Kristen Stewart is usual scowling self on night out with Robert Pattinson: Really, what has sh... http://bit.ly/c54Zpv #celebs #ukcelebnews", "truncated": false, "entities": {"hashtags": [{"text": "celebs", "indices": [119, 126]}, {"text": "ukcelebnews", "indices": [127, 139]}], "symbols": [], "user_mentions": [], "urls": []}, "source": "<a href=\"http://twitterfeed.com\" rel=\"nofollow\">twitterfeed</a>", "in_reply_to_status_id": null, "in_reply_to_status_id_str": null, "in_reply_to_user_id": null, "in_reply_to_user_id_str": null, "in_reply_to_screen_name": null, "user": {"id": 119794227, "id_str": "119794227", "name": "CelebSquare", "screen_name": "celebSquare", "location": "", "description": "", "url": null, "entities": {"description": {"urls": []}}, "protected": false, "followers_count": 538, "friends_count": 204, "listed_count": 22, "created_at": "Thu Mar 04 17:26:59 +0000 2010", "favourites_count": 0, "utc_offset": null, "time_zone": null, "geo_enabled": false, "verified": false, "statuses_count": 74744, "lang": null, "contributors_enabled": false, "is_translator": false, "is_translation_enabled": false, "profile_background_color": "030000", "profile_background_image_url": "http://abs.twimg.com/images/themes/theme1/bg.png", "profile_background_image_url_https": "https://abs.twimg.com/images/themes/theme1/bg.png", "profile_background_tile": true, "profile_image_url": "http://pbs.twimg.com/profile_images/736895052/cs-red-125x125_normal.jpg", "profile_image_url_https": "https://pbs.twimg.com/profile_images/736895052/cs-red-125x125_normal.jpg", "profile_link_color": "E07EA3", "profile_sidebar_border_color": "840E3D", "profile_sidebar_fill_color": "840E3D", "profile_text_color": "969494", "profile_use_background_image": true, "has_extended_profile": false, "default_profile": false, "default_profile_image": false, "following": false, "follow_request_sent": false, "notifications": false, "translator_type": "none", "withheld_in_countries": []}, "geo": null, "coordinates": null, "place": null, "contributors": null, "is_quote_status": false, "retweet_count": 0, "favorite_count": 0, "favorited": false, "retweeted": false, "lang": "en"}