{"created_at": "Mon Feb 06 02:21:26 +0000 2017", "id": 828428355615805440, "id_str": "828428355615805440", "text": "#KristenStewart Uses \u2018Saturday Night Live\u2019 Performance To Shade #RobertPattinson #snl https://t.co/IwDlCscs3F via @celebdirtylaund", "truncated": false, "entities": {"hashtags": [{"text": "KristenStewart", "indices": [0, 15]}, {"text": "RobertPattinson", "indices": [64, 80]}, {"text": "snl", "indices": [81, 85]}], "symbols": [], "user_mentions": [{"screen_name": "celebdirtylaund", "name": "Celeb Dirty Laundry", "id": 51047889, "id_str": "51047889", "indices": [114, 130]}], "urls": [{"url": "https://t.co/IwDlCscs3F", "expanded_url": "https://shar.es/193vof", "display_url": "shar.es/193vof", "indices": [86, 109]}]}, "source": "<a href=\"http://twitter.com\" rel=\"nofollow\">Twitter Web Client</a>", "in_reply_to_status_id": null, "in_reply_to_status_id_str": null, "in_reply_to_user_id": null, "in_reply_to_user_id_str": null, "in_reply_to_screen_name": null, "user": {"id": 51047889, "id_str": "51047889", "name": "Celeb Dirty Laundry", "screen_name": "celebdirtylaund", "location": "", "description": "Daytime Soaps, TV & Royal News contact: info@cdlblogfamily.com \n\nDISCLAIMER: We are a FAN Site For Entertainment!", "url": "http://t.co/Vhvg903GQX", "entities": {"url": {"urls": [{"url": "http://t.co/Vhvg903GQX", "expanded_url": "http://www.celebdirtylaundry.com", "display_url": "celebdirtylaundry.com", "indices": [0, 22]}]}, "description": {"urls": []}}, "protected": false, "followers_count": 28561, "friends_count": 13110, "listed_count": 371, "created_at": "Fri Jun 26 13:05:07 +0000 2009", "favourites_count": 15676, "utc_offset": null, "time_zone": null, "geo_enabled": true, "verified": false, "statuses_count": 208035, "lang": null, "contributors_enabled": false, "is_translator": false, "is_translation_enabled": false, "profile_background_color": "FF6699", "profile_background_image_url": "http://abs.twimg.com/images/themes/theme11/bg.gif", "profile_background_image_url_https": "https://abs.twimg.com/images/themes/theme11/bg.gif", "profile_background_tile": true, "profile_image_url": "http://pbs.twimg.com/profile_images/460858034814582784/ykExbiJY_normal.png", "profile_image_url_https": "https://pbs.twimg.com/profile_images/460858034814582784/ykExbiJY_normal.png", "profile_banner_url": "https://pbs.twimg.com/profile_banners/51047889/1398223049", "profile_link_color": "B40B43", "profile_sidebar_border_color": "FFFFFF", "profile_sidebar_fill_color": "F6FFD1", "profile_text_color": "333333", "profile_use_background_image": true, "has_extended_profile": false, "default_profile": false, "default_profile_image": false, "following": false, "follow_request_sent": false, "notifications": false, "translator_type": "none", "withheld_in_countries": []}, "geo": null, "coordinates": null, "place": null, "contributors": null, "is_quote_status": false, "retweet_count": 0, "favorite_count": 0, "favorited": false, "retweeted": false, "possibly_sensitive": false, "lang": "en"}