{"created_at": "Mon Feb 06 11:29:15 +0000 2017", "id": 828566219703853056, "id_str": "828566219703853056", "text": "New post: Kristen Stewart Did NOT \u201cShade\u201d Robert Pattinson On \u201cSNL,\u201d Despite Claim https://t.co/5YSDIb3pbm", "truncated": false, "entities": {"hashtags": [], "symbols": [], "user_mentions": [], "urls": [{"url": "https://t.co/5YSDIb3pbm", "expanded_url": "http://samsu.ng/?p=180414", "display_url": "samsu.ng/?p=180414", "indices": [83, 106]}]}, "source": "<a href=\"http://www.Samsu.ng\" rel=\"nofollow\">Samsu.ng</a>", "in_reply_to_status_id": null, "in_reply_to_status_id_str": null, "in_reply_to_user_id": null, "in_reply_to_user_id_str": null, "in_reply_to_screen_name": null, "user": {"id": 747948191539073026, "id_str": "747948191539073026", "name": "Samsu.ng", "screen_name": "samsuDOTng", "location": "", "description": "", "url": null, "entities": {"description": {"urls": []}}, "protected": false, "followers_count": 2, "friends_count": 0, "listed_count": 0, "created_at": "Wed Jun 29 00:22:00 +0000 2016", "favourites_count": 0, "utc_offset": null, "time_zone": null, "geo_enabled": false, "verified": false, "statuses_count": 32824, "lang": null, "contributors_enabled": false, "is_translator": false, "is_translation_enabled": false, "profile_background_color": "F5F8FA", "profile_background_image_url": null, "profile_background_image_url_https": null, "profile_background_tile": false, "profile_image_url": "http://abs.twimg.com/sticky/default_profile_images/default_profile_normal.png", "profile_image_url_https": "https://abs.twimg.com/sticky/default_profile_images/default_profile_normal.png", "profile_link_color": "1DA1F2", "profile_sidebar_border_color": "C0DEED", "profile_sidebar_fill_color": "DDEEF6", "profile_text_color": "333333", "profile_use_background_image": true, "has_extended_profile": false, "default_profile": true, "default_profile_image": true, "following": false, "follow_request_sent": false, "notifications": false, "translator_type": "none", "withheld_in_countries": []}, "geo": null, "coordinates": null, "place": null, "contributors": null, "is_quote_status": false, "retweet_count": 0, "favorite_count": 0, "favorited": false, "retweeted": false, "possibly_sensitive": false, "lang": "en"}