{"created_at": "Mon Feb 06 10:53:45 +0000 2017", "id": 828557287153360897, "id_str": "828557287153360897", "text": "Kristen Stewart Did NOT \u201cShade\u201d Robert Pattinson On \u201cSNL,\u201d Despite\u00a0Claim https://t.co/5l43LrwXVe", "truncated": false, "entities": {"hashtags": [], "symbols": [], "user_mentions": [], "urls": [{"url": "https://t.co/5l43LrwXVe", "expanded_url": "http://rumoursgh.com/blog/kristen-stewart-did-not-shade-robert-pattinson-on-snl-despite-claim/", "display_url": "rumoursgh.com/blog/kristen-s\u2026", "indices": [73, 96]}]}, "source": "<a href=\"http://publicize.wp.com/\" rel=\"nofollow\">WordPress.com</a>", "in_reply_to_status_id": null, "in_reply_to_status_id_str": null, "in_reply_to_user_id": null, "in_reply_to_user_id_str": null, "in_reply_to_screen_name": null, "user": {"id": 93216794, "id_str": "93216794", "name": "Selorm Akligo", "screen_name": "kasc4u", "location": "", "description": "", "url": "http://t.co/VRUuTB6Ryi", "entities": {"url": {"urls": [{"url": "http://t.co/VRUuTB6Ryi", "expanded_url": "http://www.riotorxgh.com", "display_url": "riotorxgh.com", "indices": [0, 22]}]}, "description": {"urls": []}}, "protected": false, "followers_count": 178, "friends_count": 900, "listed_count": 4, "created_at": "Sat Nov 28 16:47:54 +0000 2009", "favourites_count": 2, "utc_offset": null, "time_zone": null, "geo_enabled": false, "verified": false, "statuses_count": 15175, "lang": null, "contributors_enabled": false, "is_translator": false, "is_translation_enabled": false, "profile_background_color": "709397", "profile_background_image_url": "http://abs.twimg.com/images/themes/theme6/bg.gif", "profile_background_image_url_https": "https://abs.twimg.com/images/themes/theme6/bg.gif", "profile_background_tile": false, "profile_image_url": "http://pbs.twimg.com/profile_images/1378828251443912704/0d0xOmXB_normal.jpg", "profile_image_url_https": "https://pbs.twimg.com/profile_images/1378828251443912704/0d0xOmXB_normal.jpg", "profile_banner_url": "https://pbs.twimg.com/profile_banners/93216794/1536855983", "profile_link_color": "FF3300", "profile_sidebar_border_color": "86A4A6", "profile_sidebar_fill_color": "A0C5C7", "profile_text_color": "333333", "profile_use_background_image": true, "has_extended_profile": false, "default_profile": false, "default_profile_image": false, "following": false, "follow_request_sent": false, "notifications": false, "translator_type": "none", "withheld_in_countries": []}, "geo": null, "coordinates": null, "place": null, "contributors": null, "is_quote_status": false, "retweet_count": 0, "favorite_count": 0, "favorited": false, "retweeted": false, "possibly_sensitive": false, "lang": "en"}