{"created_at": "Mon Feb 06 11:55:33 +0000 2017", "id": 828572837162070016, "id_str": "828572837162070016", "text": "Kristen Stewart Did NOT \u201cShade\u201d Robert Pattinson On \u201cSNL,\u201d Despite Claim - Gossip Cop https://t.co/lZRsg3opXb", "truncated": false, "entities": {"hashtags": [], "symbols": [], "user_mentions": [], "urls": [{"url": "https://t.co/lZRsg3opXb", "expanded_url": "http://dlvr.it/NJHwr4", "display_url": "dlvr.it/NJHwr4", "indices": [86, 109]}]}, "source": "<a href=\"https://dlvrit.com/\" rel=\"nofollow\">dlvr.it</a>", "in_reply_to_status_id": null, "in_reply_to_status_id_str": null, "in_reply_to_user_id": null, "in_reply_to_user_id_str": null, "in_reply_to_screen_name": null, "user": {"id": 620482280, "id_str": "620482280", "name": "Robert Pattins Plaza", "screen_name": "PattinsonPlaza", "location": "Canada, Ottawa ", "description": "We deliver the latest Robert Pattins news everyday", "url": null, "entities": {"description": {"urls": []}}, "protected": false, "followers_count": 4611, "friends_count": 4853, "listed_count": 3, "created_at": "Thu Jun 28 00:41:19 +0000 2012", "favourites_count": 0, "utc_offset": null, "time_zone": null, "geo_enabled": false, "verified": false, "statuses_count": 18113, "lang": null, "contributors_enabled": false, "is_translator": false, "is_translation_enabled": false, "profile_background_color": "000000", "profile_background_image_url": "http://abs.twimg.com/images/themes/theme1/bg.png", "profile_background_image_url_https": "https://abs.twimg.com/images/themes/theme1/bg.png", "profile_background_tile": true, "profile_image_url": "http://pbs.twimg.com/profile_images/2965028348/cf1b523ffebd7f9ae8a2b6066b4e4194_normal.jpeg", "profile_image_url_https": "https://pbs.twimg.com/profile_images/2965028348/cf1b523ffebd7f9ae8a2b6066b4e4194_normal.jpeg", "profile_link_color": "0000FF", "profile_sidebar_border_color": "FFFFFF", "profile_sidebar_fill_color": "DDEEF6", "profile_text_color": "333333", "profile_use_background_image": true, "has_extended_profile": false, "default_profile": false, "default_profile_image": false, "following": false, "follow_request_sent": false, "notifications": false, "translator_type": "none", "withheld_in_countries": []}, "geo": null, "coordinates": null, "place": null, "contributors": null, "is_quote_status": false, "retweet_count": 0, "favorite_count": 1, "favorited": false, "retweeted": false, "possibly_sensitive": false, "lang": "en"}