{"created_at": "Mon Feb 06 12:40:34 +0000 2017", "id": 828584167134810112, "id_str": "828584167134810112", "text": "Kristen Stewart Did NOT \u201cShade\u201d Robert Pattinson On \u201cSNL,\u201d Despite Claim https://t.co/ruhNiKFMFj #rpattz", "truncated": false, "entities": {"hashtags": [{"text": "rpattz", "indices": [97, 104]}], "symbols": [], "user_mentions": [], "urls": [{"url": "https://t.co/ruhNiKFMFj", "expanded_url": "http://dlvr.it/NJJtdB", "display_url": "dlvr.it/NJJtdB", "indices": [73, 96]}]}, "source": "<a href=\"https://dlvrit.com/\" rel=\"nofollow\">dlvr.it</a>", "in_reply_to_status_id": null, "in_reply_to_status_id_str": null, "in_reply_to_user_id": null, "in_reply_to_user_id_str": null, "in_reply_to_screen_name": null, "user": {"id": 328603854, "id_str": "328603854", "name": "Robert Pattinson", "screen_name": "rpattz_updates", "location": "", "description": "We're always FIRST with the latest Robert Pattinson news! We update this account 24/7 - don't miss out on any R-Pattz gossip, follow us now!", "url": null, "entities": {"description": {"urls": []}}, "protected": false, "followers_count": 13248, "friends_count": 17, "listed_count": 23, "created_at": "Sun Jul 03 17:51:22 +0000 2011", "favourites_count": 0, "utc_offset": null, "time_zone": null, "geo_enabled": false, "verified": false, "statuses_count": 22270, "lang": null, "contributors_enabled": false, "is_translator": false, "is_translation_enabled": false, "profile_background_color": "022330", "profile_background_image_url": "http://abs.twimg.com/images/themes/theme15/bg.png", "profile_background_image_url_https": "https://abs.twimg.com/images/themes/theme15/bg.png", "profile_background_tile": false, "profile_image_url": "http://pbs.twimg.com/profile_images/1424929634/rpattz_normal.jpg", "profile_image_url_https": "https://pbs.twimg.com/profile_images/1424929634/rpattz_normal.jpg", "profile_link_color": "0084B4", "profile_sidebar_border_color": "A8C7F7", "profile_sidebar_fill_color": "C0DFEC", "profile_text_color": "333333", "profile_use_background_image": true, "has_extended_profile": false, "default_profile": false, "default_profile_image": false, "following": false, "follow_request_sent": false, "notifications": false, "translator_type": "none", "withheld_in_countries": []}, "geo": null, "coordinates": null, "place": null, "contributors": null, "is_quote_status": false, "retweet_count": 1, "favorite_count": 5, "favorited": false, "retweeted": false, "possibly_sensitive": false, "lang": "en"}