{"created_at": "Mon Feb 06 14:54:41 +0000 2017", "id": 828617916841066496, "id_str": "828617916841066496", "text": "Kristen Stewart Did NOT \u201cShade\u201d Robert Pattinson On \u201cSNL,\u201d Despite Claim https://t.co/g0WI3zJMkk", "truncated": false, "entities": {"hashtags": [], "symbols": [], "user_mentions": [], "urls": [{"url": "https://t.co/g0WI3zJMkk", "expanded_url": "http://www.worthdiscussing.net/post/10399", "display_url": "worthdiscussing.net/post/10399", "indices": [73, 96]}]}, "source": "<a href=\"http://www.worthdiscussing.net\" rel=\"nofollow\">Worth Discussing</a>", "in_reply_to_status_id": null, "in_reply_to_status_id_str": null, "in_reply_to_user_id": null, "in_reply_to_user_id_str": null, "in_reply_to_screen_name": null, "user": {"id": 2922326738, "id_str": "2922326738", "name": "Worth Discussing", "screen_name": "WorthDiscussing", "location": "", "description": "", "url": null, "entities": {"description": {"urls": []}}, "protected": false, "followers_count": 7, "friends_count": 43, "listed_count": 0, "created_at": "Mon Dec 08 04:49:52 +0000 2014", "favourites_count": 0, "utc_offset": null, "time_zone": null, "geo_enabled": false, "verified": false, "statuses_count": 6661, "lang": null, "contributors_enabled": false, "is_translator": false, "is_translation_enabled": false, "profile_background_color": "C0DEED", "profile_background_image_url": "http://abs.twimg.com/images/themes/theme1/bg.png", "profile_background_image_url_https": "https://abs.twimg.com/images/themes/theme1/bg.png", "profile_background_tile": false, "profile_image_url": "http://pbs.twimg.com/profile_images/541817677199597569/RS2M_XtP_normal.png", "profile_image_url_https": "https://pbs.twimg.com/profile_images/541817677199597569/RS2M_XtP_normal.png", "profile_link_color": "1DA1F2", "profile_sidebar_border_color": "C0DEED", "profile_sidebar_fill_color": "DDEEF6", "profile_text_color": "333333", "profile_use_background_image": true, "has_extended_profile": false, "default_profile": true, "default_profile_image": false, "following": false, "follow_request_sent": false, "notifications": false, "translator_type": "none", "withheld_in_countries": []}, "geo": null, "coordinates": null, "place": null, "contributors": null, "is_quote_status": false, "retweet_count": 0, "favorite_count": 0, "favorited": false, "retweeted": false, "possibly_sensitive": false, "lang": "en"}