{"created_at": "Tue Feb 07 00:20:10 +0000 2017", "id": 828760227080183808, "id_str": "828760227080183808", "text": "Kristen Stewart Did NOT \u201cShade\u201d Robert Pattinson On \u201cSNL,\u201d Despite Claim...https://t.co/vUMFFScnfV", "truncated": false, "entities": {"hashtags": [], "symbols": [], "user_mentions": [], "urls": [{"url": "https://t.co/vUMFFScnfV", "expanded_url": "http://usflash.org/?p=175358", "display_url": "usflash.org/?p=175358", "indices": [75, 98]}]}, "source": "<a href=\"http://tunenews.biz\" rel=\"nofollow\">Tunenews</a>", "in_reply_to_status_id": null, "in_reply_to_status_id_str": null, "in_reply_to_user_id": null, "in_reply_to_user_id_str": null, "in_reply_to_screen_name": null, "user": {"id": 4823130767, "id_str": "4823130767", "name": "Chris Journalist", "screen_name": "fastnewsus", "location": "New York, USA", "description": "", "url": "https://t.co/6GM6rTFEX3", "entities": {"url": {"urls": [{"url": "https://t.co/6GM6rTFEX3", "expanded_url": "http://usnewsco.biz", "display_url": "usnewsco.biz", "indices": [0, 23]}]}, "description": {"urls": []}}, "protected": false, "followers_count": 23, "friends_count": 0, "listed_count": 9, "created_at": "Mon Jan 18 05:41:15 +0000 2016", "favourites_count": 0, "utc_offset": null, "time_zone": null, "geo_enabled": false, "verified": false, "statuses_count": 35836, "lang": null, "contributors_enabled": false, "is_translator": false, "is_translation_enabled": false, "profile_background_color": "000000", "profile_background_image_url": "http://abs.twimg.com/images/themes/theme1/bg.png", "profile_background_image_url_https": "https://abs.twimg.com/images/themes/theme1/bg.png", "profile_background_tile": false, "profile_image_url": "http://pbs.twimg.com/profile_images/729927099033759744/1PlcCKs__normal.jpg", "profile_image_url_https": "https://pbs.twimg.com/profile_images/729927099033759744/1PlcCKs__normal.jpg", "profile_banner_url": "https://pbs.twimg.com/profile_banners/4823130767/1462863759", "profile_link_color": "1B95E0", "profile_sidebar_border_color": "000000", "profile_sidebar_fill_color": "000000", "profile_text_color": "000000", "profile_use_background_image": false, "has_extended_profile": true, "default_profile": false, "default_profile_image": false, "following": false, "follow_request_sent": false, "notifications": false, "translator_type": "none", "withheld_in_countries": []}, "geo": null, "coordinates": null, "place": null, "contributors": null, "is_quote_status": false, "retweet_count": 0, "favorite_count": 0, "favorited": false, "retweeted": false, "possibly_sensitive": false, "lang": "en"}