{"created_at": "Thu Aug 17 18:11:36 +0000 2017", "id": 898245946416537600, "id_str": "898245946416537600", "text": "Anne Hathaway Angering 'Barbie' Movie Producers With Demands? https://t.co/uujeiHZpPD https://t.co/L8F4kto4Ug", "truncated": false, "entities": {"hashtags": [], "symbols": [], "user_mentions": [], "urls": [{"url": "https://t.co/uujeiHZpPD", "expanded_url": "http://gossipcop.com/mtiun", "display_url": "gossipcop.com/mtiun", "indices": [62, 85]}], "media": [{"id": 898245933942530048, "id_str": "898245933942530048", "indices": [86, 109], "media_url": "http://pbs.twimg.com/media/DHc16vWVYAA94p8.jpg", "media_url_https": "https://pbs.twimg.com/media/DHc16vWVYAA94p8.jpg", "url": "https://t.co/L8F4kto4Ug", "display_url": "pic.twitter.com/L8F4kto4Ug", "expanded_url": "https://twitter.com/GossipCop/status/898245946416537600/photo/1", "type": "photo", "sizes": {"small": {"w": 680, "h": 464, "resize": "fit"}, "thumb": {"w": 150, "h": 150, "resize": "crop"}, "medium": {"w": 1200, "h": 818, "resize": "fit"}, "large": {"w": 2048, "h": 1397, "resize": "fit"}}}]}, "extended_entities": {"media": [{"id": 898245933942530048, "id_str": "898245933942530048", "indices": [86, 109], "media_url": "http://pbs.twimg.com/media/DHc16vWVYAA94p8.jpg", "media_url_https": "https://pbs.twimg.com/media/DHc16vWVYAA94p8.jpg", "url": "https://t.co/L8F4kto4Ug", "display_url": "pic.twitter.com/L8F4kto4Ug", "expanded_url": "https://twitter.com/GossipCop/status/898245946416537600/photo/1", "type": "photo", "sizes": {"small": {"w": 680, "h": 464, "resize": "fit"}, "thumb": {"w": 150, "h": 150, "resize": "crop"}, "medium": {"w": 1200, "h": 818, "resize": "fit"}, "large": {"w": 2048, "h": 1397, "resize": "fit"}}}]}, "source": "<a href=\"http://twitter.com\" rel=\"nofollow\">Twitter Web Client</a>", "in_reply_to_status_id": null, "in_reply_to_status_id_str": null, "in_reply_to_user_id": null, "in_reply_to_user_id_str": null, "in_reply_to_screen_name": null, "user": {"id": 25701904, "id_str": "25701904", "name": "Gossip Cop", "screen_name": "GossipCop", "location": "", "description": "Separating Fact From Fiction In Celebrity Reporting", "url": "http://t.co/B5muimrC57", "entities": {"url": {"urls": [{"url": "http://t.co/B5muimrC57", "expanded_url": "http://www.gossipcop.com/", "display_url": "gossipcop.com", "indices": [0, 22]}]}, "description": {"urls": []}}, "protected": false, "followers_count": 321681, "friends_count": 724, "listed_count": 1988, "created_at": "Sat Mar 21 17:41:30 +0000 2009", "favourites_count": 15466, "utc_offset": null, "time_zone": null, "geo_enabled": false, "verified": true, "statuses_count": 159169, "lang": null, "contributors_enabled": false, "is_translator": false, "is_translation_enabled": false, "profile_background_color": "BBC3C7", "profile_background_image_url": "http://abs.twimg.com/images/themes/theme1/bg.png", "profile_background_image_url_https": "https://abs.twimg.com/images/themes/theme1/bg.png", "profile_background_tile": true, "profile_image_url": "http://pbs.twimg.com/profile_images/1263581112372088832/lbo_7oBp_normal.jpg", "profile_image_url_https": "https://pbs.twimg.com/profile_images/1263581112372088832/lbo_7oBp_normal.jpg", "profile_banner_url": "https://pbs.twimg.com/profile_banners/25701904/1590096206", "profile_link_color": "0084B4", "profile_sidebar_border_color": "FFFFFF", "profile_sidebar_fill_color": "DDFFCC", "profile_text_color": "333333", "profile_use_background_image": true, "has_extended_profile": false, "default_profile": false, "default_profile_image": false, "following": false, "follow_request_sent": false, "notifications": false, "translator_type": "none", "withheld_in_countries": []}, "geo": null, "coordinates": null, "place": null, "contributors": null, "is_quote_status": false, "retweet_count": 0, "favorite_count": 0, "favorited": false, "retweeted": false, "possibly_sensitive": false, "lang": "en"}