{"created_at": "Thu Aug 17 18:28:56 +0000 2017", "id": 898250307418808323, "id_str": "898250307418808323", "text": "Anne Hathaway Angering \u2018Barbie\u2019 Movie Producers With\u00a0Demands? https://t.co/vh5vA63Dea https://t.co/nvOYU21vne", "truncated": false, "entities": {"hashtags": [], "symbols": [], "user_mentions": [], "urls": [{"url": "https://t.co/vh5vA63Dea", "expanded_url": "http://internetmarketing.freedombucks.ws/anne-hathaway-angering-barbie-movie-producers-with-demands/", "display_url": "internetmarketing.freedombucks.ws/anne-hathaway-\u2026", "indices": [62, 85]}], "media": [{"id": 898250304688238592, "id_str": "898250304688238592", "indices": [86, 109], "media_url": "http://pbs.twimg.com/media/DHc55JpUMAAwVTU.jpg", "media_url_https": "https://pbs.twimg.com/media/DHc55JpUMAAwVTU.jpg", "url": "https://t.co/nvOYU21vne", "display_url": "pic.twitter.com/nvOYU21vne", "expanded_url": "https://twitter.com/komraddiet/status/898250307418808323/photo/1", "type": "photo", "sizes": {"large": {"w": 1024, "h": 698, "resize": "fit"}, "thumb": {"w": 150, "h": 150, "resize": "crop"}, "small": {"w": 680, "h": 464, "resize": "fit"}, "medium": {"w": 1024, "h": 698, "resize": "fit"}}}]}, "extended_entities": {"media": [{"id": 898250304688238592, "id_str": "898250304688238592", "indices": [86, 109], "media_url": "http://pbs.twimg.com/media/DHc55JpUMAAwVTU.jpg", "media_url_https": "https://pbs.twimg.com/media/DHc55JpUMAAwVTU.jpg", "url": "https://t.co/nvOYU21vne", "display_url": "pic.twitter.com/nvOYU21vne", "expanded_url": "https://twitter.com/komraddiet/status/898250307418808323/photo/1", "type": "photo", "sizes": {"large": {"w": 1024, "h": 698, "resize": "fit"}, "thumb": {"w": 150, "h": 150, "resize": "crop"}, "small": {"w": 680, "h": 464, "resize": "fit"}, "medium": {"w": 1024, "h": 698, "resize": "fit"}}}]}, "source": "<a href=\"http://publicize.wp.com/\" rel=\"nofollow\">WordPress.com</a>", "in_reply_to_status_id": null, "in_reply_to_status_id_str": null, "in_reply_to_user_id": null, "in_reply_to_user_id_str": null, "in_reply_to_screen_name": null, "user": {"id": 79537464, "id_str": "79537464", "name": "dodo jakaria", "screen_name": "komraddiet", "location": "", "description": "Helping you become a bitcoin millionaires!", "url": "https://t.co/Nf0JoyKVxU", "entities": {"url": {"urls": [{"url": "https://t.co/Nf0JoyKVxU", "expanded_url": "https://www.bitcoinswealthclub.com/?userid=komrad", "display_url": "bitcoinswealthclub.com/?userid=komrad", "indices": [0, 23]}]}, "description": {"urls": []}}, "protected": false, "followers_count": 1392, "friends_count": 1718, "listed_count": 5, "created_at": "Sat Oct 03 18:48:25 +0000 2009", "favourites_count": 0, "utc_offset": null, "time_zone": null, "geo_enabled": false, "verified": false, "statuses_count": 95871, "lang": null, "contributors_enabled": false, "is_translator": false, "is_translation_enabled": false, "profile_background_color": "000000", "profile_background_image_url": "http://abs.twimg.com/images/themes/theme6/bg.gif", "profile_background_image_url_https": "https://abs.twimg.com/images/themes/theme6/bg.gif", "profile_background_tile": false, "profile_image_url": "http://pbs.twimg.com/profile_images/895702763127975938/zI5dpFPO_normal.jpg", "profile_image_url_https": "https://pbs.twimg.com/profile_images/895702763127975938/zI5dpFPO_normal.jpg", "profile_banner_url": "https://pbs.twimg.com/profile_banners/79537464/1502387091", "profile_link_color": "981CEB", "profile_sidebar_border_color": "000000", "profile_sidebar_fill_color": "000000", "profile_text_color": "000000", "profile_use_background_image": false, "has_extended_profile": false, "default_profile": false, "default_profile_image": false, "following": false, "follow_request_sent": false, "notifications": false, "translator_type": "none", "withheld_in_countries": []}, "geo": null, "coordinates": null, "place": null, "contributors": null, "is_quote_status": false, "retweet_count": 0, "favorite_count": 0, "favorited": false, "retweeted": false, "possibly_sensitive": false, "lang": "en"}