{"url": "radaronline.com/videos/pregnant-kate-middleton-cocaine-bombshell/", "text": "Kate Middleton and her husband Prince William, who have just announced they are expecting their third child, have reportedly been rocked by an old cocaine bombshell. Is the hospital where Middleton, 35, gives birth to her children been tainted by illicit drug use? According to a report in the Mirror, from 2015, cocaine may have been snorted in toilets just yards from the private hospital ward where Middleton was about to give birth to her second child.\n\nArticle continues below advertisement\n\nAs Radar just reported, Middleton is pregnant with baby number three now. But when she was pregnant with Charlotte two years ago, the British publication said that tests found traces of cocaine in a cistern at St Mary's in London\u2014where Middleton was set to give birth--and health officials had to investigate. At the time, Middleton was expecting Charlotte, now 2, at St. Mary's Hospital in Paddington, West London.\n\nA spokeswoman for Imperial College Healthcare NHS Trust said when the alleged cocaine news surfaced back then, \"We take the safety of our patients and staff extremely seriously. \"We have 24/7 security cover at all our hospitals with regular patrols and CCTV covering key areas both outside and inside buildings, constantly \u00admonitored by our security teams. \"We work closely with police to \u00adinvestigate reports thoroughly and take action to ensure the safety of our colleagues, patients and their \u00adfamilies.\n\nArticle continues below advertisement\n\n\"If there are signs that a person is abusing substances on one of our sites we will take immediate action to address this.\" The Mirror used drug testing wipes on a surface behind a toilet cistern in a public area of the Cambridge Wing, yards from the Lindo Wing maternity ward at the hospital and the equipment tested positive for cocaine. The newspaper passed on the \u00adinformation to royal officials and health bosses, and Kensington Palace said in 2015 that it was \"a matter for the hospital.\"\n\nIs the situation now cleaned up so Middleton can have her third child safely at the hospital? It could come back to haunt Middleton and William as they also have dealt with getting marriage counseling after his flirty ski vacation with party pals and pretty women in March. As Radar has reported, Middleton has suffered severe morning sickness during all of her pregnancies and that is the case for her upcoming third child as well.\n\nWe pay for juicy info! Do you have a story for RadarOnline.com? Email us at tips@radaronline.com, or call us at (866) ON-RADAR (667-2327) any time, day or night.", "images": ["http://radaronline.com/icons/twitter_black.svg", "http://radaronline.com/icons/twitter.svg", "http://radaronline.com/icons/instagram.svg", "http://radaronline.com/icons/email_black.svg", "http://radaronline.com/newsletter_icon.png", "http://radaronline.com/radar_tip.png", "https://media.radaronline.com/brand-img/JuVUVyl1q/0x0/2017/09/pregnant-kate-middleton-cocaine-bombshell-pp-.jpg", "http://radaronline.com/radar_logo_neon.png", "http://radaronline.com/icons/facebook_black.svg", "http://radaronline.com/icons/facebook.svg"], "top_img": "https://media.radaronline.com/brand-img/JuVUVyl1q/0x0/2017/09/pregnant-kate-middleton-cocaine-bombshell-pp-.jpg", "keywords": [], "authors": ["Radar Staff"], "canonical_link": "https://radaronline.com/videos/pregnant-kate-middleton-cocaine-bombshell/", "title": "Pregnant Kate Middleton Hit With Cocaine Bombshell", "meta_data": {"viewport": "width=device-width,initial-scale=1,shrink-to-fit=no", "theme-color": "#666", "description": "Pregnant Kate Middleton is embroiled in a cocaine bombshell as it may have been snorted in maternity ward where she's due to give birth.", "robots": "max-snippet:-1, max-image-preview:large, max-video-preview:-1", "keywords": "VIDEOS,Celebrity", "fb": {"app_id": 123, "pages": 123}, "og": {"site_name": "RadarOnline", "title": "Pregnant Kate Middleton Hit With Cocaine Bombshell", "url": "https://radaronline.com/videos/pregnant-kate-middleton-cocaine-bombshell/", "description": "Pregnant Kate Middleton is embroiled in a cocaine bombshell as it may have been snorted in maternity ward where she's due to give birth.", "type": "article", "article": {"published_time": "2017-09-04T18:21:05.000Z", "modified_time": "2017-09-05T23:44:53.000Z"}, "locale": "en_US", "image": {"identifier": "https://media.radaronline.com/brand-img/JuVUVyl1q/0x0/2017/09/pregnant-kate-middleton-cocaine-bombshell-pp-.jpg", "width": 1200, "height": 628, "type": "image/webp"}}, "bt": {"id": "alVbOTqPl", "author": "radarstaff"}, "article": {"publisher": "https://www.facebook.com/RadarOnline/"}, "twitter": {"site": "https://twitter.com/radar_online/", "card": "summary_large_image", "title": "Pregnant Kate Middleton Hit With Cocaine Bombshell", "description": "Pregnant Kate Middleton is embroiled in a cocaine bombshell as it may have been snorted in maternity ward where she's due to give birth.", "image": "https://media.radaronline.com/brand-img/JuVUVyl1q/0x0/2017/09/pregnant-kate-middleton-cocaine-bombshell-pp-.jpg"}}, "movies": [], "publish_date": 1504549265.0, "source": "http://radaronline.com", "summary": ""}