{"url": "hollywoodlife.com/2018/02/13/katy-perry-orlando-bloom-back-together-relationship-rekindled-romance/", "text": "Katy Perry and Orlando Bloom \u2018officially\u2019 dating again, according to a new report, which claims they rekindled their relationship after a romantic getaway!\n\nTrue love always finds its way back! \u2014 Katy Perry, 33, and Orlando Bloom, 41, \u201care back on,\u201d a source tells The Sun Online! \u201cKaty wants to make things work this time around.\u201d The insider admits that the singer \u201ctried, but she couldn\u2019t cut him off,\u201d adding, \u201cShe cares too much about him.\u201d However, this time around, the pair are reportedly \u201ckeeping things low key \u2014 but they\u2019re back together.\u201d Katy and Orlando split in early 2017.\n\nRumors that Katy and Orlando had rekindled their romance began to spread in early January 2018, when they were together on holiday in the Maldives. Before that, the two were spotted at an Ed Sheeran concert in LA back in August 2017. The on-again, off-again lovers have also been teasing a reconciliation by flirting on social media \u2014 They\u2019ve been liking one another\u2019s photos and leaving comments throughout their split\u2026 or lack there of.\n\nKaty and Orlando originally announced their split in late February, 2017, just days after they seemed happier than ever at numerous Oscars parties. At the time their reps gave a joint statement which read, \u201cBefore rumors or falsifications get out of hand we can confirm that Orlando [Bloom] and Katy [Perry] are taking respectful, loving space at this time.\u201d\n\nThis news happens to fall on the same day news broke that Katy\u2019s ex, Robert Pattinson, 31, and his ex, Kristen Stewart, 27, were apparently seen together at Edendale in Los Angeles\u2019 Silver Lake neighborhood on February 11. \u201cWas just at bar enjoying my friends birthday and in comes Robert Pattinson which blew my twilight mind up, and then Kristen Stewart walked in and now I\u2019m reliving my highschool twilight fantasies,\u201d one witness tweeted on February 12 after spotting the pair. Learn more about Robsten, here.\n\nHollywoodLifers, do you want Katy and Orlando back together?", "images": ["https://www.sheknows.com/wp-content/uploads/2021/05/bill-gates-affair.jpg?w=230&crop=1", "https://stylecaster.com/wp-content/uploads/2021/05/emily-ratajkowski-jw-pei-gabbi-bag.jpg?w=230&crop=1", "https://hollywoodlife.com/wp-content/uploads/2021/05/American-Idol-Caleb-abc-ftr.jpg?w=143&h=80&crop=1", "https://hollywoodlife.com/wp-content/uploads/2017/06/jenna_lemoncelli.jpg?w=48", "https://www.blogher.com/wp-content/uploads/2021/03/clubhouse-app-tips.png?w=230&crop=1", "https://hollywoodlife.com/wp-content/uploads/2018/02/katy-perry-orlando-bloom-ftr.jpg?w=620", "https://hollywoodlife.com/wp-content/uploads/2018/02/katy-perry-orlando-bloom-ftr.jpg", "https://sb.scorecardresearch.com/p?c1=2&c2=6035310&c3=&c4=&c5=&c6=&c15=&cv=2.0&cj=1", "https://hollywoodlife.com/wp-content/uploads/2021/05/Paulina-Porizkova-son-shutter-ftr.jpg?w=143&h=80&crop=1", "https://hollywoodlife.com/wp-content/uploads/2020/12/nightgown-shopping-ftr.jpg?w=143&h=80&crop=1", "https://soaps.sheknows.com/wp-content/uploads/2021/05/Thomas-receives-apology-BB-HW.jpg?fit=1230%2C718&w=230&crop=1", "data:image/gif;base64,R0lGODlhAQABAIAAAAAAAP///yH5BAEAAAAALAAAAAABAAEAAAIBRAA7"], "top_img": "https://hollywoodlife.com/wp-content/uploads/2018/02/katy-perry-orlando-bloom-ftr.jpg", "keywords": [], "authors": ["Jenna Lemoncelli", "Kristyn Burtt", "Bella Gerard", "Jane Gahng", "Candace Young", "Charlie Mason", "News Editor"], "canonical_link": "https://hollywoodlife.com/2018/02/13/katy-perry-orlando-bloom-back-together-relationship-rekindled-romance/", "title": "Katy Perry & Orlando Bloom Reportedly \u2018Back On\u2019 After \u2018Robsten\u2019 Parties Together In LA", "meta_data": {"description": "Katy Perry and Orlando Bloom are reportedly back together!", "news_keywords": "Katy Perry, Orlando Bloom", "robots": "max-image-preview:large", "apple-itunes-app": "app-id=1400650284", "generator": "WordPress 5.7.2", "author": "Jenna Lemoncelli", "theme-color": "#fff", "apple-mobile-web-app-capable": "yes", "mobile-web-app-capable": "yes", "apple-touch-fullscreen": "YES", "apple-mobile-web-app-title": "Hollywood Life", "application-name": "Hollywood Life", "fb": {"pages": 94724837471}, "og": {"type": "article", "title": "Katy Perry & Orlando Bloom Reportedly \u2018Back On\u2019 After \u2018Robsten\u2019 Parties Together In LA", "url": "https://hollywoodlife.com/2018/02/13/katy-perry-orlando-bloom-back-together-relationship-rekindled-romance/", "description": "Katy Perry and Orlando Bloom \u2018officially\u2019 dating again, according to a new report, which claims they rekindled their relationship after a romantic getaway!", "site_name": "Hollywood Life", "image": {"identifier": "https://hollywoodlife.com/wp-content/uploads/2018/02/katy-perry-orlando-bloom-ftr.jpg", "width": 620, "height": 349, "alt": "Katy Perry & Orlando Bloom"}, "locale": "en_US"}, "article": {"published_time": "2018-02-13T18:44:30+00:00", "modified_time": "2018-02-13T19:00:30+00:00"}, "twitter": {"text": {"title": "Katy Perry & Orlando Bloom Reportedly \u2018Back On\u2019 After \u2018Robsten\u2019 Parties Together In LA"}, "image": {"identifier": "https://hollywoodlife.com/wp-content/uploads/2018/02/katy-perry-orlando-bloom-ftr.jpg?w=620", "alt": "Katy Perry & Orlando Bloom"}, "card": "summary_large_image", "site": "@HollywoodLife", "creator": "@https://twitter.com/jennalemoncelli", "title": "Katy Perry & Orlando Bloom Reportedly \u2018Back On\u2019 After \u2018Robsten\u2019 Parties Together In LA", "description": "Katy Perry and Orlando Bloom are reportedly back together!"}, "msapplication-TileImage": "https://hollywoodlife.com/wp-content/uploads/2018/06/hl_logo.png?w=128"}, "movies": [], "publish_date": 1518476400.0, "source": "http://hollywoodlife.com", "summary": ""}