{"created_at": "Sun May 27 13:23:37 +0000 2018", "id": 1000729235605028864, "id_str": "1000729235605028864", "text": "@TMZ @Fox411 @Caitlyn_Jenner @POTUS Sorry Caitlyn he\u2019s been pretty busy trying to make world peace \u270c\ufe0f with North Ko\u2026 https://t.co/yEcUmAsKj2", "truncated": true, "entities": {"hashtags": [], "symbols": [], "user_mentions": [{"screen_name": "TMZ", "name": "TMZ", "id": 16331010, "id_str": "16331010", "indices": [0, 4]}, {"screen_name": "Fox411", "name": "FOX411", "id": 107128390, "id_str": "107128390", "indices": [5, 12]}, {"screen_name": "Caitlyn_Jenner", "name": "Caitlyn Jenner", "id": 3303293865, "id_str": "3303293865", "indices": [13, 28]}, {"screen_name": "POTUS", "name": "President Biden", "id": 1349149096909668363, "id_str": "1349149096909668363", "indices": [29, 35]}], "urls": [{"url": "https://t.co/yEcUmAsKj2", "expanded_url": "https://twitter.com/i/web/status/1000729235605028864", "display_url": "twitter.com/i/web/status/1\u2026", "indices": [117, 140]}]}, "source": "<a href=\"http://twitter.com/download/iphone\" rel=\"nofollow\">Twitter for iPhone</a>", "in_reply_to_status_id": 1000534833498611713, "in_reply_to_status_id_str": "1000534833498611713", "in_reply_to_user_id": 16331010, "in_reply_to_user_id_str": "16331010", "in_reply_to_screen_name": "TMZ", "user": {"id": 2323958702, "id_str": "2323958702", "name": "Susan Buchanan", "screen_name": "suzijacuzi", "location": "", "description": "God Bless our President & America!", "url": null, "entities": {"description": {"urls": []}}, "protected": false, "followers_count": 145, "friends_count": 329, "listed_count": 2, "created_at": "Sun Feb 02 15:45:28 +0000 2014", "favourites_count": 4210, "utc_offset": null, "time_zone": null, "geo_enabled": false, "verified": false, "statuses_count": 6404, "lang": null, "contributors_enabled": false, "is_translator": false, "is_translation_enabled": false, "profile_background_color": "000000", "profile_background_image_url": "http://abs.twimg.com/images/themes/theme1/bg.png", "profile_background_image_url_https": "https://abs.twimg.com/images/themes/theme1/bg.png", "profile_background_tile": false, "profile_image_url": "http://pbs.twimg.com/profile_images/1176168793502097409/VcPeMOVu_normal.jpg", "profile_image_url_https": "https://pbs.twimg.com/profile_images/1176168793502097409/VcPeMOVu_normal.jpg", "profile_banner_url": "https://pbs.twimg.com/profile_banners/2323958702/1569255468", "profile_link_color": "F58EA8", "profile_sidebar_border_color": "000000", "profile_sidebar_fill_color": "000000", "profile_text_color": "000000", "profile_use_background_image": false, "has_extended_profile": true, "default_profile": false, "default_profile_image": false, "following": false, "follow_request_sent": false, "notifications": false, "translator_type": "none", "withheld_in_countries": []}, "geo": null, "coordinates": null, "place": null, "contributors": null, "is_quote_status": false, "retweet_count": 0, "favorite_count": 0, "favorited": false, "retweeted": false, "lang": "en"}