{"created_at": "Wed May 30 22:05:53 +0000 2018", "id": 1001947832008564738, "id_str": "1001947832008564738", "text": "@kourtneykardash im glad your no longer with scott,he was a nasty drunk,that just didnt care,even though he is the\u2026 https://t.co/Z1tWOq54H6", "truncated": true, "entities": {"hashtags": [], "symbols": [], "user_mentions": [{"screen_name": "kourtneykardash", "name": "Kourtney Kardashian", "id": 23617610, "id_str": "23617610", "indices": [0, 16]}], "urls": [{"url": "https://t.co/Z1tWOq54H6", "expanded_url": "https://twitter.com/i/web/status/1001947832008564738", "display_url": "twitter.com/i/web/status/1\u2026", "indices": [116, 139]}]}, "source": "<a href=\"http://twitter.com\" rel=\"nofollow\">Twitter Web Client</a>", "in_reply_to_status_id": 1001947160978624512, "in_reply_to_status_id_str": "1001947160978624512", "in_reply_to_user_id": 23617610, "in_reply_to_user_id_str": "23617610", "in_reply_to_screen_name": "kourtneykardash", "user": {"id": 30134737, "id_str": "30134737", "name": "JOSH UHL", "screen_name": "jcrb78", "location": "", "description": "", "url": null, "entities": {"description": {"urls": []}}, "protected": false, "followers_count": 124, "friends_count": 1540, "listed_count": 1, "created_at": "Fri Apr 10 02:22:01 +0000 2009", "favourites_count": 9323, "utc_offset": null, "time_zone": null, "geo_enabled": true, "verified": false, "statuses_count": 4723, "lang": null, "contributors_enabled": false, "is_translator": false, "is_translation_enabled": false, "profile_background_color": "000000", "profile_background_image_url": "http://abs.twimg.com/images/themes/theme19/bg.gif", "profile_background_image_url_https": "https://abs.twimg.com/images/themes/theme19/bg.gif", "profile_background_tile": false, "profile_image_url": "http://pbs.twimg.com/profile_images/1273681898645139457/YkVciG36_normal.jpg", "profile_image_url_https": "https://pbs.twimg.com/profile_images/1273681898645139457/YkVciG36_normal.jpg", "profile_link_color": "19CF86", "profile_sidebar_border_color": "000000", "profile_sidebar_fill_color": "000000", "profile_text_color": "000000", "profile_use_background_image": false, "has_extended_profile": true, "default_profile": false, "default_profile_image": false, "following": false, "follow_request_sent": false, "notifications": false, "translator_type": "none", "withheld_in_countries": []}, "geo": null, "coordinates": null, "place": null, "contributors": null, "is_quote_status": false, "retweet_count": 0, "favorite_count": 0, "favorited": false, "retweeted": false, "lang": "en"}