{"created_at": "Wed Jun 06 04:33:56 +0000 2018", "id": 1004219818902540288, "id_str": "1004219818902540288", "text": "@kimguilfoyle @Caitlyn_Jenner @TheFive @FoxNews That's just ........... nasty!  Yuck!", "truncated": false, "entities": {"hashtags": [], "symbols": [], "user_mentions": [{"screen_name": "kimguilfoyle", "name": "Kimberly Guilfoyle", "id": 25101996, "id_str": "25101996", "indices": [0, 13]}, {"screen_name": "Caitlyn_Jenner", "name": "Caitlyn Jenner", "id": 3303293865, "id_str": "3303293865", "indices": [14, 29]}, {"screen_name": "TheFive", "name": "The Five", "id": 334053327, "id_str": "334053327", "indices": [30, 38]}, {"screen_name": "FoxNews", "name": "Fox News", "id": 1367531, "id_str": "1367531", "indices": [39, 47]}], "urls": []}, "source": "<a href=\"http://twitter.com/download/android\" rel=\"nofollow\">Twitter for Android</a>", "in_reply_to_status_id": 1004180716991762433, "in_reply_to_status_id_str": "1004180716991762433", "in_reply_to_user_id": 25101996, "in_reply_to_user_id_str": "25101996", "in_reply_to_screen_name": "kimguilfoyle", "user": {"id": 930710143, "id_str": "930710143", "name": "Doc", "screen_name": "DockKing1", "location": "USA", "description": "Logistics, NRA Life Member. #MAGA", "url": null, "entities": {"description": {"urls": []}}, "protected": false, "followers_count": 2475, "friends_count": 3999, "listed_count": 5, "created_at": "Tue Nov 06 22:53:34 +0000 2012", "favourites_count": 205219, "utc_offset": null, "time_zone": null, "geo_enabled": true, "verified": false, "statuses_count": 141554, "lang": null, "contributors_enabled": false, "is_translator": false, "is_translation_enabled": false, "profile_background_color": "C0DEED", "profile_background_image_url": "http://abs.twimg.com/images/themes/theme1/bg.png", "profile_background_image_url_https": "https://abs.twimg.com/images/themes/theme1/bg.png", "profile_background_tile": false, "profile_image_url": "http://pbs.twimg.com/profile_images/378800000454806064/068ff3bb2a0834ba6c60740c3db62dd2_normal.jpeg", "profile_image_url_https": "https://pbs.twimg.com/profile_images/378800000454806064/068ff3bb2a0834ba6c60740c3db62dd2_normal.jpeg", "profile_banner_url": "https://pbs.twimg.com/profile_banners/930710143/1363832558", "profile_link_color": "1DA1F2", "profile_sidebar_border_color": "C0DEED", "profile_sidebar_fill_color": "DDEEF6", "profile_text_color": "333333", "profile_use_background_image": true, "has_extended_profile": false, "default_profile": true, "default_profile_image": false, "following": false, "follow_request_sent": false, "notifications": false, "translator_type": "none", "withheld_in_countries": []}, "geo": null, "coordinates": null, "place": null, "contributors": null, "is_quote_status": false, "retweet_count": 0, "favorite_count": 10, "favorited": false, "retweeted": false, "lang": "en"}