{"created_at": "Thu Jun 07 03:12:28 +0000 2018", "id": 1004561701457485824, "id_str": "1004561701457485824", "text": "@kimguilfoyle @Caitlyn_Jenner @TheFive @FoxNews Nasty", "truncated": false, "entities": {"hashtags": [], "symbols": [], "user_mentions": [{"screen_name": "kimguilfoyle", "name": "Kimberly Guilfoyle", "id": 25101996, "id_str": "25101996", "indices": [0, 13]}, {"screen_name": "Caitlyn_Jenner", "name": "Caitlyn Jenner", "id": 3303293865, "id_str": "3303293865", "indices": [14, 29]}, {"screen_name": "TheFive", "name": "The Five", "id": 334053327, "id_str": "334053327", "indices": [30, 38]}, {"screen_name": "FoxNews", "name": "Fox News", "id": 1367531, "id_str": "1367531", "indices": [39, 47]}], "urls": []}, "source": "<a href=\"http://twitter.com/download/iphone\" rel=\"nofollow\">Twitter for iPhone</a>", "in_reply_to_status_id": 1004180716991762433, "in_reply_to_status_id_str": "1004180716991762433", "in_reply_to_user_id": 25101996, "in_reply_to_user_id_str": "25101996", "in_reply_to_screen_name": "kimguilfoyle", "user": {"id": 870871050548002816, "id_str": "870871050548002816", "name": "Don Garcia\u274c", "screen_name": "Dongarcia67", "location": "Main Street, USA ", "description": "I love the USA, MAGA, #Trump, Patriot, American of Mexican Descent.", "url": null, "entities": {"description": {"urls": []}}, "protected": false, "followers_count": 100, "friends_count": 81, "listed_count": 6, "created_at": "Sat Jun 03 05:13:33 +0000 2017", "favourites_count": 8643, "utc_offset": null, "time_zone": null, "geo_enabled": false, "verified": false, "statuses_count": 27424, "lang": null, "contributors_enabled": false, "is_translator": false, "is_translation_enabled": false, "profile_background_color": "000000", "profile_background_image_url": "http://abs.twimg.com/images/themes/theme1/bg.png", "profile_background_image_url_https": "https://abs.twimg.com/images/themes/theme1/bg.png", "profile_background_tile": false, "profile_image_url": "http://pbs.twimg.com/profile_images/871589646420934656/yj4ZKzQK_normal.jpg", "profile_image_url_https": "https://pbs.twimg.com/profile_images/871589646420934656/yj4ZKzQK_normal.jpg", "profile_banner_url": "https://pbs.twimg.com/profile_banners/870871050548002816/1496468288", "profile_link_color": "1B95E0", "profile_sidebar_border_color": "000000", "profile_sidebar_fill_color": "000000", "profile_text_color": "000000", "profile_use_background_image": false, "has_extended_profile": false, "default_profile": false, "default_profile_image": false, "following": false, "follow_request_sent": false, "notifications": false, "translator_type": "none", "withheld_in_countries": []}, "geo": null, "coordinates": null, "place": null, "contributors": null, "is_quote_status": false, "retweet_count": 0, "favorite_count": 0, "favorited": false, "retweeted": false, "lang": "pl"}