{"created_at": "Mon Jul 09 11:23:46 +0000 2018", "id": 1016281752921403392, "id_str": "1016281752921403392", "text": "@cspanwj @Kybelle195739  Is  Trump's possible female nominee Amy whatever a nasty lesbian judge? She looks very Cai\u2026 https://t.co/2ZJvj8IzcR", "truncated": true, "entities": {"hashtags": [], "symbols": [], "user_mentions": [{"screen_name": "cspanwj", "name": "Washington Journal", "id": 15923226, "id_str": "15923226", "indices": [0, 8]}, {"screen_name": "Kybelle195739", "name": "Lizzie-Tn", "id": 898569614703050752, "id_str": "898569614703050752", "indices": [9, 23]}], "urls": [{"url": "https://t.co/2ZJvj8IzcR", "expanded_url": "https://twitter.com/i/web/status/1016281752921403392", "display_url": "twitter.com/i/web/status/1\u2026", "indices": [117, 140]}]}, "source": "<a href=\"http://twitter.com\" rel=\"nofollow\">Twitter Web Client</a>", "in_reply_to_status_id": null, "in_reply_to_status_id_str": null, "in_reply_to_user_id": 15923226, "in_reply_to_user_id_str": "15923226", "in_reply_to_screen_name": "cspanwj", "user": {"id": 61757385, "id_str": "61757385", "name": "Civil_Rights_Icon_Johhny_Ndeppth", "screen_name": "count_210", "location": "", "description": "", "url": null, "entities": {"description": {"urls": []}}, "protected": false, "followers_count": 506, "friends_count": 466, "listed_count": 8, "created_at": "Fri Jul 31 12:16:00 +0000 2009", "favourites_count": 26, "utc_offset": null, "time_zone": null, "geo_enabled": false, "verified": false, "statuses_count": 15095, "lang": null, "contributors_enabled": false, "is_translator": false, "is_translation_enabled": false, "profile_background_color": "000000", "profile_background_image_url": "http://abs.twimg.com/images/themes/theme1/bg.png", "profile_background_image_url_https": "https://abs.twimg.com/images/themes/theme1/bg.png", "profile_background_tile": false, "profile_image_url": "http://pbs.twimg.com/profile_images/1231874030468292613/y8-021I8_normal.jpg", "profile_image_url_https": "https://pbs.twimg.com/profile_images/1231874030468292613/y8-021I8_normal.jpg", "profile_banner_url": "https://pbs.twimg.com/profile_banners/61757385/1571743018", "profile_link_color": "E81C4F", "profile_sidebar_border_color": "000000", "profile_sidebar_fill_color": "191919", "profile_text_color": "6B6B6B", "profile_use_background_image": true, "has_extended_profile": false, "default_profile": false, "default_profile_image": false, "following": false, "follow_request_sent": false, "notifications": false, "translator_type": "none", "withheld_in_countries": []}, "geo": null, "coordinates": null, "place": null, "contributors": null, "is_quote_status": true, "quoted_status_id": 1016280642898857988, "quoted_status_id_str": "1016280642898857988", "retweet_count": 0, "favorite_count": 0, "favorited": false, "retweeted": false, "possibly_sensitive": false, "lang": "en"}