{"created_at": "Thu Jul 12 18:33:43 +0000 2018", "id": 1017477120413650945, "id_str": "1017477120413650945", "text": "@CarissaLawson @News12NJ The older brother is a Kardashian too. I didn't mean to be so nasty, I just feel sorry for\u2026 https://t.co/zdgyYDRyrD", "truncated": true, "entities": {"hashtags": [], "symbols": [], "user_mentions": [{"screen_name": "CarissaLawson", "name": "Carissa Lawson", "id": 373382787, "id_str": "373382787", "indices": [0, 14]}, {"screen_name": "News12NJ", "name": "News12NJ", "id": 18917882, "id_str": "18917882", "indices": [15, 24]}], "urls": [{"url": "https://t.co/zdgyYDRyrD", "expanded_url": "https://twitter.com/i/web/status/1017477120413650945", "display_url": "twitter.com/i/web/status/1\u2026", "indices": [117, 140]}]}, "source": "<a href=\"http://twitter.com/download/android\" rel=\"nofollow\">Twitter for Android</a>", "in_reply_to_status_id": 1017469777420390400, "in_reply_to_status_id_str": "1017469777420390400", "in_reply_to_user_id": 373382787, "in_reply_to_user_id_str": "373382787", "in_reply_to_screen_name": "CarissaLawson", "user": {"id": 1286456970, "id_str": "1286456970", "name": "Dawn Masterson", "screen_name": "DawnMasterson1", "location": "New Jersey, USA", "description": "avid reader, mom, dog gramma, cancer survivor. old lady, and loving it.", "url": null, "entities": {"description": {"urls": []}}, "protected": false, "followers_count": 98, "friends_count": 168, "listed_count": 0, "created_at": "Thu Mar 21 17:07:33 +0000 2013", "favourites_count": 21289, "utc_offset": null, "time_zone": null, "geo_enabled": true, "verified": false, "statuses_count": 2846, "lang": null, "contributors_enabled": false, "is_translator": false, "is_translation_enabled": false, "profile_background_color": "C0DEED", "profile_background_image_url": "http://abs.twimg.com/images/themes/theme1/bg.png", "profile_background_image_url_https": "https://abs.twimg.com/images/themes/theme1/bg.png", "profile_background_tile": false, "profile_image_url": "http://pbs.twimg.com/profile_images/1371169947473285120/TlQRAlVF_normal.jpg", "profile_image_url_https": "https://pbs.twimg.com/profile_images/1371169947473285120/TlQRAlVF_normal.jpg", "profile_banner_url": "https://pbs.twimg.com/profile_banners/1286456970/1615747297", "profile_link_color": "1DA1F2", "profile_sidebar_border_color": "C0DEED", "profile_sidebar_fill_color": "DDEEF6", "profile_text_color": "333333", "profile_use_background_image": true, "has_extended_profile": false, "default_profile": true, "default_profile_image": false, "following": false, "follow_request_sent": false, "notifications": false, "translator_type": "none", "withheld_in_countries": []}, "geo": null, "coordinates": null, "place": null, "contributors": null, "is_quote_status": false, "retweet_count": 0, "favorite_count": 1, "favorited": false, "retweeted": false, "lang": "en"}