{"created_at": "Fri Aug 03 17:07:06 +0000 2018", "id": 1025427854614388737, "id_str": "1025427854614388737", "text": "@AndrewDangg Damn Caitlyn Jenner threw in a nasty verse huh?", "truncated": false, "entities": {"hashtags": [], "symbols": [], "user_mentions": [{"screen_name": "AndrewDangg", "name": "Gynze", "id": 377170397, "id_str": "377170397", "indices": [0, 12]}], "urls": []}, "source": "<a href=\"http://twitter.com/download/iphone\" rel=\"nofollow\">Twitter for iPhone</a>", "in_reply_to_status_id": 1025399556341751813, "in_reply_to_status_id_str": "1025399556341751813", "in_reply_to_user_id": 377170397, "in_reply_to_user_id_str": "377170397", "in_reply_to_screen_name": "AndrewDangg", "user": {"id": 847890404770947072, "id_str": "847890404770947072", "name": "0012", "screen_name": "litengmemequeen", "location": "", "description": "Waiting for that one tweet to give me MEGA clout.", "url": null, "entities": {"description": {"urls": []}}, "protected": false, "followers_count": 21, "friends_count": 42, "listed_count": 0, "created_at": "Fri Mar 31 19:16:40 +0000 2017", "favourites_count": 550, "utc_offset": null, "time_zone": null, "geo_enabled": true, "verified": false, "statuses_count": 243, "lang": null, "contributors_enabled": false, "is_translator": false, "is_translation_enabled": false, "profile_background_color": "F5F8FA", "profile_background_image_url": null, "profile_background_image_url_https": null, "profile_background_tile": false, "profile_image_url": "http://pbs.twimg.com/profile_images/1097206970518392832/CaZFkRjS_normal.jpg", "profile_image_url_https": "https://pbs.twimg.com/profile_images/1097206970518392832/CaZFkRjS_normal.jpg", "profile_banner_url": "https://pbs.twimg.com/profile_banners/847890404770947072/1523830079", "profile_link_color": "1DA1F2", "profile_sidebar_border_color": "C0DEED", "profile_sidebar_fill_color": "DDEEF6", "profile_text_color": "333333", "profile_use_background_image": true, "has_extended_profile": true, "default_profile": true, "default_profile_image": false, "following": false, "follow_request_sent": false, "notifications": false, "translator_type": "none", "withheld_in_countries": []}, "geo": null, "coordinates": null, "place": null, "contributors": null, "is_quote_status": false, "retweet_count": 0, "favorite_count": 1, "favorited": false, "retweeted": false, "lang": "en"}