{"created_at": "Thu Aug 09 14:54:54 +0000 2018", "id": 1027568913134051329, "id_str": "1027568913134051329", "text": "Y\u2019all I really dislike Caitlyn Jenner as a person (she\u2019s nasty y\u2019all) but like respect her gender ya? She\u2019s not a f\u2026 https://t.co/c69kdAS5rt", "truncated": true, "entities": {"hashtags": [], "symbols": [], "user_mentions": [], "urls": [{"url": "https://t.co/c69kdAS5rt", "expanded_url": "https://twitter.com/i/web/status/1027568913134051329", "display_url": "twitter.com/i/web/status/1\u2026", "indices": [117, 140]}]}, "source": "<a href=\"http://twitter.com/download/iphone\" rel=\"nofollow\">Twitter for iPhone</a>", "in_reply_to_status_id": null, "in_reply_to_status_id_str": null, "in_reply_to_user_id": null, "in_reply_to_user_id_str": null, "in_reply_to_screen_name": null, "user": {"id": 505076229, "id_str": "505076229", "name": "S \ud83c\udf08", "screen_name": "SRDee11", "location": "", "description": "just out here loving my gals and having a good time \ud83d\ude4c\ud83c\udffb Winona Ryder love bot", "url": "https://t.co/VW8gasdQzr", "entities": {"url": {"urls": [{"url": "https://t.co/VW8gasdQzr", "expanded_url": "https://curiouscat.me/SRDee11", "display_url": "curiouscat.me/SRDee11", "indices": [0, 23]}]}, "description": {"urls": []}}, "protected": false, "followers_count": 209, "friends_count": 229, "listed_count": 13, "created_at": "Sun Feb 26 22:22:35 +0000 2012", "favourites_count": 8727, "utc_offset": null, "time_zone": null, "geo_enabled": true, "verified": false, "statuses_count": 26570, "lang": null, "contributors_enabled": false, "is_translator": false, "is_translation_enabled": false, "profile_background_color": "C0DEED", "profile_background_image_url": "http://abs.twimg.com/images/themes/theme1/bg.png", "profile_background_image_url_https": "https://abs.twimg.com/images/themes/theme1/bg.png", "profile_background_tile": false, "profile_image_url": "http://pbs.twimg.com/profile_images/1154057373243383819/ttducPRf_normal.jpg", "profile_image_url_https": "https://pbs.twimg.com/profile_images/1154057373243383819/ttducPRf_normal.jpg", "profile_banner_url": "https://pbs.twimg.com/profile_banners/505076229/1486334090", "profile_link_color": "46EBDD", "profile_sidebar_border_color": "C0DEED", "profile_sidebar_fill_color": "DDEEF6", "profile_text_color": "333333", "profile_use_background_image": true, "has_extended_profile": true, "default_profile": false, "default_profile_image": false, "following": false, "follow_request_sent": false, "notifications": false, "translator_type": "none", "withheld_in_countries": []}, "geo": null, "coordinates": null, "place": null, "contributors": null, "is_quote_status": true, "quoted_status_id": 1027547772973506560, "quoted_status_id_str": "1027547772973506560", "retweet_count": 0, "favorite_count": 2, "favorited": false, "retweeted": false, "possibly_sensitive": false, "lang": "en"}