{"created_at": "Fri Sep 07 09:23:49 +0000 2018", "id": 1037994840536047617, "id_str": "1037994840536047617", "text": "@TINGLYTASTEBUDS I really don't know. \n\nHis Humanity show on Netflix has a segment on his dispute with Caitlyn Jenn\u2026 https://t.co/N7SNLW8lDB", "truncated": true, "entities": {"hashtags": [], "symbols": [], "user_mentions": [{"screen_name": "TINGLYTASTEBUDS", "name": "Michelle ( I\u2019m not a cat judge )", "id": 788156464925999104, "id_str": "788156464925999104", "indices": [0, 16]}], "urls": [{"url": "https://t.co/N7SNLW8lDB", "expanded_url": "https://twitter.com/i/web/status/1037994840536047617", "display_url": "twitter.com/i/web/status/1\u2026", "indices": [117, 140]}]}, "source": "<a href=\"http://twitter.com/download/iphone\" rel=\"nofollow\">Twitter for iPhone</a>", "in_reply_to_status_id": 1037994172542799872, "in_reply_to_status_id_str": "1037994172542799872", "in_reply_to_user_id": 788156464925999104, "in_reply_to_user_id_str": "788156464925999104", "in_reply_to_screen_name": "TINGLYTASTEBUDS", "user": {"id": 218586507, "id_str": "218586507", "name": "\u26a1Me\u26a1Myself\u26a1Online\u26a1", "screen_name": "MeMyselfOnline", "location": "United Kingdom", "description": "#acerbic #trypophobic #sagacious #perspicacious #loquacious #misanthropic #philhellenist #naturalist #ailurophile #cinephile #telephile #melophile #logophile", "url": null, "entities": {"description": {"urls": []}}, "protected": false, "followers_count": 2950, "friends_count": 1095, "listed_count": 15, "created_at": "Mon Nov 22 18:50:38 +0000 2010", "favourites_count": 40725, "utc_offset": null, "time_zone": null, "geo_enabled": false, "verified": false, "statuses_count": 85332, "lang": null, "contributors_enabled": false, "is_translator": false, "is_translation_enabled": false, "profile_background_color": "1A1B1F", "profile_background_image_url": "http://abs.twimg.com/images/themes/theme9/bg.gif", "profile_background_image_url_https": "https://abs.twimg.com/images/themes/theme9/bg.gif", "profile_background_tile": false, "profile_image_url": "http://pbs.twimg.com/profile_images/1394332067849285636/-8_-PSRP_normal.jpg", "profile_image_url_https": "https://pbs.twimg.com/profile_images/1394332067849285636/-8_-PSRP_normal.jpg", "profile_banner_url": "https://pbs.twimg.com/profile_banners/218586507/1610235173", "profile_link_color": "19CF86", "profile_sidebar_border_color": "FFFFFF", "profile_sidebar_fill_color": "252429", "profile_text_color": "666666", "profile_use_background_image": true, "has_extended_profile": true, "default_profile": false, "default_profile_image": false, "following": false, "follow_request_sent": false, "notifications": false, "translator_type": "none", "withheld_in_countries": []}, "geo": null, "coordinates": null, "place": null, "contributors": null, "is_quote_status": false, "retweet_count": 0, "favorite_count": 1, "favorited": false, "retweeted": false, "lang": "en"}