{"created_at": "Wed Sep 12 16:00:42 +0000 2018", "id": 1039906659706068994, "id_str": "1039906659706068994", "text": "(GOSSIP: Julia Roberts Claps Back At Nasty Instagram Commenter; Kendall Jenner Rips Into Caitlyn For Turning Her Ba\u2026 https://t.co/KlrFlbsK5o", "truncated": true, "entities": {"hashtags": [], "symbols": [], "user_mentions": [], "urls": [{"url": "https://t.co/KlrFlbsK5o", "expanded_url": "https://twitter.com/i/web/status/1039906659706068994", "display_url": "twitter.com/i/web/status/1\u2026", "indices": [117, 140]}]}, "source": "<a href=\"http://www.dopeytimes.com\" rel=\"nofollow\">Dopey Times</a>", "in_reply_to_status_id": null, "in_reply_to_status_id_str": null, "in_reply_to_user_id": null, "in_reply_to_user_id_str": null, "in_reply_to_screen_name": null, "user": {"id": 1000808637110009857, "id_str": "1000808637110009857", "name": "Dopey Times", "screen_name": "DopeyTimes", "location": "Carlsbad, CA", "description": "The Latest Breaking Cannabis News  | All cannabis, all the time.", "url": "https://t.co/bC1Pc8vyV3", "entities": {"url": {"urls": [{"url": "https://t.co/bC1Pc8vyV3", "expanded_url": "http://www.dopeytimes.com", "display_url": "dopeytimes.com", "indices": [0, 23]}]}, "description": {"urls": []}}, "protected": false, "followers_count": 168, "friends_count": 438, "listed_count": 1, "created_at": "Sun May 27 18:39:08 +0000 2018", "favourites_count": 343, "utc_offset": null, "time_zone": null, "geo_enabled": false, "verified": false, "statuses_count": 8068, "lang": null, "contributors_enabled": false, "is_translator": false, "is_translation_enabled": false, "profile_background_color": "F5F8FA", "profile_background_image_url": null, "profile_background_image_url_https": null, "profile_background_tile": false, "profile_image_url": "http://pbs.twimg.com/profile_images/1001990631739150337/HUEajI-3_normal.jpg", "profile_image_url_https": "https://pbs.twimg.com/profile_images/1001990631739150337/HUEajI-3_normal.jpg", "profile_banner_url": "https://pbs.twimg.com/profile_banners/1000808637110009857/1527785803", "profile_link_color": "1DA1F2", "profile_sidebar_border_color": "C0DEED", "profile_sidebar_fill_color": "DDEEF6", "profile_text_color": "333333", "profile_use_background_image": true, "has_extended_profile": true, "default_profile": true, "default_profile_image": false, "following": false, "follow_request_sent": false, "notifications": false, "translator_type": "none", "withheld_in_countries": []}, "geo": null, "coordinates": null, "place": null, "contributors": null, "is_quote_status": false, "retweet_count": 0, "favorite_count": 0, "favorited": false, "retweeted": false, "possibly_sensitive": false, "lang": "en"}