{"created_at": "Thu Sep 20 13:42:41 +0000 2018", "id": 1042771029628731392, "id_str": "1042771029628731392", "text": "@craigfoths @loosewomen @Caitlyn_Jenner @andrea_mclean @McGiff @nadiasawalha @ITV @WeAreSTV @benshapiro You're fric\u2026 https://t.co/6EDQZbbqN0", "truncated": true, "entities": {"hashtags": [], "symbols": [], "user_mentions": [{"screen_name": "craigfoths", "name": "Craig \ud83c\udfb1\udbb9\udcea\ud83d\udcaf", "id": 706885243240914945, "id_str": "706885243240914945", "indices": [0, 11]}, {"screen_name": "loosewomen", "name": "Loose Women", "id": 19329967, "id_str": "19329967", "indices": [12, 23]}, {"screen_name": "Caitlyn_Jenner", "name": "Caitlyn Jenner", "id": 3303293865, "id_str": "3303293865", "indices": [24, 39]}, {"screen_name": "andrea_mclean", "name": "Andrea McLean Broadcaster, Author, CEO, Mum", "id": 130478055, "id_str": "130478055", "indices": [40, 54]}, {"screen_name": "McGiff", "name": "Carol McGiffin", "id": 20596819, "id_str": "20596819", "indices": [55, 62]}, {"screen_name": "nadiasawalha", "name": "nadia sawalha", "id": 102206678, "id_str": "102206678", "indices": [63, 76]}, {"screen_name": "ITV", "name": "ITV", "id": 86925202, "id_str": "86925202", "indices": [77, 81]}, {"screen_name": "WeAreSTV", "name": "STV", "id": 787028966, "id_str": "787028966", "indices": [82, 91]}, {"screen_name": "benshapiro", "name": "Ben Shapiro", "id": 17995040, "id_str": "17995040", "indices": [92, 103]}], "urls": [{"url": "https://t.co/6EDQZbbqN0", "expanded_url": "https://twitter.com/i/web/status/1042771029628731392", "display_url": "twitter.com/i/web/status/1\u2026", "indices": [117, 140]}]}, "source": "<a href=\"https://mobile.twitter.com\" rel=\"nofollow\">Twitter Web App</a>", "in_reply_to_status_id": 1042734487799517184, "in_reply_to_status_id_str": "1042734487799517184", "in_reply_to_user_id": 706885243240914945, "in_reply_to_user_id_str": "706885243240914945", "in_reply_to_screen_name": "craigfoths", "user": {"id": 350157179, "id_str": "350157179", "name": "LJStewart \u26ab", "screen_name": "LornaJStewart", "location": "Salford, UK", "description": "I've learned that people will forget what you said, people will forget what you did, but people will never forget how you made them feel.", "url": "https://t.co/CGRz0MOrK5", "entities": {"url": {"urls": [{"url": "https://t.co/CGRz0MOrK5", "expanded_url": "https://havevoicewillspeak.blogspot.com/?m=1", "display_url": "havevoicewillspeak.blogspot.com/?m=1", "indices": [0, 23]}]}, "description": {"urls": []}}, "protected": false, "followers_count": 1429, "friends_count": 4561, "listed_count": 16, "created_at": "Sun Aug 07 08:59:45 +0000 2011", "favourites_count": 45740, "utc_offset": null, "time_zone": null, "geo_enabled": true, "verified": false, "statuses_count": 28315, "lang": null, "contributors_enabled": false, "is_translator": false, "is_translation_enabled": false, "profile_background_color": "642D8B", "profile_background_image_url": "http://abs.twimg.com/images/themes/theme10/bg.gif", "profile_background_image_url_https": "https://abs.twimg.com/images/themes/theme10/bg.gif", "profile_background_tile": true, "profile_image_url": "http://pbs.twimg.com/profile_images/1147955284729651200/1NJxtMMA_normal.jpg", "profile_image_url_https": "https://pbs.twimg.com/profile_images/1147955284729651200/1NJxtMMA_normal.jpg", "profile_banner_url": "https://pbs.twimg.com/profile_banners/350157179/1562793550", "profile_link_color": "981CEB", "profile_sidebar_border_color": "65B0DA", "profile_sidebar_fill_color": "7AC3EE", "profile_text_color": "3D1957", "profile_use_background_image": true, "has_extended_profile": false, "default_profile": false, "default_profile_image": false, "following": false, "follow_request_sent": false, "notifications": false, "translator_type": "none", "withheld_in_countries": []}, "geo": null, "coordinates": null, "place": null, "contributors": null, "is_quote_status": false, "retweet_count": 0, "favorite_count": 0, "favorited": false, "retweeted": false, "lang": "en"}