{"created_at": "Thu Sep 20 12:29:21 +0000 2018", "id": 1042752573357346822, "id_str": "1042752573357346822", "text": "@loosewomen @Caitlyn_Jenner I don\u2019t watch the Kardashian\u2019s, but am disturbed by the nasty comments I\u2019m reading agai\u2026 https://t.co/mQJyy6chXz", "truncated": true, "entities": {"hashtags": [], "symbols": [], "user_mentions": [{"screen_name": "loosewomen", "name": "Loose Women", "id": 19329967, "id_str": "19329967", "indices": [0, 11]}, {"screen_name": "Caitlyn_Jenner", "name": "Caitlyn Jenner", "id": 3303293865, "id_str": "3303293865", "indices": [12, 27]}], "urls": [{"url": "https://t.co/mQJyy6chXz", "expanded_url": "https://twitter.com/i/web/status/1042752573357346822", "display_url": "twitter.com/i/web/status/1\u2026", "indices": [117, 140]}]}, "source": "<a href=\"http://twitter.com/download/iphone\" rel=\"nofollow\">Twitter for iPhone</a>", "in_reply_to_status_id": 1042751493374390272, "in_reply_to_status_id_str": "1042751493374390272", "in_reply_to_user_id": 19329967, "in_reply_to_user_id_str": "19329967", "in_reply_to_screen_name": "loosewomen", "user": {"id": 22671507, "id_str": "22671507", "name": "Emma Batchelder", "screen_name": "EmmaBatchelder", "location": "", "description": "Vice President - Lockton Companies LLP", "url": null, "entities": {"description": {"urls": []}}, "protected": false, "followers_count": 160, "friends_count": 1511, "listed_count": 2, "created_at": "Tue Mar 03 20:15:56 +0000 2009", "favourites_count": 6350, "utc_offset": null, "time_zone": null, "geo_enabled": true, "verified": false, "statuses_count": 1147, "lang": null, "contributors_enabled": false, "is_translator": false, "is_translation_enabled": false, "profile_background_color": "ACDED6", "profile_background_image_url": "http://abs.twimg.com/images/themes/theme18/bg.gif", "profile_background_image_url_https": "https://abs.twimg.com/images/themes/theme18/bg.gif", "profile_background_tile": false, "profile_image_url": "http://pbs.twimg.com/profile_images/1267741049956585472/Kj6whAdR_normal.jpg", "profile_image_url_https": "https://pbs.twimg.com/profile_images/1267741049956585472/Kj6whAdR_normal.jpg", "profile_banner_url": "https://pbs.twimg.com/profile_banners/22671507/1594980964", "profile_link_color": "038543", "profile_sidebar_border_color": "EEEEEE", "profile_sidebar_fill_color": "F6F6F6", "profile_text_color": "333333", "profile_use_background_image": true, "has_extended_profile": false, "default_profile": false, "default_profile_image": false, "following": false, "follow_request_sent": false, "notifications": false, "translator_type": "none", "withheld_in_countries": []}, "geo": null, "coordinates": null, "place": null, "contributors": null, "is_quote_status": false, "retweet_count": 0, "favorite_count": 10, "favorited": false, "retweeted": false, "lang": "en"}