{"created_at": "Thu Sep 20 19:33:45 +0000 2018", "id": 1042859378762768384, "id_str": "1042859378762768384", "text": "@Caitlyn_Jenner some of the things people are saying about #caitlynjenner are just plain nasty everyone as a right\u2026 https://t.co/QPAs8DaEV8", "truncated": true, "entities": {"hashtags": [{"text": "caitlynjenner", "indices": [59, 73]}], "symbols": [], "user_mentions": [{"screen_name": "Caitlyn_Jenner", "name": "Caitlyn Jenner", "id": 3303293865, "id_str": "3303293865", "indices": [0, 15]}], "urls": [{"url": "https://t.co/QPAs8DaEV8", "expanded_url": "https://twitter.com/i/web/status/1042859378762768384", "display_url": "twitter.com/i/web/status/1\u2026", "indices": [116, 139]}]}, "source": "<a href=\"http://twitter.com/download/android\" rel=\"nofollow\">Twitter for Android</a>", "in_reply_to_status_id": null, "in_reply_to_status_id_str": null, "in_reply_to_user_id": 3303293865, "in_reply_to_user_id_str": "3303293865", "in_reply_to_screen_name": "Caitlyn_Jenner", "user": {"id": 1781290332, "id_str": "1781290332", "name": "Sian Williams", "screen_name": "siangirl2013", "location": "G Britain", "description": "michael Buble,i love \ud83d\udc15 , I love to laugh \ud83d\ude04", "url": null, "entities": {"description": {"urls": []}}, "protected": false, "followers_count": 311, "friends_count": 1738, "listed_count": 1, "created_at": "Sat Sep 07 22:18:34 +0000 2013", "favourites_count": 10, "utc_offset": null, "time_zone": null, "geo_enabled": true, "verified": false, "statuses_count": 139, "lang": null, "contributors_enabled": false, "is_translator": false, "is_translation_enabled": false, "profile_background_color": "FF6699", "profile_background_image_url": "http://abs.twimg.com/images/themes/theme11/bg.gif", "profile_background_image_url_https": "https://abs.twimg.com/images/themes/theme11/bg.gif", "profile_background_tile": true, "profile_image_url": "http://pbs.twimg.com/profile_images/932398602646941696/vLkAwWdP_normal.jpg", "profile_image_url_https": "https://pbs.twimg.com/profile_images/932398602646941696/vLkAwWdP_normal.jpg", "profile_banner_url": "https://pbs.twimg.com/profile_banners/1781290332/1410554256", "profile_link_color": "B40B43", "profile_sidebar_border_color": "CC3366", "profile_sidebar_fill_color": "E5507E", "profile_text_color": "362720", "profile_use_background_image": true, "has_extended_profile": false, "default_profile": false, "default_profile_image": false, "following": false, "follow_request_sent": false, "notifications": false, "translator_type": "none", "withheld_in_countries": []}, "geo": null, "coordinates": null, "place": null, "contributors": null, "is_quote_status": false, "retweet_count": 7, "favorite_count": 4, "favorited": false, "retweeted": false, "lang": "en"}