{"created_at": "Thu Sep 20 12:25:20 +0000 2018", "id": 1042751563146702848, "id_str": "1042751563146702848", "text": "@Caitlyn_Jenner ignore the nasty  comments @loosewomen loved  the show xx", "truncated": false, "entities": {"hashtags": [], "symbols": [], "user_mentions": [{"screen_name": "Caitlyn_Jenner", "name": "Caitlyn Jenner", "id": 3303293865, "id_str": "3303293865", "indices": [0, 15]}, {"screen_name": "loosewomen", "name": "Loose Women", "id": 19329967, "id_str": "19329967", "indices": [43, 54]}], "urls": []}, "source": "<a href=\"http://twitter.com/download/android\" rel=\"nofollow\">Twitter for Android</a>", "in_reply_to_status_id": null, "in_reply_to_status_id_str": null, "in_reply_to_user_id": 3303293865, "in_reply_to_user_id_str": "3303293865", "in_reply_to_screen_name": "Caitlyn_Jenner", "user": {"id": 2245349650, "id_str": "2245349650", "name": "Debbie Charles", "screen_name": "DcDebbiec358", "location": "Wales, United Kingdom", "description": "Happy", "url": null, "entities": {"description": {"urls": []}}, "protected": false, "followers_count": 1, "friends_count": 139, "listed_count": 0, "created_at": "Thu Dec 26 20:23:11 +0000 2013", "favourites_count": 13, "utc_offset": null, "time_zone": null, "geo_enabled": false, "verified": false, "statuses_count": 44, "lang": null, "contributors_enabled": false, "is_translator": false, "is_translation_enabled": false, "profile_background_color": "C0DEED", "profile_background_image_url": "http://abs.twimg.com/images/themes/theme1/bg.png", "profile_background_image_url_https": "https://abs.twimg.com/images/themes/theme1/bg.png", "profile_background_tile": false, "profile_image_url": "http://pbs.twimg.com/profile_images/1004054608816279552/nZs5sg4k_normal.jpg", "profile_image_url_https": "https://pbs.twimg.com/profile_images/1004054608816279552/nZs5sg4k_normal.jpg", "profile_banner_url": "https://pbs.twimg.com/profile_banners/2245349650/1528220246", "profile_link_color": "1DA1F2", "profile_sidebar_border_color": "C0DEED", "profile_sidebar_fill_color": "DDEEF6", "profile_text_color": "333333", "profile_use_background_image": true, "has_extended_profile": false, "default_profile": true, "default_profile_image": false, "following": false, "follow_request_sent": false, "notifications": false, "translator_type": "none", "withheld_in_countries": []}, "geo": null, "coordinates": null, "place": null, "contributors": null, "is_quote_status": false, "retweet_count": 0, "favorite_count": 0, "favorited": false, "retweeted": false, "lang": "en"}