{"created_at": "Fri Oct 12 03:41:33 +0000 2018", "id": 1050592279390347264, "id_str": "1050592279390347264", "text": "@KimKardashian @kourtneykardash @robkardashian @KylieJenner @Caitlyn_Jenner @KendallJenner @Oprah @ChrisEvans @cher\u2026 https://t.co/zodzT0i9K7", "truncated": true, "entities": {"hashtags": [], "symbols": [], "user_mentions": [{"screen_name": "KimKardashian", "name": "Kim Kardashian West", "id": 25365536, "id_str": "25365536", "indices": [0, 14]}, {"screen_name": "kourtneykardash", "name": "Kourtney Kardashian", "id": 23617610, "id_str": "23617610", "indices": [15, 31]}, {"screen_name": "robkardashian", "name": "ROBERT KARDASHIAN", "id": 27989078, "id_str": "27989078", "indices": [32, 46]}, {"screen_name": "KylieJenner", "name": "Kylie Jenner", "id": 236699098, "id_str": "236699098", "indices": [47, 59]}, {"screen_name": "Caitlyn_Jenner", "name": "Caitlyn Jenner", "id": 3303293865, "id_str": "3303293865", "indices": [60, 75]}, {"screen_name": "KendallJenner", "name": "Kendall", "id": 157140968, "id_str": "157140968", "indices": [76, 90]}, {"screen_name": "Oprah", "name": "Oprah Winfrey", "id": 19397785, "id_str": "19397785", "indices": [91, 97]}, {"screen_name": "ChrisEvans", "name": "Chris Evans", "id": 580097412, "id_str": "580097412", "indices": [98, 109]}, {"screen_name": "cher", "name": "Cher", "id": 124003770, "id_str": "124003770", "indices": [110, 115]}], "urls": [{"url": "https://t.co/zodzT0i9K7", "expanded_url": "https://twitter.com/i/web/status/1050592279390347264", "display_url": "twitter.com/i/web/status/1\u2026", "indices": [117, 140]}]}, "source": "<a href=\"http://twitter.com/download/android\" rel=\"nofollow\">Twitter for Android</a>", "in_reply_to_status_id": null, "in_reply_to_status_id_str": null, "in_reply_to_user_id": 25365536, "in_reply_to_user_id_str": "25365536", "in_reply_to_screen_name": "KimKardashian", "user": {"id": 1045450544255586311, "id_str": "1045450544255586311", "name": "Ledagamu1971", "screen_name": "Lukas20185", "location": "", "description": "Successful Independent Human Being.\nI respect other opinions, you respect mine or just keep moving. \nNot here looking for friends, already have tons of those.", "url": null, "entities": {"description": {"urls": []}}, "protected": false, "followers_count": 0, "friends_count": 137, "listed_count": 0, "created_at": "Thu Sep 27 23:10:08 +0000 2018", "favourites_count": 341, "utc_offset": null, "time_zone": null, "geo_enabled": false, "verified": false, "statuses_count": 1313, "lang": null, "contributors_enabled": false, "is_translator": false, "is_translation_enabled": false, "profile_background_color": "F5F8FA", "profile_background_image_url": null, "profile_background_image_url_https": null, "profile_background_tile": false, "profile_image_url": "http://pbs.twimg.com/profile_images/1126091026123431937/85ABY9mv_normal.jpg", "profile_image_url_https": "https://pbs.twimg.com/profile_images/1126091026123431937/85ABY9mv_normal.jpg", "profile_banner_url": "https://pbs.twimg.com/profile_banners/1045450544255586311/1538090239", "profile_link_color": "1DA1F2", "profile_sidebar_border_color": "C0DEED", "profile_sidebar_fill_color": "DDEEF6", "profile_text_color": "333333", "profile_use_background_image": true, "has_extended_profile": false, "default_profile": true, "default_profile_image": false, "following": false, "follow_request_sent": false, "notifications": false, "translator_type": "none", "withheld_in_countries": []}, "geo": null, "coordinates": null, "place": null, "contributors": null, "is_quote_status": false, "retweet_count": 0, "favorite_count": 0, "favorited": false, "retweeted": false, "possibly_sensitive": false, "lang": "tl"}