{"created_at": "Sat Oct 20 04:23:25 +0000 2018", "id": 1053501921003073536, "id_str": "1053501921003073536", "text": "Kris Kardashian put a spell on Bruce Jenner. Where is he or she? Is he still Caitlyn Jenner? Honestly I just care a\u2026 https://t.co/LMeCHGqgz3", "truncated": true, "entities": {"hashtags": [], "symbols": [], "user_mentions": [], "urls": [{"url": "https://t.co/LMeCHGqgz3", "expanded_url": "https://twitter.com/i/web/status/1053501921003073536", "display_url": "twitter.com/i/web/status/1\u2026", "indices": [117, 140]}]}, "source": "<a href=\"http://twitter.com/download/android\" rel=\"nofollow\">Twitter for Android</a>", "in_reply_to_status_id": null, "in_reply_to_status_id_str": null, "in_reply_to_user_id": null, "in_reply_to_user_id_str": null, "in_reply_to_screen_name": null, "user": {"id": 1027287478510600192, "id_str": "1027287478510600192", "name": "Mini Mouse Kini Bitty Fazu", "screen_name": "MiniFazu", "location": "", "description": "I'm phuridai Reiko Dickinson, aka Lucy masters Neratonin prytanin Basilica.", "url": null, "entities": {"description": {"urls": []}}, "protected": false, "followers_count": 237, "friends_count": 1948, "listed_count": 0, "created_at": "Wed Aug 08 20:16:35 +0000 2018", "favourites_count": 18294, "utc_offset": null, "time_zone": null, "geo_enabled": true, "verified": false, "statuses_count": 3441, "lang": null, "contributors_enabled": false, "is_translator": false, "is_translation_enabled": false, "profile_background_color": "F5F8FA", "profile_background_image_url": null, "profile_background_image_url_https": null, "profile_background_tile": false, "profile_image_url": "http://pbs.twimg.com/profile_images/1213155917648166913/y8ZjnYxv_normal.jpg", "profile_image_url_https": "https://pbs.twimg.com/profile_images/1213155917648166913/y8ZjnYxv_normal.jpg", "profile_banner_url": "https://pbs.twimg.com/profile_banners/1027287478510600192/1578073882", "profile_link_color": "1DA1F2", "profile_sidebar_border_color": "C0DEED", "profile_sidebar_fill_color": "DDEEF6", "profile_text_color": "333333", "profile_use_background_image": true, "has_extended_profile": false, "default_profile": true, "default_profile_image": false, "following": false, "follow_request_sent": false, "notifications": false, "translator_type": "none", "withheld_in_countries": []}, "geo": null, "coordinates": null, "place": null, "contributors": null, "is_quote_status": false, "retweet_count": 0, "favorite_count": 0, "favorited": false, "retweeted": false, "lang": "en"}