{"created_at": "Tue Oct 23 13:36:23 +0000 2018", "id": 1054728243272695810, "id_str": "1054728243272695810", "text": "@atrupar @Caitlyn_Jenner I'm pretty sure that people who are gay and support Trump thinking his anti-gay rhetoric i\u2026 https://t.co/JV6rvszC0w", "truncated": true, "entities": {"hashtags": [], "symbols": [], "user_mentions": [{"screen_name": "atrupar", "name": "Aaron Rupar", "id": 288277167, "id_str": "288277167", "indices": [0, 8]}, {"screen_name": "Caitlyn_Jenner", "name": "Caitlyn Jenner", "id": 3303293865, "id_str": "3303293865", "indices": [9, 24]}], "urls": [{"url": "https://t.co/JV6rvszC0w", "expanded_url": "https://twitter.com/i/web/status/1054728243272695810", "display_url": "twitter.com/i/web/status/1\u2026", "indices": [117, 140]}]}, "source": "<a href=\"http://twitter.com\" rel=\"nofollow\">Twitter Web Client</a>", "in_reply_to_status_id": 1054719374710489090, "in_reply_to_status_id_str": "1054719374710489090", "in_reply_to_user_id": 777472984160333828, "in_reply_to_user_id_str": "777472984160333828", "in_reply_to_screen_name": "RachelMann123", "user": {"id": 777472984160333828, "id_str": "777472984160333828", "name": "Rachel Mann", "screen_name": "RachelMann123", "location": "", "description": "No one important. Mostly angry.", "url": null, "entities": {"description": {"urls": []}}, "protected": false, "followers_count": 917, "friends_count": 100, "listed_count": 7, "created_at": "Sun Sep 18 11:42:58 +0000 2016", "favourites_count": 46979, "utc_offset": null, "time_zone": null, "geo_enabled": false, "verified": false, "statuses_count": 200141, "lang": null, "contributors_enabled": false, "is_translator": false, "is_translation_enabled": false, "profile_background_color": "F5F8FA", "profile_background_image_url": null, "profile_background_image_url_https": null, "profile_background_tile": false, "profile_image_url": "http://pbs.twimg.com/profile_images/862382457135529986/AP29SUzF_normal.jpg", "profile_image_url_https": "https://pbs.twimg.com/profile_images/862382457135529986/AP29SUzF_normal.jpg", "profile_banner_url": "https://pbs.twimg.com/profile_banners/777472984160333828/1494443106", "profile_link_color": "1DA1F2", "profile_sidebar_border_color": "C0DEED", "profile_sidebar_fill_color": "DDEEF6", "profile_text_color": "333333", "profile_use_background_image": true, "has_extended_profile": false, "default_profile": true, "default_profile_image": false, "following": false, "follow_request_sent": false, "notifications": false, "translator_type": "none", "withheld_in_countries": []}, "geo": null, "coordinates": null, "place": null, "contributors": null, "is_quote_status": false, "retweet_count": 1, "favorite_count": 3, "favorited": false, "retweeted": false, "lang": "en"}