{"created_at": "Tue Oct 23 00:26:57 +0000 2018", "id": 1054529573176647680, "id_str": "1054529573176647680", "text": "@Caitlyn_Jenner @realDonaldTrump I\u2019d like 2 tweet something nasty at U! Just know that cuz of ur support for crazy\u2026 https://t.co/jAK4rJKyft", "truncated": true, "entities": {"hashtags": [], "symbols": [], "user_mentions": [{"screen_name": "Caitlyn_Jenner", "name": "Caitlyn Jenner", "id": 3303293865, "id_str": "3303293865", "indices": [0, 15]}, {"screen_name": "realDonaldTrump", "name": "Donald J. Trump", "id": 25073877, "id_str": "25073877", "indices": [16, 32]}], "urls": [{"url": "https://t.co/jAK4rJKyft", "expanded_url": "https://twitter.com/i/web/status/1054529573176647680", "display_url": "twitter.com/i/web/status/1\u2026", "indices": [116, 139]}]}, "source": "<a href=\"http://twitter.com/download/iphone\" rel=\"nofollow\">Twitter for iPhone</a>", "in_reply_to_status_id": 1054478618389241856, "in_reply_to_status_id_str": "1054478618389241856", "in_reply_to_user_id": 3303293865, "in_reply_to_user_id_str": "3303293865", "in_reply_to_screen_name": "Caitlyn_Jenner", "user": {"id": 21205320, "id_str": "21205320", "name": "Christine Clauser", "screen_name": "ClauserLotus", "location": "NYC & PA ", "description": "In a time of universal deceit, telling the truth becomes a revolutionary act.", "url": null, "entities": {"description": {"urls": []}}, "protected": false, "followers_count": 1165, "friends_count": 2394, "listed_count": 6, "created_at": "Wed Feb 18 15:24:23 +0000 2009", "favourites_count": 142671, "utc_offset": null, "time_zone": null, "geo_enabled": false, "verified": false, "statuses_count": 146657, "lang": null, "contributors_enabled": false, "is_translator": false, "is_translation_enabled": false, "profile_background_color": "C0DEED", "profile_background_image_url": "http://abs.twimg.com/images/themes/theme1/bg.png", "profile_background_image_url_https": "https://abs.twimg.com/images/themes/theme1/bg.png", "profile_background_tile": false, "profile_image_url": "http://pbs.twimg.com/profile_images/1283958242905853953/LzyGSO4y_normal.jpg", "profile_image_url_https": "https://pbs.twimg.com/profile_images/1283958242905853953/LzyGSO4y_normal.jpg", "profile_banner_url": "https://pbs.twimg.com/profile_banners/21205320/1493087378", "profile_link_color": "1DA1F2", "profile_sidebar_border_color": "C0DEED", "profile_sidebar_fill_color": "DDEEF6", "profile_text_color": "333333", "profile_use_background_image": true, "has_extended_profile": false, "default_profile": true, "default_profile_image": false, "following": false, "follow_request_sent": false, "notifications": false, "translator_type": "none", "withheld_in_countries": []}, "geo": null, "coordinates": null, "place": null, "contributors": null, "is_quote_status": false, "retweet_count": 0, "favorite_count": 5, "favorited": false, "retweeted": false, "lang": "en"}