{"created_at": "Tue Oct 23 04:21:34 +0000 2018", "id": 1054588618168254464, "id_str": "1054588618168254464", "text": "@Caitlyn_Jenner @realDonaldTrump Bit late aren't you, you endorsed him, and he used you...kinda leaves a nasty tast\u2026 https://t.co/JW7LHpRvyL", "truncated": true, "entities": {"hashtags": [], "symbols": [], "user_mentions": [{"screen_name": "Caitlyn_Jenner", "name": "Caitlyn Jenner", "id": 3303293865, "id_str": "3303293865", "indices": [0, 15]}, {"screen_name": "realDonaldTrump", "name": "Donald J. Trump", "id": 25073877, "id_str": "25073877", "indices": [16, 32]}], "urls": [{"url": "https://t.co/JW7LHpRvyL", "expanded_url": "https://twitter.com/i/web/status/1054588618168254464", "display_url": "twitter.com/i/web/status/1\u2026", "indices": [117, 140]}]}, "source": "<a href=\"http://twitter.com/download/android\" rel=\"nofollow\">Twitter for Android</a>", "in_reply_to_status_id": 1054478618389241856, "in_reply_to_status_id_str": "1054478618389241856", "in_reply_to_user_id": 3303293865, "in_reply_to_user_id_str": "3303293865", "in_reply_to_screen_name": "Caitlyn_Jenner", "user": {"id": 67352768, "id_str": "67352768", "name": "\ud83d\udda4Nyctophilia\ud83d\udda4", "screen_name": "iyem1", "location": "Florida, USA", "description": "ALWAYS dispised DJT Hate controlling men Hate being told what to do Wasn't into politics til this befuckled election Sarcastic AF with a dry sick sense of humor", "url": null, "entities": {"description": {"urls": []}}, "protected": false, "followers_count": 814, "friends_count": 0, "listed_count": 1, "created_at": "Thu Aug 20 16:29:02 +0000 2009", "favourites_count": 133131, "utc_offset": null, "time_zone": null, "geo_enabled": false, "verified": false, "statuses_count": 77994, "lang": null, "contributors_enabled": false, "is_translator": false, "is_translation_enabled": false, "profile_background_color": "C0DEED", "profile_background_image_url": "http://abs.twimg.com/images/themes/theme1/bg.png", "profile_background_image_url_https": "https://abs.twimg.com/images/themes/theme1/bg.png", "profile_background_tile": false, "profile_image_url": "http://pbs.twimg.com/profile_images/1046462575297417216/1WqZiayx_normal.jpg", "profile_image_url_https": "https://pbs.twimg.com/profile_images/1046462575297417216/1WqZiayx_normal.jpg", "profile_banner_url": "https://pbs.twimg.com/profile_banners/67352768/1518358896", "profile_link_color": "B30083", "profile_sidebar_border_color": "C0DEED", "profile_sidebar_fill_color": "DDEEF6", "profile_text_color": "333333", "profile_use_background_image": true, "has_extended_profile": true, "default_profile": false, "default_profile_image": false, "following": false, "follow_request_sent": false, "notifications": false, "translator_type": "none", "withheld_in_countries": []}, "geo": null, "coordinates": null, "place": null, "contributors": null, "is_quote_status": false, "retweet_count": 0, "favorite_count": 0, "favorited": false, "retweeted": false, "lang": "en"}