{"created_at": "Tue Oct 23 15:49:56 +0000 2018", "id": 1054761852905943040, "id_str": "1054761852905943040", "text": "@Caitlyn_Jenner @realDonaldTrump I can be nasty and get a bunch of hate tweets-but I\u2019ll say this-just because of wh\u2026 https://t.co/1eTPWSF1Ht", "truncated": true, "entities": {"hashtags": [], "symbols": [], "user_mentions": [{"screen_name": "Caitlyn_Jenner", "name": "Caitlyn Jenner", "id": 3303293865, "id_str": "3303293865", "indices": [0, 15]}, {"screen_name": "realDonaldTrump", "name": "Donald J. Trump", "id": 25073877, "id_str": "25073877", "indices": [16, 32]}], "urls": [{"url": "https://t.co/1eTPWSF1Ht", "expanded_url": "https://twitter.com/i/web/status/1054761852905943040", "display_url": "twitter.com/i/web/status/1\u2026", "indices": [117, 140]}]}, "source": "<a href=\"http://twitter.com/download/iphone\" rel=\"nofollow\">Twitter for iPhone</a>", "in_reply_to_status_id": 1054478618389241856, "in_reply_to_status_id_str": "1054478618389241856", "in_reply_to_user_id": 3303293865, "in_reply_to_user_id_str": "3303293865", "in_reply_to_screen_name": "Caitlyn_Jenner", "user": {"id": 2497165970, "id_str": "2497165970", "name": "\ud83e\udda0Christine \ud83e\udda0", "screen_name": "farkleanni", "location": "Amityville, NY", "description": "Green Bay Packers/football fan, Go Pack Go! loves cartoons,rock, metal, Star Trek/Sci-fi, opinionated to a fault, Atheist but not preachy. MS since \u201899\u267f\ufe0f\ud83d\udc68\ud83c\udffb\u200d\ud83e\uddbc", "url": null, "entities": {"description": {"urls": []}}, "protected": false, "followers_count": 3364, "friends_count": 3623, "listed_count": 17, "created_at": "Thu May 15 21:14:08 +0000 2014", "favourites_count": 411157, "utc_offset": null, "time_zone": null, "geo_enabled": false, "verified": false, "statuses_count": 183778, "lang": null, "contributors_enabled": false, "is_translator": false, "is_translation_enabled": false, "profile_background_color": "C0DEED", "profile_background_image_url": "http://abs.twimg.com/images/themes/theme1/bg.png", "profile_background_image_url_https": "https://abs.twimg.com/images/themes/theme1/bg.png", "profile_background_tile": false, "profile_image_url": "http://pbs.twimg.com/profile_images/1312443207427465216/8HwudcKy_normal.jpg", "profile_image_url_https": "https://pbs.twimg.com/profile_images/1312443207427465216/8HwudcKy_normal.jpg", "profile_banner_url": "https://pbs.twimg.com/profile_banners/2497165970/1578016406", "profile_link_color": "1DA1F2", "profile_sidebar_border_color": "C0DEED", "profile_sidebar_fill_color": "DDEEF6", "profile_text_color": "333333", "profile_use_background_image": true, "has_extended_profile": true, "default_profile": true, "default_profile_image": false, "following": false, "follow_request_sent": false, "notifications": false, "translator_type": "none", "withheld_in_countries": []}, "geo": null, "coordinates": null, "place": null, "contributors": null, "is_quote_status": false, "retweet_count": 0, "favorite_count": 0, "favorited": false, "retweeted": false, "lang": "en"}