{"created_at": "Mon Oct 22 17:25:31 +0000 2018", "id": 1054423518866259968, "id_str": "1054423518866259968", "text": "@PerezHilton @KimKardashian @Caitlyn_Jenner Why is she being so nasty? I bet Brice cried when he heard she had a sex tape...", "truncated": false, "entities": {"hashtags": [], "symbols": [], "user_mentions": [{"screen_name": "PerezHilton", "name": "Perez Hilton", "id": 19329393, "id_str": "19329393", "indices": [0, 12]}, {"screen_name": "KimKardashian", "name": "Kim Kardashian West", "id": 25365536, "id_str": "25365536", "indices": [13, 27]}, {"screen_name": "Caitlyn_Jenner", "name": "Caitlyn Jenner", "id": 3303293865, "id_str": "3303293865", "indices": [28, 43]}], "urls": []}, "source": "<a href=\"http://twitter.com/download/android\" rel=\"nofollow\">Twitter for Android</a>", "in_reply_to_status_id": 1054420857639092226, "in_reply_to_status_id_str": "1054420857639092226", "in_reply_to_user_id": 19329393, "in_reply_to_user_id_str": "19329393", "in_reply_to_screen_name": "PerezHilton", "user": {"id": 285731484, "id_str": "285731484", "name": "juliet joy", "screen_name": "juliet_joy", "location": "Gauteng, South Africa", "description": "", "url": null, "entities": {"description": {"urls": []}}, "protected": false, "followers_count": 229, "friends_count": 523, "listed_count": 0, "created_at": "Thu Apr 21 17:45:13 +0000 2011", "favourites_count": 11675, "utc_offset": null, "time_zone": null, "geo_enabled": true, "verified": false, "statuses_count": 5408, "lang": null, "contributors_enabled": false, "is_translator": false, "is_translation_enabled": false, "profile_background_color": "C0DEED", "profile_background_image_url": "http://abs.twimg.com/images/themes/theme1/bg.png", "profile_background_image_url_https": "https://abs.twimg.com/images/themes/theme1/bg.png", "profile_background_tile": false, "profile_image_url": "http://pbs.twimg.com/profile_images/1393850074438979584/6aMlX8bb_normal.jpg", "profile_image_url_https": "https://pbs.twimg.com/profile_images/1393850074438979584/6aMlX8bb_normal.jpg", "profile_link_color": "1DA1F2", "profile_sidebar_border_color": "C0DEED", "profile_sidebar_fill_color": "DDEEF6", "profile_text_color": "333333", "profile_use_background_image": true, "has_extended_profile": false, "default_profile": true, "default_profile_image": false, "following": false, "follow_request_sent": false, "notifications": false, "translator_type": "none", "withheld_in_countries": []}, "geo": null, "coordinates": null, "place": null, "contributors": null, "is_quote_status": false, "retweet_count": 0, "favorite_count": 2, "favorited": false, "retweeted": false, "lang": "en"}