{"created_at": "Fri Oct 26 08:01:05 +0000 2018", "id": 1055731026775941120, "id_str": "1055731026775941120", "text": "@joncoopertweets @Caitlyn_Jenner Who gives ashit,what she thinks. Nasty piece of work.", "truncated": false, "entities": {"hashtags": [], "symbols": [], "user_mentions": [{"screen_name": "joncoopertweets", "name": "Jon Cooper \ud83c\uddfa\ud83c\uddf8", "id": 27493883, "id_str": "27493883", "indices": [0, 16]}, {"screen_name": "Caitlyn_Jenner", "name": "Caitlyn Jenner", "id": 3303293865, "id_str": "3303293865", "indices": [17, 32]}], "urls": []}, "source": "<a href=\"https://mobile.twitter.com\" rel=\"nofollow\">Twitter Web App</a>", "in_reply_to_status_id": 1055641720468180993, "in_reply_to_status_id_str": "1055641720468180993", "in_reply_to_user_id": 27493883, "in_reply_to_user_id_str": "27493883", "in_reply_to_screen_name": "joncoopertweets", "user": {"id": 44905962, "id_str": "44905962", "name": "ana maria kirn", "screen_name": "anakirn", "location": "Ibiza", "description": "Cuban American, embarrassed, to have trump, as president", "url": null, "entities": {"description": {"urls": []}}, "protected": false, "followers_count": 261, "friends_count": 201, "listed_count": 0, "created_at": "Fri Jun 05 14:41:33 +0000 2009", "favourites_count": 70570, "utc_offset": null, "time_zone": null, "geo_enabled": false, "verified": false, "statuses_count": 77871, "lang": null, "contributors_enabled": false, "is_translator": false, "is_translation_enabled": false, "profile_background_color": "C0DEED", "profile_background_image_url": "http://abs.twimg.com/images/themes/theme1/bg.png", "profile_background_image_url_https": "https://abs.twimg.com/images/themes/theme1/bg.png", "profile_background_tile": false, "profile_image_url": "http://pbs.twimg.com/profile_images/1231173727/afcf3e6d-2533-4b6d-9709-d7005c24b980_normal.png", "profile_image_url_https": "https://pbs.twimg.com/profile_images/1231173727/afcf3e6d-2533-4b6d-9709-d7005c24b980_normal.png", "profile_link_color": "1DA1F2", "profile_sidebar_border_color": "C0DEED", "profile_sidebar_fill_color": "DDEEF6", "profile_text_color": "333333", "profile_use_background_image": true, "has_extended_profile": false, "default_profile": true, "default_profile_image": false, "following": false, "follow_request_sent": false, "notifications": false, "translator_type": "none", "withheld_in_countries": []}, "geo": null, "coordinates": null, "place": null, "contributors": null, "is_quote_status": false, "retweet_count": 0, "favorite_count": 0, "favorited": false, "retweeted": false, "lang": "en"}