{"created_at": "Fri Oct 26 17:02:32 +0000 2018", "id": 1055867284949008385, "id_str": "1055867284949008385", "text": "@ricottajpie @joncoopertweets @Caitlyn_Jenner Or the Mexicans &amp; other Immigrants or the tax cut that is taking from\u2026 https://t.co/TIh6GvxXJR", "truncated": true, "entities": {"hashtags": [], "symbols": [], "user_mentions": [{"screen_name": "ricottajpie", "name": "Ricotta J. pie", "id": 814101772981731328, "id_str": "814101772981731328", "indices": [0, 12]}, {"screen_name": "joncoopertweets", "name": "Jon Cooper \ud83c\uddfa\ud83c\uddf8", "id": 27493883, "id_str": "27493883", "indices": [13, 29]}, {"screen_name": "Caitlyn_Jenner", "name": "Caitlyn Jenner", "id": 3303293865, "id_str": "3303293865", "indices": [30, 45]}], "urls": [{"url": "https://t.co/TIh6GvxXJR", "expanded_url": "https://twitter.com/i/web/status/1055867284949008385", "display_url": "twitter.com/i/web/status/1\u2026", "indices": [121, 144]}]}, "source": "<a href=\"http://twitter.com/download/android\" rel=\"nofollow\">Twitter for Android</a>", "in_reply_to_status_id": 1055757107063148544, "in_reply_to_status_id_str": "1055757107063148544", "in_reply_to_user_id": 814101772981731328, "in_reply_to_user_id_str": "814101772981731328", "in_reply_to_screen_name": "ricottajpie", "user": {"id": 716470357130018817, "id_str": "716470357130018817", "name": "Pamela Mathis", "screen_name": "PamFromPHMI", "location": "Port Huron, MI ", "description": "There may be times when we are powerless to prevent injustice, but there must never be a time when we fail to protest. Elie Wiesel\n#resist", "url": null, "entities": {"description": {"urls": []}}, "protected": false, "followers_count": 12177, "friends_count": 12483, "listed_count": 7, "created_at": "Sun Apr 03 03:40:19 +0000 2016", "favourites_count": 29339, "utc_offset": null, "time_zone": null, "geo_enabled": true, "verified": false, "statuses_count": 60250, "lang": null, "contributors_enabled": false, "is_translator": false, "is_translation_enabled": false, "profile_background_color": "F5F8FA", "profile_background_image_url": null, "profile_background_image_url_https": null, "profile_background_tile": false, "profile_image_url": "http://pbs.twimg.com/profile_images/1146415544628842496/419H9kKe_normal.jpg", "profile_image_url_https": "https://pbs.twimg.com/profile_images/1146415544628842496/419H9kKe_normal.jpg", "profile_banner_url": "https://pbs.twimg.com/profile_banners/716470357130018817/1520639780", "profile_link_color": "1DA1F2", "profile_sidebar_border_color": "C0DEED", "profile_sidebar_fill_color": "DDEEF6", "profile_text_color": "333333", "profile_use_background_image": true, "has_extended_profile": false, "default_profile": true, "default_profile_image": false, "following": false, "follow_request_sent": false, "notifications": false, "translator_type": "none", "withheld_in_countries": []}, "geo": null, "coordinates": null, "place": null, "contributors": null, "is_quote_status": false, "retweet_count": 0, "favorite_count": 0, "favorited": false, "retweeted": false, "lang": "en"}