{"created_at": "Fri Oct 26 06:51:37 +0000 2018", "id": 1055713543570505728, "id_str": "1055713543570505728", "text": "I mean in fairness to Trump, he's always been a nasty person who is against anything but a white christian straight\u2026 https://t.co/IPyl2jpBu0", "truncated": true, "entities": {"hashtags": [], "symbols": [], "user_mentions": [], "urls": [{"url": "https://t.co/IPyl2jpBu0", "expanded_url": "https://twitter.com/i/web/status/1055713543570505728", "display_url": "twitter.com/i/web/status/1\u2026", "indices": [117, 140]}]}, "source": "<a href=\"http://twitter.com/download/android\" rel=\"nofollow\">Twitter for Android</a>", "in_reply_to_status_id": null, "in_reply_to_status_id_str": null, "in_reply_to_user_id": null, "in_reply_to_user_id_str": null, "in_reply_to_screen_name": null, "user": {"id": 1147766022, "id_str": "1147766022", "name": "ObstreperousLee", "screen_name": "LiadanOConnor", "location": "London", "description": "AP | Explorer who laughs a lot |\nLondon-Irish ARC Convener |\nYou're only a feminist if you support trans & non binary people | She/Her", "url": null, "entities": {"description": {"urls": []}}, "protected": false, "followers_count": 336, "friends_count": 1137, "listed_count": 7, "created_at": "Mon Feb 04 11:46:21 +0000 2013", "favourites_count": 23691, "utc_offset": null, "time_zone": null, "geo_enabled": false, "verified": false, "statuses_count": 7850, "lang": null, "contributors_enabled": false, "is_translator": false, "is_translation_enabled": false, "profile_background_color": "000000", "profile_background_image_url": "http://abs.twimg.com/images/themes/theme1/bg.png", "profile_background_image_url_https": "https://abs.twimg.com/images/themes/theme1/bg.png", "profile_background_tile": false, "profile_image_url": "http://pbs.twimg.com/profile_images/881580418792804353/RCxHSa9K_normal.jpg", "profile_image_url_https": "https://pbs.twimg.com/profile_images/881580418792804353/RCxHSa9K_normal.jpg", "profile_banner_url": "https://pbs.twimg.com/profile_banners/1147766022/1416051104", "profile_link_color": "3B94D9", "profile_sidebar_border_color": "000000", "profile_sidebar_fill_color": "000000", "profile_text_color": "000000", "profile_use_background_image": false, "has_extended_profile": false, "default_profile": false, "default_profile_image": false, "following": false, "follow_request_sent": false, "notifications": false, "translator_type": "none", "withheld_in_countries": []}, "geo": null, "coordinates": null, "place": null, "contributors": null, "is_quote_status": false, "retweet_count": 0, "favorite_count": 0, "favorited": false, "retweeted": false, "possibly_sensitive": false, "lang": "en"}