{"created_at": "Fri Oct 26 17:21:20 +0000 2018", "id": 1055872017449259009, "id_str": "1055872017449259009", "text": "@AnnaMenaceStar @AwesomestOn3 @IndyaMoore @Caitlyn_Jenner She made some nasty transphobic comments about a year ago.", "truncated": false, "entities": {"hashtags": [], "symbols": [], "user_mentions": [{"screen_name": "AnnaMenaceStar", "name": "Anna Menace", "id": 348509790, "id_str": "348509790", "indices": [0, 15]}, {"screen_name": "IndyaMoore", "name": "I.M", "id": 715522322510299136, "id_str": "715522322510299136", "indices": [30, 41]}, {"screen_name": "Caitlyn_Jenner", "name": "Caitlyn Jenner", "id": 3303293865, "id_str": "3303293865", "indices": [42, 57]}], "urls": []}, "source": "<a href=\"http://twitter.com/download/android\" rel=\"nofollow\">Twitter for Android</a>", "in_reply_to_status_id": 1055606458279051264, "in_reply_to_status_id_str": "1055606458279051264", "in_reply_to_user_id": 348509790, "in_reply_to_user_id_str": "348509790", "in_reply_to_screen_name": "AnnaMenaceStar", "user": {"id": 824718263112327170, "id_str": "824718263112327170", "name": "Stilken\ud83d\udee1\ufe0f", "screen_name": "creaturesbynagy", "location": "Lakeland, FL", "description": "She/her or he/him pronouns.\ud83d\udee1\ufe0f I'm not interested in pretending to be cis or neurotypical. formerly of (307) and (406).", "url": null, "entities": {"description": {"urls": []}}, "protected": false, "followers_count": 320, "friends_count": 615, "listed_count": 1, "created_at": "Thu Jan 26 20:38:51 +0000 2017", "favourites_count": 313669, "utc_offset": null, "time_zone": null, "geo_enabled": false, "verified": false, "statuses_count": 34205, "lang": null, "contributors_enabled": false, "is_translator": false, "is_translation_enabled": false, "profile_background_color": "000000", "profile_background_image_url": "http://abs.twimg.com/images/themes/theme1/bg.png", "profile_background_image_url_https": "https://abs.twimg.com/images/themes/theme1/bg.png", "profile_background_tile": false, "profile_image_url": "http://pbs.twimg.com/profile_images/1345532247898812417/oL4fA5BO_normal.jpg", "profile_image_url_https": "https://pbs.twimg.com/profile_images/1345532247898812417/oL4fA5BO_normal.jpg", "profile_banner_url": "https://pbs.twimg.com/profile_banners/824718263112327170/1609634862", "profile_link_color": "ABB8C2", "profile_sidebar_border_color": "000000", "profile_sidebar_fill_color": "000000", "profile_text_color": "000000", "profile_use_background_image": false, "has_extended_profile": true, "default_profile": false, "default_profile_image": false, "following": false, "follow_request_sent": false, "notifications": false, "translator_type": "none", "withheld_in_countries": []}, "geo": null, "coordinates": null, "place": null, "contributors": null, "is_quote_status": false, "retweet_count": 0, "favorite_count": 0, "favorited": false, "retweeted": false, "lang": "en"}