{"created_at": "Thu Oct 25 21:15:58 +0000 2018", "id": 1055568676399865856, "id_str": "1055568676399865856", "text": "The profound arrogance of some wealthy folks makes them think \u201coh, that nasty policy can\u2019t really affect me, can it\u2026 https://t.co/gZE8NX3iGv", "truncated": true, "entities": {"hashtags": [], "symbols": [], "user_mentions": [], "urls": [{"url": "https://t.co/gZE8NX3iGv", "expanded_url": "https://twitter.com/i/web/status/1055568676399865856", "display_url": "twitter.com/i/web/status/1\u2026", "indices": [117, 140]}]}, "source": "<a href=\"http://twitter.com/download/iphone\" rel=\"nofollow\">Twitter for iPhone</a>", "in_reply_to_status_id": null, "in_reply_to_status_id_str": null, "in_reply_to_user_id": null, "in_reply_to_user_id_str": null, "in_reply_to_screen_name": null, "user": {"id": 60608456, "id_str": "60608456", "name": "The Hon. Honey Badger\u2122\ufe0f", "screen_name": "The_Badger_jm", "location": "Kingston | Jamaica | ", "description": "Ex-Arsenal fan. Windies cricket supporter = a masochist. I have questions. Gen X-er.", "url": null, "entities": {"description": {"urls": []}}, "protected": false, "followers_count": 1530, "friends_count": 1192, "listed_count": 12, "created_at": "Mon Jul 27 14:16:10 +0000 2009", "favourites_count": 11509, "utc_offset": null, "time_zone": null, "geo_enabled": false, "verified": false, "statuses_count": 37609, "lang": null, "contributors_enabled": false, "is_translator": false, "is_translation_enabled": false, "profile_background_color": "131516", "profile_background_image_url": "http://abs.twimg.com/images/themes/theme14/bg.gif", "profile_background_image_url_https": "https://abs.twimg.com/images/themes/theme14/bg.gif", "profile_background_tile": true, "profile_image_url": "http://pbs.twimg.com/profile_images/378800000309397578/0960e10e096267f6e75d1a3076207068_normal.jpeg", "profile_image_url_https": "https://pbs.twimg.com/profile_images/378800000309397578/0960e10e096267f6e75d1a3076207068_normal.jpeg", "profile_banner_url": "https://pbs.twimg.com/profile_banners/60608456/1382881987", "profile_link_color": "009999", "profile_sidebar_border_color": "EEEEEE", "profile_sidebar_fill_color": "EFEFEF", "profile_text_color": "333333", "profile_use_background_image": true, "has_extended_profile": false, "default_profile": false, "default_profile_image": false, "following": false, "follow_request_sent": false, "notifications": false, "translator_type": "none", "withheld_in_countries": []}, "geo": null, "coordinates": null, "place": null, "contributors": null, "is_quote_status": false, "retweet_count": 0, "favorite_count": 0, "favorited": false, "retweeted": false, "lang": "en"}