{"created_at": "Wed Oct 24 17:42:24 +0000 2018", "id": 1055152542949097472, "id_str": "1055152542949097472", "text": "@Caitlyn_Jenner @jeffsessions @realDonaldTrump Wait a minute! You supported this nasty man!", "truncated": false, "entities": {"hashtags": [], "symbols": [], "user_mentions": [{"screen_name": "Caitlyn_Jenner", "name": "Caitlyn Jenner", "id": 3303293865, "id_str": "3303293865", "indices": [0, 15]}, {"screen_name": "jeffsessions", "name": "Jeff Sessions", "id": 986781648, "id_str": "986781648", "indices": [16, 29]}, {"screen_name": "realDonaldTrump", "name": "Donald J. Trump", "id": 25073877, "id_str": "25073877", "indices": [30, 46]}], "urls": []}, "source": "<a href=\"http://twitter.com\" rel=\"nofollow\">Twitter Web Client</a>", "in_reply_to_status_id": 916039112997535744, "in_reply_to_status_id_str": "916039112997535744", "in_reply_to_user_id": 3303293865, "in_reply_to_user_id_str": "3303293865", "in_reply_to_screen_name": "Caitlyn_Jenner", "user": {"id": 21707194, "id_str": "21707194", "name": "Loraine", "screen_name": "Rainy_ca", "location": "", "description": "", "url": null, "entities": {"description": {"urls": []}}, "protected": false, "followers_count": 88, "friends_count": 292, "listed_count": 26, "created_at": "Mon Feb 23 23:28:34 +0000 2009", "favourites_count": 708, "utc_offset": null, "time_zone": null, "geo_enabled": false, "verified": false, "statuses_count": 10966, "lang": null, "contributors_enabled": false, "is_translator": false, "is_translation_enabled": false, "profile_background_color": "0099B9", "profile_background_image_url": "http://abs.twimg.com/images/themes/theme4/bg.gif", "profile_background_image_url_https": "https://abs.twimg.com/images/themes/theme4/bg.gif", "profile_background_tile": false, "profile_image_url": "http://pbs.twimg.com/profile_images/932970986651181057/cvR_-9KY_normal.jpg", "profile_image_url_https": "https://pbs.twimg.com/profile_images/932970986651181057/cvR_-9KY_normal.jpg", "profile_link_color": "0099B9", "profile_sidebar_border_color": "5ED4DC", "profile_sidebar_fill_color": "95E8EC", "profile_text_color": "3C3940", "profile_use_background_image": true, "has_extended_profile": false, "default_profile": false, "default_profile_image": false, "following": false, "follow_request_sent": false, "notifications": false, "translator_type": "none", "withheld_in_countries": []}, "geo": null, "coordinates": null, "place": null, "contributors": null, "is_quote_status": false, "retweet_count": 0, "favorite_count": 0, "favorited": false, "retweeted": false, "lang": "en"}