{"created_at": "Fri Jun 12 14:51:30 +0000 2015", "id": 609372461080166400, "id_str": "609372461080166400", "text": "Oh, but it does to them! Most are making nasty comparisons to Caitlyn Jenner or other transgender figures. :/ @LadySerenaKitty", "truncated": false, "entities": {"hashtags": [], "symbols": [], "user_mentions": [{"screen_name": "LadySerenaKitty", "name": "\u2661\u2661 J-Kitty \ud83c\uddfa\ud83c\uddf8 \u2661\u2661", "id": 28253644, "id_str": "28253644", "indices": [110, 126]}], "urls": []}, "source": "<a href=\"http://twitter.com\" rel=\"nofollow\">Twitter Web Client</a>", "in_reply_to_status_id": 609371424214634497, "in_reply_to_status_id_str": "609371424214634497", "in_reply_to_user_id": 28253644, "in_reply_to_user_id_str": "28253644", "in_reply_to_screen_name": "LadySerenaKitty", "user": {"id": 17097703, "id_str": "17097703", "name": "Izzy \u2728", "screen_name": "iglvzx", "location": "Seattle, WA", "description": "Nonbinary \ud83d\udc95. He/him. Mexican-American. Professional Cat Retweeter. \ud83d\ude2d\ud83d\ude2d\ud83d\ude2d is my tagline. \ud83e\udd70 @gabbers93. Systems Development Engineer. \ud83d\udda5\ud83d\udc85\u2728", "url": null, "entities": {"description": {"urls": []}}, "protected": false, "followers_count": 4741, "friends_count": 5221, "listed_count": 155, "created_at": "Sat Nov 01 06:50:09 +0000 2008", "favourites_count": 76362, "utc_offset": null, "time_zone": null, "geo_enabled": true, "verified": false, "statuses_count": 151356, "lang": null, "contributors_enabled": false, "is_translator": false, "is_translation_enabled": false, "profile_background_color": "022330", "profile_background_image_url": "http://abs.twimg.com/images/themes/theme15/bg.png", "profile_background_image_url_https": "https://abs.twimg.com/images/themes/theme15/bg.png", "profile_background_tile": true, "profile_image_url": "http://pbs.twimg.com/profile_images/1241273190082441217/AAiXsNPE_normal.jpg", "profile_image_url_https": "https://pbs.twimg.com/profile_images/1241273190082441217/AAiXsNPE_normal.jpg", "profile_banner_url": "https://pbs.twimg.com/profile_banners/17097703/1471299962", "profile_link_color": "0084B4", "profile_sidebar_border_color": "A8C7F7", "profile_sidebar_fill_color": "C0DFEC", "profile_text_color": "333333", "profile_use_background_image": true, "has_extended_profile": true, "default_profile": false, "default_profile_image": false, "following": false, "follow_request_sent": false, "notifications": false, "translator_type": "regular", "withheld_in_countries": []}, "geo": null, "coordinates": null, "place": null, "contributors": null, "is_quote_status": false, "retweet_count": 0, "favorite_count": 3, "favorited": false, "retweeted": false, "lang": "en"}