{"created_at": "Fri Jun 12 15:19:09 +0000 2015", "id": 609379416662257664, "id_str": "609379416662257664", "text": "so someone on my fb posted something really nasty about caitlyn jenner sayin they would never accept her etc but they posted about oitnb", "truncated": false, "entities": {"hashtags": [], "symbols": [], "user_mentions": [], "urls": []}, "source": "<a href=\"http://twitter.com/download/iphone\" rel=\"nofollow\">Twitter for iPhone</a>", "in_reply_to_status_id": null, "in_reply_to_status_id_str": null, "in_reply_to_user_id": null, "in_reply_to_user_id_str": null, "in_reply_to_screen_name": null, "user": {"id": 133028462, "id_str": "133028462", "name": "briana ;(", "screen_name": "youredeartome", "location": "katriana\u2763briallaney \u2661 oriana", "description": "https://t.co/QXBfV8Ypat", "url": null, "entities": {"description": {"urls": [{"url": "https://t.co/QXBfV8Ypat", "expanded_url": "https://www.youtube.com/watch?v=d_s6SxnD3V0", "display_url": "youtube.com/watch?v=d_s6Sx\u2026", "indices": [0, 23]}]}}, "protected": false, "followers_count": 4684, "friends_count": 256, "listed_count": 0, "created_at": "Wed Apr 14 20:50:10 +0000 2010", "favourites_count": 41544, "utc_offset": null, "time_zone": null, "geo_enabled": true, "verified": false, "statuses_count": 151287, "lang": null, "contributors_enabled": false, "is_translator": false, "is_translation_enabled": false, "profile_background_color": "FFFFFF", "profile_background_image_url": "http://abs.twimg.com/images/themes/theme18/bg.gif", "profile_background_image_url_https": "https://abs.twimg.com/images/themes/theme18/bg.gif", "profile_background_tile": true, "profile_image_url": "http://pbs.twimg.com/profile_images/922285305847341057/DekS9Rf4_normal.jpg", "profile_image_url_https": "https://pbs.twimg.com/profile_images/922285305847341057/DekS9Rf4_normal.jpg", "profile_banner_url": "https://pbs.twimg.com/profile_banners/133028462/1448385990", "profile_link_color": "333333", "profile_sidebar_border_color": "FFFFFF", "profile_sidebar_fill_color": "F6F6F6", "profile_text_color": "038543", "profile_use_background_image": true, "has_extended_profile": true, "default_profile": false, "default_profile_image": false, "following": false, "follow_request_sent": false, "notifications": false, "translator_type": "none", "withheld_in_countries": []}, "geo": null, "coordinates": null, "place": null, "contributors": null, "is_quote_status": false, "retweet_count": 0, "favorite_count": 1, "favorited": false, "retweeted": false, "lang": "en"}