{"created_at": "Tue Jun 16 05:16:05 +0000 2015", "id": 610677203932717057, "id_str": "610677203932717057", "text": "@supa_mick_nasty Caitlyn Jenner ain't got shit on me bruh", "truncated": false, "entities": {"hashtags": [], "symbols": [], "user_mentions": [{"screen_name": "supa_mick_nasty", "name": "Mickey C", "id": 542715092, "id_str": "542715092", "indices": [0, 16]}], "urls": []}, "source": "<a href=\"http://twitter.com/download/iphone\" rel=\"nofollow\">Twitter for iPhone</a>", "in_reply_to_status_id": 610676909001867265, "in_reply_to_status_id_str": "610676909001867265", "in_reply_to_user_id": 542715092, "in_reply_to_user_id_str": "542715092", "in_reply_to_screen_name": "supa_mick_nasty", "user": {"id": 245587236, "id_str": "245587236", "name": "duck", "screen_name": "danny_ducksauce", "location": "In Hell With Satan", "description": "this is my bio .", "url": null, "entities": {"description": {"urls": []}}, "protected": false, "followers_count": 808, "friends_count": 1650, "listed_count": 3, "created_at": "Tue Feb 01 01:16:48 +0000 2011", "favourites_count": 84000, "utc_offset": null, "time_zone": null, "geo_enabled": true, "verified": false, "statuses_count": 28693, "lang": null, "contributors_enabled": false, "is_translator": false, "is_translation_enabled": false, "profile_background_color": "C0DEED", "profile_background_image_url": "http://abs.twimg.com/images/themes/theme1/bg.png", "profile_background_image_url_https": "https://abs.twimg.com/images/themes/theme1/bg.png", "profile_background_tile": true, "profile_image_url": "http://pbs.twimg.com/profile_images/1377773230828752900/KVS5Zfnr_normal.jpg", "profile_image_url_https": "https://pbs.twimg.com/profile_images/1377773230828752900/KVS5Zfnr_normal.jpg", "profile_banner_url": "https://pbs.twimg.com/profile_banners/245587236/1550363330", "profile_link_color": "0084B4", "profile_sidebar_border_color": "C0DEED", "profile_sidebar_fill_color": "DDEEF6", "profile_text_color": "333333", "profile_use_background_image": true, "has_extended_profile": true, "default_profile": false, "default_profile_image": false, "following": false, "follow_request_sent": false, "notifications": false, "translator_type": "none", "withheld_in_countries": []}, "geo": null, "coordinates": null, "place": null, "contributors": null, "is_quote_status": false, "retweet_count": 0, "favorite_count": 1, "favorited": false, "retweeted": false, "lang": "en"}