{"created_at": "Wed Jun 17 22:06:57 +0000 2015", "id": 611293981759139842, "id_str": "611293981759139842", "text": "@PatDollard @Caitlyn_Jenner That is really a nasty thing to say.  And unnecessary.", "truncated": false, "entities": {"hashtags": [], "symbols": [], "user_mentions": [{"screen_name": "PatDollard", "name": "Patrick Dollard", "id": 15300388, "id_str": "15300388", "indices": [0, 11]}, {"screen_name": "Caitlyn_Jenner", "name": "Caitlyn Jenner", "id": 3303293865, "id_str": "3303293865", "indices": [12, 27]}], "urls": []}, "source": "<a href=\"http://twitter.com\" rel=\"nofollow\">Twitter Web Client</a>", "in_reply_to_status_id": 611292523575799808, "in_reply_to_status_id_str": "611292523575799808", "in_reply_to_user_id": 15300388, "in_reply_to_user_id_str": "15300388", "in_reply_to_screen_name": "PatDollard", "user": {"id": 2336928152, "id_str": "2336928152", "name": "neverforget@cableone.net", "screen_name": "junren65", "location": "Northern AZ", "description": "Army Security Agency '65-'71, 98G (Chinese), 96B (Intelligence Analyst); UH-Manoa, BA; WWU, MS #Dodgers #Seahawks #BluesMusic  \u2764\ufe0f\u26be\ud83c\udfb6 RESIST", "url": null, "entities": {"description": {"urls": []}}, "protected": false, "followers_count": 4058, "friends_count": 4521, "listed_count": 33, "created_at": "Mon Feb 10 16:18:36 +0000 2014", "favourites_count": 82828, "utc_offset": null, "time_zone": null, "geo_enabled": true, "verified": false, "statuses_count": 87127, "lang": null, "contributors_enabled": false, "is_translator": false, "is_translation_enabled": false, "profile_background_color": "352726", "profile_background_image_url": "http://abs.twimg.com/images/themes/theme5/bg.gif", "profile_background_image_url_https": "https://abs.twimg.com/images/themes/theme5/bg.gif", "profile_background_tile": false, "profile_image_url": "http://pbs.twimg.com/profile_images/1028980592598122497/InUdYAXn_normal.jpg", "profile_image_url_https": "https://pbs.twimg.com/profile_images/1028980592598122497/InUdYAXn_normal.jpg", "profile_banner_url": "https://pbs.twimg.com/profile_banners/2336928152/1585514377", "profile_link_color": "1B95E0", "profile_sidebar_border_color": "000000", "profile_sidebar_fill_color": "000000", "profile_text_color": "000000", "profile_use_background_image": true, "has_extended_profile": true, "default_profile": false, "default_profile_image": false, "following": false, "follow_request_sent": false, "notifications": false, "translator_type": "none", "withheld_in_countries": []}, "geo": null, "coordinates": null, "place": null, "contributors": null, "is_quote_status": false, "retweet_count": 0, "favorite_count": 0, "favorited": false, "retweeted": false, "lang": "en"}