{"created_at": "Wed Jun 17 18:53:44 +0000 2015", "id": 611245359927590912, "id_str": "611245359927590912", "text": "@BuGg_NaStY @Caitlyn_Jenner", "truncated": false, "entities": {"hashtags": [], "symbols": [], "user_mentions": [{"screen_name": "BuGg_NaStY", "name": "Buggz", "id": 197529070, "id_str": "197529070", "indices": [0, 11]}, {"screen_name": "Caitlyn_Jenner", "name": "Caitlyn Jenner", "id": 3303293865, "id_str": "3303293865", "indices": [12, 27]}], "urls": []}, "source": "<a href=\"http://twitter.com/download/iphone\" rel=\"nofollow\">Twitter for iPhone</a>", "in_reply_to_status_id": 611244850294489089, "in_reply_to_status_id_str": "611244850294489089", "in_reply_to_user_id": 197529070, "in_reply_to_user_id_str": "197529070", "in_reply_to_screen_name": "BuGg_NaStY", "user": {"id": 29392413, "id_str": "29392413", "name": "tink", "screen_name": "carltinkjr", "location": "RIP FRENCHIE #15", "description": "Flyers - Phillies - Sixers - Notre Dame FB/Hockey - Nova BB - Eagles - Lebron", "url": null, "entities": {"description": {"urls": []}}, "protected": false, "followers_count": 424, "friends_count": 674, "listed_count": 21, "created_at": "Tue Apr 07 05:31:17 +0000 2009", "favourites_count": 567, "utc_offset": null, "time_zone": null, "geo_enabled": true, "verified": false, "statuses_count": 60183, "lang": null, "contributors_enabled": false, "is_translator": false, "is_translation_enabled": false, "profile_background_color": "9AE4E8", "profile_background_image_url": "http://abs.twimg.com/images/themes/theme1/bg.png", "profile_background_image_url_https": "https://abs.twimg.com/images/themes/theme1/bg.png", "profile_background_tile": true, "profile_image_url": "http://pbs.twimg.com/profile_images/1201247436825595907/G3Gjn0u1_normal.jpg", "profile_image_url_https": "https://pbs.twimg.com/profile_images/1201247436825595907/G3Gjn0u1_normal.jpg", "profile_banner_url": "https://pbs.twimg.com/profile_banners/29392413/1550983739", "profile_link_color": "0084B4", "profile_sidebar_border_color": "FFFFFF", "profile_sidebar_fill_color": "DDFFCC", "profile_text_color": "333333", "profile_use_background_image": true, "has_extended_profile": true, "default_profile": false, "default_profile_image": false, "following": false, "follow_request_sent": false, "notifications": false, "translator_type": "none", "withheld_in_countries": []}, "geo": null, "coordinates": null, "place": null, "contributors": null, "is_quote_status": false, "retweet_count": 0, "favorite_count": 1, "favorited": false, "retweeted": false, "lang": "und"}