{"created_at": "Thu Jun 18 23:52:39 +0000 2015", "id": 611682971091906561, "id_str": "611682971091906561", "text": "Wow my kids better not have this weirdo mindset if my kids see Caitlyn Jenner they better be like Ewww that's nasty  https://t.co/FTwPSh3Yny", "truncated": false, "entities": {"hashtags": [], "symbols": [], "user_mentions": [], "urls": [{"url": "https://t.co/FTwPSh3Yny", "expanded_url": "https://twitter.com/heaventouch_/status/611495859948142592", "display_url": "twitter.com/heaventouch_/s\u2026", "indices": [117, 140]}]}, "source": "<a href=\"http://twitter.com/download/iphone\" rel=\"nofollow\">Twitter for iPhone</a>", "in_reply_to_status_id": null, "in_reply_to_status_id_str": null, "in_reply_to_user_id": null, "in_reply_to_user_id_str": null, "in_reply_to_screen_name": null, "user": {"id": 66864244, "id_str": "66864244", "name": "Ky", "screen_name": "Kyandraaa", "location": "East Charlotte", "description": "Different for a reason, don't sleep. Designer and Seamstress. Business IG: KyandraJ", "url": null, "entities": {"description": {"urls": []}}, "protected": false, "followers_count": 1809, "friends_count": 1443, "listed_count": 6, "created_at": "Wed Aug 19 01:11:52 +0000 2009", "favourites_count": 762, "utc_offset": null, "time_zone": null, "geo_enabled": true, "verified": false, "statuses_count": 93498, "lang": null, "contributors_enabled": false, "is_translator": false, "is_translation_enabled": false, "profile_background_color": "FFF04D", "profile_background_image_url": "http://abs.twimg.com/images/themes/theme1/bg.png", "profile_background_image_url_https": "https://abs.twimg.com/images/themes/theme1/bg.png", "profile_background_tile": true, "profile_image_url": "http://pbs.twimg.com/profile_images/1363259365994749960/bhCvXo-e_normal.jpg", "profile_image_url_https": "https://pbs.twimg.com/profile_images/1363259365994749960/bhCvXo-e_normal.jpg", "profile_banner_url": "https://pbs.twimg.com/profile_banners/66864244/1613861905", "profile_link_color": "0099CC", "profile_sidebar_border_color": "52514C", "profile_sidebar_fill_color": "424242", "profile_text_color": "1FA612", "profile_use_background_image": true, "has_extended_profile": true, "default_profile": false, "default_profile_image": false, "following": false, "follow_request_sent": false, "notifications": false, "translator_type": "none", "withheld_in_countries": []}, "geo": null, "coordinates": null, "place": null, "contributors": null, "is_quote_status": true, "quoted_status_id": 611495859948142592, "quoted_status_id_str": "611495859948142592", "quoted_status": {"created_at": "Thu Jun 18 11:29:08 +0000 2015", "id": 611495859948142592, "id_str": "611495859948142592", "text": "Kids react to Caitlyn Jenner http://t.co/aSu6tB4UgS", "truncated": false, "entities": {"hashtags": [], "symbols": [], "user_mentions": [], "urls": [], "media": [{"id": 611495827366768641, "id_str": "611495827366768641", "indices": [29, 51], "media_url": "http://pbs.twimg.com/media/CHx4NxPUcAEkTfe.jpg", "media_url_https": "https://pbs.twimg.com/media/CHx4NxPUcAEkTfe.jpg", "url": "http://t.co/aSu6tB4UgS", "display_url": "pic.twitter.com/aSu6tB4UgS", "expanded_url": "https://twitter.com/HeavenTouch_/status/611495859948142592/photo/1", "type": "photo", "sizes": {"thumb": {"w": 150, "h": 150, "resize": "crop"}, "medium": {"w": 625, "h": 1024, "resize": "fit"}, "large": {"w": 625, "h": 1024, "resize": "fit"}, "small": {"w": 415, "h": 680, "resize": "fit"}}}]}, "extended_entities": {"media": [{"id": 611495827366768641, "id_str": "611495827366768641", "indices": [29, 51], "media_url": "http://pbs.twimg.com/media/CHx4NxPUcAEkTfe.jpg", "media_url_https": "https://pbs.twimg.com/media/CHx4NxPUcAEkTfe.jpg", "url": "http://t.co/aSu6tB4UgS", "display_url": "pic.twitter.com/aSu6tB4UgS", "expanded_url": "https://twitter.com/HeavenTouch_/status/611495859948142592/photo/1", "type": "photo", "sizes": {"thumb": {"w": 150, "h": 150, "resize": "crop"}, "medium": {"w": 625, "h": 1024, "resize": "fit"}, "large": {"w": 625, "h": 1024, "resize": "fit"}, "small": {"w": 415, "h": 680, "resize": "fit"}}}, {"id": 611495838129360896, "id_str": "611495838129360896", "indices": [29, 51], "media_url": "http://pbs.twimg.com/media/CHx4OZVUkAABZ19.jpg", "media_url_https": "https://pbs.twimg.com/media/CHx4OZVUkAABZ19.jpg", "url": "http://t.co/aSu6tB4UgS", "display_url": "pic.twitter.com/aSu6tB4UgS", "expanded_url": "https://twitter.com/HeavenTouch_/status/611495859948142592/photo/1", "type": "photo", "sizes": {"thumb": {"w": 150, "h": 150, "resize": "crop"}, "small": {"w": 409, "h": 680, "resize": "fit"}, "medium": {"w": 616, "h": 1024, "resize": "fit"}, "large": {"w": 616, "h": 1024, "resize": "fit"}}}, {"id": 611495849244266497, "id_str": "611495849244266497", "indices": [29, 51], "media_url": "http://pbs.twimg.com/media/CHx4PCvUkAEA-7l.jpg", "media_url_https": "https://pbs.twimg.com/media/CHx4PCvUkAEA-7l.jpg", "url": "http://t.co/aSu6tB4UgS", "display_url": "pic.twitter.com/aSu6tB4UgS", "expanded_url": "https://twitter.com/HeavenTouch_/status/611495859948142592/photo/1", "type": "photo", "sizes": {"thumb": {"w": 150, "h": 150, "resize": "crop"}, "medium": {"w": 617, "h": 1024, "resize": "fit"}, "large": {"w": 617, "h": 1024, "resize": "fit"}, "small": {"w": 410, "h": 680, "resize": "fit"}}}]}, "source": "<a href=\"http://twitter.com/download/android\" rel=\"nofollow\">Twitter for Android</a>", "in_reply_to_status_id": null, "in_reply_to_status_id_str": null, "in_reply_to_user_id": null, "in_reply_to_user_id_str": null, "in_reply_to_screen_name": null, "user": {"id": 710302327, "id_str": "710302327", "name": "\ufe0f\ufe0f", "screen_name": "HeavenTouch_", "location": "", "description": "I try to avoid looking forward or backward, and try to keep looking upward.", "url": null, "entities": {"description": {"urls": []}}, "protected": false, "followers_count": 188880, "friends_count": 142503, "listed_count": 231, "created_at": "Sun Jul 22 07:40:29 +0000 2012", "favourites_count": 0, "utc_offset": null, "time_zone": null, "geo_enabled": false, "verified": false, "statuses_count": 1434, "lang": null, "contributors_enabled": false, "is_translator": false, "is_translation_enabled": false, "profile_background_color": "C0DEED", "profile_background_image_url": "http://abs.twimg.com/images/themes/theme1/bg.png", "profile_background_image_url_https": "https://abs.twimg.com/images/themes/theme1/bg.png", "profile_background_tile": false, "profile_image_url": "http://pbs.twimg.com/profile_images/598037189532913664/5ugeYfOS_normal.jpg", "profile_image_url_https": "https://pbs.twimg.com/profile_images/598037189532913664/5ugeYfOS_normal.jpg", "profile_banner_url": "https://pbs.twimg.com/profile_banners/710302327/1431531030", "profile_link_color": "1DA1F2", "profile_sidebar_border_color": "C0DEED", "profile_sidebar_fill_color": "DDEEF6", "profile_text_color": "333333", "profile_use_background_image": true, "has_extended_profile": false, "default_profile": true, "default_profile_image": false, "following": false, "follow_request_sent": false, "notifications": false, "translator_type": "none", "withheld_in_countries": []}, "geo": null, "coordinates": null, "place": null, "contributors": null, "is_quote_status": false, "retweet_count": 990, "favorite_count": 1078, "favorited": false, "retweeted": false, "possibly_sensitive": false, "lang": "en"}, "retweet_count": 0, "favorite_count": 1, "favorited": false, "retweeted": false, "possibly_sensitive": false, "lang": "en"}