{"created_at": "Thu Jun 25 00:29:36 +0000 2015", "id": 613866595702538240, "id_str": "613866595702538240", "text": "Just showed my dad a picture of 'Caitlyn' Jenner and he goes, \"What the hell. Nasty bastard.\" \ud83d\ude02\ud83d\ude02\ud83d\ude02", "truncated": false, "entities": {"hashtags": [], "symbols": [], "user_mentions": [], "urls": []}, "source": "<a href=\"http://twitter.com/download/iphone\" rel=\"nofollow\">Twitter for iPhone</a>", "in_reply_to_status_id": null, "in_reply_to_status_id_str": null, "in_reply_to_user_id": null, "in_reply_to_user_id_str": null, "in_reply_to_screen_name": null, "user": {"id": 1068809102, "id_str": "1068809102", "name": "Hollie Tefteller", "screen_name": "teftellerrr", "location": "Tx", "description": "", "url": null, "entities": {"description": {"urls": []}}, "protected": false, "followers_count": 1005, "friends_count": 396, "listed_count": 3, "created_at": "Mon Jan 07 17:20:16 +0000 2013", "favourites_count": 15900, "utc_offset": null, "time_zone": null, "geo_enabled": true, "verified": false, "statuses_count": 21498, "lang": null, "contributors_enabled": false, "is_translator": false, "is_translation_enabled": false, "profile_background_color": "3F0566", "profile_background_image_url": "http://abs.twimg.com/images/themes/theme9/bg.gif", "profile_background_image_url_https": "https://abs.twimg.com/images/themes/theme9/bg.gif", "profile_background_tile": false, "profile_image_url": "http://pbs.twimg.com/profile_images/1384583145056571394/1Xjyl0_C_normal.jpg", "profile_image_url_https": "https://pbs.twimg.com/profile_images/1384583145056571394/1Xjyl0_C_normal.jpg", "profile_banner_url": "https://pbs.twimg.com/profile_banners/1068809102/1618193800", "profile_link_color": "2FC2EF", "profile_sidebar_border_color": "FFFFFF", "profile_sidebar_fill_color": "DDEEF6", "profile_text_color": "333333", "profile_use_background_image": true, "has_extended_profile": true, "default_profile": false, "default_profile_image": false, "following": false, "follow_request_sent": false, "notifications": false, "translator_type": "none", "withheld_in_countries": []}, "geo": null, "coordinates": null, "place": {"id": "42e46bc3663a4b5f", "url": "https://api.twitter.com/1.1/geo/id/42e46bc3663a4b5f.json", "place_type": "city", "name": "Fort Worth", "full_name": "Fort Worth, TX", "country_code": "US", "country": "United States", "contained_within": [], "bounding_box": {"type": "Polygon", "coordinates": [[[-97.538285, 32.569477], [-97.033542, 32.569477], [-97.033542, 32.990456], [-97.538285, 32.990456]]]}, "attributes": {}}, "contributors": null, "is_quote_status": false, "retweet_count": 1, "favorite_count": 3, "favorited": false, "retweeted": false, "lang": "en"}