{"created_at": "Thu Jun 25 16:34:50 +0000 2015", "id": 614109507006795776, "id_str": "614109507006795776", "text": "@TMZ Why are you not reporting on the nasty comments made by .@LisaVanderpump &amp; .@KyleRichards about Caitlyn Jenner? LisaV is your boss too?", "truncated": false, "entities": {"hashtags": [], "symbols": [], "user_mentions": [{"screen_name": "TMZ", "name": "TMZ", "id": 16331010, "id_str": "16331010", "indices": [0, 4]}, {"screen_name": "LisaVanderpump", "name": "Lisa Vanderpump", "id": 110840720, "id_str": "110840720", "indices": [62, 77]}, {"screen_name": "KyleRichards", "name": "Kyle Richards", "id": 65773523, "id_str": "65773523", "indices": [85, 98]}], "urls": []}, "source": "<a href=\"http://twitter.com/download/iphone\" rel=\"nofollow\">Twitter for iPhone</a>", "in_reply_to_status_id": null, "in_reply_to_status_id_str": null, "in_reply_to_user_id": 16331010, "in_reply_to_user_id_str": "16331010", "in_reply_to_screen_name": "TMZ", "user": {"id": 3011968549, "id_str": "3011968549", "name": "Its me. Its V.", "screen_name": "ownurshit", "location": "Canada", "description": "#NotmyPM", "url": null, "entities": {"description": {"urls": []}}, "protected": false, "followers_count": 1018, "friends_count": 1099, "listed_count": 14, "created_at": "Sat Feb 07 04:48:35 +0000 2015", "favourites_count": 173642, "utc_offset": null, "time_zone": null, "geo_enabled": true, "verified": false, "statuses_count": 47066, "lang": null, "contributors_enabled": false, "is_translator": false, "is_translation_enabled": false, "profile_background_color": "C0DEED", "profile_background_image_url": "http://abs.twimg.com/images/themes/theme1/bg.png", "profile_background_image_url_https": "https://abs.twimg.com/images/themes/theme1/bg.png", "profile_background_tile": false, "profile_image_url": "http://pbs.twimg.com/profile_images/929003920008941569/SFr0nTvE_normal.jpg", "profile_image_url_https": "https://pbs.twimg.com/profile_images/929003920008941569/SFr0nTvE_normal.jpg", "profile_banner_url": "https://pbs.twimg.com/profile_banners/3011968549/1505966370", "profile_link_color": "1DA1F2", "profile_sidebar_border_color": "C0DEED", "profile_sidebar_fill_color": "DDEEF6", "profile_text_color": "333333", "profile_use_background_image": true, "has_extended_profile": false, "default_profile": true, "default_profile_image": false, "following": false, "follow_request_sent": false, "notifications": false, "translator_type": "none", "withheld_in_countries": []}, "geo": null, "coordinates": null, "place": null, "contributors": null, "is_quote_status": false, "retweet_count": 0, "favorite_count": 1, "favorited": false, "retweeted": false, "lang": "en"}