{"created_at": "Sat Jun 27 05:33:36 +0000 2015", "id": 614667878059655168, "id_str": "614667878059655168", "text": "on every one of these episodes of Bill Mahers show this last while he's made some nasty \"joke\" about Caitlyn Jenner", "truncated": false, "entities": {"hashtags": [], "symbols": [], "user_mentions": [], "urls": []}, "source": "<a href=\"https://about.twitter.com/products/tweetdeck\" rel=\"nofollow\">TweetDeck</a>", "in_reply_to_status_id": null, "in_reply_to_status_id_str": null, "in_reply_to_user_id": null, "in_reply_to_user_id_str": null, "in_reply_to_screen_name": null, "user": {"id": 994310617, "id_str": "994310617", "name": "oops! all dissociation", "screen_name": "boigles", "location": "bed", "description": "i forget who's here half the time // Queer dipshit // Extremely medicated // Please buy me kitschy rabbits \u222c @Ratboigles (Art)", "url": null, "entities": {"description": {"urls": []}}, "protected": false, "followers_count": 135, "friends_count": 129, "listed_count": 3, "created_at": "Fri Dec 07 03:43:35 +0000 2012", "favourites_count": 14727, "utc_offset": null, "time_zone": null, "geo_enabled": false, "verified": false, "statuses_count": 20313, "lang": null, "contributors_enabled": false, "is_translator": false, "is_translation_enabled": false, "profile_background_color": "000000", "profile_background_image_url": "http://abs.twimg.com/images/themes/theme1/bg.png", "profile_background_image_url_https": "https://abs.twimg.com/images/themes/theme1/bg.png", "profile_background_tile": false, "profile_image_url": "http://pbs.twimg.com/profile_images/1390943608715587584/gee0r_AJ_normal.jpg", "profile_image_url_https": "https://pbs.twimg.com/profile_images/1390943608715587584/gee0r_AJ_normal.jpg", "profile_banner_url": "https://pbs.twimg.com/profile_banners/994310617/1575868321", "profile_link_color": "000000", "profile_sidebar_border_color": "000000", "profile_sidebar_fill_color": "000000", "profile_text_color": "000000", "profile_use_background_image": false, "has_extended_profile": true, "default_profile": false, "default_profile_image": false, "following": false, "follow_request_sent": false, "notifications": false, "translator_type": "none", "withheld_in_countries": []}, "geo": null, "coordinates": null, "place": null, "contributors": null, "is_quote_status": false, "retweet_count": 0, "favorite_count": 1, "favorited": false, "retweeted": false, "lang": "en"}