{"created_at": "Sat Jun 27 12:02:55 +0000 2015", "id": 614765849971433472, "id_str": "614765849971433472", "text": "Every time I hear T-Wayne \"Nasty\" and that first line he says I think of the pic of Caitlyn Jenner in her Porsche.", "truncated": false, "entities": {"hashtags": [], "symbols": [], "user_mentions": [], "urls": []}, "source": "<a href=\"http://twicca.r246.jp/\" rel=\"nofollow\">twicca</a>", "in_reply_to_status_id": null, "in_reply_to_status_id_str": null, "in_reply_to_user_id": null, "in_reply_to_user_id_str": null, "in_reply_to_screen_name": null, "user": {"id": 312836897, "id_str": "312836897", "name": "\ud83e\uddfc\ud83d\udce6\ud83d\udca8", "screen_name": "BLVCKEFFECT", "location": "\ud83d\udccd\ud835\udc0d\ud835\udc1e\ud835\udc30 \ud835\udc18\ud835\udc28\ud835\udc2b\ud835\udc24", "description": "\u263c Gemini \u2022 \u263e Aquarius \u2022 \u2191 Cancer \u2022 INFJ \u2014 don't judge my story by the chapter you walked in on \u2014 \u2728 #BLM \u270a\ud83c\udffe", "url": "https://t.co/PbHcWf8jdU", "entities": {"url": {"urls": [{"url": "https://t.co/PbHcWf8jdU", "expanded_url": "http://www.boomerandbelle.com", "display_url": "boomerandbelle.com", "indices": [0, 23]}]}, "description": {"urls": []}}, "protected": false, "followers_count": 3251, "friends_count": 906, "listed_count": 11, "created_at": "Tue Jun 07 19:01:56 +0000 2011", "favourites_count": 23899, "utc_offset": null, "time_zone": null, "geo_enabled": true, "verified": false, "statuses_count": 96619, "lang": null, "contributors_enabled": false, "is_translator": false, "is_translation_enabled": false, "profile_background_color": "000000", "profile_background_image_url": "http://abs.twimg.com/images/themes/theme14/bg.gif", "profile_background_image_url_https": "https://abs.twimg.com/images/themes/theme14/bg.gif", "profile_background_tile": false, "profile_image_url": "http://pbs.twimg.com/profile_images/1379853087091867654/Qk2aUTzI_normal.jpg", "profile_image_url_https": "https://pbs.twimg.com/profile_images/1379853087091867654/Qk2aUTzI_normal.jpg", "profile_banner_url": "https://pbs.twimg.com/profile_banners/312836897/1617429725", "profile_link_color": "009999", "profile_sidebar_border_color": "000000", "profile_sidebar_fill_color": "000000", "profile_text_color": "000000", "profile_use_background_image": false, "has_extended_profile": true, "default_profile": false, "default_profile_image": false, "following": false, "follow_request_sent": false, "notifications": false, "translator_type": "none", "withheld_in_countries": []}, "geo": null, "coordinates": null, "place": null, "contributors": null, "is_quote_status": false, "retweet_count": 0, "favorite_count": 0, "favorited": false, "retweeted": false, "lang": "en"}