{"created_at": "Sat Jun 27 15:20:45 +0000 2015", "id": 614815639841148928, "id_str": "614815639841148928", "text": "Some people that are \"allies\" made nasty comments about Caitlyn Jenner earlier so I'm like \ud83d\ude12\ud83d\udc40", "truncated": false, "entities": {"hashtags": [], "symbols": [], "user_mentions": [], "urls": []}, "source": "<a href=\"http://twitter.com/download/iphone\" rel=\"nofollow\">Twitter for iPhone</a>", "in_reply_to_status_id": null, "in_reply_to_status_id_str": null, "in_reply_to_user_id": null, "in_reply_to_user_id_str": null, "in_reply_to_screen_name": null, "user": {"id": 368657037, "id_str": "368657037", "name": "N \ud83d\udc95", "screen_name": "Tillowstxn", "location": "she/her", "description": "Nikki - just fucking queer 18+ account (sometimes NSFW) here to talk about all my fandoms \ud83d\udc9c priv is @lourrysmix", "url": null, "entities": {"description": {"urls": []}}, "protected": false, "followers_count": 1899, "friends_count": 353, "listed_count": 48, "created_at": "Tue Sep 06 00:46:05 +0000 2011", "favourites_count": 33311, "utc_offset": null, "time_zone": null, "geo_enabled": true, "verified": false, "statuses_count": 146262, "lang": null, "contributors_enabled": false, "is_translator": false, "is_translation_enabled": false, "profile_background_color": "693F91", "profile_background_image_url": "http://abs.twimg.com/images/themes/theme1/bg.png", "profile_background_image_url_https": "https://abs.twimg.com/images/themes/theme1/bg.png", "profile_background_tile": true, "profile_image_url": "http://pbs.twimg.com/profile_images/1383801945773674500/M7CKP3ij_normal.jpg", "profile_image_url_https": "https://pbs.twimg.com/profile_images/1383801945773674500/M7CKP3ij_normal.jpg", "profile_banner_url": "https://pbs.twimg.com/profile_banners/368657037/1608397579", "profile_link_color": "AB64BD", "profile_sidebar_border_color": "000000", "profile_sidebar_fill_color": "DDEEF6", "profile_text_color": "333333", "profile_use_background_image": true, "has_extended_profile": true, "default_profile": false, "default_profile_image": false, "following": false, "follow_request_sent": false, "notifications": false, "translator_type": "none", "withheld_in_countries": []}, "geo": null, "coordinates": null, "place": null, "contributors": null, "is_quote_status": false, "retweet_count": 0, "favorite_count": 0, "favorited": false, "retweeted": false, "lang": "en"}