{"created_at": "Wed Jul 08 19:27:33 +0000 2015", "id": 618864011824664577, "id_str": "618864011824664577", "text": "Or it will be like .. \"Caitlyn Jenner is so strong I support lgbt people!\" But if it's not a famous person it's \"Ew with a tranny?how nasty\"", "truncated": false, "entities": {"hashtags": [], "symbols": [], "user_mentions": [], "urls": []}, "source": "<a href=\"http://twitter.com/download/iphone\" rel=\"nofollow\">Twitter for iPhone</a>", "in_reply_to_status_id": null, "in_reply_to_status_id_str": null, "in_reply_to_user_id": null, "in_reply_to_user_id_str": null, "in_reply_to_screen_name": null, "user": {"id": 602989235, "id_str": "602989235", "name": "CockDestroyer", "screen_name": "Maximilian0o0o", "location": "SnapChat - max_morena", "description": "After I have sex with a guy I will rip his head off #blacklivesmatter #translivesmatter", "url": null, "entities": {"description": {"urls": []}}, "protected": false, "followers_count": 382, "friends_count": 349, "listed_count": 4, "created_at": "Fri Jun 08 19:07:37 +0000 2012", "favourites_count": 4836, "utc_offset": null, "time_zone": null, "geo_enabled": true, "verified": false, "statuses_count": 25323, "lang": null, "contributors_enabled": false, "is_translator": false, "is_translation_enabled": false, "profile_background_color": "C0DEED", "profile_background_image_url": "http://abs.twimg.com/images/themes/theme1/bg.png", "profile_background_image_url_https": "https://abs.twimg.com/images/themes/theme1/bg.png", "profile_background_tile": true, "profile_image_url": "http://pbs.twimg.com/profile_images/1147684097768267776/6x7k9yy6_normal.jpg", "profile_image_url_https": "https://pbs.twimg.com/profile_images/1147684097768267776/6x7k9yy6_normal.jpg", "profile_banner_url": "https://pbs.twimg.com/profile_banners/602989235/1570847471", "profile_link_color": "0084B4", "profile_sidebar_border_color": "C0DEED", "profile_sidebar_fill_color": "DDEEF6", "profile_text_color": "333333", "profile_use_background_image": true, "has_extended_profile": true, "default_profile": false, "default_profile_image": false, "following": false, "follow_request_sent": false, "notifications": false, "translator_type": "none", "withheld_in_countries": []}, "geo": null, "coordinates": null, "place": null, "contributors": null, "is_quote_status": false, "retweet_count": 0, "favorite_count": 2, "favorited": false, "retweeted": false, "lang": "en"}