{"created_at": "Wed Jul 08 23:58:29 +0000 2015", "id": 618932195873271808, "id_str": "618932195873271808", "text": "@nancy_webber @IAmCait @Caitlyn_Jenner nasty", "truncated": false, "entities": {"hashtags": [], "symbols": [], "user_mentions": [{"screen_name": "nancy_webber", "name": "Nancy Webber", "id": 1172423611, "id_str": "1172423611", "indices": [0, 13]}, {"screen_name": "IAmCait", "name": "I Am Cait", "id": 3234066668, "id_str": "3234066668", "indices": [14, 22]}, {"screen_name": "Caitlyn_Jenner", "name": "Caitlyn Jenner", "id": 3303293865, "id_str": "3303293865", "indices": [23, 38]}], "urls": []}, "source": "<a href=\"http://twitter.com/download/android\" rel=\"nofollow\">Twitter for Android</a>", "in_reply_to_status_id": 618931205535207425, "in_reply_to_status_id_str": "618931205535207425", "in_reply_to_user_id": 1172423611, "in_reply_to_user_id_str": "1172423611", "in_reply_to_screen_name": "nancy_webber", "user": {"id": 36847497, "id_str": "36847497", "name": "Kate", "screen_name": "kateblair1989", "location": "", "description": "", "url": null, "entities": {"description": {"urls": []}}, "protected": false, "followers_count": 5, "friends_count": 39, "listed_count": 0, "created_at": "Fri May 01 01:47:00 +0000 2009", "favourites_count": 2, "utc_offset": null, "time_zone": null, "geo_enabled": false, "verified": false, "statuses_count": 4, "lang": null, "contributors_enabled": false, "is_translator": false, "is_translation_enabled": false, "profile_background_color": "C0DEED", "profile_background_image_url": "http://abs.twimg.com/images/themes/theme1/bg.png", "profile_background_image_url_https": "https://abs.twimg.com/images/themes/theme1/bg.png", "profile_background_tile": false, "profile_image_url": "http://pbs.twimg.com/profile_images/622931610137038848/Fat3pgTY_normal.jpg", "profile_image_url_https": "https://pbs.twimg.com/profile_images/622931610137038848/Fat3pgTY_normal.jpg", "profile_banner_url": "https://pbs.twimg.com/profile_banners/36847497/1437353442", "profile_link_color": "1DA1F2", "profile_sidebar_border_color": "C0DEED", "profile_sidebar_fill_color": "DDEEF6", "profile_text_color": "333333", "profile_use_background_image": true, "has_extended_profile": false, "default_profile": true, "default_profile_image": false, "following": false, "follow_request_sent": false, "notifications": false, "translator_type": "none", "withheld_in_countries": []}, "geo": null, "coordinates": null, "place": null, "contributors": null, "is_quote_status": false, "retweet_count": 0, "favorite_count": 0, "favorited": false, "retweeted": false, "lang": "pl"}