{"created_at": "Thu Jul 09 14:27:07 +0000 2015", "id": 619150796035198976, "id_str": "619150796035198976", "text": "@sydd_nasty u Caitlyn Jenner \ud83d\ude21\ud83d\ude21\ud83d\ude21", "truncated": false, "entities": {"hashtags": [], "symbols": [], "user_mentions": [], "urls": []}, "source": "<a href=\"http://twitter.com/download/iphone\" rel=\"nofollow\">Twitter for iPhone</a>", "in_reply_to_status_id": 619150672613675008, "in_reply_to_status_id_str": "619150672613675008", "in_reply_to_user_id": 49695307, "in_reply_to_user_id_str": "49695307", "in_reply_to_screen_name": "syddiee21", "user": {"id": 2331277513, "id_str": "2331277513", "name": "Alexis\u2661", "screen_name": "alexxisromaa", "location": "", "description": "insta: alexxisromaa", "url": null, "entities": {"description": {"urls": []}}, "protected": false, "followers_count": 945, "friends_count": 310, "listed_count": 1, "created_at": "Fri Feb 07 04:13:56 +0000 2014", "favourites_count": 8002, "utc_offset": null, "time_zone": null, "geo_enabled": true, "verified": false, "statuses_count": 13905, "lang": null, "contributors_enabled": false, "is_translator": false, "is_translation_enabled": false, "profile_background_color": "C0DEED", "profile_background_image_url": "http://abs.twimg.com/images/themes/theme1/bg.png", "profile_background_image_url_https": "https://abs.twimg.com/images/themes/theme1/bg.png", "profile_background_tile": false, "profile_image_url": "http://pbs.twimg.com/profile_images/1363839873917071363/ue377w7g_normal.jpg", "profile_image_url_https": "https://pbs.twimg.com/profile_images/1363839873917071363/ue377w7g_normal.jpg", "profile_banner_url": "https://pbs.twimg.com/profile_banners/2331277513/1620788294", "profile_link_color": "1DA1F2", "profile_sidebar_border_color": "C0DEED", "profile_sidebar_fill_color": "DDEEF6", "profile_text_color": "333333", "profile_use_background_image": true, "has_extended_profile": true, "default_profile": true, "default_profile_image": false, "following": false, "follow_request_sent": false, "notifications": false, "translator_type": "none", "withheld_in_countries": []}, "geo": null, "coordinates": null, "place": {"id": "288de3df481163e8", "url": "https://api.twitter.com/1.1/geo/id/288de3df481163e8.json", "place_type": "admin", "name": "Alabama", "full_name": "Alabama, USA", "country_code": "US", "country": "United States", "contained_within": [], "bounding_box": {"type": "Polygon", "coordinates": [[[-88.473228, 30.144425], [-84.888247, 30.144425], [-84.888247, 35.008029], [-88.473228, 35.008029]]]}, "attributes": {}}, "contributors": null, "is_quote_status": false, "retweet_count": 0, "favorite_count": 0, "favorited": false, "retweeted": false, "lang": "ht"}