{"created_at": "Thu Jul 09 17:22:34 +0000 2015", "id": 619194948299177984, "id_str": "619194948299177984", "text": "Caitlyn Jenner is still nasty", "truncated": false, "entities": {"hashtags": [], "symbols": [], "user_mentions": [], "urls": []}, "source": "<a href=\"http://twitter.com/download/iphone\" rel=\"nofollow\">Twitter for iPhone</a>", "in_reply_to_status_id": null, "in_reply_to_status_id_str": null, "in_reply_to_user_id": null, "in_reply_to_user_id_str": null, "in_reply_to_screen_name": null, "user": {"id": 1190628667, "id_str": "1190628667", "name": "ricky", "screen_name": "SlickSensei", "location": "", "description": "\ud83c\uddea\ud83c\uddf7\ud83c\uddee\ud83c\uddf9\ud83c\uddf2\ud83c\uddfd\ud83c\uddec\ud83c\uddf7 -CTC- PBE", "url": null, "entities": {"description": {"urls": []}}, "protected": false, "followers_count": 807, "friends_count": 444, "listed_count": 3, "created_at": "Sun Feb 17 18:23:59 +0000 2013", "favourites_count": 34283, "utc_offset": null, "time_zone": null, "geo_enabled": true, "verified": false, "statuses_count": 52036, "lang": null, "contributors_enabled": false, "is_translator": false, "is_translation_enabled": false, "profile_background_color": "FFFFFF", "profile_background_image_url": "http://abs.twimg.com/images/themes/theme1/bg.png", "profile_background_image_url_https": "https://abs.twimg.com/images/themes/theme1/bg.png", "profile_background_tile": false, "profile_image_url": "http://pbs.twimg.com/profile_images/1379994907465637888/KXr0_cLs_normal.jpg", "profile_image_url_https": "https://pbs.twimg.com/profile_images/1379994907465637888/KXr0_cLs_normal.jpg", "profile_banner_url": "https://pbs.twimg.com/profile_banners/1190628667/1617851400", "profile_link_color": "7E3BE3", "profile_sidebar_border_color": "FFFFFF", "profile_sidebar_fill_color": "DDEEF6", "profile_text_color": "333333", "profile_use_background_image": true, "has_extended_profile": true, "default_profile": false, "default_profile_image": false, "following": false, "follow_request_sent": false, "notifications": false, "translator_type": "none", "withheld_in_countries": []}, "geo": null, "coordinates": null, "place": null, "contributors": null, "is_quote_status": false, "retweet_count": 0, "favorite_count": 5, "favorited": false, "retweeted": false, "lang": "en"}