{"created_at": "Thu Jul 09 23:28:13 +0000 2015", "id": 619286966832508928, "id_str": "619286966832508928", "text": "Why does this nasty C U Next Tuesday @KTHopkins have to be so mean to @Caitlyn_Jenner or anyone for that matter. She is just a cruel lady!", "truncated": false, "entities": {"hashtags": [], "symbols": [], "user_mentions": [{"screen_name": "KTHopkins", "name": "Katie Hopkins", "id": 21439144, "id_str": "21439144", "indices": [37, 47]}, {"screen_name": "Caitlyn_Jenner", "name": "Caitlyn Jenner", "id": 3303293865, "id_str": "3303293865", "indices": [70, 85]}], "urls": []}, "source": "<a href=\"http://twitter.com\" rel=\"nofollow\">Twitter Web Client</a>", "in_reply_to_status_id": null, "in_reply_to_status_id_str": null, "in_reply_to_user_id": null, "in_reply_to_user_id_str": null, "in_reply_to_screen_name": null, "user": {"id": 32805375, "id_str": "32805375", "name": "jco604", "screen_name": "JCO604", "location": "EastVan", "description": "EastVan Girl since 72 ~ Proud Mum, Nanna & Auntie ~ Kidney transplant recipient 1993 #LiveLifePassItOn #DontBeACunt", "url": null, "entities": {"description": {"urls": []}}, "protected": false, "followers_count": 721, "friends_count": 996, "listed_count": 23, "created_at": "Sat Apr 18 05:39:52 +0000 2009", "favourites_count": 254, "utc_offset": null, "time_zone": null, "geo_enabled": false, "verified": false, "statuses_count": 2889, "lang": null, "contributors_enabled": false, "is_translator": false, "is_translation_enabled": false, "profile_background_color": "FF6699", "profile_background_image_url": "http://abs.twimg.com/images/themes/theme11/bg.gif", "profile_background_image_url_https": "https://abs.twimg.com/images/themes/theme11/bg.gif", "profile_background_tile": true, "profile_image_url": "http://pbs.twimg.com/profile_images/1233265025239810048/n5tZFyCT_normal.jpg", "profile_image_url_https": "https://pbs.twimg.com/profile_images/1233265025239810048/n5tZFyCT_normal.jpg", "profile_banner_url": "https://pbs.twimg.com/profile_banners/32805375/1420932238", "profile_link_color": "B40B43", "profile_sidebar_border_color": "CC3366", "profile_sidebar_fill_color": "E5507E", "profile_text_color": "362720", "profile_use_background_image": true, "has_extended_profile": false, "default_profile": false, "default_profile_image": false, "following": false, "follow_request_sent": false, "notifications": false, "translator_type": "none", "withheld_in_countries": []}, "geo": null, "coordinates": null, "place": null, "contributors": null, "is_quote_status": false, "retweet_count": 0, "favorite_count": 0, "favorited": false, "retweeted": false, "lang": "en"}