{"created_at": "Thu Jul 09 17:44:21 +0000 2015", "id": 619200429742755840, "id_str": "619200429742755840", "text": "@AurishaTaurisha's account is temporarily unavailable because it violates the Twitter Media Policy. Learn more.", "truncated": false, "entities": {"hashtags": [], "symbols": [], "user_mentions": [], "urls": [{"url": "https://support.twitter.com/articles/20169199", "expanded_url": "https://support.twitter.com/articles/20169199", "display_url": "Learn more", "indices": [100, 110]}]}, "source": "<a href=\"http://twitter.com\" rel=\"nofollow\">Twitter Web Client</a>", "in_reply_to_status_id": null, "in_reply_to_status_id_str": null, "in_reply_to_user_id": 3303293865, "in_reply_to_user_id_str": "3303293865", "in_reply_to_screen_name": "Caitlyn_Jenner", "user": {"id": 2887291132, "id_str": "2887291132", "name": "", "screen_name": "AurishaTaurisha", "location": "", "description": "@AurishaTaurisha's account is temporarily unavailable because it violates the Twitter Media Policy. Learn more.", "url": null, "entities": {"description": {"urls": [{"url": "https://support.twitter.com/articles/20169199", "expanded_url": "https://support.twitter.com/articles/20169199", "display_url": "Learn more", "indices": [100, 110]}]}}, "protected": false, "followers_count": 19, "friends_count": 0, "listed_count": 1, "created_at": "Fri Nov 21 19:57:10 +0000 2014", "favourites_count": 4046, "utc_offset": null, "time_zone": null, "geo_enabled": false, "verified": false, "statuses_count": 44, "lang": null, "contributors_enabled": false, "is_translator": false, "is_translation_enabled": false, "profile_background_color": "000000", "profile_background_image_url": "http://abs.twimg.com/images/themes/theme1/bg.png", "profile_background_image_url_https": "https://abs.twimg.com/images/themes/theme1/bg.png", "profile_background_tile": false, "profile_image_url": "", "profile_image_url_https": "", "profile_link_color": "DD2E44", "profile_sidebar_border_color": "000000", "profile_sidebar_fill_color": "000000", "profile_text_color": "000000", "profile_use_background_image": false, "has_extended_profile": false, "default_profile": false, "default_profile_image": false, "following": false, "follow_request_sent": false, "notifications": false, "translator_type": "none", "withheld_in_countries": []}, "geo": null, "coordinates": null, "place": null, "contributors": null, "is_quote_status": false, "retweet_count": 0, "favorite_count": 0, "favorited": false, "retweeted": false, "possibly_sensitive": false, "lang": "en"}