{"created_at": "Sat Jul 11 16:51:20 +0000 2015", "id": 619911864403763204, "id_str": "619911864403763204", "text": "\"@Its_North_West: Caitlyn Jenner honestly slays http://t.co/rv5G7m69rp\" that's just nasty", "truncated": false, "entities": {"hashtags": [], "symbols": [], "user_mentions": [{"screen_name": "Its_North_West", "name": "NORTH WEST", "id": 2855097053, "id_str": "2855097053", "indices": [1, 16]}], "urls": [], "media": [{"id": 619626258129920000, "id_str": "619626258129920000", "indices": [48, 70], "media_url": "http://pbs.twimg.com/media/CJlazIFWoAAduaK.jpg", "media_url_https": "https://pbs.twimg.com/media/CJlazIFWoAAduaK.jpg", "url": "http://t.co/rv5G7m69rp", "display_url": "pic.twitter.com/rv5G7m69rp", "expanded_url": "https://twitter.com/Its_North_West/status/619626287238381568/photo/1", "type": "photo", "sizes": {"small": {"w": 600, "h": 600, "resize": "fit"}, "thumb": {"w": 150, "h": 150, "resize": "crop"}, "large": {"w": 600, "h": 600, "resize": "fit"}, "medium": {"w": 600, "h": 600, "resize": "fit"}}, "source_status_id": 619626287238381568, "source_status_id_str": "619626287238381568", "source_user_id": 2855097053, "source_user_id_str": "2855097053"}]}, "extended_entities": {"media": [{"id": 619626258129920000, "id_str": "619626258129920000", "indices": [48, 70], "media_url": "http://pbs.twimg.com/media/CJlazIFWoAAduaK.jpg", "media_url_https": "https://pbs.twimg.com/media/CJlazIFWoAAduaK.jpg", "url": "http://t.co/rv5G7m69rp", "display_url": "pic.twitter.com/rv5G7m69rp", "expanded_url": "https://twitter.com/Its_North_West/status/619626287238381568/photo/1", "type": "photo", "sizes": {"small": {"w": 600, "h": 600, "resize": "fit"}, "thumb": {"w": 150, "h": 150, "resize": "crop"}, "large": {"w": 600, "h": 600, "resize": "fit"}, "medium": {"w": 600, "h": 600, "resize": "fit"}}, "source_status_id": 619626287238381568, "source_status_id_str": "619626287238381568", "source_user_id": 2855097053, "source_user_id_str": "2855097053"}, {"id": 619626258134093824, "id_str": "619626258134093824", "indices": [48, 70], "media_url": "http://pbs.twimg.com/media/CJlazIGWUAAIAz0.jpg", "media_url_https": "https://pbs.twimg.com/media/CJlazIGWUAAIAz0.jpg", "url": "http://t.co/rv5G7m69rp", "display_url": "pic.twitter.com/rv5G7m69rp", "expanded_url": "https://twitter.com/Its_North_West/status/619626287238381568/photo/1", "type": "photo", "sizes": {"thumb": {"w": 150, "h": 150, "resize": "crop"}, "small": {"w": 632, "h": 680, "resize": "fit"}, "medium": {"w": 952, "h": 1024, "resize": "fit"}, "large": {"w": 952, "h": 1024, "resize": "fit"}}, "source_status_id": 619626287238381568, "source_status_id_str": "619626287238381568", "source_user_id": 2855097053, "source_user_id_str": "2855097053"}, {"id": 619626258440261632, "id_str": "619626258440261632", "indices": [48, 70], "media_url": "http://pbs.twimg.com/media/CJlazJPWEAAJyjK.jpg", "media_url_https": "https://pbs.twimg.com/media/CJlazJPWEAAJyjK.jpg", "url": "http://t.co/rv5G7m69rp", "display_url": "pic.twitter.com/rv5G7m69rp", "expanded_url": "https://twitter.com/Its_North_West/status/619626287238381568/photo/1", "type": "photo", "sizes": {"thumb": {"w": 150, "h": 150, "resize": "crop"}, "large": {"w": 1023, "h": 870, "resize": "fit"}, "small": {"w": 680, "h": 578, "resize": "fit"}, "medium": {"w": 1023, "h": 870, "resize": "fit"}}, "source_status_id": 619626287238381568, "source_status_id_str": "619626287238381568", "source_user_id": 2855097053, "source_user_id_str": "2855097053"}, {"id": 619626260105437184, "id_str": "619626260105437184", "indices": [48, 70], "media_url": "http://pbs.twimg.com/media/CJlazPcWoAAp2g0.jpg", "media_url_https": "https://pbs.twimg.com/media/CJlazPcWoAAp2g0.jpg", "url": "http://t.co/rv5G7m69rp", "display_url": "pic.twitter.com/rv5G7m69rp", "expanded_url": "https://twitter.com/Its_North_West/status/619626287238381568/photo/1", "type": "photo", "sizes": {"thumb": {"w": 150, "h": 150, "resize": "crop"}, "small": {"w": 552, "h": 680, "resize": "fit"}, "large": {"w": 831, "h": 1024, "resize": "fit"}, "medium": {"w": 831, "h": 1024, "resize": "fit"}}, "source_status_id": 619626287238381568, "source_status_id_str": "619626287238381568", "source_user_id": 2855097053, "source_user_id_str": "2855097053"}]}, "source": "<a href=\"http://twitter.com/download/android\" rel=\"nofollow\">Twitter for Android</a>", "in_reply_to_status_id": null, "in_reply_to_status_id_str": null, "in_reply_to_user_id": null, "in_reply_to_user_id_str": null, "in_reply_to_screen_name": null, "user": {"id": 232445573, "id_str": "232445573", "name": "Solo Dolo", "screen_name": "Jawadmuaythai", "location": "Virginia, USA", "description": "Muslim First\nEverything I have is a blessing from Allah SWT,at any moment he can take it away stay humble\nMuay Thai Fighter \ud83e\udd4a\nCars,Coffee,Sneakers\n\ud83c\udfce\ud83d\udca8 F82 M4", "url": null, "entities": {"description": {"urls": []}}, "protected": false, "followers_count": 178, "friends_count": 187, "listed_count": 11, "created_at": "Fri Dec 31 04:49:39 +0000 2010", "favourites_count": 1285, "utc_offset": null, "time_zone": null, "geo_enabled": false, "verified": false, "statuses_count": 8181, "lang": null, "contributors_enabled": false, "is_translator": false, "is_translation_enabled": false, "profile_background_color": "C0DEED", "profile_background_image_url": "http://abs.twimg.com/images/themes/theme1/bg.png", "profile_background_image_url_https": "https://abs.twimg.com/images/themes/theme1/bg.png", "profile_background_tile": false, "profile_image_url": "http://pbs.twimg.com/profile_images/1253036125230379008/RX97ALMR_normal.jpg", "profile_image_url_https": "https://pbs.twimg.com/profile_images/1253036125230379008/RX97ALMR_normal.jpg", "profile_banner_url": "https://pbs.twimg.com/profile_banners/232445573/1587582114", "profile_link_color": "1DA1F2", "profile_sidebar_border_color": "C0DEED", "profile_sidebar_fill_color": "DDEEF6", "profile_text_color": "333333", "profile_use_background_image": true, "has_extended_profile": true, "default_profile": true, "default_profile_image": false, "following": false, "follow_request_sent": false, "notifications": false, "translator_type": "none", "withheld_in_countries": []}, "geo": null, "coordinates": null, "place": null, "contributors": null, "is_quote_status": false, "retweet_count": 0, "favorite_count": 0, "favorited": false, "retweeted": false, "possibly_sensitive": false, "lang": "en"}