{"created_at": "Sat Jul 11 19:45:13 +0000 2015", "id": 619955622008737792, "id_str": "619955622008737792", "text": "Tom Cruise's Son, Connor, Blasts Caitlyn Jenner In A Nasty Twitter Rant - Hollywood Life http://t.co/aPWIbRocy8", "truncated": false, "entities": {"hashtags": [], "symbols": [], "user_mentions": [], "urls": [{"url": "http://t.co/aPWIbRocy8", "expanded_url": "http://buff.ly/1JmvVmE", "display_url": "buff.ly/1JmvVmE", "indices": [89, 111]}]}, "source": "<a href=\"https://buffer.com\" rel=\"nofollow\">Buffer</a>", "in_reply_to_status_id": null, "in_reply_to_status_id_str": null, "in_reply_to_user_id": null, "in_reply_to_user_id_str": null, "in_reply_to_screen_name": null, "user": {"id": 33337749, "id_str": "33337749", "name": "Brad Hines", "screen_name": "BradHines", "location": "Boston", "description": "Entrepreneur | Startup advisor | YumDomains founder | Writer | HungryKids founder eme. | Humorist | \u2665 Science | I Prefer OREOS\u00ae, feel bad for Hydrox", "url": "http://t.co/NJXMkxN4ur", "entities": {"url": {"urls": [{"url": "http://t.co/NJXMkxN4ur", "expanded_url": "http://www.bradfordhines.com", "display_url": "bradfordhines.com", "indices": [0, 22]}]}, "description": {"urls": []}}, "protected": false, "followers_count": 1343, "friends_count": 375, "listed_count": 103, "created_at": "Sun Apr 19 23:19:05 +0000 2009", "favourites_count": 2202, "utc_offset": null, "time_zone": null, "geo_enabled": false, "verified": false, "statuses_count": 25906, "lang": null, "contributors_enabled": false, "is_translator": false, "is_translation_enabled": false, "profile_background_color": "1A1B1F", "profile_background_image_url": "http://abs.twimg.com/images/themes/theme9/bg.gif", "profile_background_image_url_https": "https://abs.twimg.com/images/themes/theme9/bg.gif", "profile_background_tile": false, "profile_image_url": "http://pbs.twimg.com/profile_images/1074091149810429952/uXOlspbH_normal.jpg", "profile_image_url_https": "https://pbs.twimg.com/profile_images/1074091149810429952/uXOlspbH_normal.jpg", "profile_banner_url": "https://pbs.twimg.com/profile_banners/33337749/1398452591", "profile_link_color": "CC4919", "profile_sidebar_border_color": "000000", "profile_sidebar_fill_color": "252429", "profile_text_color": "666666", "profile_use_background_image": true, "has_extended_profile": false, "default_profile": false, "default_profile_image": false, "following": false, "follow_request_sent": false, "notifications": false, "translator_type": "none", "withheld_in_countries": []}, "geo": null, "coordinates": null, "place": null, "contributors": null, "is_quote_status": false, "retweet_count": 0, "favorite_count": 0, "favorited": false, "retweeted": false, "possibly_sensitive": false, "lang": "en"}