{"created_at": "Mon Jul 13 03:47:04 +0000 2015", "id": 620439273175687168, "id_str": "620439273175687168", "text": "@liIyevan like in health class 1 day this group of boys were looking at someones phone &amp; they were all like \"EW CAITLYN JENNER NASTY!!11! !\"", "truncated": false, "entities": {"hashtags": [], "symbols": [], "user_mentions": [], "urls": []}, "source": "<a href=\"http://twitter.com\" rel=\"nofollow\">Twitter Web Client</a>", "in_reply_to_status_id": 620438735860076544, "in_reply_to_status_id_str": "620438735860076544", "in_reply_to_user_id": 2890315623, "in_reply_to_user_id_str": "2890315623", "in_reply_to_screen_name": "timewrinkles", "user": {"id": 569528557, "id_str": "569528557", "name": "ya boy clark kent", "screen_name": "mlesmorales", "location": "", "description": "\ud83e\udda7", "url": null, "entities": {"description": {"urls": []}}, "protected": false, "followers_count": 802, "friends_count": 243, "listed_count": 27, "created_at": "Wed May 02 23:54:26 +0000 2012", "favourites_count": 242521, "utc_offset": null, "time_zone": null, "geo_enabled": true, "verified": false, "statuses_count": 151058, "lang": null, "contributors_enabled": false, "is_translator": false, "is_translation_enabled": false, "profile_background_color": "000000", "profile_background_image_url": "http://abs.twimg.com/images/themes/theme1/bg.png", "profile_background_image_url_https": "https://abs.twimg.com/images/themes/theme1/bg.png", "profile_background_tile": false, "profile_image_url": "http://pbs.twimg.com/profile_images/1374597005138407424/gMdlTOrh_normal.jpg", "profile_image_url_https": "https://pbs.twimg.com/profile_images/1374597005138407424/gMdlTOrh_normal.jpg", "profile_banner_url": "https://pbs.twimg.com/profile_banners/569528557/1615010971", "profile_link_color": "0040FF", "profile_sidebar_border_color": "000000", "profile_sidebar_fill_color": "000000", "profile_text_color": "000000", "profile_use_background_image": false, "has_extended_profile": false, "default_profile": false, "default_profile_image": false, "following": false, "follow_request_sent": false, "notifications": false, "translator_type": "none", "withheld_in_countries": []}, "geo": null, "coordinates": null, "place": null, "contributors": null, "is_quote_status": false, "retweet_count": 0, "favorite_count": 1, "favorited": false, "retweeted": false, "lang": "en"}