{"created_at": "Mon Jul 13 13:57:40 +0000 2015", "id": 620592936175034368, "id_str": "620592936175034368", "text": ".@1037theq whats nasty is listening to your morning show talk so disgustingly about Caitlyn Jenner. &amp; how she smokes like a man. Wtf", "truncated": false, "entities": {"hashtags": [], "symbols": [], "user_mentions": [{"screen_name": "1037theq", "name": "103.7 The Q", "id": 19357548, "id_str": "19357548", "indices": [1, 10]}], "urls": []}, "source": "<a href=\"http://twitter.com/download/iphone\" rel=\"nofollow\">Twitter for iPhone</a>", "in_reply_to_status_id": null, "in_reply_to_status_id_str": null, "in_reply_to_user_id": null, "in_reply_to_user_id_str": null, "in_reply_to_screen_name": null, "user": {"id": 29913482, "id_str": "29913482", "name": "cory evans \u2729", "screen_name": "CoryEvans", "location": "AL", "description": "lots of thoughts that shouldn\u2019t be on the internet", "url": "https://t.co/IVO4pMqSCJ", "entities": {"url": {"urls": [{"url": "https://t.co/IVO4pMqSCJ", "expanded_url": "http://onlyfans.com/topthatbottoms", "display_url": "onlyfans.com/topthatbottoms", "indices": [0, 23]}]}, "description": {"urls": []}}, "protected": false, "followers_count": 9690, "friends_count": 2552, "listed_count": 29, "created_at": "Thu Apr 09 03:48:46 +0000 2009", "favourites_count": 26381, "utc_offset": null, "time_zone": null, "geo_enabled": true, "verified": false, "statuses_count": 43957, "lang": null, "contributors_enabled": false, "is_translator": false, "is_translation_enabled": false, "profile_background_color": "131516", "profile_background_image_url": "http://abs.twimg.com/images/themes/theme14/bg.gif", "profile_background_image_url_https": "https://abs.twimg.com/images/themes/theme14/bg.gif", "profile_background_tile": true, "profile_image_url": "http://pbs.twimg.com/profile_images/1394114443806658568/yydPd0aR_normal.jpg", "profile_image_url_https": "https://pbs.twimg.com/profile_images/1394114443806658568/yydPd0aR_normal.jpg", "profile_banner_url": "https://pbs.twimg.com/profile_banners/29913482/1582916748", "profile_link_color": "009999", "profile_sidebar_border_color": "EEEEEE", "profile_sidebar_fill_color": "EFEFEF", "profile_text_color": "333333", "profile_use_background_image": true, "has_extended_profile": true, "default_profile": false, "default_profile_image": false, "following": false, "follow_request_sent": false, "notifications": false, "translator_type": "none", "withheld_in_countries": []}, "geo": null, "coordinates": null, "place": null, "contributors": null, "is_quote_status": false, "retweet_count": 0, "favorite_count": 12, "favorited": false, "retweeted": false, "lang": "en"}