{"created_at": "Mon Jul 13 17:06:40 +0000 2015", "id": 620640500328984576, "id_str": "620640500328984576", "text": "@Caitlyn_Jenner  I feel so sad to see negative comments.  Some People really are so nasty. Sending you loving support, live Your life!!!", "truncated": false, "entities": {"hashtags": [], "symbols": [], "user_mentions": [{"screen_name": "Caitlyn_Jenner", "name": "Caitlyn Jenner", "id": 3303293865, "id_str": "3303293865", "indices": [0, 15]}], "urls": []}, "source": "<a href=\"http://twitter.com/download/android\" rel=\"nofollow\">Twitter for Android</a>", "in_reply_to_status_id": 620639818758901760, "in_reply_to_status_id_str": "620639818758901760", "in_reply_to_user_id": 3303293865, "in_reply_to_user_id_str": "3303293865", "in_reply_to_screen_name": "Caitlyn_Jenner", "user": {"id": 3193743476, "id_str": "3193743476", "name": "Elizabeth....", "screen_name": "ELizaPezRcks222", "location": "Tulsa, OK", "description": "I have been a Hair Designer most of my life.  Helping people see their inner Rock Star. Enhancing their own Beauty!  I love my life!", "url": null, "entities": {"description": {"urls": []}}, "protected": false, "followers_count": 76, "friends_count": 267, "listed_count": 0, "created_at": "Wed May 13 00:27:19 +0000 2015", "favourites_count": 413, "utc_offset": null, "time_zone": null, "geo_enabled": true, "verified": false, "statuses_count": 204, "lang": null, "contributors_enabled": false, "is_translator": false, "is_translation_enabled": false, "profile_background_color": "C0DEED", "profile_background_image_url": "http://abs.twimg.com/images/themes/theme1/bg.png", "profile_background_image_url_https": "https://abs.twimg.com/images/themes/theme1/bg.png", "profile_background_tile": false, "profile_image_url": "http://pbs.twimg.com/profile_images/598286002881372161/LQ2H3sBL_normal.jpg", "profile_image_url_https": "https://pbs.twimg.com/profile_images/598286002881372161/LQ2H3sBL_normal.jpg", "profile_banner_url": "https://pbs.twimg.com/profile_banners/3193743476/1435712537", "profile_link_color": "1DA1F2", "profile_sidebar_border_color": "C0DEED", "profile_sidebar_fill_color": "DDEEF6", "profile_text_color": "333333", "profile_use_background_image": true, "has_extended_profile": false, "default_profile": true, "default_profile_image": false, "following": false, "follow_request_sent": false, "notifications": false, "translator_type": "none", "withheld_in_countries": []}, "geo": null, "coordinates": null, "place": null, "contributors": null, "is_quote_status": false, "retweet_count": 0, "favorite_count": 22, "favorited": false, "retweeted": false, "lang": "en"}