{"created_at": "Mon Jul 13 17:45:39 +0000 2015", "id": 620650309992497152, "id_str": "620650309992497152", "text": "Seeing all the nasty comments on Caitlyn Jenner's IG makes me so disgusted.", "truncated": false, "entities": {"hashtags": [], "symbols": [], "user_mentions": [], "urls": []}, "source": "<a href=\"http://twitter.com/download/iphone\" rel=\"nofollow\">Twitter for iPhone</a>", "in_reply_to_status_id": null, "in_reply_to_status_id_str": null, "in_reply_to_user_id": null, "in_reply_to_user_id_str": null, "in_reply_to_screen_name": null, "user": {"id": 1910085859, "id_str": "1910085859", "name": "francesca", "screen_name": "francescaal_", "location": "", "description": "(\u0e07'\u0300-'\u0301)\u0e07", "url": "https://t.co/MuO1jdZSs8", "entities": {"url": {"urls": [{"url": "https://t.co/MuO1jdZSs8", "expanded_url": "https://m.twitch.tv/akowalski_", "display_url": "m.twitch.tv/akowalski_", "indices": [0, 23]}]}, "description": {"urls": []}}, "protected": false, "followers_count": 523, "friends_count": 262, "listed_count": 4, "created_at": "Fri Sep 27 04:29:36 +0000 2013", "favourites_count": 45790, "utc_offset": null, "time_zone": null, "geo_enabled": true, "verified": false, "statuses_count": 9513, "lang": null, "contributors_enabled": false, "is_translator": false, "is_translation_enabled": false, "profile_background_color": "C0DEED", "profile_background_image_url": "http://abs.twimg.com/images/themes/theme1/bg.png", "profile_background_image_url_https": "https://abs.twimg.com/images/themes/theme1/bg.png", "profile_background_tile": false, "profile_image_url": "http://pbs.twimg.com/profile_images/1345245525004546048/o_9VFHHG_normal.jpg", "profile_image_url_https": "https://pbs.twimg.com/profile_images/1345245525004546048/o_9VFHHG_normal.jpg", "profile_banner_url": "https://pbs.twimg.com/profile_banners/1910085859/1598517915", "profile_link_color": "1DA1F2", "profile_sidebar_border_color": "C0DEED", "profile_sidebar_fill_color": "DDEEF6", "profile_text_color": "333333", "profile_use_background_image": true, "has_extended_profile": true, "default_profile": true, "default_profile_image": false, "following": false, "follow_request_sent": false, "notifications": false, "translator_type": "none", "withheld_in_countries": []}, "geo": null, "coordinates": null, "place": null, "contributors": null, "is_quote_status": false, "retweet_count": 0, "favorite_count": 0, "favorited": false, "retweeted": false, "lang": "en"}