{"created_at": "Mon Jul 13 23:04:46 +0000 2015", "id": 620730617752227840, "id_str": "620730617752227840", "text": "Why does that monster @Caitlyn_Jenner get the Arthur Ashe Courage Award it's not courageous it's nasty \ud83d\ude37", "truncated": false, "entities": {"hashtags": [], "symbols": [], "user_mentions": [{"screen_name": "Caitlyn_Jenner", "name": "Caitlyn Jenner", "id": 3303293865, "id_str": "3303293865", "indices": [22, 37]}], "urls": []}, "source": "<a href=\"http://twitter.com/download/iphone\" rel=\"nofollow\">Twitter for iPhone</a>", "in_reply_to_status_id": null, "in_reply_to_status_id_str": null, "in_reply_to_user_id": null, "in_reply_to_user_id_str": null, "in_reply_to_screen_name": null, "user": {"id": 2874132336, "id_str": "2874132336", "name": "Tim Russell", "screen_name": "TimRussell40", "location": "", "description": "", "url": null, "entities": {"description": {"urls": []}}, "protected": false, "followers_count": 505, "friends_count": 816, "listed_count": 5, "created_at": "Thu Oct 23 23:14:18 +0000 2014", "favourites_count": 17603, "utc_offset": null, "time_zone": null, "geo_enabled": true, "verified": false, "statuses_count": 21460, "lang": null, "contributors_enabled": false, "is_translator": false, "is_translation_enabled": false, "profile_background_color": "C0DEED", "profile_background_image_url": "http://abs.twimg.com/images/themes/theme1/bg.png", "profile_background_image_url_https": "https://abs.twimg.com/images/themes/theme1/bg.png", "profile_background_tile": false, "profile_image_url": "http://pbs.twimg.com/profile_images/1170895662650724352/wSQ58I9l_normal.jpg", "profile_image_url_https": "https://pbs.twimg.com/profile_images/1170895662650724352/wSQ58I9l_normal.jpg", "profile_banner_url": "https://pbs.twimg.com/profile_banners/2874132336/1554987700", "profile_link_color": "1DA1F2", "profile_sidebar_border_color": "C0DEED", "profile_sidebar_fill_color": "DDEEF6", "profile_text_color": "333333", "profile_use_background_image": true, "has_extended_profile": true, "default_profile": true, "default_profile_image": false, "following": false, "follow_request_sent": false, "notifications": false, "translator_type": "none", "withheld_in_countries": []}, "geo": null, "coordinates": null, "place": null, "contributors": null, "is_quote_status": false, "retweet_count": 0, "favorite_count": 0, "favorited": false, "retweeted": false, "lang": "en"}