{"created_at": "Tue Jul 14 19:28:21 +0000 2015", "id": 621038540483375104, "id_str": "621038540483375104", "text": "@dravanian his Instagram comments are nasty homophobic / transphobic, esp when Caitlyn Jenner came out.", "truncated": false, "entities": {"hashtags": [], "symbols": [], "user_mentions": [{"screen_name": "dravanian", "name": ".", "id": 2334371006, "id_str": "2334371006", "indices": [0, 10]}], "urls": []}, "source": "<a href=\"http://twitter.com/download/android\" rel=\"nofollow\">Twitter for Android</a>", "in_reply_to_status_id": 621038271506829312, "in_reply_to_status_id_str": "621038271506829312", "in_reply_to_user_id": 3196282841, "in_reply_to_user_id_str": "3196282841", "in_reply_to_screen_name": "jinkirigiri", "user": {"id": 164369757, "id_str": "164369757", "name": "No More Diets, Only Riots", "screen_name": "hiygay", "location": "Commissioned Artwork", "description": "Erin (they, she?) | ffxiv: io io / jajawa jawa / dou tengu (balmung) | Tap to add \ud83c\udf38 | watch Gatchaman Crowds |  av:@pandabandanna banner: @ochentiocho", "url": "https://t.co/MHcGvpT7wq", "entities": {"url": {"urls": [{"url": "https://t.co/MHcGvpT7wq", "expanded_url": "https://hiygay.wixsite.com/ioio", "display_url": "hiygay.wixsite.com/ioio", "indices": [0, 23]}]}, "description": {"urls": []}}, "protected": false, "followers_count": 695, "friends_count": 599, "listed_count": 15, "created_at": "Thu Jul 08 18:19:40 +0000 2010", "favourites_count": 43276, "utc_offset": null, "time_zone": null, "geo_enabled": false, "verified": false, "statuses_count": 267821, "lang": null, "contributors_enabled": false, "is_translator": false, "is_translation_enabled": false, "profile_background_color": "F5ABB5", "profile_background_image_url": "http://abs.twimg.com/images/themes/theme17/bg.gif", "profile_background_image_url_https": "https://abs.twimg.com/images/themes/theme17/bg.gif", "profile_background_tile": false, "profile_image_url": "http://pbs.twimg.com/profile_images/1384924793573679105/eHKgqW-L_normal.jpg", "profile_image_url_https": "https://pbs.twimg.com/profile_images/1384924793573679105/eHKgqW-L_normal.jpg", "profile_banner_url": "https://pbs.twimg.com/profile_banners/164369757/1611340743", "profile_link_color": "CC3366", "profile_sidebar_border_color": "000000", "profile_sidebar_fill_color": "000000", "profile_text_color": "000000", "profile_use_background_image": true, "has_extended_profile": false, "default_profile": false, "default_profile_image": false, "following": false, "follow_request_sent": false, "notifications": false, "translator_type": "none", "withheld_in_countries": []}, "geo": null, "coordinates": null, "place": null, "contributors": null, "is_quote_status": false, "retweet_count": 0, "favorite_count": 0, "favorited": false, "retweeted": false, "lang": "en"}