{"created_at": "Wed Jul 15 02:31:48 +0000 2015", "id": 621145108340084741, "id_str": "621145108340084741", "text": "Caitlyn Jenner is nasty", "truncated": false, "entities": {"hashtags": [], "symbols": [], "user_mentions": [], "urls": []}, "source": "<a href=\"http://twitter.com/download/iphone\" rel=\"nofollow\">Twitter for iPhone</a>", "in_reply_to_status_id": null, "in_reply_to_status_id_str": null, "in_reply_to_user_id": null, "in_reply_to_user_id_str": null, "in_reply_to_screen_name": null, "user": {"id": 1894702945, "id_str": "1894702945", "name": "Daniel Wirth", "screen_name": "danny_idc92", "location": "Fear city", "description": "", "url": null, "entities": {"description": {"urls": []}}, "protected": false, "followers_count": 425, "friends_count": 383, "listed_count": 3, "created_at": "Sun Sep 22 18:35:26 +0000 2013", "favourites_count": 6390, "utc_offset": null, "time_zone": null, "geo_enabled": true, "verified": false, "statuses_count": 6089, "lang": null, "contributors_enabled": false, "is_translator": false, "is_translation_enabled": false, "profile_background_color": "C0DEED", "profile_background_image_url": "http://abs.twimg.com/images/themes/theme1/bg.png", "profile_background_image_url_https": "https://abs.twimg.com/images/themes/theme1/bg.png", "profile_background_tile": false, "profile_image_url": "http://pbs.twimg.com/profile_images/1367016272043651074/XxpJRrdP_normal.jpg", "profile_image_url_https": "https://pbs.twimg.com/profile_images/1367016272043651074/XxpJRrdP_normal.jpg", "profile_banner_url": "https://pbs.twimg.com/profile_banners/1894702945/1614756933", "profile_link_color": "1DA1F2", "profile_sidebar_border_color": "C0DEED", "profile_sidebar_fill_color": "DDEEF6", "profile_text_color": "333333", "profile_use_background_image": true, "has_extended_profile": false, "default_profile": true, "default_profile_image": false, "following": false, "follow_request_sent": false, "notifications": false, "translator_type": "none", "withheld_in_countries": []}, "geo": null, "coordinates": null, "place": null, "contributors": null, "is_quote_status": false, "retweet_count": 0, "favorite_count": 0, "favorited": false, "retweeted": false, "lang": "cy"}