{"created_at": "Wed Jul 15 21:50:45 +0000 2015", "id": 621436764524183552, "id_str": "621436764524183552", "text": "Caitlyn Jenner shit is nasty", "truncated": false, "entities": {"hashtags": [], "symbols": [], "user_mentions": [], "urls": []}, "source": "<a href=\"http://twitter.com/download/android\" rel=\"nofollow\">Twitter for Android</a>", "in_reply_to_status_id": null, "in_reply_to_status_id_str": null, "in_reply_to_user_id": null, "in_reply_to_user_id_str": null, "in_reply_to_screen_name": null, "user": {"id": 550523971, "id_str": "550523971", "name": "Andres", "screen_name": "ballinandy24", "location": "Lynwood,CA", "description": "#RIPKOBE #RIPMJ #RIPNIP", "url": null, "entities": {"description": {"urls": []}}, "protected": false, "followers_count": 851, "friends_count": 321, "listed_count": 44, "created_at": "Tue Apr 10 23:18:51 +0000 2012", "favourites_count": 276493, "utc_offset": null, "time_zone": null, "geo_enabled": true, "verified": false, "statuses_count": 362039, "lang": null, "contributors_enabled": false, "is_translator": false, "is_translation_enabled": false, "profile_background_color": "C0DEED", "profile_background_image_url": "http://abs.twimg.com/images/themes/theme1/bg.png", "profile_background_image_url_https": "https://abs.twimg.com/images/themes/theme1/bg.png", "profile_background_tile": true, "profile_image_url": "http://pbs.twimg.com/profile_images/1354191520950317066/t_iINkS1_normal.jpg", "profile_image_url_https": "https://pbs.twimg.com/profile_images/1354191520950317066/t_iINkS1_normal.jpg", "profile_banner_url": "https://pbs.twimg.com/profile_banners/550523971/1596672243", "profile_link_color": "0084B4", "profile_sidebar_border_color": "C0DEED", "profile_sidebar_fill_color": "DDEEF6", "profile_text_color": "333333", "profile_use_background_image": true, "has_extended_profile": true, "default_profile": false, "default_profile_image": false, "following": false, "follow_request_sent": false, "notifications": false, "translator_type": "none", "withheld_in_countries": []}, "geo": null, "coordinates": null, "place": {"id": "1c69a67ad480e1b1", "url": "https://api.twitter.com/1.1/geo/id/1c69a67ad480e1b1.json", "place_type": "city", "name": "Houston", "full_name": "Houston, TX", "country_code": "US", "country": "United States", "contained_within": [], "bounding_box": {"type": "Polygon", "coordinates": [[[-95.823268, 29.522325], [-95.069705, 29.522325], [-95.069705, 30.1546646], [-95.823268, 30.1546646]]]}, "attributes": {}}, "contributors": null, "is_quote_status": false, "retweet_count": 0, "favorite_count": 0, "favorited": false, "retweeted": false, "lang": "en"}