{"created_at": "Thu Jul 16 05:08:01 +0000 2015", "id": 621546809501069312, "id_str": "621546809501069312", "text": "The amount of nasty comments on ESPN's photo of Caitlyn Jenner from the ESPYS actually disgusts me", "truncated": false, "entities": {"hashtags": [], "symbols": [], "user_mentions": [], "urls": []}, "source": "<a href=\"http://twitter.com/download/iphone\" rel=\"nofollow\">Twitter for iPhone</a>", "in_reply_to_status_id": null, "in_reply_to_status_id_str": null, "in_reply_to_user_id": null, "in_reply_to_user_id_str": null, "in_reply_to_screen_name": null, "user": {"id": 498504963, "id_str": "498504963", "name": "Jordan Legendre", "screen_name": "JordieLegendre", "location": "Texas", "description": "Always remember that success is not a destination. It\u2019s a journey", "url": null, "entities": {"description": {"urls": []}}, "protected": false, "followers_count": 226, "friends_count": 316, "listed_count": 1, "created_at": "Tue Feb 21 03:55:17 +0000 2012", "favourites_count": 3440, "utc_offset": null, "time_zone": null, "geo_enabled": false, "verified": false, "statuses_count": 12148, "lang": null, "contributors_enabled": false, "is_translator": false, "is_translation_enabled": false, "profile_background_color": "000000", "profile_background_image_url": "http://abs.twimg.com/images/themes/theme14/bg.gif", "profile_background_image_url_https": "https://abs.twimg.com/images/themes/theme14/bg.gif", "profile_background_tile": false, "profile_image_url": "http://pbs.twimg.com/profile_images/857791497982418945/-5cmwSfT_normal.jpg", "profile_image_url_https": "https://pbs.twimg.com/profile_images/857791497982418945/-5cmwSfT_normal.jpg", "profile_banner_url": "https://pbs.twimg.com/profile_banners/498504963/1548989284", "profile_link_color": "E8AE0F", "profile_sidebar_border_color": "E8AE0F", "profile_sidebar_fill_color": "B30303", "profile_text_color": "000000", "profile_use_background_image": true, "has_extended_profile": false, "default_profile": false, "default_profile_image": false, "following": false, "follow_request_sent": false, "notifications": false, "translator_type": "none", "withheld_in_countries": []}, "geo": null, "coordinates": null, "place": null, "contributors": null, "is_quote_status": false, "retweet_count": 0, "favorite_count": 1, "favorited": false, "retweeted": false, "lang": "en"}