{"created_at": "Thu Jul 16 02:34:00 +0000 2015", "id": 621508047005982720, "id_str": "621508047005982720", "text": "So @Caitlyn_Jenner sounds like a man. Nasty", "truncated": false, "entities": {"hashtags": [], "symbols": [], "user_mentions": [{"screen_name": "Caitlyn_Jenner", "name": "Caitlyn Jenner", "id": 3303293865, "id_str": "3303293865", "indices": [3, 18]}], "urls": []}, "source": "<a href=\"http://tapbots.com/tweetbot\" rel=\"nofollow\">Tweetbot for i\u039fS</a>", "in_reply_to_status_id": null, "in_reply_to_status_id_str": null, "in_reply_to_user_id": null, "in_reply_to_user_id_str": null, "in_reply_to_screen_name": null, "user": {"id": 569629221, "id_str": "569629221", "name": "Kolt Buchenroth", "screen_name": "KoltBuchenroth", "location": "Kenton, OH", "description": "Buckeye | FH-ATZ | Editor @AgriNaturalist | Farm Broadcaster, Video Guy @ocj_ohioagnet | KE8NBB |Formerly @wktnradio | Views = mine #HardinCountyProud", "url": "https://t.co/aiLxAQUD9v", "entities": {"url": {"urls": [{"url": "https://t.co/aiLxAQUD9v", "expanded_url": "http://koltbuchenroth.com", "display_url": "koltbuchenroth.com", "indices": [0, 23]}]}, "description": {"urls": []}}, "protected": false, "followers_count": 1441, "friends_count": 2924, "listed_count": 8, "created_at": "Thu May 03 00:31:00 +0000 2012", "favourites_count": 17345, "utc_offset": null, "time_zone": null, "geo_enabled": true, "verified": false, "statuses_count": 14678, "lang": null, "contributors_enabled": false, "is_translator": false, "is_translation_enabled": false, "profile_background_color": "C0DEED", "profile_background_image_url": "http://abs.twimg.com/images/themes/theme1/bg.png", "profile_background_image_url_https": "https://abs.twimg.com/images/themes/theme1/bg.png", "profile_background_tile": true, "profile_image_url": "http://pbs.twimg.com/profile_images/1262148899474726912/LglF7jpI_normal.jpg", "profile_image_url_https": "https://pbs.twimg.com/profile_images/1262148899474726912/LglF7jpI_normal.jpg", "profile_banner_url": "https://pbs.twimg.com/profile_banners/569629221/1606058372", "profile_link_color": "ABB8C2", "profile_sidebar_border_color": "C0DEED", "profile_sidebar_fill_color": "DDEEF6", "profile_text_color": "333333", "profile_use_background_image": true, "has_extended_profile": true, "default_profile": false, "default_profile_image": false, "following": false, "follow_request_sent": false, "notifications": false, "translator_type": "none", "withheld_in_countries": []}, "geo": null, "coordinates": null, "place": null, "contributors": null, "is_quote_status": false, "retweet_count": 0, "favorite_count": 0, "favorited": false, "retweeted": false, "lang": "en"}