{"created_at": "Thu Jul 16 05:43:09 +0000 2015", "id": 621555650041118720, "id_str": "621555650041118720", "text": "@espn @Caitlyn_Jenner get this nasty ish off yo!!", "truncated": false, "entities": {"hashtags": [], "symbols": [], "user_mentions": [{"screen_name": "espn", "name": "ESPN", "id": 2557521, "id_str": "2557521", "indices": [0, 5]}, {"screen_name": "Caitlyn_Jenner", "name": "Caitlyn Jenner", "id": 3303293865, "id_str": "3303293865", "indices": [6, 21]}], "urls": []}, "source": "<a href=\"http://twitter.com/download/iphone\" rel=\"nofollow\">Twitter for iPhone</a>", "in_reply_to_status_id": 621504584792547333, "in_reply_to_status_id_str": "621504584792547333", "in_reply_to_user_id": 2557521, "in_reply_to_user_id_str": "2557521", "in_reply_to_screen_name": "espn", "user": {"id": 2448845173, "id_str": "2448845173", "name": "Rafi Tareman", "screen_name": "rafi_lin17", "location": "", "description": "long live mac !", "url": null, "entities": {"description": {"urls": []}}, "protected": false, "followers_count": 99, "friends_count": 119, "listed_count": 0, "created_at": "Thu Apr 17 04:17:54 +0000 2014", "favourites_count": 2465, "utc_offset": null, "time_zone": null, "geo_enabled": false, "verified": false, "statuses_count": 6848, "lang": null, "contributors_enabled": false, "is_translator": false, "is_translation_enabled": false, "profile_background_color": "C0DEED", "profile_background_image_url": "http://abs.twimg.com/images/themes/theme1/bg.png", "profile_background_image_url_https": "https://abs.twimg.com/images/themes/theme1/bg.png", "profile_background_tile": false, "profile_image_url": "http://pbs.twimg.com/profile_images/566397491914891265/7SjxhCdU_normal.jpeg", "profile_image_url_https": "https://pbs.twimg.com/profile_images/566397491914891265/7SjxhCdU_normal.jpeg", "profile_link_color": "1DA1F2", "profile_sidebar_border_color": "C0DEED", "profile_sidebar_fill_color": "DDEEF6", "profile_text_color": "333333", "profile_use_background_image": true, "has_extended_profile": false, "default_profile": true, "default_profile_image": false, "following": false, "follow_request_sent": false, "notifications": false, "translator_type": "none", "withheld_in_countries": []}, "geo": null, "coordinates": null, "place": null, "contributors": null, "is_quote_status": false, "retweet_count": 0, "favorite_count": 1, "favorited": false, "retweeted": false, "lang": "en"}