{"created_at": "Thu Jul 16 03:34:45 +0000 2015", "id": 621523335889952768, "id_str": "621523335889952768", "text": "People making nasty comments about Caitlyn Jenner disgust me. Learn to love, accept and treat each other right. Stop being so nasty.", "truncated": false, "entities": {"hashtags": [], "symbols": [], "user_mentions": [], "urls": []}, "source": "<a href=\"http://twitter.com/download/iphone\" rel=\"nofollow\">Twitter for iPhone</a>", "in_reply_to_status_id": null, "in_reply_to_status_id_str": null, "in_reply_to_user_id": null, "in_reply_to_user_id_str": null, "in_reply_to_screen_name": null, "user": {"id": 288007144, "id_str": "288007144", "name": "Beccasita \u273f", "screen_name": "OhdearBecca", "location": "Tampa, FL", "description": "25 and always sad.", "url": "https://t.co/X11pxGbcPm", "entities": {"url": {"urls": [{"url": "https://t.co/X11pxGbcPm", "expanded_url": "http://Instagram.com/ohdearbecca", "display_url": "Instagram.com/ohdearbecca", "indices": [0, 23]}]}, "description": {"urls": []}}, "protected": false, "followers_count": 303, "friends_count": 278, "listed_count": 0, "created_at": "Tue Apr 26 02:31:52 +0000 2011", "favourites_count": 5533, "utc_offset": null, "time_zone": null, "geo_enabled": true, "verified": false, "statuses_count": 11570, "lang": null, "contributors_enabled": false, "is_translator": false, "is_translation_enabled": false, "profile_background_color": "FF6699", "profile_background_image_url": "http://abs.twimg.com/images/themes/theme11/bg.gif", "profile_background_image_url_https": "https://abs.twimg.com/images/themes/theme11/bg.gif", "profile_background_tile": true, "profile_image_url": "http://pbs.twimg.com/profile_images/1289958817007112192/zXNXVpED_normal.jpg", "profile_image_url_https": "https://pbs.twimg.com/profile_images/1289958817007112192/zXNXVpED_normal.jpg", "profile_banner_url": "https://pbs.twimg.com/profile_banners/288007144/1514563393", "profile_link_color": "B40B43", "profile_sidebar_border_color": "FFFFFF", "profile_sidebar_fill_color": "E5507E", "profile_text_color": "362720", "profile_use_background_image": true, "has_extended_profile": true, "default_profile": false, "default_profile_image": false, "following": false, "follow_request_sent": false, "notifications": false, "translator_type": "none", "withheld_in_countries": []}, "geo": null, "coordinates": null, "place": null, "contributors": null, "is_quote_status": false, "retweet_count": 0, "favorite_count": 1, "favorited": false, "retweeted": false, "lang": "en"}