{"created_at": "Thu Jul 16 02:47:50 +0000 2015", "id": 621511529809215488, "id_str": "621511529809215488", "text": "@GMA @Caitlyn_Jenner   Such a shame people are so rude. This person never hurt anyone, but yet many a one are so rude n nasty to her. sad.", "truncated": false, "entities": {"hashtags": [], "symbols": [], "user_mentions": [{"screen_name": "GMA", "name": "Good Morning America", "id": 22650211, "id_str": "22650211", "indices": [0, 4]}, {"screen_name": "Caitlyn_Jenner", "name": "Caitlyn Jenner", "id": 3303293865, "id_str": "3303293865", "indices": [5, 20]}], "urls": []}, "source": "<a href=\"http://twitter.com\" rel=\"nofollow\">Twitter Web Client</a>", "in_reply_to_status_id": 621510127586254848, "in_reply_to_status_id_str": "621510127586254848", "in_reply_to_user_id": 22650211, "in_reply_to_user_id_str": "22650211", "in_reply_to_screen_name": "GMA", "user": {"id": 453406943, "id_str": "453406943", "name": "iamlisland", "screen_name": "iamlisland", "location": "", "description": "", "url": null, "entities": {"description": {"urls": []}}, "protected": false, "followers_count": 67, "friends_count": 389, "listed_count": 3, "created_at": "Mon Jan 02 22:07:47 +0000 2012", "favourites_count": 99, "utc_offset": null, "time_zone": null, "geo_enabled": false, "verified": false, "statuses_count": 505, "lang": null, "contributors_enabled": false, "is_translator": false, "is_translation_enabled": false, "profile_background_color": "C0DEED", "profile_background_image_url": "http://abs.twimg.com/images/themes/theme1/bg.png", "profile_background_image_url_https": "https://abs.twimg.com/images/themes/theme1/bg.png", "profile_background_tile": false, "profile_image_url": "http://pbs.twimg.com/profile_images/2688509704/78f4e4ce6cfe82eda64e4dd268b9c4db_normal.jpeg", "profile_image_url_https": "https://pbs.twimg.com/profile_images/2688509704/78f4e4ce6cfe82eda64e4dd268b9c4db_normal.jpeg", "profile_link_color": "1DA1F2", "profile_sidebar_border_color": "C0DEED", "profile_sidebar_fill_color": "DDEEF6", "profile_text_color": "333333", "profile_use_background_image": true, "has_extended_profile": false, "default_profile": true, "default_profile_image": false, "following": false, "follow_request_sent": false, "notifications": false, "translator_type": "none", "withheld_in_countries": []}, "geo": null, "coordinates": null, "place": null, "contributors": null, "is_quote_status": false, "retweet_count": 0, "favorite_count": 0, "favorited": false, "retweeted": false, "lang": "en"}