{"created_at": "Thu Jul 16 07:09:30 +0000 2015", "id": 621577378637070336, "id_str": "621577378637070336", "text": "Wow, just reading some of the comments about Caitlyn Jenner at the Espys tonight.  Just shows we have a long way to go. Some nasty stuff.", "truncated": false, "entities": {"hashtags": [], "symbols": [], "user_mentions": [], "urls": []}, "source": "<a href=\"http://twitter.com\" rel=\"nofollow\">Twitter Web Client</a>", "in_reply_to_status_id": null, "in_reply_to_status_id_str": null, "in_reply_to_user_id": null, "in_reply_to_user_id_str": null, "in_reply_to_screen_name": null, "user": {"id": 472215501, "id_str": "472215501", "name": "Karen", "screen_name": "flail01", "location": "Northwest", "description": "#Resistance", "url": null, "entities": {"description": {"urls": []}}, "protected": false, "followers_count": 589, "friends_count": 1292, "listed_count": 17, "created_at": "Mon Jan 23 18:31:04 +0000 2012", "favourites_count": 12707, "utc_offset": null, "time_zone": null, "geo_enabled": true, "verified": false, "statuses_count": 44208, "lang": null, "contributors_enabled": false, "is_translator": false, "is_translation_enabled": false, "profile_background_color": "C0DEED", "profile_background_image_url": "http://abs.twimg.com/images/themes/theme1/bg.png", "profile_background_image_url_https": "https://abs.twimg.com/images/themes/theme1/bg.png", "profile_background_tile": false, "profile_image_url": "http://pbs.twimg.com/profile_images/919116149287030784/ov9eB_0Z_normal.jpg", "profile_image_url_https": "https://pbs.twimg.com/profile_images/919116149287030784/ov9eB_0Z_normal.jpg", "profile_banner_url": "https://pbs.twimg.com/profile_banners/472215501/1490119007", "profile_link_color": "1DA1F2", "profile_sidebar_border_color": "C0DEED", "profile_sidebar_fill_color": "DDEEF6", "profile_text_color": "333333", "profile_use_background_image": true, "has_extended_profile": true, "default_profile": true, "default_profile_image": false, "following": false, "follow_request_sent": false, "notifications": false, "translator_type": "none", "withheld_in_countries": []}, "geo": null, "coordinates": null, "place": {"id": "4723507d8ce23a60", "url": "https://api.twitter.com/1.1/geo/id/4723507d8ce23a60.json", "place_type": "admin", "name": "Idaho", "full_name": "Idaho, USA", "country_code": "US", "country": "United States", "contained_within": [], "bounding_box": {"type": "Polygon", "coordinates": [[[-117.243028, 41.987982], [-111.0434969, 41.987982], [-111.0434969, 49.001121], [-117.243028, 49.001121]]]}, "attributes": {}}, "contributors": null, "is_quote_status": false, "retweet_count": 0, "favorite_count": 1, "favorited": false, "retweeted": false, "lang": "en"}