{"created_at": "Thu Jul 16 02:45:03 +0000 2015", "id": 621510829519695872, "id_str": "621510829519695872", "text": "I couldn't even watch Caitlyn Jenner's speech at the ESPY's. So nasty", "truncated": false, "entities": {"hashtags": [], "symbols": [], "user_mentions": [], "urls": []}, "source": "<a href=\"http://twitter.com/download/iphone\" rel=\"nofollow\">Twitter for iPhone</a>", "in_reply_to_status_id": null, "in_reply_to_status_id_str": null, "in_reply_to_user_id": null, "in_reply_to_user_id_str": null, "in_reply_to_screen_name": null, "user": {"id": 3099841164, "id_str": "3099841164", "name": "Chance Williams", "screen_name": "cdub_6119", "location": "Jonesboro, LA.  ", "description": "LaTech Alumni. Math teacher and football coach.", "url": null, "entities": {"description": {"urls": []}}, "protected": false, "followers_count": 176, "friends_count": 1025, "listed_count": 0, "created_at": "Fri Mar 20 15:53:25 +0000 2015", "favourites_count": 19769, "utc_offset": null, "time_zone": null, "geo_enabled": true, "verified": false, "statuses_count": 4691, "lang": null, "contributors_enabled": false, "is_translator": false, "is_translation_enabled": false, "profile_background_color": "000000", "profile_background_image_url": "http://abs.twimg.com/images/themes/theme1/bg.png", "profile_background_image_url_https": "https://abs.twimg.com/images/themes/theme1/bg.png", "profile_background_tile": false, "profile_image_url": "http://pbs.twimg.com/profile_images/1152341804055969798/BUaDTi4b_normal.jpg", "profile_image_url_https": "https://pbs.twimg.com/profile_images/1152341804055969798/BUaDTi4b_normal.jpg", "profile_banner_url": "https://pbs.twimg.com/profile_banners/3099841164/1553979183", "profile_link_color": "1B95E0", "profile_sidebar_border_color": "000000", "profile_sidebar_fill_color": "000000", "profile_text_color": "000000", "profile_use_background_image": false, "has_extended_profile": true, "default_profile": false, "default_profile_image": false, "following": false, "follow_request_sent": false, "notifications": false, "translator_type": "none", "withheld_in_countries": []}, "geo": null, "coordinates": null, "place": null, "contributors": null, "is_quote_status": false, "retweet_count": 0, "favorite_count": 0, "favorited": false, "retweeted": false, "lang": "en"}