{"created_at": "Thu Jul 16 02:39:13 +0000 2015", "id": 621509361928527872, "id_str": "621509361928527872", "text": "Caitlyn Jenner nasty af \ud83d\ude37", "truncated": false, "entities": {"hashtags": [], "symbols": [], "user_mentions": [], "urls": []}, "source": "<a href=\"http://twitter.com/download/iphone\" rel=\"nofollow\">Twitter for iPhone</a>", "in_reply_to_status_id": null, "in_reply_to_status_id_str": null, "in_reply_to_user_id": null, "in_reply_to_user_id_str": null, "in_reply_to_screen_name": null, "user": {"id": 509029971, "id_str": "509029971", "name": "Justin Develle", "screen_name": "JustinDevelle2", "location": "Flora, MS", "description": "Mississippi State University | Alumni", "url": null, "entities": {"description": {"urls": []}}, "protected": false, "followers_count": 683, "friends_count": 1157, "listed_count": 0, "created_at": "Wed Feb 29 17:02:10 +0000 2012", "favourites_count": 27306, "utc_offset": null, "time_zone": null, "geo_enabled": true, "verified": false, "statuses_count": 5435, "lang": null, "contributors_enabled": false, "is_translator": false, "is_translation_enabled": false, "profile_background_color": "C0DEED", "profile_background_image_url": "http://abs.twimg.com/images/themes/theme1/bg.png", "profile_background_image_url_https": "https://abs.twimg.com/images/themes/theme1/bg.png", "profile_background_tile": false, "profile_image_url": "http://pbs.twimg.com/profile_images/1206470186611683329/qg_B8Ery_normal.jpg", "profile_image_url_https": "https://pbs.twimg.com/profile_images/1206470186611683329/qg_B8Ery_normal.jpg", "profile_banner_url": "https://pbs.twimg.com/profile_banners/509029971/1578702635", "profile_link_color": "1DA1F2", "profile_sidebar_border_color": "C0DEED", "profile_sidebar_fill_color": "DDEEF6", "profile_text_color": "333333", "profile_use_background_image": true, "has_extended_profile": true, "default_profile": true, "default_profile_image": false, "following": false, "follow_request_sent": false, "notifications": false, "translator_type": "none", "withheld_in_countries": []}, "geo": null, "coordinates": null, "place": null, "contributors": null, "is_quote_status": false, "retweet_count": 0, "favorite_count": 0, "favorited": false, "retweeted": false, "lang": "cy"}