{"created_at": "Thu Jul 16 03:03:02 +0000 2015", "id": 621515355962236928, "id_str": "621515355962236928", "text": "You know what really disgusts me? You people being so nasty to someone who can finally be who they are. Go @Caitlyn_Jenner!! #Caitlyn #ESPYS", "truncated": false, "entities": {"hashtags": [{"text": "Caitlyn", "indices": [125, 133]}, {"text": "ESPYS", "indices": [134, 140]}], "symbols": [], "user_mentions": [{"screen_name": "Caitlyn_Jenner", "name": "Caitlyn Jenner", "id": 3303293865, "id_str": "3303293865", "indices": [107, 122]}], "urls": []}, "source": "<a href=\"http://twitter.com/download/iphone\" rel=\"nofollow\">Twitter for iPhone</a>", "in_reply_to_status_id": null, "in_reply_to_status_id_str": null, "in_reply_to_user_id": null, "in_reply_to_user_id_str": null, "in_reply_to_screen_name": null, "user": {"id": 36153577, "id_str": "36153577", "name": "Bubbles", "screen_name": "xxmoon_jellyxx", "location": "dropping bodies...", "description": "Twenty four! Cats are my true love! Rah Mofuckin Rah!", "url": "https://t.co/cxxy8Xd55s", "entities": {"url": {"urls": [{"url": "https://t.co/cxxy8Xd55s", "expanded_url": "https://Instagram.com/xxkristenvonaxx/", "display_url": "Instagram.com/xxkristenvonax\u2026", "indices": [0, 23]}]}, "description": {"urls": []}}, "protected": false, "followers_count": 33, "friends_count": 74, "listed_count": 1, "created_at": "Tue Apr 28 19:18:07 +0000 2009", "favourites_count": 65, "utc_offset": null, "time_zone": null, "geo_enabled": true, "verified": false, "statuses_count": 297, "lang": null, "contributors_enabled": false, "is_translator": false, "is_translation_enabled": false, "profile_background_color": "DB100D", "profile_background_image_url": "http://abs.twimg.com/images/themes/theme1/bg.png", "profile_background_image_url_https": "https://abs.twimg.com/images/themes/theme1/bg.png", "profile_background_tile": true, "profile_image_url": "http://pbs.twimg.com/profile_images/790411114056212480/TKFgXvlB_normal.jpg", "profile_image_url_https": "https://pbs.twimg.com/profile_images/790411114056212480/TKFgXvlB_normal.jpg", "profile_banner_url": "https://pbs.twimg.com/profile_banners/36153577/1435818900", "profile_link_color": "E83F5B", "profile_sidebar_border_color": "F00808", "profile_sidebar_fill_color": "000000", "profile_text_color": "800E0E", "profile_use_background_image": true, "has_extended_profile": true, "default_profile": false, "default_profile_image": false, "following": false, "follow_request_sent": false, "notifications": false, "translator_type": "none", "withheld_in_countries": []}, "geo": null, "coordinates": null, "place": null, "contributors": null, "is_quote_status": false, "retweet_count": 0, "favorite_count": 0, "favorited": false, "retweeted": false, "lang": "en"}