{"created_at": "Thu Jul 16 04:51:22 +0000 2015", "id": 621542618753728512, "id_str": "621542618753728512", "text": "There are a few self proclaimed \"leaders\" of the community saying nasty things about Caitlyn Jenner on fb right now, and that's just shitty.", "truncated": false, "entities": {"hashtags": [], "symbols": [], "user_mentions": [], "urls": []}, "source": "<a href=\"http://twitter.com/download/iphone\" rel=\"nofollow\">Twitter for iPhone</a>", "in_reply_to_status_id": null, "in_reply_to_status_id_str": null, "in_reply_to_user_id": null, "in_reply_to_user_id_str": null, "in_reply_to_screen_name": null, "user": {"id": 87829847, "id_str": "87829847", "name": "\ud83c\udf35", "screen_name": "nerualG", "location": "", "description": "Your job\u2019s a joke. You\u2019re broke. Your love life\u2019s D.O.A.", "url": null, "entities": {"description": {"urls": []}}, "protected": false, "followers_count": 354, "friends_count": 220, "listed_count": 7, "created_at": "Fri Nov 06 00:49:30 +0000 2009", "favourites_count": 6367, "utc_offset": null, "time_zone": null, "geo_enabled": true, "verified": false, "statuses_count": 53879, "lang": null, "contributors_enabled": false, "is_translator": false, "is_translation_enabled": false, "profile_background_color": "EDECE9", "profile_background_image_url": "http://abs.twimg.com/images/themes/theme11/bg.gif", "profile_background_image_url_https": "https://abs.twimg.com/images/themes/theme11/bg.gif", "profile_background_tile": true, "profile_image_url": "http://pbs.twimg.com/profile_images/1332897151400222724/iDRu7sLI_normal.jpg", "profile_image_url_https": "https://pbs.twimg.com/profile_images/1332897151400222724/iDRu7sLI_normal.jpg", "profile_banner_url": "https://pbs.twimg.com/profile_banners/87829847/1600749054", "profile_link_color": "F00C6F", "profile_sidebar_border_color": "FFFFFF", "profile_sidebar_fill_color": "E5507E", "profile_text_color": "362720", "profile_use_background_image": true, "has_extended_profile": true, "default_profile": false, "default_profile_image": false, "following": false, "follow_request_sent": false, "notifications": false, "translator_type": "none", "withheld_in_countries": []}, "geo": null, "coordinates": null, "place": null, "contributors": null, "is_quote_status": false, "retweet_count": 0, "favorite_count": 0, "favorited": false, "retweeted": false, "lang": "en"}