{"created_at": "Thu Jul 16 03:10:50 +0000 2015", "id": 621517316891766784, "id_str": "621517316891766784", "text": "@Cannonballer33 @NBCNews @Caitlyn_Jenner so you can keep those nasty words to yourself bc I don't care ab you're ignorant thoughts. Thanks.", "truncated": false, "entities": {"hashtags": [], "symbols": [], "user_mentions": [{"screen_name": "NBCNews", "name": "NBC News", "id": 14173315, "id_str": "14173315", "indices": [16, 24]}, {"screen_name": "Caitlyn_Jenner", "name": "Caitlyn Jenner", "id": 3303293865, "id_str": "3303293865", "indices": [25, 40]}], "urls": []}, "source": "<a href=\"http://twitter.com/download/iphone\" rel=\"nofollow\">Twitter for iPhone</a>", "in_reply_to_status_id": 621516492954140672, "in_reply_to_status_id_str": "621516492954140672", "in_reply_to_user_id": 349653631, "in_reply_to_user_id_str": "349653631", "in_reply_to_screen_name": "JohnGamecock99", "user": {"id": 546988193, "id_str": "546988193", "name": "Liz Greenway", "screen_name": "Liz_Greenway", "location": "Soda City, SC ", "description": "stay beautiful, y'all", "url": null, "entities": {"description": {"urls": []}}, "protected": false, "followers_count": 112, "friends_count": 213, "listed_count": 1, "created_at": "Fri Apr 06 17:53:31 +0000 2012", "favourites_count": 1075, "utc_offset": null, "time_zone": null, "geo_enabled": true, "verified": false, "statuses_count": 3755, "lang": null, "contributors_enabled": false, "is_translator": false, "is_translation_enabled": false, "profile_background_color": "FCEBB6", "profile_background_image_url": "http://abs.twimg.com/images/themes/theme1/bg.png", "profile_background_image_url_https": "https://abs.twimg.com/images/themes/theme1/bg.png", "profile_background_tile": true, "profile_image_url": "http://pbs.twimg.com/profile_images/455419139344318464/dzZ3SK_L_normal.jpeg", "profile_image_url_https": "https://pbs.twimg.com/profile_images/455419139344318464/dzZ3SK_L_normal.jpeg", "profile_banner_url": "https://pbs.twimg.com/profile_banners/546988193/1412216888", "profile_link_color": "CE7834", "profile_sidebar_border_color": "F0A830", "profile_sidebar_fill_color": "78C0A8", "profile_text_color": "5E412F", "profile_use_background_image": true, "has_extended_profile": false, "default_profile": false, "default_profile_image": false, "following": false, "follow_request_sent": false, "notifications": false, "translator_type": "none", "withheld_in_countries": []}, "geo": null, "coordinates": null, "place": null, "contributors": null, "is_quote_status": false, "retweet_count": 0, "favorite_count": 0, "favorited": false, "retweeted": false, "lang": "en"}