{"created_at": "Thu Jul 16 04:40:46 +0000 2015", "id": 621539951625134083, "id_str": "621539951625134083", "text": "@glamourmag @Caitlyn_Jenner @SophiaChabbott nasty", "truncated": false, "entities": {"hashtags": [], "symbols": [], "user_mentions": [{"screen_name": "glamourmag", "name": "Glamour", "id": 19247844, "id_str": "19247844", "indices": [0, 11]}, {"screen_name": "Caitlyn_Jenner", "name": "Caitlyn Jenner", "id": 3303293865, "id_str": "3303293865", "indices": [12, 27]}, {"screen_name": "SophiaChabbott", "name": "Sophia Chabbott", "id": 38031054, "id_str": "38031054", "indices": [28, 43]}], "urls": []}, "source": "<a href=\"http://twitter.com/download/iphone\" rel=\"nofollow\">Twitter for iPhone</a>", "in_reply_to_status_id": 621526497766064129, "in_reply_to_status_id_str": "621526497766064129", "in_reply_to_user_id": 19247844, "in_reply_to_user_id_str": "19247844", "in_reply_to_screen_name": "glamourmag", "user": {"id": 3299755115, "id_str": "3299755115", "name": "SC", "screen_name": "FFCrock", "location": "", "description": "FF. Sports fan. Seahawks. WWE.", "url": null, "entities": {"description": {"urls": []}}, "protected": false, "followers_count": 6, "friends_count": 30, "listed_count": 0, "created_at": "Tue May 26 21:16:38 +0000 2015", "favourites_count": 185, "utc_offset": null, "time_zone": null, "geo_enabled": false, "verified": false, "statuses_count": 296, "lang": null, "contributors_enabled": false, "is_translator": false, "is_translation_enabled": false, "profile_background_color": "C0DEED", "profile_background_image_url": "http://abs.twimg.com/images/themes/theme1/bg.png", "profile_background_image_url_https": "https://abs.twimg.com/images/themes/theme1/bg.png", "profile_background_tile": false, "profile_image_url": "http://pbs.twimg.com/profile_images/612053275723100160/--O7UkOv_normal.jpg", "profile_image_url_https": "https://pbs.twimg.com/profile_images/612053275723100160/--O7UkOv_normal.jpg", "profile_banner_url": "https://pbs.twimg.com/profile_banners/3299755115/1432914051", "profile_link_color": "1DA1F2", "profile_sidebar_border_color": "C0DEED", "profile_sidebar_fill_color": "DDEEF6", "profile_text_color": "333333", "profile_use_background_image": true, "has_extended_profile": false, "default_profile": true, "default_profile_image": false, "following": false, "follow_request_sent": false, "notifications": false, "translator_type": "none", "withheld_in_countries": []}, "geo": null, "coordinates": null, "place": null, "contributors": null, "is_quote_status": false, "retweet_count": 0, "favorite_count": 0, "favorited": false, "retweeted": false, "lang": "pl"}