{"created_at": "Thu Jul 16 07:01:39 +0000 2015", "id": 621575405384785921, "id_str": "621575405384785921", "text": "Some really nasty comments about Caitlyn Jenner!! You're free to question why she won w/o having to mock her. Effin ignant twats! #ESPYs", "truncated": false, "entities": {"hashtags": [{"text": "ESPYs", "indices": [130, 136]}], "symbols": [], "user_mentions": [], "urls": []}, "source": "<a href=\"https://mobile.twitter.com\" rel=\"nofollow\">Mobile Web (M2)</a>", "in_reply_to_status_id": null, "in_reply_to_status_id_str": null, "in_reply_to_user_id": null, "in_reply_to_user_id_str": null, "in_reply_to_screen_name": null, "user": {"id": 2465254319, "id_str": "2465254319", "name": "jas ***", "screen_name": "gorill_Jas", "location": "Baguio City, Philippines", "description": "Sports(SuperSonics to Oklahoma City Thunder/SMB Beermen/UFC/UP Fighting Maroons), arts, atheism, movies, shows and world affairs. LIVE AND LET LIVE.", "url": null, "entities": {"description": {"urls": []}}, "protected": false, "followers_count": 176, "friends_count": 225, "listed_count": 27, "created_at": "Sun Apr 06 16:44:59 +0000 2014", "favourites_count": 24455, "utc_offset": null, "time_zone": null, "geo_enabled": false, "verified": false, "statuses_count": 27575, "lang": null, "contributors_enabled": false, "is_translator": false, "is_translation_enabled": false, "profile_background_color": "C0DEED", "profile_background_image_url": "http://abs.twimg.com/images/themes/theme1/bg.png", "profile_background_image_url_https": "https://abs.twimg.com/images/themes/theme1/bg.png", "profile_background_tile": false, "profile_image_url": "http://pbs.twimg.com/profile_images/1369845672673910786/_xG-MJ9o_normal.jpg", "profile_image_url_https": "https://pbs.twimg.com/profile_images/1369845672673910786/_xG-MJ9o_normal.jpg", "profile_banner_url": "https://pbs.twimg.com/profile_banners/2465254319/1528866760", "profile_link_color": "1DA1F2", "profile_sidebar_border_color": "C0DEED", "profile_sidebar_fill_color": "DDEEF6", "profile_text_color": "333333", "profile_use_background_image": true, "has_extended_profile": false, "default_profile": true, "default_profile_image": false, "following": false, "follow_request_sent": false, "notifications": false, "translator_type": "none", "withheld_in_countries": []}, "geo": null, "coordinates": null, "place": null, "contributors": null, "is_quote_status": false, "retweet_count": 0, "favorite_count": 3, "favorited": false, "retweeted": false, "lang": "en"}