{"created_at": "Thu Jul 16 03:29:56 +0000 2015", "id": 621522122708488194, "id_str": "621522122708488194", "text": "The Caitlyn Jenner shenanigans has NOTHING to do with sports, plus it's just down right nasty", "truncated": false, "entities": {"hashtags": [], "symbols": [], "user_mentions": [], "urls": []}, "source": "<a href=\"http://twitter.com/download/iphone\" rel=\"nofollow\">Twitter for iPhone</a>", "in_reply_to_status_id": null, "in_reply_to_status_id_str": null, "in_reply_to_user_id": null, "in_reply_to_user_id_str": null, "in_reply_to_screen_name": null, "user": {"id": 394382812, "id_str": "394382812", "name": "Caleb Hutchinson", "screen_name": "Ca13b_H", "location": "", "description": "With God all things are possible | Chasing Lions", "url": null, "entities": {"description": {"urls": []}}, "protected": false, "followers_count": 200, "friends_count": 227, "listed_count": 1, "created_at": "Thu Oct 20 00:16:01 +0000 2011", "favourites_count": 4467, "utc_offset": null, "time_zone": null, "geo_enabled": true, "verified": false, "statuses_count": 5575, "lang": null, "contributors_enabled": false, "is_translator": false, "is_translation_enabled": false, "profile_background_color": "C0DEED", "profile_background_image_url": "http://abs.twimg.com/images/themes/theme1/bg.png", "profile_background_image_url_https": "https://abs.twimg.com/images/themes/theme1/bg.png", "profile_background_tile": false, "profile_image_url": "http://pbs.twimg.com/profile_images/846756362935816192/BPFJTff-_normal.jpg", "profile_image_url_https": "https://pbs.twimg.com/profile_images/846756362935816192/BPFJTff-_normal.jpg", "profile_banner_url": "https://pbs.twimg.com/profile_banners/394382812/1459098182", "profile_link_color": "1DA1F2", "profile_sidebar_border_color": "C0DEED", "profile_sidebar_fill_color": "DDEEF6", "profile_text_color": "333333", "profile_use_background_image": true, "has_extended_profile": true, "default_profile": true, "default_profile_image": false, "following": false, "follow_request_sent": false, "notifications": false, "translator_type": "none", "withheld_in_countries": []}, "geo": null, "coordinates": null, "place": null, "contributors": null, "is_quote_status": false, "retweet_count": 0, "favorite_count": 1, "favorited": false, "retweeted": false, "lang": "en"}