{"created_at": "Thu Jul 16 02:42:58 +0000 2015", "id": 621510304589963268, "id_str": "621510304589963268", "text": "@MaximMag @Caitlyn_Jenner @Oprah #sick #nasty #disturbed #disgusting #wishIwasblind #twisted #wtf #thereIsNoGod #someonepleasekillthatthing", "truncated": false, "entities": {"hashtags": [{"text": "sick", "indices": [33, 38]}, {"text": "nasty", "indices": [39, 45]}, {"text": "disturbed", "indices": [46, 56]}, {"text": "disgusting", "indices": [57, 68]}, {"text": "wishIwasblind", "indices": [69, 83]}, {"text": "twisted", "indices": [84, 92]}, {"text": "wtf", "indices": [93, 97]}, {"text": "thereIsNoGod", "indices": [98, 111]}, {"text": "someonepleasekillthatthing", "indices": [112, 139]}], "symbols": [], "user_mentions": [{"screen_name": "MaximMag", "name": "Maxim", "id": 18201114, "id_str": "18201114", "indices": [0, 9]}, {"screen_name": "Caitlyn_Jenner", "name": "Caitlyn Jenner", "id": 3303293865, "id_str": "3303293865", "indices": [10, 25]}, {"screen_name": "Oprah", "name": "Oprah Winfrey", "id": 19397785, "id_str": "19397785", "indices": [26, 32]}], "urls": []}, "source": "<a href=\"http://twitter.com/download/android\" rel=\"nofollow\">Twitter for Android</a>", "in_reply_to_status_id": 621502462269243392, "in_reply_to_status_id_str": "621502462269243392", "in_reply_to_user_id": 18201114, "in_reply_to_user_id_str": "18201114", "in_reply_to_screen_name": "MaximMag", "user": {"id": 3032139892, "id_str": "3032139892", "name": "i AM stepp", "screen_name": "Deadmans_Hand", "location": "", "description": "", "url": null, "entities": {"description": {"urls": []}}, "protected": false, "followers_count": 19, "friends_count": 50, "listed_count": 2, "created_at": "Thu Feb 12 05:30:00 +0000 2015", "favourites_count": 806, "utc_offset": null, "time_zone": null, "geo_enabled": false, "verified": false, "statuses_count": 707, "lang": null, "contributors_enabled": false, "is_translator": false, "is_translation_enabled": false, "profile_background_color": "C0DEED", "profile_background_image_url": "http://abs.twimg.com/images/themes/theme1/bg.png", "profile_background_image_url_https": "https://abs.twimg.com/images/themes/theme1/bg.png", "profile_background_tile": false, "profile_image_url": "http://pbs.twimg.com/profile_images/1053118014260948992/_eNfuRJ1_normal.jpg", "profile_image_url_https": "https://pbs.twimg.com/profile_images/1053118014260948992/_eNfuRJ1_normal.jpg", "profile_banner_url": "https://pbs.twimg.com/profile_banners/3032139892/1539917875", "profile_link_color": "1DA1F2", "profile_sidebar_border_color": "C0DEED", "profile_sidebar_fill_color": "DDEEF6", "profile_text_color": "333333", "profile_use_background_image": true, "has_extended_profile": false, "default_profile": true, "default_profile_image": false, "following": false, "follow_request_sent": false, "notifications": false, "translator_type": "none", "withheld_in_countries": []}, "geo": null, "coordinates": null, "place": null, "contributors": null, "is_quote_status": false, "retweet_count": 0, "favorite_count": 0, "favorited": false, "retweeted": false, "lang": "und"}