{"created_at": "Thu Jul 16 02:40:25 +0000 2015", "id": 621509663029227520, "id_str": "621509663029227520", "text": "RT @jay2m_ : \"Caitlyn Jenner though \ud83d\ude29\ud83d\ude0d\"\n\nBro. That's nasty.", "truncated": false, "entities": {"hashtags": [], "symbols": [], "user_mentions": [], "urls": []}, "source": "<a href=\"http://twitter.com/download/android\" rel=\"nofollow\">Twitter for Android</a>", "in_reply_to_status_id": 621509195767001088, "in_reply_to_status_id_str": "621509195767001088", "in_reply_to_user_id": 328871603, "in_reply_to_user_id_str": "328871603", "in_reply_to_screen_name": "Sxojuah", "user": {"id": 1051856047, "id_str": "1051856047", "name": "Grant M. Patterson", "screen_name": "TheRealGP_", "location": "Knoxville, TN", "description": "Faith is confidence in what we hope for and assurance about what we do not see - Hebrews 11.1", "url": null, "entities": {"description": {"urls": []}}, "protected": false, "followers_count": 677, "friends_count": 694, "listed_count": 4, "created_at": "Tue Jan 01 04:58:28 +0000 2013", "favourites_count": 18163, "utc_offset": null, "time_zone": null, "geo_enabled": true, "verified": false, "statuses_count": 13670, "lang": null, "contributors_enabled": false, "is_translator": false, "is_translation_enabled": false, "profile_background_color": "9E9E9E", "profile_background_image_url": "http://abs.twimg.com/images/themes/theme1/bg.png", "profile_background_image_url_https": "https://abs.twimg.com/images/themes/theme1/bg.png", "profile_background_tile": true, "profile_image_url": "http://pbs.twimg.com/profile_images/1347151071802744839/JPRwknKk_normal.jpg", "profile_image_url_https": "https://pbs.twimg.com/profile_images/1347151071802744839/JPRwknKk_normal.jpg", "profile_banner_url": "https://pbs.twimg.com/profile_banners/1051856047/1610020820", "profile_link_color": "0505FA", "profile_sidebar_border_color": "000000", "profile_sidebar_fill_color": "DDEEF6", "profile_text_color": "333333", "profile_use_background_image": true, "has_extended_profile": true, "default_profile": false, "default_profile_image": false, "following": false, "follow_request_sent": false, "notifications": false, "translator_type": "none", "withheld_in_countries": []}, "geo": null, "coordinates": null, "place": null, "contributors": null, "is_quote_status": false, "retweet_count": 0, "favorite_count": 0, "favorited": false, "retweeted": false, "lang": "en"}