{"created_at": "Thu Jul 16 02:19:48 +0000 2015", "id": 621504475170127872, "id_str": "621504475170127872", "text": "This Caitlyn jenner stuff Is so nasty and backwards", "truncated": false, "entities": {"hashtags": [], "symbols": [], "user_mentions": [], "urls": []}, "source": "<a href=\"http://twitter.com/download/android\" rel=\"nofollow\">Twitter for Android</a>", "in_reply_to_status_id": null, "in_reply_to_status_id_str": null, "in_reply_to_user_id": null, "in_reply_to_user_id_str": null, "in_reply_to_screen_name": null, "user": {"id": 1602300637, "id_str": "1602300637", "name": "isaiah welch", "screen_name": "isaiahwelch5", "location": "Waukon, IA", "description": "", "url": null, "entities": {"description": {"urls": []}}, "protected": false, "followers_count": 563, "friends_count": 423, "listed_count": 0, "created_at": "Thu Jul 18 01:41:11 +0000 2013", "favourites_count": 15094, "utc_offset": null, "time_zone": null, "geo_enabled": false, "verified": false, "statuses_count": 1129, "lang": null, "contributors_enabled": false, "is_translator": false, "is_translation_enabled": false, "profile_background_color": "131516", "profile_background_image_url": "http://abs.twimg.com/images/themes/theme14/bg.gif", "profile_background_image_url_https": "https://abs.twimg.com/images/themes/theme14/bg.gif", "profile_background_tile": true, "profile_image_url": "http://pbs.twimg.com/profile_images/1310562307488002048/k6gx1J4X_normal.jpg", "profile_image_url_https": "https://pbs.twimg.com/profile_images/1310562307488002048/k6gx1J4X_normal.jpg", "profile_banner_url": "https://pbs.twimg.com/profile_banners/1602300637/1609263804", "profile_link_color": "009999", "profile_sidebar_border_color": "EEEEEE", "profile_sidebar_fill_color": "EFEFEF", "profile_text_color": "333333", "profile_use_background_image": true, "has_extended_profile": true, "default_profile": false, "default_profile_image": false, "following": false, "follow_request_sent": false, "notifications": false, "translator_type": "none", "withheld_in_countries": []}, "geo": null, "coordinates": null, "place": null, "contributors": null, "is_quote_status": false, "retweet_count": 0, "favorite_count": 3, "favorited": false, "retweeted": false, "lang": "en"}