{"created_at": "Thu Jul 16 02:53:21 +0000 2015", "id": 621512919604334594, "id_str": "621512919604334594", "text": "Caitlyn Jenner ruined the ESPYS with all that nasty shit\ud83d\ude37 get off my TV!", "truncated": false, "entities": {"hashtags": [], "symbols": [], "user_mentions": [], "urls": []}, "source": "<a href=\"http://twitter.com/download/iphone\" rel=\"nofollow\">Twitter for iPhone</a>", "in_reply_to_status_id": null, "in_reply_to_status_id_str": null, "in_reply_to_user_id": null, "in_reply_to_user_id_str": null, "in_reply_to_screen_name": null, "user": {"id": 554071187, "id_str": "554071187", "name": "JA", "screen_name": "Aikenn_", "location": "Wilmington, NC", "description": "snapchat: aiken22 IG: aikennn", "url": null, "entities": {"description": {"urls": []}}, "protected": false, "followers_count": 894, "friends_count": 589, "listed_count": 0, "created_at": "Sun Apr 15 04:34:19 +0000 2012", "favourites_count": 17605, "utc_offset": null, "time_zone": null, "geo_enabled": true, "verified": false, "statuses_count": 15945, "lang": null, "contributors_enabled": false, "is_translator": false, "is_translation_enabled": false, "profile_background_color": "C0DEED", "profile_background_image_url": "http://abs.twimg.com/images/themes/theme1/bg.png", "profile_background_image_url_https": "https://abs.twimg.com/images/themes/theme1/bg.png", "profile_background_tile": false, "profile_image_url": "http://pbs.twimg.com/profile_images/837107094465708033/3h4Oui4A_normal.jpg", "profile_image_url_https": "https://pbs.twimg.com/profile_images/837107094465708033/3h4Oui4A_normal.jpg", "profile_banner_url": "https://pbs.twimg.com/profile_banners/554071187/1452283143", "profile_link_color": "1DA1F2", "profile_sidebar_border_color": "C0DEED", "profile_sidebar_fill_color": "DDEEF6", "profile_text_color": "333333", "profile_use_background_image": true, "has_extended_profile": true, "default_profile": true, "default_profile_image": false, "following": false, "follow_request_sent": false, "notifications": false, "translator_type": "none", "withheld_in_countries": []}, "geo": null, "coordinates": null, "place": null, "contributors": null, "is_quote_status": false, "retweet_count": 4, "favorite_count": 5, "favorited": false, "retweeted": false, "lang": "en"}