{"created_at": "Thu Jul 16 02:16:24 +0000 2015", "id": 621503618470907904, "id_str": "621503618470907904", "text": "I'm coming out as a christian, can I get an espy @espn #ESPYS @Caitlyn_Jenner #nasty #gross #pathetic", "truncated": false, "entities": {"hashtags": [{"text": "ESPYS", "indices": [55, 61]}, {"text": "nasty", "indices": [78, 84]}, {"text": "gross", "indices": [85, 91]}, {"text": "pathetic", "indices": [92, 101]}], "symbols": [], "user_mentions": [{"screen_name": "espn", "name": "ESPN", "id": 2557521, "id_str": "2557521", "indices": [49, 54]}, {"screen_name": "Caitlyn_Jenner", "name": "Caitlyn Jenner", "id": 3303293865, "id_str": "3303293865", "indices": [62, 77]}], "urls": []}, "source": "<a href=\"http://twitter.com/download/android\" rel=\"nofollow\">Twitter for Android</a>", "in_reply_to_status_id": null, "in_reply_to_status_id_str": null, "in_reply_to_user_id": null, "in_reply_to_user_id_str": null, "in_reply_to_screen_name": null, "user": {"id": 377819074, "id_str": "377819074", "name": "James", "screen_name": "AgentSemaj", "location": "Chicago, IL", "description": "", "url": null, "entities": {"description": {"urls": []}}, "protected": false, "followers_count": 32, "friends_count": 14, "listed_count": 1, "created_at": "Thu Sep 22 04:52:24 +0000 2011", "favourites_count": 44, "utc_offset": null, "time_zone": null, "geo_enabled": false, "verified": false, "statuses_count": 112, "lang": null, "contributors_enabled": false, "is_translator": false, "is_translation_enabled": false, "profile_background_color": "1A1B1F", "profile_background_image_url": "http://abs.twimg.com/images/themes/theme9/bg.gif", "profile_background_image_url_https": "https://abs.twimg.com/images/themes/theme9/bg.gif", "profile_background_tile": false, "profile_image_url": "http://pbs.twimg.com/profile_images/1273665367064354816/_ZNZoBrs_normal.jpg", "profile_image_url_https": "https://pbs.twimg.com/profile_images/1273665367064354816/_ZNZoBrs_normal.jpg", "profile_banner_url": "https://pbs.twimg.com/profile_banners/377819074/1424489144", "profile_link_color": "2FC2EF", "profile_sidebar_border_color": "181A1E", "profile_sidebar_fill_color": "252429", "profile_text_color": "666666", "profile_use_background_image": true, "has_extended_profile": false, "default_profile": false, "default_profile_image": false, "following": false, "follow_request_sent": false, "notifications": false, "translator_type": "none", "withheld_in_countries": []}, "geo": null, "coordinates": null, "place": null, "contributors": null, "is_quote_status": false, "retweet_count": 1, "favorite_count": 0, "favorited": false, "retweeted": false, "lang": "en"}