{"created_at": "Thu Jul 16 14:10:56 +0000 2015", "id": 621683439209582593, "id_str": "621683439209582593", "text": "Jenn Sterger lofted nasty Twitter jab at Brett Favre over Caitlyn Jenner reaction at #ESPYS:  http://t.co/Rd7QhbZeJp http://t.co/a551qZnP1Q", "truncated": false, "entities": {"hashtags": [{"text": "ESPYS", "indices": [85, 91]}], "symbols": [], "user_mentions": [], "urls": [{"url": "http://t.co/Rd7QhbZeJp", "expanded_url": "http://nextimpulsesports.com/2015/07/16/jenn-sterger-jab-brett-favre-caitlyn-jenner-espys/", "display_url": "nextimpulsesports.com/2015/07/16/jen\u2026", "indices": [94, 116]}], "media": [{"id": 621683377230381056, "id_str": "621683377230381056", "indices": [117, 139], "media_url": "http://pbs.twimg.com/media/CKCpvN6VAAAv_bg.jpg", "media_url_https": "https://pbs.twimg.com/media/CKCpvN6VAAAv_bg.jpg", "url": "http://t.co/a551qZnP1Q", "display_url": "pic.twitter.com/a551qZnP1Q", "expanded_url": "https://twitter.com/NextImpulse/status/621683439209582593/photo/1", "type": "photo", "sizes": {"thumb": {"w": 150, "h": 150, "resize": "crop"}, "large": {"w": 1400, "h": 438, "resize": "fit"}, "medium": {"w": 1200, "h": 375, "resize": "fit"}, "small": {"w": 680, "h": 213, "resize": "fit"}}}]}, "extended_entities": {"media": [{"id": 621683377230381056, "id_str": "621683377230381056", "indices": [117, 139], "media_url": "http://pbs.twimg.com/media/CKCpvN6VAAAv_bg.jpg", "media_url_https": "https://pbs.twimg.com/media/CKCpvN6VAAAv_bg.jpg", "url": "http://t.co/a551qZnP1Q", "display_url": "pic.twitter.com/a551qZnP1Q", "expanded_url": "https://twitter.com/NextImpulse/status/621683439209582593/photo/1", "type": "photo", "sizes": {"thumb": {"w": 150, "h": 150, "resize": "crop"}, "large": {"w": 1400, "h": 438, "resize": "fit"}, "medium": {"w": 1200, "h": 375, "resize": "fit"}, "small": {"w": 680, "h": 213, "resize": "fit"}}}]}, "source": "<a href=\"https://about.twitter.com/products/tweetdeck\" rel=\"nofollow\">TweetDeck</a>", "in_reply_to_status_id": null, "in_reply_to_status_id_str": null, "in_reply_to_user_id": null, "in_reply_to_user_id_str": null, "in_reply_to_screen_name": null, "user": {"id": 189667999, "id_str": "189667999", "name": "Next Impulse Sports", "screen_name": "NextImpulse", "location": "The Magic is in the Details", "description": "The official twitter account of Next Impulse Sports - Time Magazine's 50 Best Websites of 2012. Part of @TheComeback network.", "url": "https://t.co/YgUiO3sCWz", "entities": {"url": {"urls": [{"url": "https://t.co/YgUiO3sCWz", "expanded_url": "http://NextImpulseSports.com", "display_url": "NextImpulseSports.com", "indices": [0, 23]}]}, "description": {"urls": []}}, "protected": false, "followers_count": 4632, "friends_count": 142, "listed_count": 158, "created_at": "Sat Sep 11 22:18:43 +0000 2010", "favourites_count": 920, "utc_offset": null, "time_zone": null, "geo_enabled": false, "verified": false, "statuses_count": 62047, "lang": null, "contributors_enabled": false, "is_translator": false, "is_translation_enabled": false, "profile_background_color": "131516", "profile_background_image_url": "http://abs.twimg.com/images/themes/theme14/bg.gif", "profile_background_image_url_https": "https://abs.twimg.com/images/themes/theme14/bg.gif", "profile_background_tile": true, "profile_image_url": "http://pbs.twimg.com/profile_images/657303382940647424/pxKRwD5a_normal.jpg", "profile_image_url_https": "https://pbs.twimg.com/profile_images/657303382940647424/pxKRwD5a_normal.jpg", "profile_banner_url": "https://pbs.twimg.com/profile_banners/189667999/1445541240", "profile_link_color": "009999", "profile_sidebar_border_color": "EEEEEE", "profile_sidebar_fill_color": "EFEFEF", "profile_text_color": "333333", "profile_use_background_image": true, "has_extended_profile": false, "default_profile": false, "default_profile_image": false, "following": false, "follow_request_sent": false, "notifications": false, "translator_type": "none", "withheld_in_countries": []}, "geo": null, "coordinates": null, "place": null, "contributors": null, "is_quote_status": false, "retweet_count": 0, "favorite_count": 0, "favorited": false, "retweeted": false, "possibly_sensitive": false, "lang": "da"}