{"created_at": "Thu Jul 16 10:42:10 +0000 2015", "id": 621630899709431808, "id_str": "621630899709431808", "text": "Caitlyn Jenner vows to 'reshape the landscape' in ESPYS speech http://t.co/Egd6VPwTBH. Her court case is going to be nasty.", "truncated": false, "entities": {"hashtags": [], "symbols": [], "user_mentions": [], "urls": [{"url": "http://t.co/Egd6VPwTBH", "expanded_url": "http://es.pn/1Mvpwnl", "display_url": "es.pn/1Mvpwnl", "indices": [63, 85]}]}, "source": "<a href=\"http://mobile.twitter.com\" rel=\"nofollow\">Mobile Web</a>", "in_reply_to_status_id": null, "in_reply_to_status_id_str": null, "in_reply_to_user_id": null, "in_reply_to_user_id_str": null, "in_reply_to_screen_name": null, "user": {"id": 50453173, "id_str": "50453173", "name": "richard p. mchugh", "screen_name": "gorevidal", "location": "The Empire State", "description": "Protector of Women and children. Wear the masks.", "url": null, "entities": {"description": {"urls": []}}, "protected": false, "followers_count": 1400, "friends_count": 4988, "listed_count": 93, "created_at": "Wed Jun 24 21:50:55 +0000 2009", "favourites_count": 124704, "utc_offset": null, "time_zone": null, "geo_enabled": true, "verified": false, "statuses_count": 173256, "lang": null, "contributors_enabled": false, "is_translator": false, "is_translation_enabled": false, "profile_background_color": "C0DEED", "profile_background_image_url": "http://abs.twimg.com/images/themes/theme1/bg.png", "profile_background_image_url_https": "https://abs.twimg.com/images/themes/theme1/bg.png", "profile_background_tile": false, "profile_image_url": "http://pbs.twimg.com/profile_images/1275917813954338818/pl8esx_3_normal.jpg", "profile_image_url_https": "https://pbs.twimg.com/profile_images/1275917813954338818/pl8esx_3_normal.jpg", "profile_banner_url": "https://pbs.twimg.com/profile_banners/50453173/1403176841", "profile_link_color": "1DA1F2", "profile_sidebar_border_color": "C0DEED", "profile_sidebar_fill_color": "DDEEF6", "profile_text_color": "333333", "profile_use_background_image": true, "has_extended_profile": false, "default_profile": true, "default_profile_image": false, "following": false, "follow_request_sent": false, "notifications": false, "translator_type": "none", "withheld_in_countries": []}, "geo": null, "coordinates": null, "place": null, "contributors": null, "is_quote_status": false, "retweet_count": 0, "favorite_count": 0, "favorited": false, "retweeted": false, "possibly_sensitive": false, "lang": "en"}