{"created_at": "Thu Jul 16 14:00:50 +0000 2015", "id": 621680894454169600, "id_str": "621680894454169600", "text": "@accesshollywood have you guy read the nasty disgusting comments left on @Caitlyn_Jenner on Facebook? I can't stand it! Remove it", "truncated": false, "entities": {"hashtags": [], "symbols": [], "user_mentions": [{"screen_name": "accesshollywood", "name": "Access", "id": 931289647661092865, "id_str": "931289647661092865", "indices": [0, 16]}, {"screen_name": "Caitlyn_Jenner", "name": "Caitlyn Jenner", "id": 3303293865, "id_str": "3303293865", "indices": [73, 88]}], "urls": []}, "source": "<a href=\"http://twitter.com/download/iphone\" rel=\"nofollow\">Twitter for iPhone</a>", "in_reply_to_status_id": null, "in_reply_to_status_id_str": null, "in_reply_to_user_id": 21217034, "in_reply_to_user_id_str": "21217034", "in_reply_to_screen_name": "accessonline", "user": {"id": 1455862170, "id_str": "1455862170", "name": "Keemie Von Doren", "screen_name": "KeemieVon", "location": "Long Island City, Queens", "description": "", "url": null, "entities": {"description": {"urls": []}}, "protected": false, "followers_count": 127, "friends_count": 506, "listed_count": 0, "created_at": "Sat May 25 03:19:19 +0000 2013", "favourites_count": 4496, "utc_offset": null, "time_zone": null, "geo_enabled": true, "verified": false, "statuses_count": 1956, "lang": null, "contributors_enabled": false, "is_translator": false, "is_translation_enabled": false, "profile_background_color": "C0DEED", "profile_background_image_url": "http://abs.twimg.com/images/themes/theme1/bg.png", "profile_background_image_url_https": "https://abs.twimg.com/images/themes/theme1/bg.png", "profile_background_tile": false, "profile_image_url": "http://pbs.twimg.com/profile_images/1214396772312899584/alfiEbtc_normal.jpg", "profile_image_url_https": "https://pbs.twimg.com/profile_images/1214396772312899584/alfiEbtc_normal.jpg", "profile_banner_url": "https://pbs.twimg.com/profile_banners/1455862170/1433450383", "profile_link_color": "1DA1F2", "profile_sidebar_border_color": "C0DEED", "profile_sidebar_fill_color": "DDEEF6", "profile_text_color": "333333", "profile_use_background_image": true, "has_extended_profile": true, "default_profile": true, "default_profile_image": false, "following": false, "follow_request_sent": false, "notifications": false, "translator_type": "none", "withheld_in_countries": []}, "geo": null, "coordinates": null, "place": null, "contributors": null, "is_quote_status": false, "retweet_count": 0, "favorite_count": 0, "favorited": false, "retweeted": false, "lang": "en"}