{"created_at": "Thu Jul 16 14:34:26 +0000 2015", "id": 621689351555018752, "id_str": "621689351555018752", "text": "There are too many idiots on my timeline making nasty comments about Caitlyn Jenner.", "truncated": false, "entities": {"hashtags": [], "symbols": [], "user_mentions": [], "urls": []}, "source": "<a href=\"http://twitter.com/download/iphone\" rel=\"nofollow\">Twitter for iPhone</a>", "in_reply_to_status_id": null, "in_reply_to_status_id_str": null, "in_reply_to_user_id": null, "in_reply_to_user_id_str": null, "in_reply_to_screen_name": null, "user": {"id": 177427075, "id_str": "177427075", "name": "Megan Antonovich", "screen_name": "MegnAntonovich", "location": "STL | \ud83d\udc8dIII.XXX.MMXIII ", "description": "born in a hurry. always late. haven\u2019t been early since 88. \ud83e\udd0d", "url": null, "entities": {"description": {"urls": []}}, "protected": false, "followers_count": 231, "friends_count": 106, "listed_count": 10, "created_at": "Thu Aug 12 03:03:10 +0000 2010", "favourites_count": 5986, "utc_offset": null, "time_zone": null, "geo_enabled": false, "verified": false, "statuses_count": 15105, "lang": null, "contributors_enabled": false, "is_translator": false, "is_translation_enabled": false, "profile_background_color": "1A1B1F", "profile_background_image_url": "http://abs.twimg.com/images/themes/theme9/bg.gif", "profile_background_image_url_https": "https://abs.twimg.com/images/themes/theme9/bg.gif", "profile_background_tile": true, "profile_image_url": "http://pbs.twimg.com/profile_images/1346674118918340609/ug4_gUHx_normal.jpg", "profile_image_url_https": "https://pbs.twimg.com/profile_images/1346674118918340609/ug4_gUHx_normal.jpg", "profile_banner_url": "https://pbs.twimg.com/profile_banners/177427075/1596047572", "profile_link_color": "ED2FED", "profile_sidebar_border_color": "FFFFFF", "profile_sidebar_fill_color": "252429", "profile_text_color": "666666", "profile_use_background_image": true, "has_extended_profile": true, "default_profile": false, "default_profile_image": false, "following": false, "follow_request_sent": false, "notifications": false, "translator_type": "none", "withheld_in_countries": []}, "geo": null, "coordinates": null, "place": null, "contributors": null, "is_quote_status": false, "retweet_count": 0, "favorite_count": 0, "favorited": false, "retweeted": false, "lang": "en"}