{"created_at": "Thu Jul 16 10:30:35 +0000 2015", "id": 621627985544773632, "id_str": "621627985544773632", "text": "The people saying nasty things about Caitlyn Jenner &amp; those insisting on calling her Bruce are the reason she deserves the courage award.", "truncated": false, "entities": {"hashtags": [], "symbols": [], "user_mentions": [], "urls": []}, "source": "<a href=\"http://twitter.com\" rel=\"nofollow\">Twitter Web Client</a>", "in_reply_to_status_id": null, "in_reply_to_status_id_str": null, "in_reply_to_user_id": null, "in_reply_to_user_id_str": null, "in_reply_to_screen_name": null, "user": {"id": 18395721, "id_str": "18395721", "name": "Dani Caps Fan", "screen_name": "VeggieTart", "location": "Washington, DC", "description": "Grumpy vegan menopausal woman and sometimes foul-mouthed hockey fan.  Let's go Caps!\n\nI'm also firmly pro-Oxford comma. \n\n(she/her)", "url": null, "entities": {"description": {"urls": []}}, "protected": false, "followers_count": 945, "friends_count": 435, "listed_count": 18, "created_at": "Fri Dec 26 21:30:20 +0000 2008", "favourites_count": 164582, "utc_offset": null, "time_zone": null, "geo_enabled": true, "verified": false, "statuses_count": 31451, "lang": null, "contributors_enabled": false, "is_translator": false, "is_translation_enabled": false, "profile_background_color": "EBEBEB", "profile_background_image_url": "http://abs.twimg.com/images/themes/theme7/bg.gif", "profile_background_image_url_https": "https://abs.twimg.com/images/themes/theme7/bg.gif", "profile_background_tile": false, "profile_image_url": "http://pbs.twimg.com/profile_images/1392464377530421250/enycP656_normal.jpg", "profile_image_url_https": "https://pbs.twimg.com/profile_images/1392464377530421250/enycP656_normal.jpg", "profile_banner_url": "https://pbs.twimg.com/profile_banners/18395721/1597197182", "profile_link_color": "990000", "profile_sidebar_border_color": "DFDFDF", "profile_sidebar_fill_color": "F3F3F3", "profile_text_color": "333333", "profile_use_background_image": true, "has_extended_profile": true, "default_profile": false, "default_profile_image": false, "following": false, "follow_request_sent": false, "notifications": false, "translator_type": "none", "withheld_in_countries": []}, "geo": null, "coordinates": null, "place": null, "contributors": null, "is_quote_status": false, "retweet_count": 0, "favorite_count": 0, "favorited": false, "retweeted": false, "lang": "en"}