{"created_at": "Thu Jul 16 12:51:44 +0000 2015", "id": 621663507029852161, "id_str": "621663507029852161", "text": "@bodmand1 He referred to Caitlyn Jenner as Bruce, called her a \"freak,\" other immature and nasty things.", "truncated": false, "entities": {"hashtags": [], "symbols": [], "user_mentions": [{"screen_name": "bodmand1", "name": "Jason Bodman", "id": 274777964, "id_str": "274777964", "indices": [0, 9]}], "urls": []}, "source": "<a href=\"http://twitter.com\" rel=\"nofollow\">Twitter Web Client</a>", "in_reply_to_status_id": 621639598234578945, "in_reply_to_status_id_str": "621639598234578945", "in_reply_to_user_id": 274777964, "in_reply_to_user_id_str": "274777964", "in_reply_to_screen_name": "bodmand1", "user": {"id": 119624145, "id_str": "119624145", "name": "Josh Verlin", "screen_name": "jmverlin", "location": "Philadelphia, PA", "description": "Owner/editor, @hooplove215, covering Philly HS + college hoops. @NewhouseSU student (MS '22). Watching too much TV with @auroraverlin. He/him. All Tweets mine.", "url": "https://t.co/9MImDcbpEL", "entities": {"url": {"urls": [{"url": "https://t.co/9MImDcbpEL", "expanded_url": "http://www.cityofbasketballlove.com", "display_url": "cityofbasketballlove.com", "indices": [0, 23]}]}, "description": {"urls": []}}, "protected": false, "followers_count": 11143, "friends_count": 1642, "listed_count": 181, "created_at": "Thu Mar 04 05:01:28 +0000 2010", "favourites_count": 14438, "utc_offset": null, "time_zone": null, "geo_enabled": true, "verified": true, "statuses_count": 125097, "lang": null, "contributors_enabled": false, "is_translator": false, "is_translation_enabled": false, "profile_background_color": "352726", "profile_background_image_url": "http://abs.twimg.com/images/themes/theme5/bg.gif", "profile_background_image_url_https": "https://abs.twimg.com/images/themes/theme5/bg.gif", "profile_background_tile": true, "profile_image_url": "http://pbs.twimg.com/profile_images/1140257471187099649/wqJaWMjR_normal.png", "profile_image_url_https": "https://pbs.twimg.com/profile_images/1140257471187099649/wqJaWMjR_normal.png", "profile_banner_url": "https://pbs.twimg.com/profile_banners/119624145/1559501539", "profile_link_color": "981CEB", "profile_sidebar_border_color": "FFFFFF", "profile_sidebar_fill_color": "99CC33", "profile_text_color": "3E4415", "profile_use_background_image": true, "has_extended_profile": true, "default_profile": false, "default_profile_image": false, "following": false, "follow_request_sent": false, "notifications": false, "translator_type": "none", "withheld_in_countries": []}, "geo": null, "coordinates": null, "place": null, "contributors": null, "is_quote_status": false, "retweet_count": 0, "favorite_count": 0, "favorited": false, "retweeted": false, "lang": "en"}