{"created_at": "Thu Jul 16 17:10:19 +0000 2015", "id": 621728580037296128, "id_str": "621728580037296128", "text": "Caitlyn Jenner: Top Hollywood producer slams star with nasty meme: Peter Berg, who's the producer behind the F... http://t.co/46tFVsW458", "truncated": false, "entities": {"hashtags": [], "symbols": [], "user_mentions": [], "urls": [{"url": "http://t.co/46tFVsW458", "expanded_url": "http://bit.ly/1HRHZqa", "display_url": "bit.ly/1HRHZqa", "indices": [114, 136]}]}, "source": "<a href=\"http://twitterfeed.com\" rel=\"nofollow\">twitterfeed</a>", "in_reply_to_status_id": null, "in_reply_to_status_id_str": null, "in_reply_to_user_id": null, "in_reply_to_user_id_str": null, "in_reply_to_screen_name": null, "user": {"id": 3029949939, "id_str": "3029949939", "name": "NOSA EGWAKHIDE", "screen_name": "mohammedaisha71", "location": "ABUJA", "description": "", "url": null, "entities": {"description": {"urls": []}}, "protected": false, "followers_count": 1754, "friends_count": 1556, "listed_count": 34, "created_at": "Wed Feb 11 10:08:59 +0000 2015", "favourites_count": 0, "utc_offset": null, "time_zone": null, "geo_enabled": false, "verified": false, "statuses_count": 107011, "lang": null, "contributors_enabled": false, "is_translator": false, "is_translation_enabled": false, "profile_background_color": "C0DEED", "profile_background_image_url": "http://abs.twimg.com/images/themes/theme1/bg.png", "profile_background_image_url_https": "https://abs.twimg.com/images/themes/theme1/bg.png", "profile_background_tile": false, "profile_image_url": "http://pbs.twimg.com/profile_images/580694296719835136/0DNcrk5j_normal.jpg", "profile_image_url_https": "https://pbs.twimg.com/profile_images/580694296719835136/0DNcrk5j_normal.jpg", "profile_banner_url": "https://pbs.twimg.com/profile_banners/3029949939/1427282703", "profile_link_color": "1DA1F2", "profile_sidebar_border_color": "C0DEED", "profile_sidebar_fill_color": "DDEEF6", "profile_text_color": "333333", "profile_use_background_image": true, "has_extended_profile": false, "default_profile": true, "default_profile_image": false, "following": false, "follow_request_sent": false, "notifications": false, "translator_type": "none", "withheld_in_countries": []}, "geo": null, "coordinates": null, "place": null, "contributors": null, "is_quote_status": false, "retweet_count": 0, "favorite_count": 0, "favorited": false, "retweeted": false, "possibly_sensitive": false, "lang": "en"}