{"created_at": "Thu Jul 16 17:09:50 +0000 2015", "id": 621728458180132865, "id_str": "621728458180132865", "text": "#pulse_ng Caitlyn Jenner: Top Hollywood producer slams star with nasty meme http://t.co/mmzAjAkBV5", "truncated": false, "entities": {"hashtags": [{"text": "pulse_ng", "indices": [0, 9]}], "symbols": [], "user_mentions": [], "urls": [{"url": "http://t.co/mmzAjAkBV5", "expanded_url": "http://bit.ly/1HRHY5E", "display_url": "bit.ly/1HRHY5E", "indices": [76, 98]}]}, "source": "<a href=\"http://twitterfeed.com\" rel=\"nofollow\">twitterfeed</a>", "in_reply_to_status_id": null, "in_reply_to_status_id_str": null, "in_reply_to_user_id": null, "in_reply_to_user_id_str": null, "in_reply_to_screen_name": null, "user": {"id": 1719558422, "id_str": "1719558422", "name": "The Serendipity", "screen_name": "Yourwavygod", "location": "Lagos, Nigeria", "description": "Creatively Building an Empire \u2014 Creative Director @vintage9ja", "url": null, "entities": {"description": {"urls": []}}, "protected": false, "followers_count": 20794, "friends_count": 13449, "listed_count": 66, "created_at": "Sun Sep 01 16:32:03 +0000 2013", "favourites_count": 3038, "utc_offset": null, "time_zone": null, "geo_enabled": true, "verified": false, "statuses_count": 375893, "lang": null, "contributors_enabled": false, "is_translator": false, "is_translation_enabled": false, "profile_background_color": "000000", "profile_background_image_url": "http://abs.twimg.com/images/themes/theme14/bg.gif", "profile_background_image_url_https": "https://abs.twimg.com/images/themes/theme14/bg.gif", "profile_background_tile": false, "profile_image_url": "http://pbs.twimg.com/profile_images/1371157965659574276/AYBjVx8Q_normal.jpg", "profile_image_url_https": "https://pbs.twimg.com/profile_images/1371157965659574276/AYBjVx8Q_normal.jpg", "profile_banner_url": "https://pbs.twimg.com/profile_banners/1719558422/1603437476", "profile_link_color": "000000", "profile_sidebar_border_color": "000000", "profile_sidebar_fill_color": "000000", "profile_text_color": "000000", "profile_use_background_image": false, "has_extended_profile": false, "default_profile": false, "default_profile_image": false, "following": false, "follow_request_sent": false, "notifications": false, "translator_type": "none", "withheld_in_countries": []}, "geo": null, "coordinates": null, "place": null, "contributors": null, "is_quote_status": false, "retweet_count": 0, "favorite_count": 0, "favorited": false, "retweeted": false, "possibly_sensitive": false, "lang": "en"}