{"created_at": "Thu Jul 16 17:10:10 +0000 2015", "id": 621728544058535936, "id_str": "621728544058535936", "text": "RT Caitlyn Jenner: Top Hollywood producer slams star with nasty meme: Peter Berg, who's the produc... http://t.co/QVTilm8Ben #Follow #Me", "truncated": false, "entities": {"hashtags": [{"text": "Follow", "indices": [125, 132]}, {"text": "Me", "indices": [133, 136]}], "symbols": [], "user_mentions": [], "urls": [{"url": "http://t.co/QVTilm8Ben", "expanded_url": "http://bit.ly/1HRHZqa", "display_url": "bit.ly/1HRHZqa", "indices": [102, 124]}]}, "source": "<a href=\"http://twitterfeed.com\" rel=\"nofollow\">twitterfeed</a>", "in_reply_to_status_id": null, "in_reply_to_status_id_str": null, "in_reply_to_user_id": null, "in_reply_to_user_id_str": null, "in_reply_to_screen_name": null, "user": {"id": 409634884, "id_str": "409634884", "name": "Abed", "screen_name": "Kvng_Abednego", "location": "Lagos, Nigeria", "description": "\u2022Proudly\ud83c\uddf3\ud83c\uddec \u2022Not your Random Guy \u2022Tech Guy \u2022Aspiring Techpreneur\n\nSocial Media Manager @TheSpeakpreneur", "url": "https://t.co/06Rb5F7fHY", "entities": {"url": {"urls": [{"url": "https://t.co/06Rb5F7fHY", "expanded_url": "http://www.github.com/abedzy", "display_url": "github.com/abedzy", "indices": [0, 23]}]}, "description": {"urls": []}}, "protected": false, "followers_count": 4069, "friends_count": 4445, "listed_count": 38, "created_at": "Fri Nov 11 01:01:45 +0000 2011", "favourites_count": 1583, "utc_offset": null, "time_zone": null, "geo_enabled": true, "verified": false, "statuses_count": 148126, "lang": null, "contributors_enabled": false, "is_translator": false, "is_translation_enabled": false, "profile_background_color": "000000", "profile_background_image_url": "http://abs.twimg.com/images/themes/theme14/bg.gif", "profile_background_image_url_https": "https://abs.twimg.com/images/themes/theme14/bg.gif", "profile_background_tile": false, "profile_image_url": "http://pbs.twimg.com/profile_images/1378664618504159233/gp7I19NZ_normal.jpg", "profile_image_url_https": "https://pbs.twimg.com/profile_images/1378664618504159233/gp7I19NZ_normal.jpg", "profile_banner_url": "https://pbs.twimg.com/profile_banners/409634884/1563444045", "profile_link_color": "E81C4F", "profile_sidebar_border_color": "000000", "profile_sidebar_fill_color": "000000", "profile_text_color": "000000", "profile_use_background_image": false, "has_extended_profile": true, "default_profile": false, "default_profile_image": false, "following": false, "follow_request_sent": false, "notifications": false, "translator_type": "none", "withheld_in_countries": []}, "geo": null, "coordinates": null, "place": null, "contributors": null, "is_quote_status": false, "retweet_count": 0, "favorite_count": 0, "favorited": false, "retweeted": false, "possibly_sensitive": false, "lang": "en"}