{"created_at": "Thu Jul 16 17:42:13 +0000 2015", "id": 621736610221027328, "id_str": "621736610221027328", "text": "Caitlyn Jenner: Top Hollywood producer slams star with nasty meme: Peter Berg, who's the producer behind the F... http://t.co/YcOlOhyK5f", "truncated": false, "entities": {"hashtags": [], "symbols": [], "user_mentions": [], "urls": [{"url": "http://t.co/YcOlOhyK5f", "expanded_url": "http://bit.ly/1HRHZqa", "display_url": "bit.ly/1HRHZqa", "indices": [114, 136]}]}, "source": "<a href=\"http://twitterfeed.com\" rel=\"nofollow\">twitterfeed</a>", "in_reply_to_status_id": null, "in_reply_to_status_id_str": null, "in_reply_to_user_id": null, "in_reply_to_user_id_str": null, "in_reply_to_screen_name": null, "user": {"id": 258122983, "id_str": "258122983", "name": "DJ SPICEY", "screen_name": "iamdjspicey", "location": "", "description": "aka #SpiceOfThaParty ...\nPresident \ud83e\udd81 OHk Entertainment", "url": "https://t.co/ZPYNWAPuyk", "entities": {"url": {"urls": [{"url": "https://t.co/ZPYNWAPuyk", "expanded_url": "https://djspicey.fanlink.to/messiFtLAX", "display_url": "djspicey.fanlink.to/messiFtLAX", "indices": [0, 23]}]}, "description": {"urls": []}}, "protected": false, "followers_count": 6142, "friends_count": 1670, "listed_count": 31, "created_at": "Sun Feb 27 01:02:33 +0000 2011", "favourites_count": 1517, "utc_offset": null, "time_zone": null, "geo_enabled": true, "verified": false, "statuses_count": 103528, "lang": null, "contributors_enabled": false, "is_translator": false, "is_translation_enabled": false, "profile_background_color": "C0DEED", "profile_background_image_url": "http://abs.twimg.com/images/themes/theme1/bg.png", "profile_background_image_url_https": "https://abs.twimg.com/images/themes/theme1/bg.png", "profile_background_tile": false, "profile_image_url": "http://pbs.twimg.com/profile_images/1001381547273015296/S1nGLQSM_normal.jpg", "profile_image_url_https": "https://pbs.twimg.com/profile_images/1001381547273015296/S1nGLQSM_normal.jpg", "profile_banner_url": "https://pbs.twimg.com/profile_banners/258122983/1593103041", "profile_link_color": "94D487", "profile_sidebar_border_color": "000000", "profile_sidebar_fill_color": "000000", "profile_text_color": "000000", "profile_use_background_image": true, "has_extended_profile": true, "default_profile": false, "default_profile_image": false, "following": false, "follow_request_sent": false, "notifications": false, "translator_type": "none", "withheld_in_countries": []}, "geo": null, "coordinates": null, "place": null, "contributors": null, "is_quote_status": false, "retweet_count": 0, "favorite_count": 0, "favorited": false, "retweeted": false, "possibly_sensitive": false, "lang": "en"}