{"created_at": "Thu Jul 16 15:20:11 +0000 2015", "id": 621700866928676864, "id_str": "621700866928676864", "text": "@VanityFair @Caitlyn_Jenner nasty", "truncated": false, "entities": {"hashtags": [], "symbols": [], "user_mentions": [{"screen_name": "VanityFair", "name": "VANITY FAIR", "id": 15279429, "id_str": "15279429", "indices": [0, 11]}, {"screen_name": "Caitlyn_Jenner", "name": "Caitlyn Jenner", "id": 3303293865, "id_str": "3303293865", "indices": [12, 27]}], "urls": []}, "source": "<a href=\"http://twitter.com/download/android\" rel=\"nofollow\">Twitter for Android</a>", "in_reply_to_status_id": 621656145497837568, "in_reply_to_status_id_str": "621656145497837568", "in_reply_to_user_id": 15279429, "in_reply_to_user_id_str": "15279429", "in_reply_to_screen_name": "VanityFair", "user": {"id": 510426990, "id_str": "510426990", "name": "willie", "screen_name": "goldaad", "location": "Walled Lake Michigan", "description": "Small Business Managenemnt", "url": null, "entities": {"description": {"urls": []}}, "protected": false, "followers_count": 13, "friends_count": 84, "listed_count": 2, "created_at": "Thu Mar 01 15:46:43 +0000 2012", "favourites_count": 38, "utc_offset": null, "time_zone": null, "geo_enabled": true, "verified": false, "statuses_count": 5276, "lang": null, "contributors_enabled": false, "is_translator": false, "is_translation_enabled": false, "profile_background_color": "C0DEED", "profile_background_image_url": "http://abs.twimg.com/images/themes/theme1/bg.png", "profile_background_image_url_https": "https://abs.twimg.com/images/themes/theme1/bg.png", "profile_background_tile": false, "profile_image_url": "http://abs.twimg.com/sticky/default_profile_images/default_profile_normal.png", "profile_image_url_https": "https://abs.twimg.com/sticky/default_profile_images/default_profile_normal.png", "profile_link_color": "1DA1F2", "profile_sidebar_border_color": "C0DEED", "profile_sidebar_fill_color": "DDEEF6", "profile_text_color": "333333", "profile_use_background_image": true, "has_extended_profile": true, "default_profile": true, "default_profile_image": true, "following": false, "follow_request_sent": false, "notifications": false, "translator_type": "none", "withheld_in_countries": []}, "geo": null, "coordinates": null, "place": null, "contributors": null, "is_quote_status": false, "retweet_count": 0, "favorite_count": 0, "favorited": false, "retweeted": false, "lang": "pl"}