{"created_at": "Thu Jul 16 18:20:22 +0000 2015", "id": 621746208944574464, "id_str": "621746208944574464", "text": "Pulse - Caitlyn Jenner: Top Hollywood producer slams star with nasty meme http://t.co/XCicoH0OUG", "truncated": false, "entities": {"hashtags": [], "symbols": [], "user_mentions": [], "urls": [{"url": "http://t.co/XCicoH0OUG", "expanded_url": "http://chatter.ng/?l=3a096", "display_url": "chatter.ng/?l=3a096", "indices": [74, 96]}]}, "source": "<a href=\"http://www.chatter.ng\" rel=\"nofollow\">ChatterNg</a>", "in_reply_to_status_id": null, "in_reply_to_status_id_str": null, "in_reply_to_user_id": null, "in_reply_to_user_id_str": null, "in_reply_to_screen_name": null, "user": {"id": 2810074439, "id_str": "2810074439", "name": "Karsa Olong", "screen_name": "chatter_ng", "location": "Nigeria", "description": "The best Nigerian news app, comes with a flip... er twist. Get it now. It's free at https://t.co/pyFPsVNL71", "url": "https://t.co/HrcEhr2FlT", "entities": {"url": {"urls": [{"url": "https://t.co/HrcEhr2FlT", "expanded_url": "http://www.chatter.ng/", "display_url": "chatter.ng", "indices": [0, 23]}]}, "description": {"urls": [{"url": "https://t.co/pyFPsVNL71", "expanded_url": "http://chatter.ng/getapp.php", "display_url": "chatter.ng/getapp.php", "indices": [84, 107]}]}}, "protected": false, "followers_count": 611, "friends_count": 67, "listed_count": 165, "created_at": "Mon Oct 06 11:36:54 +0000 2014", "favourites_count": 48, "utc_offset": null, "time_zone": null, "geo_enabled": true, "verified": false, "statuses_count": 827536, "lang": null, "contributors_enabled": false, "is_translator": false, "is_translation_enabled": true, "profile_background_color": "C0DEED", "profile_background_image_url": "http://abs.twimg.com/images/themes/theme1/bg.png", "profile_background_image_url_https": "https://abs.twimg.com/images/themes/theme1/bg.png", "profile_background_tile": false, "profile_image_url": "http://pbs.twimg.com/profile_images/1005905412535840768/mvpkiCk0_normal.jpg", "profile_image_url_https": "https://pbs.twimg.com/profile_images/1005905412535840768/mvpkiCk0_normal.jpg", "profile_link_color": "1DA1F2", "profile_sidebar_border_color": "C0DEED", "profile_sidebar_fill_color": "DDEEF6", "profile_text_color": "333333", "profile_use_background_image": true, "has_extended_profile": false, "default_profile": true, "default_profile_image": false, "following": false, "follow_request_sent": false, "notifications": false, "translator_type": "none", "withheld_in_countries": []}, "geo": {"type": "Point", "coordinates": [4.828516, 7.003183]}, "coordinates": {"type": "Point", "coordinates": [7.003183, 4.828516]}, "place": {"id": "0008cb6457ff0b55", "url": "https://api.twitter.com/1.1/geo/id/0008cb6457ff0b55.json", "place_type": "city", "name": "Port Harcourt", "full_name": "Port Harcourt, Nigeria", "country_code": "NG", "country": "Nigeria", "contained_within": [], "bounding_box": {"type": "Polygon", "coordinates": [[[6.9380658, 4.7337699], [7.1244854, 4.7337699], [7.1244854, 4.9154902], [6.9380658, 4.9154902]]]}, "attributes": {}}, "contributors": null, "is_quote_status": false, "retweet_count": 0, "favorite_count": 0, "favorited": false, "retweeted": false, "possibly_sensitive": false, "lang": "en"}