{"created_at": "Thu Jul 16 17:10:20 +0000 2015", "id": 621728585426927616, "id_str": "621728585426927616", "text": "Caitlyn Jenner: Top Hollywood producer slams star with nasty meme: Peter Berg, who's the producer behind the F... http://t.co/oMGr4ymqYv", "truncated": false, "entities": {"hashtags": [], "symbols": [], "user_mentions": [], "urls": [{"url": "http://t.co/oMGr4ymqYv", "expanded_url": "http://bit.ly/1HRHZqa", "display_url": "bit.ly/1HRHZqa", "indices": [114, 136]}]}, "source": "<a href=\"http://twitterfeed.com\" rel=\"nofollow\">twitterfeed</a>", "in_reply_to_status_id": null, "in_reply_to_status_id_str": null, "in_reply_to_user_id": null, "in_reply_to_user_id_str": null, "in_reply_to_screen_name": null, "user": {"id": 3063879005, "id_str": "3063879005", "name": "Joy Jacobs", "screen_name": "pjoy90", "location": "abuja", "description": "", "url": null, "entities": {"description": {"urls": []}}, "protected": false, "followers_count": 499, "friends_count": 414, "listed_count": 50, "created_at": "Thu Feb 26 11:50:59 +0000 2015", "favourites_count": 55, "utc_offset": null, "time_zone": null, "geo_enabled": true, "verified": false, "statuses_count": 155259, "lang": null, "contributors_enabled": false, "is_translator": false, "is_translation_enabled": false, "profile_background_color": "C0DEED", "profile_background_image_url": "http://abs.twimg.com/images/themes/theme1/bg.png", "profile_background_image_url_https": "https://abs.twimg.com/images/themes/theme1/bg.png", "profile_background_tile": false, "profile_image_url": "http://pbs.twimg.com/profile_images/948184372267683840/uR_htTa7_normal.jpg", "profile_image_url_https": "https://pbs.twimg.com/profile_images/948184372267683840/uR_htTa7_normal.jpg", "profile_banner_url": "https://pbs.twimg.com/profile_banners/3063879005/1514899709", "profile_link_color": "1DA1F2", "profile_sidebar_border_color": "C0DEED", "profile_sidebar_fill_color": "DDEEF6", "profile_text_color": "333333", "profile_use_background_image": true, "has_extended_profile": false, "default_profile": true, "default_profile_image": false, "following": false, "follow_request_sent": false, "notifications": false, "translator_type": "none", "withheld_in_countries": []}, "geo": null, "coordinates": null, "place": null, "contributors": null, "is_quote_status": false, "retweet_count": 0, "favorite_count": 0, "favorited": false, "retweeted": false, "possibly_sensitive": false, "lang": "en"}