{"created_at": "Thu Jul 16 18:28:26 +0000 2015", "id": 621748240023711744, "id_str": "621748240023711744", "text": "Nasty to supportive: Strong opinions about Caitlyn Jenner\u2019s ESPY\u00a0award http://t.co/3X8DbjcAvq http://t.co/HOedvg6yJo", "truncated": false, "entities": {"hashtags": [], "symbols": [], "user_mentions": [], "urls": [{"url": "http://t.co/3X8DbjcAvq", "expanded_url": "http://www.myorange.co/nasty-to-supportive-strong-opinions-about-caitlyn-jenners-espy-award/", "display_url": "myorange.co/nasty-to-suppo\u2026", "indices": [71, 93]}], "media": [{"id": 621748238656360448, "id_str": "621748238656360448", "indices": [94, 116], "media_url": "http://pbs.twimg.com/media/CKDkupjWUAAsTNe.png", "media_url_https": "https://pbs.twimg.com/media/CKDkupjWUAAsTNe.png", "url": "http://t.co/HOedvg6yJo", "display_url": "pic.twitter.com/HOedvg6yJo", "expanded_url": "https://twitter.com/myorangeco/status/621748240023711744/photo/1", "type": "photo", "sizes": {"medium": {"w": 520, "h": 245, "resize": "fit"}, "thumb": {"w": 150, "h": 150, "resize": "crop"}, "large": {"w": 520, "h": 245, "resize": "fit"}, "small": {"w": 520, "h": 245, "resize": "fit"}}}]}, "extended_entities": {"media": [{"id": 621748238656360448, "id_str": "621748238656360448", "indices": [94, 116], "media_url": "http://pbs.twimg.com/media/CKDkupjWUAAsTNe.png", "media_url_https": "https://pbs.twimg.com/media/CKDkupjWUAAsTNe.png", "url": "http://t.co/HOedvg6yJo", "display_url": "pic.twitter.com/HOedvg6yJo", "expanded_url": "https://twitter.com/myorangeco/status/621748240023711744/photo/1", "type": "photo", "sizes": {"medium": {"w": 520, "h": 245, "resize": "fit"}, "thumb": {"w": 150, "h": 150, "resize": "crop"}, "large": {"w": 520, "h": 245, "resize": "fit"}, "small": {"w": 520, "h": 245, "resize": "fit"}}}]}, "source": "<a href=\"http://publicize.wp.com/\" rel=\"nofollow\">WordPress.com</a>", "in_reply_to_status_id": null, "in_reply_to_status_id_str": null, "in_reply_to_user_id": null, "in_reply_to_user_id_str": null, "in_reply_to_screen_name": null, "user": {"id": 2906365471, "id_str": "2906365471", "name": "MyOrangeCo", "screen_name": "myorangeco", "location": "Orange County, California", "description": "Trending news for the residents of Orange County, CA.", "url": "http://t.co/yNjPom8Yy6", "entities": {"url": {"urls": [{"url": "http://t.co/yNjPom8Yy6", "expanded_url": "http://myorange.co", "display_url": "myorange.co", "indices": [0, 22]}]}, "description": {"urls": []}}, "protected": false, "followers_count": 108, "friends_count": 36, "listed_count": 2, "created_at": "Fri Nov 21 18:45:49 +0000 2014", "favourites_count": 5, "utc_offset": null, "time_zone": null, "geo_enabled": true, "verified": false, "statuses_count": 18679, "lang": null, "contributors_enabled": false, "is_translator": false, "is_translation_enabled": false, "profile_background_color": "000000", "profile_background_image_url": "http://abs.twimg.com/images/themes/theme1/bg.png", "profile_background_image_url_https": "https://abs.twimg.com/images/themes/theme1/bg.png", "profile_background_tile": false, "profile_image_url": "http://pbs.twimg.com/profile_images/535871258718523393/2BvZdTy0_normal.png", "profile_image_url_https": "https://pbs.twimg.com/profile_images/535871258718523393/2BvZdTy0_normal.png", "profile_banner_url": "https://pbs.twimg.com/profile_banners/2906365471/1436316036", "profile_link_color": "FF9900", "profile_sidebar_border_color": "000000", "profile_sidebar_fill_color": "000000", "profile_text_color": "000000", "profile_use_background_image": false, "has_extended_profile": false, "default_profile": false, "default_profile_image": false, "following": false, "follow_request_sent": false, "notifications": false, "translator_type": "none", "withheld_in_countries": []}, "geo": null, "coordinates": null, "place": null, "contributors": null, "is_quote_status": false, "retweet_count": 0, "favorite_count": 0, "favorited": false, "retweeted": false, "possibly_sensitive": false, "lang": "en"}