{"created_at": "Thu Jul 16 16:07:19 +0000 2015", "id": 621712727120068608, "id_str": "621712727120068608", "text": "Caitlyn Jenner looks nasty to me,idk I just lose my appetite every time somebody post a pic...", "truncated": false, "entities": {"hashtags": [], "symbols": [], "user_mentions": [], "urls": []}, "source": "<a href=\"http://twitter.com/download/iphone\" rel=\"nofollow\">Twitter for iPhone</a>", "in_reply_to_status_id": null, "in_reply_to_status_id_str": null, "in_reply_to_user_id": null, "in_reply_to_user_id_str": null, "in_reply_to_screen_name": null, "user": {"id": 53403884, "id_str": "53403884", "name": "TrillaNae", "screen_name": "__CrucialSlim__", "location": "The Jungle ", "description": "::I TOLD YA AND I SHOWED YA::IT GETS NO TRILLA\ud83d\udcaa\ud83c\udffd", "url": null, "entities": {"description": {"urls": []}}, "protected": false, "followers_count": 1185, "friends_count": 762, "listed_count": 9, "created_at": "Fri Jul 03 14:50:05 +0000 2009", "favourites_count": 485, "utc_offset": null, "time_zone": null, "geo_enabled": true, "verified": false, "statuses_count": 52320, "lang": null, "contributors_enabled": false, "is_translator": false, "is_translation_enabled": false, "profile_background_color": "BADFCD", "profile_background_image_url": "http://abs.twimg.com/images/themes/theme12/bg.gif", "profile_background_image_url_https": "https://abs.twimg.com/images/themes/theme12/bg.gif", "profile_background_tile": true, "profile_image_url": "http://pbs.twimg.com/profile_images/1347517382571515905/-PSSwrKL_normal.jpg", "profile_image_url_https": "https://pbs.twimg.com/profile_images/1347517382571515905/-PSSwrKL_normal.jpg", "profile_banner_url": "https://pbs.twimg.com/profile_banners/53403884/1615386148", "profile_link_color": "FF00CC", "profile_sidebar_border_color": "F095ED", "profile_sidebar_fill_color": "FFCCD6", "profile_text_color": "520C48", "profile_use_background_image": true, "has_extended_profile": true, "default_profile": false, "default_profile_image": false, "following": false, "follow_request_sent": false, "notifications": false, "translator_type": "none", "withheld_in_countries": []}, "geo": null, "coordinates": null, "place": null, "contributors": null, "is_quote_status": false, "retweet_count": 0, "favorite_count": 0, "favorited": false, "retweeted": false, "lang": "en"}