{"created_at": "Thu Jul 16 21:01:28 +0000 2015", "id": 621786751598637056, "id_str": "621786751598637056", "text": "@mickya19 @Martina @Caitlyn_Jenner Read all the nasty tweets. Not really that big of jump. Just wish theyd own it the way CJ owns who she is", "truncated": false, "entities": {"hashtags": [], "symbols": [], "user_mentions": [{"screen_name": "mickya19", "name": "Mick", "id": 809921106, "id_str": "809921106", "indices": [0, 9]}, {"screen_name": "Martina", "name": "Martina Navratilova", "id": 506429053, "id_str": "506429053", "indices": [10, 18]}, {"screen_name": "Caitlyn_Jenner", "name": "Caitlyn Jenner", "id": 3303293865, "id_str": "3303293865", "indices": [19, 34]}], "urls": []}, "source": "<a href=\"http://twitter.com/download/android\" rel=\"nofollow\">Twitter for Android</a>", "in_reply_to_status_id": 621782026304286720, "in_reply_to_status_id_str": "621782026304286720", "in_reply_to_user_id": 809921106, "in_reply_to_user_id_str": "809921106", "in_reply_to_screen_name": "mickya19", "user": {"id": 28924464, "id_str": "28924464", "name": "Clint M", "screen_name": "clintm123", "location": "Wherever I am", "description": "Travel, Food, Politics, Sailing, Entertainment, Family (not necessarily in that order)", "url": null, "entities": {"description": {"urls": []}}, "protected": false, "followers_count": 86, "friends_count": 376, "listed_count": 5, "created_at": "Sun Apr 05 02:39:51 +0000 2009", "favourites_count": 6004, "utc_offset": null, "time_zone": null, "geo_enabled": false, "verified": false, "statuses_count": 10830, "lang": null, "contributors_enabled": false, "is_translator": false, "is_translation_enabled": false, "profile_background_color": "C0DEED", "profile_background_image_url": "http://abs.twimg.com/images/themes/theme1/bg.png", "profile_background_image_url_https": "https://abs.twimg.com/images/themes/theme1/bg.png", "profile_background_tile": false, "profile_image_url": "http://pbs.twimg.com/profile_images/1168293744/image_normal.jpg", "profile_image_url_https": "https://pbs.twimg.com/profile_images/1168293744/image_normal.jpg", "profile_link_color": "1DA1F2", "profile_sidebar_border_color": "C0DEED", "profile_sidebar_fill_color": "DDEEF6", "profile_text_color": "333333", "profile_use_background_image": true, "has_extended_profile": false, "default_profile": true, "default_profile_image": false, "following": false, "follow_request_sent": false, "notifications": false, "translator_type": "none", "withheld_in_countries": []}, "geo": null, "coordinates": null, "place": null, "contributors": null, "is_quote_status": false, "retweet_count": 0, "favorite_count": 0, "favorited": false, "retweeted": false, "lang": "en"}