{"created_at": "Thu Jul 16 19:16:51 +0000 2015", "id": 621760424401354753, "id_str": "621760424401354753", "text": "Caitlyn Jenner: Top Hollywood producer slams star with nasty meme M&gt; http://t.co/AJt9EqxX1E http://t.co/dtpUvSZi3u", "truncated": false, "entities": {"hashtags": [], "symbols": [], "user_mentions": [], "urls": [{"url": "http://t.co/AJt9EqxX1E", "expanded_url": "http://bit.ly/1OhpGA1", "display_url": "bit.ly/1OhpGA1", "indices": [72, 94]}], "media": [{"id": 621760424283910144, "id_str": "621760424283910144", "indices": [95, 117], "media_url": "http://pbs.twimg.com/media/CKDvz8jWsAA7zxf.png", "media_url_https": "https://pbs.twimg.com/media/CKDvz8jWsAA7zxf.png", "url": "http://t.co/dtpUvSZi3u", "display_url": "pic.twitter.com/dtpUvSZi3u", "expanded_url": "https://twitter.com/PulseGhana/status/621760424401354753/photo/1", "type": "photo", "sizes": {"large": {"w": 534, "h": 300, "resize": "fit"}, "medium": {"w": 534, "h": 300, "resize": "fit"}, "small": {"w": 534, "h": 300, "resize": "fit"}, "thumb": {"w": 150, "h": 150, "resize": "crop"}}}]}, "extended_entities": {"media": [{"id": 621760424283910144, "id_str": "621760424283910144", "indices": [95, 117], "media_url": "http://pbs.twimg.com/media/CKDvz8jWsAA7zxf.png", "media_url_https": "https://pbs.twimg.com/media/CKDvz8jWsAA7zxf.png", "url": "http://t.co/dtpUvSZi3u", "display_url": "pic.twitter.com/dtpUvSZi3u", "expanded_url": "https://twitter.com/PulseGhana/status/621760424401354753/photo/1", "type": "photo", "sizes": {"large": {"w": 534, "h": 300, "resize": "fit"}, "medium": {"w": 534, "h": 300, "resize": "fit"}, "small": {"w": 534, "h": 300, "resize": "fit"}, "thumb": {"w": 150, "h": 150, "resize": "crop"}}}]}, "source": "<a href=\"https://ifttt.com\" rel=\"nofollow\">IFTTT</a>", "in_reply_to_status_id": null, "in_reply_to_status_id_str": null, "in_reply_to_user_id": null, "in_reply_to_user_id_str": null, "in_reply_to_screen_name": null, "user": {"id": 2463511302, "id_str": "2463511302", "name": "Pulse Ghana", "screen_name": "PulseGhana", "location": "East Legon, Accra, Ghana.", "description": "We inform & engage - 24/7 To Advertise, email\ud83d\udce9 ads@pulse.com.gh", "url": "https://t.co/GWOYhiQlIB", "entities": {"url": {"urls": [{"url": "https://t.co/GWOYhiQlIB", "expanded_url": "http://www.pulse.com.gh", "display_url": "pulse.com.gh", "indices": [0, 23]}]}, "description": {"urls": []}}, "protected": false, "followers_count": 408060, "friends_count": 387, "listed_count": 280, "created_at": "Fri Apr 25 17:47:50 +0000 2014", "favourites_count": 1360, "utc_offset": null, "time_zone": null, "geo_enabled": true, "verified": true, "statuses_count": 178080, "lang": null, "contributors_enabled": false, "is_translator": false, "is_translation_enabled": false, "profile_background_color": "000000", "profile_background_image_url": "http://abs.twimg.com/images/themes/theme1/bg.png", "profile_background_image_url_https": "https://abs.twimg.com/images/themes/theme1/bg.png", "profile_background_tile": false, "profile_image_url": "http://pbs.twimg.com/profile_images/998591058261901312/vgdmk9ls_normal.jpg", "profile_image_url_https": "https://pbs.twimg.com/profile_images/998591058261901312/vgdmk9ls_normal.jpg", "profile_banner_url": "https://pbs.twimg.com/profile_banners/2463511302/1610623221", "profile_link_color": "AB2923", "profile_sidebar_border_color": "000000", "profile_sidebar_fill_color": "000000", "profile_text_color": "000000", "profile_use_background_image": false, "has_extended_profile": false, "default_profile": false, "default_profile_image": false, "following": false, "follow_request_sent": false, "notifications": false, "translator_type": "none", "withheld_in_countries": []}, "geo": null, "coordinates": null, "place": null, "contributors": null, "is_quote_status": false, "retweet_count": 0, "favorite_count": 0, "favorited": false, "retweeted": false, "possibly_sensitive": false, "lang": "en"}