{"created_at": "Thu Jul 16 15:21:32 +0000 2015", "id": 621701202842124288, "id_str": "621701202842124288", "text": "@people @Caitlyn_Jenner @Lavernecox nasty just nasty...... http://t.co/9CkW479M1d", "truncated": false, "entities": {"hashtags": [], "symbols": [], "user_mentions": [{"screen_name": "people", "name": "People", "id": 25589776, "id_str": "25589776", "indices": [0, 7]}, {"screen_name": "Caitlyn_Jenner", "name": "Caitlyn Jenner", "id": 3303293865, "id_str": "3303293865", "indices": [8, 23]}, {"screen_name": "Lavernecox", "name": "Laverne Cox", "id": 63112528, "id_str": "63112528", "indices": [24, 35]}], "urls": [], "media": [{"id": 621701200325406720, "id_str": "621701200325406720", "indices": [59, 81], "media_url": "http://pbs.twimg.com/media/CKC58qHUcAALtMk.jpg", "media_url_https": "https://pbs.twimg.com/media/CKC58qHUcAALtMk.jpg", "url": "http://t.co/9CkW479M1d", "display_url": "pic.twitter.com/9CkW479M1d", "expanded_url": "https://twitter.com/g8t2BrEdEeMEd/status/621701202842124288/photo/1", "type": "photo", "sizes": {"thumb": {"w": 150, "h": 150, "resize": "crop"}, "large": {"w": 250, "h": 250, "resize": "fit"}, "small": {"w": 250, "h": 250, "resize": "fit"}, "medium": {"w": 250, "h": 250, "resize": "fit"}}}]}, "extended_entities": {"media": [{"id": 621701200325406720, "id_str": "621701200325406720", "indices": [59, 81], "media_url": "http://pbs.twimg.com/media/CKC58qHUcAALtMk.jpg", "media_url_https": "https://pbs.twimg.com/media/CKC58qHUcAALtMk.jpg", "url": "http://t.co/9CkW479M1d", "display_url": "pic.twitter.com/9CkW479M1d", "expanded_url": "https://twitter.com/g8t2BrEdEeMEd/status/621701202842124288/photo/1", "type": "photo", "sizes": {"thumb": {"w": 150, "h": 150, "resize": "crop"}, "large": {"w": 250, "h": 250, "resize": "fit"}, "small": {"w": 250, "h": 250, "resize": "fit"}, "medium": {"w": 250, "h": 250, "resize": "fit"}}}]}, "source": "<a href=\"http://twitter.com/download/android\" rel=\"nofollow\">Twitter for Android</a>", "in_reply_to_status_id": 621675689461293056, "in_reply_to_status_id_str": "621675689461293056", "in_reply_to_user_id": 25589776, "in_reply_to_user_id_str": "25589776", "in_reply_to_screen_name": "people", "user": {"id": 2582404652, "id_str": "2582404652", "name": "kellie holley", "screen_name": "g8t2BrEdEeMEd", "location": "Auburn, AL", "description": "I am a Christian mom of 2 teens,1 cat and 2 Ole crazy dogs. A bf named Joel and I have myclonic seizures and dystonia,ptsd,did,mdd,I'm 50 shades of crazy", "url": null, "entities": {"description": {"urls": []}}, "protected": false, "followers_count": 33, "friends_count": 874, "listed_count": 5, "created_at": "Sun Jun 22 15:25:15 +0000 2014", "favourites_count": 285, "utc_offset": null, "time_zone": null, "geo_enabled": false, "verified": false, "statuses_count": 5294, "lang": null, "contributors_enabled": false, "is_translator": false, "is_translation_enabled": false, "profile_background_color": "C0DEED", "profile_background_image_url": "http://abs.twimg.com/images/themes/theme1/bg.png", "profile_background_image_url_https": "https://abs.twimg.com/images/themes/theme1/bg.png", "profile_background_tile": false, "profile_image_url": "http://pbs.twimg.com/profile_images/1175277171033726981/CRQY820a_normal.jpg", "profile_image_url_https": "https://pbs.twimg.com/profile_images/1175277171033726981/CRQY820a_normal.jpg", "profile_link_color": "1DA1F2", "profile_sidebar_border_color": "C0DEED", "profile_sidebar_fill_color": "DDEEF6", "profile_text_color": "333333", "profile_use_background_image": true, "has_extended_profile": true, "default_profile": true, "default_profile_image": false, "following": false, "follow_request_sent": false, "notifications": false, "translator_type": "none", "withheld_in_countries": []}, "geo": null, "coordinates": null, "place": null, "contributors": null, "is_quote_status": false, "retweet_count": 0, "favorite_count": 0, "favorited": false, "retweeted": false, "possibly_sensitive": false, "lang": "pl"}