{"created_at": "Thu Jul 16 15:24:17 +0000 2015", "id": 621701896630370304, "id_str": "621701896630370304", "text": "@kobeviet626 @CNN @Caitlyn_Jenner Whoa, murder? Photos showed Jenner smoking, no? You might research before tweeting such nasty allegations.", "truncated": false, "entities": {"hashtags": [], "symbols": [], "user_mentions": [{"screen_name": "kobeviet626", "name": "kobe626", "id": 2661396193, "id_str": "2661396193", "indices": [0, 12]}, {"screen_name": "CNN", "name": "CNN", "id": 759251, "id_str": "759251", "indices": [13, 17]}, {"screen_name": "Caitlyn_Jenner", "name": "Caitlyn Jenner", "id": 3303293865, "id_str": "3303293865", "indices": [18, 33]}], "urls": []}, "source": "<a href=\"http://twitter.com\" rel=\"nofollow\">Twitter Web Client</a>", "in_reply_to_status_id": 621676110497972225, "in_reply_to_status_id_str": "621676110497972225", "in_reply_to_user_id": 2661396193, "in_reply_to_user_id_str": "2661396193", "in_reply_to_screen_name": "kobeviet626", "user": {"id": 23808856, "id_str": "23808856", "name": "Eliott C. McLaughlin", "screen_name": "ByEliott", "location": "One CNN Center, Atlanta, GA", "description": "CNN senior writer, actual #ATLien, unconflicted @AuburnU & @universityofga grad. Priors: @AP, @DowJones, newspapers. Lighter side: @furlinedPumas", "url": "https://t.co/uRJcpdWVLR", "entities": {"url": {"urls": [{"url": "https://t.co/uRJcpdWVLR", "expanded_url": "http://cnn.it/1FIb4ch", "display_url": "cnn.it/1FIb4ch", "indices": [0, 23]}]}, "description": {"urls": []}}, "protected": false, "followers_count": 53451, "friends_count": 973, "listed_count": 1086, "created_at": "Wed Mar 11 19:03:57 +0000 2009", "favourites_count": 1355, "utc_offset": null, "time_zone": null, "geo_enabled": true, "verified": true, "statuses_count": 20695, "lang": null, "contributors_enabled": false, "is_translator": false, "is_translation_enabled": false, "profile_background_color": "1A1B1F", "profile_background_image_url": "http://abs.twimg.com/images/themes/theme9/bg.gif", "profile_background_image_url_https": "https://abs.twimg.com/images/themes/theme9/bg.gif", "profile_background_tile": true, "profile_image_url": "http://pbs.twimg.com/profile_images/1332033035760529408/aNEeXa7u_normal.jpg", "profile_image_url_https": "https://pbs.twimg.com/profile_images/1332033035760529408/aNEeXa7u_normal.jpg", "profile_banner_url": "https://pbs.twimg.com/profile_banners/23808856/1355498140", "profile_link_color": "FF691F", "profile_sidebar_border_color": "FFFFFF", "profile_sidebar_fill_color": "252429", "profile_text_color": "666666", "profile_use_background_image": true, "has_extended_profile": false, "default_profile": false, "default_profile_image": false, "following": false, "follow_request_sent": false, "notifications": false, "translator_type": "none", "withheld_in_countries": []}, "geo": null, "coordinates": null, "place": null, "contributors": null, "is_quote_status": false, "retweet_count": 0, "favorite_count": 0, "favorited": false, "retweeted": false, "lang": "en"}