{"created_at": "Thu Jul 16 21:52:53 +0000 2015", "id": 621799692494618624, "id_str": "621799692494618624", "text": "Peter Berg Slams Caitlyn Jenner With Nasty Meme http://t.co/7qMuaH7yOX http://t.co/lSOarJBtJW", "truncated": false, "entities": {"hashtags": [], "symbols": [], "user_mentions": [], "urls": [{"url": "http://t.co/7qMuaH7yOX", "expanded_url": "http://ift.tt/1O9tNxu", "display_url": "ift.tt/1O9tNxu", "indices": [48, 70]}], "media": [{"id": 621799692385579008, "id_str": "621799692385579008", "indices": [71, 93], "media_url": "http://pbs.twimg.com/media/CKEThpoW8AA9CcW.jpg", "media_url_https": "https://pbs.twimg.com/media/CKEThpoW8AA9CcW.jpg", "url": "http://t.co/lSOarJBtJW", "display_url": "pic.twitter.com/lSOarJBtJW", "expanded_url": "https://twitter.com/36NGcom/status/621799692494618624/photo/1", "type": "photo", "sizes": {"thumb": {"w": 150, "h": 150, "resize": "crop"}, "medium": {"w": 634, "h": 774, "resize": "fit"}, "large": {"w": 634, "h": 774, "resize": "fit"}, "small": {"w": 557, "h": 680, "resize": "fit"}}}]}, "extended_entities": {"media": [{"id": 621799692385579008, "id_str": "621799692385579008", "indices": [71, 93], "media_url": "http://pbs.twimg.com/media/CKEThpoW8AA9CcW.jpg", "media_url_https": "https://pbs.twimg.com/media/CKEThpoW8AA9CcW.jpg", "url": "http://t.co/lSOarJBtJW", "display_url": "pic.twitter.com/lSOarJBtJW", "expanded_url": "https://twitter.com/36NGcom/status/621799692494618624/photo/1", "type": "photo", "sizes": {"thumb": {"w": 150, "h": 150, "resize": "crop"}, "medium": {"w": 634, "h": 774, "resize": "fit"}, "large": {"w": 634, "h": 774, "resize": "fit"}, "small": {"w": 557, "h": 680, "resize": "fit"}}}]}, "source": "<a href=\"https://ifttt.com\" rel=\"nofollow\">IFTTT</a>", "in_reply_to_status_id": null, "in_reply_to_status_id_str": null, "in_reply_to_user_id": null, "in_reply_to_user_id_str": null, "in_reply_to_screen_name": null, "user": {"id": 554361941, "id_str": "554361941", "name": "36NG", "screen_name": "36NGcom", "location": "Nigeria", "description": "Nigerian entertainment and news website. Follow us for latest Celebrity, Lifestyle, Music news & More - contact us at post@36ng.com #36NG", "url": "https://t.co/qvS72fWDfG", "entities": {"url": {"urls": [{"url": "https://t.co/qvS72fWDfG", "expanded_url": "http://www.36ng.com", "display_url": "36ng.com", "indices": [0, 23]}]}, "description": {"urls": []}}, "protected": false, "followers_count": 6961, "friends_count": 12, "listed_count": 35, "created_at": "Sun Apr 15 13:56:24 +0000 2012", "favourites_count": 2, "utc_offset": null, "time_zone": null, "geo_enabled": true, "verified": false, "statuses_count": 120726, "lang": null, "contributors_enabled": false, "is_translator": false, "is_translation_enabled": false, "profile_background_color": "F00E0E", "profile_background_image_url": "http://abs.twimg.com/images/themes/theme1/bg.png", "profile_background_image_url_https": "https://abs.twimg.com/images/themes/theme1/bg.png", "profile_background_tile": false, "profile_image_url": "http://pbs.twimg.com/profile_images/1091328949991456768/jSKeXoT4_normal.jpg", "profile_image_url_https": "https://pbs.twimg.com/profile_images/1091328949991456768/jSKeXoT4_normal.jpg", "profile_banner_url": "https://pbs.twimg.com/profile_banners/554361941/1549909347", "profile_link_color": "F00E0E", "profile_sidebar_border_color": "000000", "profile_sidebar_fill_color": "DDEEF6", "profile_text_color": "333333", "profile_use_background_image": true, "has_extended_profile": false, "default_profile": false, "default_profile_image": false, "following": false, "follow_request_sent": false, "notifications": false, "translator_type": "regular", "withheld_in_countries": []}, "geo": null, "coordinates": null, "place": null, "contributors": null, "is_quote_status": false, "retweet_count": 0, "favorite_count": 0, "favorited": false, "retweeted": false, "possibly_sensitive": false, "lang": "cy"}