{"created_at": "Thu Jul 16 15:28:18 +0000 2015", "id": 621702908539760641, "id_str": "621702908539760641", "text": "It really bothers me when people are nasty about Caitlyn Jenner winning that award.", "truncated": false, "entities": {"hashtags": [], "symbols": [], "user_mentions": [], "urls": []}, "source": "<a href=\"http://twitter.com/download/iphone\" rel=\"nofollow\">Twitter for iPhone</a>", "in_reply_to_status_id": null, "in_reply_to_status_id_str": null, "in_reply_to_user_id": null, "in_reply_to_user_id_str": null, "in_reply_to_screen_name": null, "user": {"id": 21443089, "id_str": "21443089", "name": "Corinne", "screen_name": "Rinny627", "location": "PA", "description": "Wife to an amazing husband and mom of an 11 year old son and 5 year old son. This is my place of ramblings.", "url": "https://t.co/z8BsC8DBGU", "entities": {"url": {"urls": [{"url": "https://t.co/z8BsC8DBGU", "expanded_url": "https://mysite.coach.teambeachbody.com?coachId=1522753&locale=en_US", "display_url": "mysite.coach.teambeachbody.com/?coachId=15227\u2026", "indices": [0, 23]}]}, "description": {"urls": []}}, "protected": false, "followers_count": 103, "friends_count": 256, "listed_count": 5, "created_at": "Fri Feb 20 22:48:33 +0000 2009", "favourites_count": 2759, "utc_offset": null, "time_zone": null, "geo_enabled": true, "verified": false, "statuses_count": 14563, "lang": null, "contributors_enabled": false, "is_translator": false, "is_translation_enabled": false, "profile_background_color": "2E3F4B", "profile_background_image_url": "http://abs.twimg.com/images/themes/theme3/bg.gif", "profile_background_image_url_https": "https://abs.twimg.com/images/themes/theme3/bg.gif", "profile_background_tile": true, "profile_image_url": "http://pbs.twimg.com/profile_images/917036284685807617/3HcL-RjH_normal.jpg", "profile_image_url_https": "https://pbs.twimg.com/profile_images/917036284685807617/3HcL-RjH_normal.jpg", "profile_banner_url": "https://pbs.twimg.com/profile_banners/21443089/1386720652", "profile_link_color": "094C55", "profile_sidebar_border_color": "F5A966", "profile_sidebar_fill_color": "B1995B", "profile_text_color": "368084", "profile_use_background_image": true, "has_extended_profile": true, "default_profile": false, "default_profile_image": false, "following": false, "follow_request_sent": false, "notifications": false, "translator_type": "none", "withheld_in_countries": []}, "geo": null, "coordinates": null, "place": null, "contributors": null, "is_quote_status": false, "retweet_count": 0, "favorite_count": 0, "favorited": false, "retweeted": false, "lang": "en"}