{"created_at": "Thu Jul 16 18:29:39 +0000 2015", "id": 621748546807721984, "id_str": "621748546807721984", "text": "Nasty to supportive: Strong opinions about Caitlyn Jenner's ESPY award http://t.co/99shDqQDIV", "truncated": false, "entities": {"hashtags": [], "symbols": [], "user_mentions": [], "urls": [{"url": "http://t.co/99shDqQDIV", "expanded_url": "http://ift.tt/1MwEcTa", "display_url": "ift.tt/1MwEcTa", "indices": [71, 93]}]}, "source": "<a href=\"https://ifttt.com\" rel=\"nofollow\">IFTTT</a>", "in_reply_to_status_id": null, "in_reply_to_status_id_str": null, "in_reply_to_user_id": null, "in_reply_to_user_id_str": null, "in_reply_to_screen_name": null, "user": {"id": 2628285535, "id_str": "2628285535", "name": "OC WP Training", "screen_name": "ocwptraining", "location": "", "description": "Orange County WordPress Training", "url": null, "entities": {"description": {"urls": []}}, "protected": false, "followers_count": 170, "friends_count": 453, "listed_count": 9, "created_at": "Sat Jul 12 18:14:17 +0000 2014", "favourites_count": 1948, "utc_offset": null, "time_zone": null, "geo_enabled": false, "verified": false, "statuses_count": 27563, "lang": null, "contributors_enabled": false, "is_translator": false, "is_translation_enabled": false, "profile_background_color": "C0DEED", "profile_background_image_url": "http://abs.twimg.com/images/themes/theme1/bg.png", "profile_background_image_url_https": "https://abs.twimg.com/images/themes/theme1/bg.png", "profile_background_tile": false, "profile_image_url": "http://pbs.twimg.com/profile_images/488026383629557761/n9eiskEn_normal.png", "profile_image_url_https": "https://pbs.twimg.com/profile_images/488026383629557761/n9eiskEn_normal.png", "profile_link_color": "1DA1F2", "profile_sidebar_border_color": "C0DEED", "profile_sidebar_fill_color": "DDEEF6", "profile_text_color": "333333", "profile_use_background_image": true, "has_extended_profile": false, "default_profile": true, "default_profile_image": false, "following": false, "follow_request_sent": false, "notifications": false, "translator_type": "none", "withheld_in_countries": []}, "geo": null, "coordinates": null, "place": null, "contributors": null, "is_quote_status": false, "retweet_count": 0, "favorite_count": 0, "favorited": false, "retweeted": false, "possibly_sensitive": false, "lang": "en"}