{"created_at": "Thu Jul 16 17:10:02 +0000 2015", "id": 621728509170335744, "id_str": "621728509170335744", "text": "Caitlyn Jenner: Top Hollywood producer slams star with nasty meme: Peter Berg, who's the producer behind the F... http://t.co/uCrum50DTJ", "truncated": false, "entities": {"hashtags": [], "symbols": [], "user_mentions": [], "urls": [{"url": "http://t.co/uCrum50DTJ", "expanded_url": "http://bit.ly/1HRHY5E", "display_url": "bit.ly/1HRHY5E", "indices": [114, 136]}]}, "source": "<a href=\"http://twitterfeed.com\" rel=\"nofollow\">twitterfeed</a>", "in_reply_to_status_id": null, "in_reply_to_status_id_str": null, "in_reply_to_user_id": null, "in_reply_to_user_id_str": null, "in_reply_to_screen_name": null, "user": {"id": 2834391724, "id_str": "2834391724", "name": "2nd Sta\u03c0za", "screen_name": "shadluu", "location": "", "description": "anticipate the difficult by managing the eazy", "url": "http://t.co/SOTgbBlkwg", "entities": {"url": {"urls": [{"url": "http://t.co/SOTgbBlkwg", "expanded_url": "http://www.smokeTheMusic.com", "display_url": "smokeTheMusic.com", "indices": [0, 22]}]}, "description": {"urls": []}}, "protected": false, "followers_count": 903, "friends_count": 854, "listed_count": 30, "created_at": "Thu Oct 16 17:17:02 +0000 2014", "favourites_count": 641, "utc_offset": null, "time_zone": null, "geo_enabled": true, "verified": false, "statuses_count": 100389, "lang": null, "contributors_enabled": false, "is_translator": false, "is_translation_enabled": false, "profile_background_color": "C0DEED", "profile_background_image_url": "http://abs.twimg.com/images/themes/theme1/bg.png", "profile_background_image_url_https": "https://abs.twimg.com/images/themes/theme1/bg.png", "profile_background_tile": false, "profile_image_url": "http://pbs.twimg.com/profile_images/597038757423030272/rMt9xcFr_normal.png", "profile_image_url_https": "https://pbs.twimg.com/profile_images/597038757423030272/rMt9xcFr_normal.png", "profile_banner_url": "https://pbs.twimg.com/profile_banners/2834391724/1416655887", "profile_link_color": "1DA1F2", "profile_sidebar_border_color": "C0DEED", "profile_sidebar_fill_color": "DDEEF6", "profile_text_color": "333333", "profile_use_background_image": true, "has_extended_profile": false, "default_profile": true, "default_profile_image": false, "following": false, "follow_request_sent": false, "notifications": false, "translator_type": "none", "withheld_in_countries": []}, "geo": null, "coordinates": null, "place": null, "contributors": null, "is_quote_status": false, "retweet_count": 0, "favorite_count": 0, "favorited": false, "retweeted": false, "possibly_sensitive": false, "lang": "en"}