{"created_at": "Thu Jul 16 19:57:50 +0000 2015", "id": 621770739297857536, "id_str": "621770739297857536", "text": "Caitlyn Jenner Top Hollywood producer slams star with nasty\u00a0meme http://t.co/QaJdRkPogW http://t.co/yRrNy9NrpA", "truncated": false, "entities": {"hashtags": [], "symbols": [], "user_mentions": [], "urls": [{"url": "http://t.co/QaJdRkPogW", "expanded_url": "http://hubcruz.com/caitlyn-jenner-top-hollywood-producer-slams-star-with-nasty-meme/", "display_url": "hubcruz.com/caitlyn-jenner\u2026", "indices": [65, 87]}], "media": [{"id": 621770738182156288, "id_str": "621770738182156288", "indices": [88, 110], "media_url": "http://pbs.twimg.com/media/CKD5MS0UcAAY5HI.jpg", "media_url_https": "https://pbs.twimg.com/media/CKD5MS0UcAAY5HI.jpg", "url": "http://t.co/yRrNy9NrpA", "display_url": "pic.twitter.com/yRrNy9NrpA", "expanded_url": "https://twitter.com/hub_cruz/status/621770739297857536/photo/1", "type": "photo", "sizes": {"thumb": {"w": 150, "h": 150, "resize": "crop"}, "small": {"w": 300, "h": 168, "resize": "fit"}, "large": {"w": 300, "h": 168, "resize": "fit"}, "medium": {"w": 300, "h": 168, "resize": "fit"}}}]}, "extended_entities": {"media": [{"id": 621770738182156288, "id_str": "621770738182156288", "indices": [88, 110], "media_url": "http://pbs.twimg.com/media/CKD5MS0UcAAY5HI.jpg", "media_url_https": "https://pbs.twimg.com/media/CKD5MS0UcAAY5HI.jpg", "url": "http://t.co/yRrNy9NrpA", "display_url": "pic.twitter.com/yRrNy9NrpA", "expanded_url": "https://twitter.com/hub_cruz/status/621770739297857536/photo/1", "type": "photo", "sizes": {"thumb": {"w": 150, "h": 150, "resize": "crop"}, "small": {"w": 300, "h": 168, "resize": "fit"}, "large": {"w": 300, "h": 168, "resize": "fit"}, "medium": {"w": 300, "h": 168, "resize": "fit"}}}]}, "source": "<a href=\"http://publicize.wp.com/\" rel=\"nofollow\">WordPress.com</a>", "in_reply_to_status_id": null, "in_reply_to_status_id_str": null, "in_reply_to_user_id": null, "in_reply_to_user_id_str": null, "in_reply_to_screen_name": null, "user": {"id": 3054027610, "id_str": "3054027610", "name": "Hub Cruz", "screen_name": "hub_cruz", "location": "Lagos. Nigeria.", "description": "Automobiles Sales and Purchase & Automobiles Upgrades & Automobiles Accessories. Call me on: 07064603556 or 08115847293", "url": "https://t.co/bijeAyRPYj", "entities": {"url": {"urls": [{"url": "https://t.co/bijeAyRPYj", "expanded_url": "http://www.nairaland.com/hubcruz/topics", "display_url": "nairaland.com/hubcruz/topics", "indices": [0, 23]}]}, "description": {"urls": []}}, "protected": false, "followers_count": 1972, "friends_count": 1692, "listed_count": 1, "created_at": "Sun Feb 22 21:34:57 +0000 2015", "favourites_count": 13, "utc_offset": null, "time_zone": null, "geo_enabled": false, "verified": false, "statuses_count": 9798, "lang": null, "contributors_enabled": false, "is_translator": false, "is_translation_enabled": false, "profile_background_color": "C0DEED", "profile_background_image_url": "http://abs.twimg.com/images/themes/theme1/bg.png", "profile_background_image_url_https": "https://abs.twimg.com/images/themes/theme1/bg.png", "profile_background_tile": false, "profile_image_url": "http://pbs.twimg.com/profile_images/1104358477391192064/x-ON_hG9_normal.jpg", "profile_image_url_https": "https://pbs.twimg.com/profile_images/1104358477391192064/x-ON_hG9_normal.jpg", "profile_banner_url": "https://pbs.twimg.com/profile_banners/3054027610/1438177824", "profile_link_color": "1DA1F2", "profile_sidebar_border_color": "C0DEED", "profile_sidebar_fill_color": "DDEEF6", "profile_text_color": "333333", "profile_use_background_image": true, "has_extended_profile": false, "default_profile": true, "default_profile_image": false, "following": false, "follow_request_sent": false, "notifications": false, "translator_type": "none", "withheld_in_countries": []}, "geo": null, "coordinates": null, "place": null, "contributors": null, "is_quote_status": false, "retweet_count": 0, "favorite_count": 0, "favorited": false, "retweeted": false, "possibly_sensitive": false, "lang": "en"}