{"created_at": "Thu Jul 16 18:29:32 +0000 2015", "id": 621748518215110657, "id_str": "621748518215110657", "text": "Nasty to supportive: Strong opinions about Caitlyn Jenner's ESPY award http://t.co/vHVBDJIixz #OrangeCounty", "truncated": false, "entities": {"hashtags": [{"text": "OrangeCounty", "indices": [94, 107]}], "symbols": [], "user_mentions": [], "urls": [{"url": "http://t.co/vHVBDJIixz", "expanded_url": "http://dlvr.it/BY0JHg", "display_url": "dlvr.it/BY0JHg", "indices": [71, 93]}]}, "source": "<a href=\"https://dlvrit.com/\" rel=\"nofollow\">dlvr.it</a>", "in_reply_to_status_id": null, "in_reply_to_status_id_str": null, "in_reply_to_user_id": null, "in_reply_to_user_id_str": null, "in_reply_to_screen_name": null, "user": {"id": 122190707, "id_str": "122190707", "name": "Orange County Living", "screen_name": "OCLand", "location": "Newport Beach, CA", "description": "If you love Orange County, California living as much as we do, follow us as we share our favorite people, places, homes, arts, news and events!", "url": "https://t.co/ftY7hr0Ade", "entities": {"url": {"urls": [{"url": "https://t.co/ftY7hr0Ade", "expanded_url": "https://greathomesorangecounty.com/", "display_url": "greathomesorangecounty.com", "indices": [0, 23]}]}, "description": {"urls": []}}, "protected": false, "followers_count": 5951, "friends_count": 327, "listed_count": 173, "created_at": "Thu Mar 11 22:25:48 +0000 2010", "favourites_count": 430, "utc_offset": null, "time_zone": null, "geo_enabled": false, "verified": false, "statuses_count": 169023, "lang": null, "contributors_enabled": false, "is_translator": false, "is_translation_enabled": false, "profile_background_color": "C0DEED", "profile_background_image_url": "http://abs.twimg.com/images/themes/theme1/bg.png", "profile_background_image_url_https": "https://abs.twimg.com/images/themes/theme1/bg.png", "profile_background_tile": true, "profile_image_url": "http://pbs.twimg.com/profile_images/1128821835/orange2_normal.png", "profile_image_url_https": "https://pbs.twimg.com/profile_images/1128821835/orange2_normal.png", "profile_banner_url": "https://pbs.twimg.com/profile_banners/122190707/1561929067", "profile_link_color": "0084B4", "profile_sidebar_border_color": "C0DEED", "profile_sidebar_fill_color": "DDEEF6", "profile_text_color": "333333", "profile_use_background_image": true, "has_extended_profile": false, "default_profile": false, "default_profile_image": false, "following": false, "follow_request_sent": false, "notifications": false, "translator_type": "none", "withheld_in_countries": []}, "geo": null, "coordinates": null, "place": null, "contributors": null, "is_quote_status": false, "retweet_count": 1, "favorite_count": 0, "favorited": false, "retweeted": false, "possibly_sensitive": false, "lang": "en"}