{"created_at": "Thu Jul 16 21:52:48 +0000 2015", "id": 621799672168878080, "id_str": "621799672168878080", "text": "Peter Berg Slams Caitlyn Jenner With Nasty\u00a0Meme http://t.co/xcXnyl8rk3 http://t.co/j30jElXMju", "truncated": false, "entities": {"hashtags": [], "symbols": [], "user_mentions": [], "urls": [{"url": "http://t.co/xcXnyl8rk3", "expanded_url": "http://www.36ng.com.ng/2015/07/16/peter-berg-slams-caitlyn-jenner-with-nasty-meme/", "display_url": "36ng.com.ng/2015/07/16/pet\u2026", "indices": [48, 70]}], "media": [{"id": 621799670830895104, "id_str": "621799670830895104", "indices": [71, 93], "media_url": "http://pbs.twimg.com/media/CKETgZVUkAAQ_9E.jpg", "media_url_https": "https://pbs.twimg.com/media/CKETgZVUkAAQ_9E.jpg", "url": "http://t.co/j30jElXMju", "display_url": "pic.twitter.com/j30jElXMju", "expanded_url": "https://twitter.com/iam_Mochid/status/621799672168878080/photo/1", "type": "photo", "sizes": {"small": {"w": 557, "h": 680, "resize": "fit"}, "thumb": {"w": 150, "h": 150, "resize": "crop"}, "large": {"w": 634, "h": 774, "resize": "fit"}, "medium": {"w": 634, "h": 774, "resize": "fit"}}}]}, "extended_entities": {"media": [{"id": 621799670830895104, "id_str": "621799670830895104", "indices": [71, 93], "media_url": "http://pbs.twimg.com/media/CKETgZVUkAAQ_9E.jpg", "media_url_https": "https://pbs.twimg.com/media/CKETgZVUkAAQ_9E.jpg", "url": "http://t.co/j30jElXMju", "display_url": "pic.twitter.com/j30jElXMju", "expanded_url": "https://twitter.com/iam_Mochid/status/621799672168878080/photo/1", "type": "photo", "sizes": {"small": {"w": 557, "h": 680, "resize": "fit"}, "thumb": {"w": 150, "h": 150, "resize": "crop"}, "large": {"w": 634, "h": 774, "resize": "fit"}, "medium": {"w": 634, "h": 774, "resize": "fit"}}}]}, "source": "<a href=\"http://publicize.wp.com/\" rel=\"nofollow\">WordPress.com</a>", "in_reply_to_status_id": null, "in_reply_to_status_id_str": null, "in_reply_to_user_id": null, "in_reply_to_user_id_str": null, "in_reply_to_screen_name": null, "user": {"id": 92085826, "id_str": "92085826", "name": "Seyi of \u00c0k\u00far\u00e9", "screen_name": "iam_Mochid", "location": "", "description": "@chelseafc Hooligan #KTBFFH #CTID \ud83d\udc99\ud83d\udc99\ud83d\udc99\ud83d\udc99 ... CRYPTO LOVER", "url": null, "entities": {"description": {"urls": []}}, "protected": false, "followers_count": 2412, "friends_count": 2148, "listed_count": 9, "created_at": "Mon Nov 23 18:51:55 +0000 2009", "favourites_count": 7219, "utc_offset": null, "time_zone": null, "geo_enabled": false, "verified": false, "statuses_count": 82906, "lang": null, "contributors_enabled": false, "is_translator": false, "is_translation_enabled": false, "profile_background_color": "642D8B", "profile_background_image_url": "http://abs.twimg.com/images/themes/theme10/bg.gif", "profile_background_image_url_https": "https://abs.twimg.com/images/themes/theme10/bg.gif", "profile_background_tile": true, "profile_image_url": "http://pbs.twimg.com/profile_images/1382987003923468289/3KyivgWM_normal.jpg", "profile_image_url_https": "https://pbs.twimg.com/profile_images/1382987003923468289/3KyivgWM_normal.jpg", "profile_banner_url": "https://pbs.twimg.com/profile_banners/92085826/1602384737", "profile_link_color": "FF0000", "profile_sidebar_border_color": "65B0DA", "profile_sidebar_fill_color": "7AC3EE", "profile_text_color": "3D1957", "profile_use_background_image": true, "has_extended_profile": true, "default_profile": false, "default_profile_image": false, "following": false, "follow_request_sent": false, "notifications": false, "translator_type": "none", "withheld_in_countries": []}, "geo": null, "coordinates": null, "place": null, "contributors": null, "is_quote_status": false, "retweet_count": 0, "favorite_count": 0, "favorited": false, "retweeted": false, "possibly_sensitive": false, "lang": "cy"}