{"created_at": "Thu Jul 16 17:09:56 +0000 2015", "id": 621728483538939905, "id_str": "621728483538939905", "text": "Caitlyn Jenner: Top Hollywood producer slams star with nasty meme: Peter Berg, who's the producer behind the F... http://t.co/AIz0wEgQWO", "truncated": false, "entities": {"hashtags": [], "symbols": [], "user_mentions": [], "urls": [{"url": "http://t.co/AIz0wEgQWO", "expanded_url": "http://bit.ly/1HRHY5E", "display_url": "bit.ly/1HRHY5E", "indices": [114, 136]}]}, "source": "<a href=\"http://twitterfeed.com\" rel=\"nofollow\">twitterfeed</a>", "in_reply_to_status_id": null, "in_reply_to_status_id_str": null, "in_reply_to_user_id": null, "in_reply_to_user_id_str": null, "in_reply_to_screen_name": null, "user": {"id": 1851889513, "id_str": "1851889513", "name": "WAFRI AWARD", "screen_name": "WAFRI_AWARDS", "location": "WEST AFRICA", "description": "WEST AFRICA INDUSTRY AWARDS WAFRI AWARDS 2016 RELEASED CATEGORY LIST AND NOMINATION ENDS 20th Nov 2016.", "url": "https://t.co/L1Bm3YxLmj", "entities": {"url": {"urls": [{"url": "https://t.co/L1Bm3YxLmj", "expanded_url": "http://fb.me/7zag3dAii", "display_url": "fb.me/7zag3dAii", "indices": [0, 23]}]}, "description": {"urls": []}}, "protected": false, "followers_count": 491, "friends_count": 135, "listed_count": 12, "created_at": "Tue Sep 10 15:58:20 +0000 2013", "favourites_count": 11, "utc_offset": null, "time_zone": null, "geo_enabled": false, "verified": false, "statuses_count": 43137, "lang": null, "contributors_enabled": false, "is_translator": false, "is_translation_enabled": false, "profile_background_color": "C0DEED", "profile_background_image_url": "http://abs.twimg.com/images/themes/theme1/bg.png", "profile_background_image_url_https": "https://abs.twimg.com/images/themes/theme1/bg.png", "profile_background_tile": false, "profile_image_url": "http://pbs.twimg.com/profile_images/506805655559094273/58LEfeSW_normal.jpeg", "profile_image_url_https": "https://pbs.twimg.com/profile_images/506805655559094273/58LEfeSW_normal.jpeg", "profile_banner_url": "https://pbs.twimg.com/profile_banners/1851889513/1407854448", "profile_link_color": "1DA1F2", "profile_sidebar_border_color": "C0DEED", "profile_sidebar_fill_color": "DDEEF6", "profile_text_color": "333333", "profile_use_background_image": true, "has_extended_profile": false, "default_profile": true, "default_profile_image": false, "following": false, "follow_request_sent": false, "notifications": false, "translator_type": "none", "withheld_in_countries": []}, "geo": null, "coordinates": null, "place": null, "contributors": null, "is_quote_status": false, "retweet_count": 0, "favorite_count": 0, "favorited": false, "retweeted": false, "possibly_sensitive": false, "lang": "en"}