{"created_at": "Thu Jul 16 19:13:18 +0000 2015", "id": 621759531421466624, "id_str": "621759531421466624", "text": "Caitlyn Jenner: Top Hollywood producer slams star with nasty meme M&gt; http://t.co/7f4iTZ5D7D http://t.co/49n8qQ78HW", "truncated": false, "entities": {"hashtags": [], "symbols": [], "user_mentions": [], "urls": [{"url": "http://t.co/7f4iTZ5D7D", "expanded_url": "http://ift.tt/1Ohp4dy", "display_url": "ift.tt/1Ohp4dy", "indices": [72, 94]}], "media": [{"id": 621759531182391297, "id_str": "621759531182391297", "indices": [95, 117], "media_url": "http://pbs.twimg.com/media/CKDu_9fXAAE0KVi.png", "media_url_https": "https://pbs.twimg.com/media/CKDu_9fXAAE0KVi.png", "url": "http://t.co/49n8qQ78HW", "display_url": "pic.twitter.com/49n8qQ78HW", "expanded_url": "https://twitter.com/RoisKiDGh/status/621759531421466624/photo/1", "type": "photo", "sizes": {"large": {"w": 534, "h": 300, "resize": "fit"}, "medium": {"w": 534, "h": 300, "resize": "fit"}, "small": {"w": 534, "h": 300, "resize": "fit"}, "thumb": {"w": 150, "h": 150, "resize": "crop"}}}]}, "extended_entities": {"media": [{"id": 621759531182391297, "id_str": "621759531182391297", "indices": [95, 117], "media_url": "http://pbs.twimg.com/media/CKDu_9fXAAE0KVi.png", "media_url_https": "https://pbs.twimg.com/media/CKDu_9fXAAE0KVi.png", "url": "http://t.co/49n8qQ78HW", "display_url": "pic.twitter.com/49n8qQ78HW", "expanded_url": "https://twitter.com/RoisKiDGh/status/621759531421466624/photo/1", "type": "photo", "sizes": {"large": {"w": 534, "h": 300, "resize": "fit"}, "medium": {"w": 534, "h": 300, "resize": "fit"}, "small": {"w": 534, "h": 300, "resize": "fit"}, "thumb": {"w": 150, "h": 150, "resize": "crop"}}}]}, "source": "<a href=\"https://ifttt.com\" rel=\"nofollow\">IFTTT</a>", "in_reply_to_status_id": null, "in_reply_to_status_id_str": null, "in_reply_to_user_id": null, "in_reply_to_user_id_str": null, "in_reply_to_screen_name": null, "user": {"id": 167113353, "id_str": "167113353", "name": "Sena Quashie, PGG", "screen_name": "AyigbeMantse", "location": "Accra, Ghana", "description": "African Digerati | Human Of The Year | Journo, Developer and Marketer from \ud83c\uddec\ud83c\udded | foodie", "url": "https://t.co/ztZwlWdRsZ", "entities": {"url": {"urls": [{"url": "https://t.co/ztZwlWdRsZ", "expanded_url": "https://roiskid.com/", "display_url": "roiskid.com", "indices": [0, 23]}]}, "description": {"urls": []}}, "protected": false, "followers_count": 3475, "friends_count": 579, "listed_count": 50, "created_at": "Thu Jul 15 19:56:50 +0000 2010", "favourites_count": 1030, "utc_offset": null, "time_zone": null, "geo_enabled": true, "verified": false, "statuses_count": 130917, "lang": null, "contributors_enabled": false, "is_translator": false, "is_translation_enabled": false, "profile_background_color": "352726", "profile_background_image_url": "http://abs.twimg.com/images/themes/theme5/bg.gif", "profile_background_image_url_https": "https://abs.twimg.com/images/themes/theme5/bg.gif", "profile_background_tile": false, "profile_image_url": "http://pbs.twimg.com/profile_images/1322870155513335809/Fg5MvpaL_normal.jpg", "profile_image_url_https": "https://pbs.twimg.com/profile_images/1322870155513335809/Fg5MvpaL_normal.jpg", "profile_banner_url": "https://pbs.twimg.com/profile_banners/167113353/1615025256", "profile_link_color": "E81C4F", "profile_sidebar_border_color": "829D5E", "profile_sidebar_fill_color": "99CC33", "profile_text_color": "3E4415", "profile_use_background_image": true, "has_extended_profile": true, "default_profile": false, "default_profile_image": false, "following": false, "follow_request_sent": false, "notifications": false, "translator_type": "none", "withheld_in_countries": []}, "geo": null, "coordinates": null, "place": null, "contributors": null, "is_quote_status": false, "retweet_count": 0, "favorite_count": 0, "favorited": false, "retweeted": false, "possibly_sensitive": false, "lang": "en"}