{"created_at": "Thu Jul 16 17:10:05 +0000 2015", "id": 621728522168446976, "id_str": "621728522168446976", "text": "Caitlyn Jenner: Top Hollywood producer slams star with nasty meme http://t.co/JOAy2ZHzbV #Nigeria", "truncated": false, "entities": {"hashtags": [{"text": "Nigeria", "indices": [89, 97]}], "symbols": [], "user_mentions": [], "urls": [{"url": "http://t.co/JOAy2ZHzbV", "expanded_url": "http://bit.ly/1HRHY5E", "display_url": "bit.ly/1HRHY5E", "indices": [66, 88]}]}, "source": "<a href=\"http://twitterfeed.com\" rel=\"nofollow\">twitterfeed</a>", "in_reply_to_status_id": null, "in_reply_to_status_id_str": null, "in_reply_to_user_id": null, "in_reply_to_user_id_str": null, "in_reply_to_screen_name": null, "user": {"id": 2939497901, "id_str": "2939497901", "name": "Naija What's Up?", "screen_name": "Naijawhatsup", "location": "Nigeria", "description": "Follow us to get your Breaking News | Entertainment | Politics | Fashion & Style | Development | and much more..", "url": null, "entities": {"description": {"urls": []}}, "protected": false, "followers_count": 2595, "friends_count": 174, "listed_count": 99, "created_at": "Wed Dec 24 13:22:56 +0000 2014", "favourites_count": 25, "utc_offset": null, "time_zone": null, "geo_enabled": false, "verified": false, "statuses_count": 834596, "lang": null, "contributors_enabled": false, "is_translator": false, "is_translation_enabled": false, "profile_background_color": "B2DFDA", "profile_background_image_url": "http://abs.twimg.com/images/themes/theme13/bg.gif", "profile_background_image_url_https": "https://abs.twimg.com/images/themes/theme13/bg.gif", "profile_background_tile": false, "profile_image_url": "http://pbs.twimg.com/profile_images/547745264308461570/dIgf1QYw_normal.jpeg", "profile_image_url_https": "https://pbs.twimg.com/profile_images/547745264308461570/dIgf1QYw_normal.jpeg", "profile_banner_url": "https://pbs.twimg.com/profile_banners/2939497901/1424184577", "profile_link_color": "93A644", "profile_sidebar_border_color": "EEEEEE", "profile_sidebar_fill_color": "FFFFFF", "profile_text_color": "333333", "profile_use_background_image": true, "has_extended_profile": false, "default_profile": false, "default_profile_image": false, "following": false, "follow_request_sent": false, "notifications": false, "translator_type": "none", "withheld_in_countries": []}, "geo": null, "coordinates": null, "place": null, "contributors": null, "is_quote_status": false, "retweet_count": 0, "favorite_count": 0, "favorited": false, "retweeted": false, "possibly_sensitive": false, "lang": "en"}