{"created_at": "Thu Jul 16 17:10:16 +0000 2015", "id": 621728568846888960, "id_str": "621728568846888960", "text": "Caitlyn Jenner: Top Hollywood producer slams star with nasty meme: Peter Berg, who's the producer behind the F... http://t.co/4wu62m1NTd", "truncated": false, "entities": {"hashtags": [], "symbols": [], "user_mentions": [], "urls": [{"url": "http://t.co/4wu62m1NTd", "expanded_url": "http://bit.ly/1HRHZqa", "display_url": "bit.ly/1HRHZqa", "indices": [114, 136]}]}, "source": "<a href=\"http://twitterfeed.com\" rel=\"nofollow\">twitterfeed</a>", "in_reply_to_status_id": null, "in_reply_to_status_id_str": null, "in_reply_to_user_id": null, "in_reply_to_user_id_str": null, "in_reply_to_screen_name": null, "user": {"id": 192267333, "id_str": "192267333", "name": "\ud835\udd4a\ud835\udd5e\ud835\udd52\ud835\udd63\ud835\udd65\ud835\udd4b\ud835\udd56\ud835\udd54\ud835\udd59 \ud83c\uddf3\ud83c\uddec", "screen_name": "SmartTech234", "location": "Computer Village, Ikeja", "description": "Your ultimate tech solution...\n- IT Consultant \ud83d\udcbc\n- Web Development \ud83c\udf10\n- Phone/Carrier unlock \ud83d\udd11\n- Laptop software fix \ud83d\udee0\ufe0f\n- Gadgets merchandise \ud83d\udcbb\ud83d\udcf1\u231a", "url": null, "entities": {"description": {"urls": []}}, "protected": false, "followers_count": 814, "friends_count": 593, "listed_count": 143, "created_at": "Sat Sep 18 17:08:45 +0000 2010", "favourites_count": 1944, "utc_offset": null, "time_zone": null, "geo_enabled": false, "verified": false, "statuses_count": 437044, "lang": null, "contributors_enabled": false, "is_translator": false, "is_translation_enabled": false, "profile_background_color": "000000", "profile_background_image_url": "http://abs.twimg.com/images/themes/theme1/bg.png", "profile_background_image_url_https": "https://abs.twimg.com/images/themes/theme1/bg.png", "profile_background_tile": false, "profile_image_url": "http://pbs.twimg.com/profile_images/1342014563252895746/gZndp0y8_normal.jpg", "profile_image_url_https": "https://pbs.twimg.com/profile_images/1342014563252895746/gZndp0y8_normal.jpg", "profile_banner_url": "https://pbs.twimg.com/profile_banners/192267333/1608796180", "profile_link_color": "ABB8C2", "profile_sidebar_border_color": "000000", "profile_sidebar_fill_color": "000000", "profile_text_color": "000000", "profile_use_background_image": false, "has_extended_profile": true, "default_profile": false, "default_profile_image": false, "following": false, "follow_request_sent": false, "notifications": false, "translator_type": "none", "withheld_in_countries": []}, "geo": null, "coordinates": null, "place": null, "contributors": null, "is_quote_status": false, "retweet_count": 0, "favorite_count": 0, "favorited": false, "retweeted": false, "possibly_sensitive": false, "lang": "en"}