{"created_at": "Thu Jul 16 22:12:35 +0000 2015", "id": 621804649125838848, "id_str": "621804649125838848", "text": "#36NG Peter Berg Slams Caitlyn Jenner With Nasty Meme http://t.co/9O9T2lRXU8", "truncated": false, "entities": {"hashtags": [{"text": "36NG", "indices": [0, 5]}], "symbols": [], "user_mentions": [], "urls": [{"url": "http://t.co/9O9T2lRXU8", "expanded_url": "http://dlvr.it/BY4KGD", "display_url": "dlvr.it/BY4KGD", "indices": [54, 76]}]}, "source": "<a href=\"https://dlvrit.com/\" rel=\"nofollow\">dlvr.it</a>", "in_reply_to_status_id": null, "in_reply_to_status_id_str": null, "in_reply_to_user_id": null, "in_reply_to_user_id_str": null, "in_reply_to_screen_name": null, "user": {"id": 561063998, "id_str": "561063998", "name": "Grand Empire Ent.", "screen_name": "GrandEmpireEnt", "location": "Everywhere u go!!!", "description": "Entertainment is our life, our niche is unique!! We rep the South!!!", "url": "http://t.co/6seCIKgiR6", "entities": {"url": {"urls": [{"url": "http://t.co/6seCIKgiR6", "expanded_url": "http://www.grandempireent.com", "display_url": "grandempireent.com", "indices": [0, 22]}]}, "description": {"urls": []}}, "protected": false, "followers_count": 489, "friends_count": 168, "listed_count": 4, "created_at": "Mon Apr 23 11:55:01 +0000 2012", "favourites_count": 2, "utc_offset": null, "time_zone": null, "geo_enabled": false, "verified": false, "statuses_count": 38002, "lang": null, "contributors_enabled": false, "is_translator": false, "is_translation_enabled": false, "profile_background_color": "C0DEED", "profile_background_image_url": "http://abs.twimg.com/images/themes/theme1/bg.png", "profile_background_image_url_https": "https://abs.twimg.com/images/themes/theme1/bg.png", "profile_background_tile": false, "profile_image_url": "http://pbs.twimg.com/profile_images/494955682920022016/A1d1PtWs_normal.jpeg", "profile_image_url_https": "https://pbs.twimg.com/profile_images/494955682920022016/A1d1PtWs_normal.jpeg", "profile_banner_url": "https://pbs.twimg.com/profile_banners/561063998/1368600441", "profile_link_color": "1DA1F2", "profile_sidebar_border_color": "C0DEED", "profile_sidebar_fill_color": "DDEEF6", "profile_text_color": "333333", "profile_use_background_image": true, "has_extended_profile": false, "default_profile": true, "default_profile_image": false, "following": false, "follow_request_sent": false, "notifications": false, "translator_type": "none", "withheld_in_countries": []}, "geo": null, "coordinates": null, "place": null, "contributors": null, "is_quote_status": false, "retweet_count": 0, "favorite_count": 0, "favorited": false, "retweeted": false, "possibly_sensitive": false, "lang": "cy"}