{"created_at": "Thu Jul 16 22:01:29 +0000 2015", "id": 621801854268125184, "id_str": "621801854268125184", "text": "Peter Berg Slams Caitlyn Jenner With Nasty Meme: \u00a0\u00a0 Peter Berg, who\u2019s the producer behind the Friday Night Lig... http://t.co/FuZQacBfFE", "truncated": false, "entities": {"hashtags": [], "symbols": [], "user_mentions": [], "urls": [{"url": "http://t.co/FuZQacBfFE", "expanded_url": "http://bit.ly/1HSGS9z", "display_url": "bit.ly/1HSGS9z", "indices": [114, 136]}]}, "source": "<a href=\"http://twitterfeed.com\" rel=\"nofollow\">twitterfeed</a>", "in_reply_to_status_id": null, "in_reply_to_status_id_str": null, "in_reply_to_user_id": null, "in_reply_to_user_id_str": null, "in_reply_to_screen_name": null, "user": {"id": 187565329, "id_str": "187565329", "name": "#NIGERIAWOULDBEGREATAGAIN", "screen_name": "_zlater", "location": "Where i'm meant to be", "description": "PR | social Media strategist | Digital marketer. volunteer", "url": "https://t.co/rvJzytPDo4", "entities": {"url": {"urls": [{"url": "https://t.co/rvJzytPDo4", "expanded_url": "http://www.afrobeatsglobal.com", "display_url": "afrobeatsglobal.com", "indices": [0, 23]}]}, "description": {"urls": []}}, "protected": false, "followers_count": 1443, "friends_count": 2090, "listed_count": 35, "created_at": "Mon Sep 06 15:47:53 +0000 2010", "favourites_count": 853, "utc_offset": null, "time_zone": null, "geo_enabled": true, "verified": false, "statuses_count": 137521, "lang": null, "contributors_enabled": false, "is_translator": false, "is_translation_enabled": false, "profile_background_color": "C0DEED", "profile_background_image_url": "http://abs.twimg.com/images/themes/theme1/bg.png", "profile_background_image_url_https": "https://abs.twimg.com/images/themes/theme1/bg.png", "profile_background_tile": false, "profile_image_url": "http://pbs.twimg.com/profile_images/1140559634194927616/4Q1IQC4W_normal.jpg", "profile_image_url_https": "https://pbs.twimg.com/profile_images/1140559634194927616/4Q1IQC4W_normal.jpg", "profile_banner_url": "https://pbs.twimg.com/profile_banners/187565329/1425575647", "profile_link_color": "1DA1F2", "profile_sidebar_border_color": "C0DEED", "profile_sidebar_fill_color": "DDEEF6", "profile_text_color": "333333", "profile_use_background_image": true, "has_extended_profile": true, "default_profile": true, "default_profile_image": false, "following": false, "follow_request_sent": false, "notifications": false, "translator_type": "none", "withheld_in_countries": []}, "geo": null, "coordinates": null, "place": null, "contributors": null, "is_quote_status": false, "retweet_count": 0, "favorite_count": 0, "favorited": false, "retweeted": false, "possibly_sensitive": false, "lang": "en"}