{"created_at": "Thu Jul 16 22:01:38 +0000 2015", "id": 621801891874279424, "id_str": "621801891874279424", "text": "Peter Berg Slams Caitlyn Jenner With Nasty Meme: \u00a0\u00a0 Peter Berg, who\u2019s the producer behind the Friday Night Lig... http://t.co/FQmiWztgsH", "truncated": false, "entities": {"hashtags": [], "symbols": [], "user_mentions": [], "urls": [{"url": "http://t.co/FQmiWztgsH", "expanded_url": "http://bit.ly/1HSGV5o", "display_url": "bit.ly/1HSGV5o", "indices": [114, 136]}]}, "source": "<a href=\"http://twitterfeed.com\" rel=\"nofollow\">twitterfeed</a>", "in_reply_to_status_id": null, "in_reply_to_status_id_str": null, "in_reply_to_user_id": null, "in_reply_to_user_id_str": null, "in_reply_to_screen_name": null, "user": {"id": 564469768, "id_str": "564469768", "name": "#ENDSARS", "screen_name": "MykhelI", "location": "Ina mi yard", "description": "Don't take this too serious, M Just Here to have fun............ #GGMU #Scorpio #mufc", "url": "https://t.co/qoMUGqfyUu", "entities": {"url": {"urls": [{"url": "https://t.co/qoMUGqfyUu", "expanded_url": "http://instagram.com/kar_kho", "display_url": "instagram.com/kar_kho", "indices": [0, 23]}]}, "description": {"urls": []}}, "protected": false, "followers_count": 2037, "friends_count": 2611, "listed_count": 4, "created_at": "Fri Apr 27 10:15:00 +0000 2012", "favourites_count": 1948, "utc_offset": null, "time_zone": null, "geo_enabled": true, "verified": false, "statuses_count": 40235, "lang": null, "contributors_enabled": false, "is_translator": false, "is_translation_enabled": false, "profile_background_color": "709397", "profile_background_image_url": "http://abs.twimg.com/images/themes/theme6/bg.gif", "profile_background_image_url_https": "https://abs.twimg.com/images/themes/theme6/bg.gif", "profile_background_tile": false, "profile_image_url": "http://pbs.twimg.com/profile_images/1314593581844377602/8M-TpkU3_normal.jpg", "profile_image_url_https": "https://pbs.twimg.com/profile_images/1314593581844377602/8M-TpkU3_normal.jpg", "profile_banner_url": "https://pbs.twimg.com/profile_banners/564469768/1596547753", "profile_link_color": "FF3300", "profile_sidebar_border_color": "86A4A6", "profile_sidebar_fill_color": "A0C5C7", "profile_text_color": "333333", "profile_use_background_image": true, "has_extended_profile": true, "default_profile": false, "default_profile_image": false, "following": false, "follow_request_sent": false, "notifications": false, "translator_type": "none", "withheld_in_countries": []}, "geo": null, "coordinates": null, "place": null, "contributors": null, "is_quote_status": false, "retweet_count": 0, "favorite_count": 0, "favorited": false, "retweeted": false, "possibly_sensitive": false, "lang": "en"}