{"created_at": "Thu Jul 16 22:01:25 +0000 2015", "id": 621801838958907392, "id_str": "621801838958907392", "text": "Peter Berg Slams Caitlyn Jenner With Nasty Meme: \u00a0\u00a0 Peter Berg, who\u2019s the producer behind the Friday Night Lig... http://t.co/tatogcxdlX", "truncated": false, "entities": {"hashtags": [], "symbols": [], "user_mentions": [], "urls": [{"url": "http://t.co/tatogcxdlX", "expanded_url": "http://bit.ly/1HSGS9z", "display_url": "bit.ly/1HSGS9z", "indices": [114, 136]}]}, "source": "<a href=\"http://twitterfeed.com\" rel=\"nofollow\">twitterfeed</a>", "in_reply_to_status_id": null, "in_reply_to_status_id_str": null, "in_reply_to_user_id": null, "in_reply_to_user_id_str": null, "in_reply_to_screen_name": null, "user": {"id": 363616669, "id_str": "363616669", "name": "TDon Tha KingSlayer \ud83d\udc51 \u26aa", "screen_name": "IamTDON", "location": "EveryWhere", "description": "My New Song 'You' \ud83c\udf39 is out worldwide\nSTREAM Here \ud83d\udc47\n\nhttps://t.co/4SSM9aptXW", "url": "https://t.co/4SSM9aptXW", "entities": {"url": {"urls": [{"url": "https://t.co/4SSM9aptXW", "expanded_url": "https://ffm.to/tdon-you", "display_url": "ffm.to/tdon-you", "indices": [0, 23]}]}, "description": {"urls": [{"url": "https://t.co/4SSM9aptXW", "expanded_url": "https://ffm.to/tdon-you", "display_url": "ffm.to/tdon-you", "indices": [52, 75]}]}}, "protected": false, "followers_count": 631, "friends_count": 357, "listed_count": 21, "created_at": "Sun Aug 28 11:50:08 +0000 2011", "favourites_count": 3203, "utc_offset": null, "time_zone": null, "geo_enabled": true, "verified": false, "statuses_count": 138899, "lang": null, "contributors_enabled": false, "is_translator": false, "is_translation_enabled": false, "profile_background_color": "C0DEED", "profile_background_image_url": "http://abs.twimg.com/images/themes/theme1/bg.png", "profile_background_image_url_https": "https://abs.twimg.com/images/themes/theme1/bg.png", "profile_background_tile": false, "profile_image_url": "http://pbs.twimg.com/profile_images/1360881221874683904/PTbwML12_normal.jpg", "profile_image_url_https": "https://pbs.twimg.com/profile_images/1360881221874683904/PTbwML12_normal.jpg", "profile_banner_url": "https://pbs.twimg.com/profile_banners/363616669/1613294340", "profile_link_color": "1DA1F2", "profile_sidebar_border_color": "C0DEED", "profile_sidebar_fill_color": "DDEEF6", "profile_text_color": "333333", "profile_use_background_image": true, "has_extended_profile": true, "default_profile": true, "default_profile_image": false, "following": false, "follow_request_sent": false, "notifications": false, "translator_type": "none", "withheld_in_countries": []}, "geo": null, "coordinates": null, "place": null, "contributors": null, "is_quote_status": false, "retweet_count": 0, "favorite_count": 0, "favorited": false, "retweeted": false, "possibly_sensitive": false, "lang": "en"}