{"created_at": "Thu Jul 16 23:39:22 +0000 2015", "id": 621826490276167685, "id_str": "621826490276167685", "text": "@Vaniity @radar_online @Caitlyn_Jenner you nasty girl", "truncated": false, "entities": {"hashtags": [], "symbols": [], "user_mentions": [{"screen_name": "Vaniity", "name": "Vaniity", "id": 16459900, "id_str": "16459900", "indices": [0, 8]}, {"screen_name": "radar_online", "name": "Radar Online", "id": 21906715, "id_str": "21906715", "indices": [9, 22]}, {"screen_name": "Caitlyn_Jenner", "name": "Caitlyn Jenner", "id": 3303293865, "id_str": "3303293865", "indices": [23, 38]}], "urls": []}, "source": "<a href=\"http://twitter.com\" rel=\"nofollow\">Twitter Web Client</a>", "in_reply_to_status_id": 621825273168670720, "in_reply_to_status_id_str": "621825273168670720", "in_reply_to_user_id": 16459900, "in_reply_to_user_id_str": "16459900", "in_reply_to_screen_name": "Vaniity", "user": {"id": 378967883, "id_str": "378967883", "name": "Mark", "screen_name": "Mark_Plex", "location": "", "description": "18+ only please !!! Beware Adult and Porn Content !!!", "url": null, "entities": {"description": {"urls": []}}, "protected": false, "followers_count": 159, "friends_count": 324, "listed_count": 0, "created_at": "Sat Sep 24 04:01:40 +0000 2011", "favourites_count": 7246, "utc_offset": null, "time_zone": null, "geo_enabled": false, "verified": false, "statuses_count": 12537, "lang": null, "contributors_enabled": false, "is_translator": false, "is_translation_enabled": true, "profile_background_color": "C0DEED", "profile_background_image_url": "http://abs.twimg.com/images/themes/theme1/bg.png", "profile_background_image_url_https": "https://abs.twimg.com/images/themes/theme1/bg.png", "profile_background_tile": false, "profile_image_url": "http://pbs.twimg.com/profile_images/1682144416/l_normal.jpg", "profile_image_url_https": "https://pbs.twimg.com/profile_images/1682144416/l_normal.jpg", "profile_banner_url": "https://pbs.twimg.com/profile_banners/378967883/1421205049", "profile_link_color": "1DA1F2", "profile_sidebar_border_color": "C0DEED", "profile_sidebar_fill_color": "DDEEF6", "profile_text_color": "333333", "profile_use_background_image": true, "has_extended_profile": false, "default_profile": true, "default_profile_image": false, "following": false, "follow_request_sent": false, "notifications": false, "translator_type": "none", "withheld_in_countries": []}, "geo": null, "coordinates": null, "place": null, "contributors": null, "is_quote_status": false, "retweet_count": 0, "favorite_count": 0, "favorited": false, "retweeted": false, "lang": "en"}