{"created_at": "Thu Jul 16 22:12:33 +0000 2015", "id": 621804642054246401, "id_str": "621804642054246401", "text": "Peter Berg Slams Caitlyn Jenner With Nasty Meme http://t.co/txRnptSCB3", "truncated": false, "entities": {"hashtags": [], "symbols": [], "user_mentions": [], "urls": [{"url": "http://t.co/txRnptSCB3", "expanded_url": "http://dlvr.it/BY4PQF", "display_url": "dlvr.it/BY4PQF", "indices": [48, 70]}]}, "source": "<a href=\"https://dlvrit.com/\" rel=\"nofollow\">dlvr.it</a>", "in_reply_to_status_id": null, "in_reply_to_status_id_str": null, "in_reply_to_user_id": null, "in_reply_to_user_id_str": null, "in_reply_to_screen_name": null, "user": {"id": 271839965, "id_str": "271839965", "name": "Twirra FBI", "screen_name": "Twamebor", "location": "Right behind you!", "description": "Here to monitor tweets.", "url": "http://t.co/TiY12GVILJ", "entities": {"url": {"urls": [{"url": "http://t.co/TiY12GVILJ", "expanded_url": "http://www.twamebor.blogspot.com", "display_url": "twamebor.blogspot.com", "indices": [0, 22]}]}, "description": {"urls": []}}, "protected": false, "followers_count": 187, "friends_count": 88, "listed_count": 26, "created_at": "Fri Mar 25 08:44:44 +0000 2011", "favourites_count": 1, "utc_offset": null, "time_zone": null, "geo_enabled": false, "verified": false, "statuses_count": 146911, "lang": null, "contributors_enabled": false, "is_translator": false, "is_translation_enabled": false, "profile_background_color": "C0DEED", "profile_background_image_url": "http://abs.twimg.com/images/themes/theme1/bg.png", "profile_background_image_url_https": "https://abs.twimg.com/images/themes/theme1/bg.png", "profile_background_tile": false, "profile_image_url": "http://pbs.twimg.com/profile_images/1245416635130937349/zp6_omNw_normal.jpg", "profile_image_url_https": "https://pbs.twimg.com/profile_images/1245416635130937349/zp6_omNw_normal.jpg", "profile_link_color": "1DA1F2", "profile_sidebar_border_color": "C0DEED", "profile_sidebar_fill_color": "DDEEF6", "profile_text_color": "333333", "profile_use_background_image": true, "has_extended_profile": false, "default_profile": true, "default_profile_image": false, "following": false, "follow_request_sent": false, "notifications": false, "translator_type": "none", "withheld_in_countries": []}, "geo": null, "coordinates": null, "place": null, "contributors": null, "is_quote_status": false, "retweet_count": 0, "favorite_count": 0, "favorited": false, "retweeted": false, "possibly_sensitive": false, "lang": "cy"}