{"created_at": "Fri Jul 17 00:56:40 +0000 2015", "id": 621845942136737792, "id_str": "621845942136737792", "text": "Peter Berg Slams Caitlyn Jenner With Nasty Meme: \u00a0\u00a0 Peter Berg, who\u2019s the producer behind the Fr... http://t.co/NKkPZKw2Z5 ff: gospelgee", "truncated": false, "entities": {"hashtags": [], "symbols": [], "user_mentions": [], "urls": [{"url": "http://t.co/NKkPZKw2Z5", "expanded_url": "http://bit.ly/1HSGS9z", "display_url": "bit.ly/1HSGS9z", "indices": [100, 122]}]}, "source": "<a href=\"http://twitterfeed.com\" rel=\"nofollow\">twitterfeed</a>", "in_reply_to_status_id": null, "in_reply_to_status_id_str": null, "in_reply_to_user_id": null, "in_reply_to_user_id_str": null, "in_reply_to_screen_name": null, "user": {"id": 132247757, "id_str": "132247757", "name": "Gee LaaLaa", "screen_name": "gospelgee", "location": "", "description": "#perfect gentleman #beards man", "url": null, "entities": {"description": {"urls": []}}, "protected": false, "followers_count": 2177, "friends_count": 1559, "listed_count": 95, "created_at": "Mon Apr 12 18:13:53 +0000 2010", "favourites_count": 142, "utc_offset": null, "time_zone": null, "geo_enabled": true, "verified": false, "statuses_count": 523277, "lang": null, "contributors_enabled": false, "is_translator": false, "is_translation_enabled": false, "profile_background_color": "C0DEED", "profile_background_image_url": "http://abs.twimg.com/images/themes/theme1/bg.png", "profile_background_image_url_https": "https://abs.twimg.com/images/themes/theme1/bg.png", "profile_background_tile": false, "profile_image_url": "http://pbs.twimg.com/profile_images/1187774530321813504/C9tN213B_normal.jpg", "profile_image_url_https": "https://pbs.twimg.com/profile_images/1187774530321813504/C9tN213B_normal.jpg", "profile_banner_url": "https://pbs.twimg.com/profile_banners/132247757/1589592373", "profile_link_color": "1DA1F2", "profile_sidebar_border_color": "C0DEED", "profile_sidebar_fill_color": "DDEEF6", "profile_text_color": "333333", "profile_use_background_image": true, "has_extended_profile": false, "default_profile": true, "default_profile_image": false, "following": false, "follow_request_sent": false, "notifications": false, "translator_type": "none", "withheld_in_countries": []}, "geo": null, "coordinates": null, "place": null, "contributors": null, "is_quote_status": false, "retweet_count": 0, "favorite_count": 0, "favorited": false, "retweeted": false, "possibly_sensitive": false, "lang": "en"}