{"created_at": "Thu Jul 16 23:05:37 +0000 2015", "id": 621817993853403136, "id_str": "621817993853403136", "text": "Peter Berg Slams Caitlyn Jenner With Nasty Meme http://t.co/tolhfF0xU6 #36NG", "truncated": false, "entities": {"hashtags": [{"text": "36NG", "indices": [71, 76]}], "symbols": [], "user_mentions": [], "urls": [{"url": "http://t.co/tolhfF0xU6", "expanded_url": "http://bit.ly/1HSGS9z", "display_url": "bit.ly/1HSGS9z", "indices": [48, 70]}]}, "source": "<a href=\"http://twitterfeed.com\" rel=\"nofollow\">twitterfeed</a>", "in_reply_to_status_id": null, "in_reply_to_status_id_str": null, "in_reply_to_user_id": null, "in_reply_to_user_id_str": null, "in_reply_to_screen_name": null, "user": {"id": 210060300, "id_str": "210060300", "name": "BetAndWin", "screen_name": "OfficialBetWin", "location": "Kogi, Nigeria", "description": "we provide you with accurate games... 60% guarantee on our daily prediction and 90% on our paid predictions. .. Whatsapp 07032932340", "url": null, "entities": {"description": {"urls": []}}, "protected": false, "followers_count": 6711, "friends_count": 7752, "listed_count": 47, "created_at": "Sat Oct 30 13:47:39 +0000 2010", "favourites_count": 1984, "utc_offset": null, "time_zone": null, "geo_enabled": true, "verified": false, "statuses_count": 225470, "lang": null, "contributors_enabled": false, "is_translator": false, "is_translation_enabled": false, "profile_background_color": "C0DEED", "profile_background_image_url": "http://abs.twimg.com/images/themes/theme1/bg.png", "profile_background_image_url_https": "https://abs.twimg.com/images/themes/theme1/bg.png", "profile_background_tile": false, "profile_image_url": "http://pbs.twimg.com/profile_images/826597823743422464/ppTXTvRb_normal.jpg", "profile_image_url_https": "https://pbs.twimg.com/profile_images/826597823743422464/ppTXTvRb_normal.jpg", "profile_banner_url": "https://pbs.twimg.com/profile_banners/210060300/1455493864", "profile_link_color": "1DA1F2", "profile_sidebar_border_color": "C0DEED", "profile_sidebar_fill_color": "DDEEF6", "profile_text_color": "333333", "profile_use_background_image": true, "has_extended_profile": false, "default_profile": true, "default_profile_image": false, "following": false, "follow_request_sent": false, "notifications": false, "translator_type": "none", "withheld_in_countries": []}, "geo": null, "coordinates": null, "place": null, "contributors": null, "is_quote_status": false, "retweet_count": 0, "favorite_count": 0, "favorited": false, "retweeted": false, "possibly_sensitive": false, "lang": "cy"}