{"created_at": "Thu Jul 16 22:01:32 +0000 2015", "id": 621801867635355649, "id_str": "621801867635355649", "text": "Peter Berg Slams Caitlyn Jenner With Nasty Meme: \u00a0\u00a0 Peter Berg, who\u2019s the producer behind the Friday Night Lig... http://t.co/jRccKfFQag", "truncated": false, "entities": {"hashtags": [], "symbols": [], "user_mentions": [], "urls": [{"url": "http://t.co/jRccKfFQag", "expanded_url": "http://bit.ly/1HSGS9z", "display_url": "bit.ly/1HSGS9z", "indices": [114, 136]}]}, "source": "<a href=\"http://twitterfeed.com\" rel=\"nofollow\">twitterfeed</a>", "in_reply_to_status_id": null, "in_reply_to_status_id_str": null, "in_reply_to_user_id": null, "in_reply_to_user_id_str": null, "in_reply_to_screen_name": null, "user": {"id": 296190489, "id_str": "296190489", "name": "New IG: Ghost_tweeter", "screen_name": "sholz_crush", "location": "lagos NIGERIA", "description": "I don\u2019t react to tweets... but if I ever do to your tweet,I swear your tweet is epic.", "url": null, "entities": {"description": {"urls": []}}, "protected": false, "followers_count": 799, "friends_count": 863, "listed_count": 48, "created_at": "Tue May 10 10:37:03 +0000 2011", "favourites_count": 546, "utc_offset": null, "time_zone": null, "geo_enabled": true, "verified": false, "statuses_count": 276124, "lang": null, "contributors_enabled": false, "is_translator": false, "is_translation_enabled": false, "profile_background_color": "ACDED6", "profile_background_image_url": "http://abs.twimg.com/images/themes/theme18/bg.gif", "profile_background_image_url_https": "https://abs.twimg.com/images/themes/theme18/bg.gif", "profile_background_tile": false, "profile_image_url": "http://pbs.twimg.com/profile_images/1326115028701999104/8aMNkdqF_normal.jpg", "profile_image_url_https": "https://pbs.twimg.com/profile_images/1326115028701999104/8aMNkdqF_normal.jpg", "profile_banner_url": "https://pbs.twimg.com/profile_banners/296190489/1603232008", "profile_link_color": "038543", "profile_sidebar_border_color": "EEEEEE", "profile_sidebar_fill_color": "F6F6F6", "profile_text_color": "333333", "profile_use_background_image": true, "has_extended_profile": false, "default_profile": false, "default_profile_image": false, "following": false, "follow_request_sent": false, "notifications": false, "translator_type": "none", "withheld_in_countries": []}, "geo": null, "coordinates": null, "place": null, "contributors": null, "is_quote_status": false, "retweet_count": 0, "favorite_count": 0, "favorited": false, "retweeted": false, "possibly_sensitive": true, "lang": "en"}