{"created_at": "Thu Jul 16 22:41:14 +0000 2015", "id": 621811860254298112, "id_str": "621811860254298112", "text": "Peter Berg Slams Caitlyn Jenner With Nasty Meme: Peter Berg, who\u2019s the producer behind the Friday Night Lights... http://t.co/f6lhLIfGb5", "truncated": false, "entities": {"hashtags": [], "symbols": [], "user_mentions": [], "urls": [{"url": "http://t.co/f6lhLIfGb5", "expanded_url": "http://bit.ly/1HBDm4n", "display_url": "bit.ly/1HBDm4n", "indices": [114, 136]}]}, "source": "<a href=\"http://twitterfeed.com\" rel=\"nofollow\">twitterfeed</a>", "in_reply_to_status_id": null, "in_reply_to_status_id_str": null, "in_reply_to_user_id": null, "in_reply_to_user_id_str": null, "in_reply_to_screen_name": null, "user": {"id": 468087257, "id_str": "468087257", "name": "\u0639\u0644\u0649(DAYSTAR NG)", "screen_name": "KallMe_ALLIy", "location": "Lagos NG", "description": "Forex Pro, Network Engineer, Motivational Speaker, Activist & Strategist. CEO DayStar NG.", "url": null, "entities": {"description": {"urls": []}}, "protected": false, "followers_count": 4341, "friends_count": 3617, "listed_count": 19, "created_at": "Thu Jan 19 04:53:56 +0000 2012", "favourites_count": 5345, "utc_offset": null, "time_zone": null, "geo_enabled": true, "verified": false, "statuses_count": 62743, "lang": null, "contributors_enabled": false, "is_translator": false, "is_translation_enabled": false, "profile_background_color": "FCEBB6", "profile_background_image_url": "http://abs.twimg.com/images/themes/theme1/bg.png", "profile_background_image_url_https": "https://abs.twimg.com/images/themes/theme1/bg.png", "profile_background_tile": true, "profile_image_url": "http://pbs.twimg.com/profile_images/1384957869125160966/3jWHz_Ad_normal.jpg", "profile_image_url_https": "https://pbs.twimg.com/profile_images/1384957869125160966/3jWHz_Ad_normal.jpg", "profile_banner_url": "https://pbs.twimg.com/profile_banners/468087257/1550764490", "profile_link_color": "E07FCD", "profile_sidebar_border_color": "FFFFFF", "profile_sidebar_fill_color": "78C0A8", "profile_text_color": "5E412F", "profile_use_background_image": true, "has_extended_profile": true, "default_profile": false, "default_profile_image": false, "following": false, "follow_request_sent": false, "notifications": false, "translator_type": "none", "withheld_in_countries": []}, "geo": null, "coordinates": null, "place": null, "contributors": null, "is_quote_status": false, "retweet_count": 0, "favorite_count": 0, "favorited": false, "retweeted": false, "possibly_sensitive": false, "lang": "en"}