{"created_at": "Thu Jul 16 22:01:37 +0000 2015", "id": 621801889835847680, "id_str": "621801889835847680", "text": "Peter Berg Slams Caitlyn Jenner With Nasty Meme: \u00a0\u00a0 Peter Berg, who\u2019s the producer behind the Friday Night Lig... http://t.co/nAjLzyH1IE", "truncated": false, "entities": {"hashtags": [], "symbols": [], "user_mentions": [], "urls": [{"url": "http://t.co/nAjLzyH1IE", "expanded_url": "http://bit.ly/1HSGS9z", "display_url": "bit.ly/1HSGS9z", "indices": [114, 136]}]}, "source": "<a href=\"http://twitterfeed.com\" rel=\"nofollow\">twitterfeed</a>", "in_reply_to_status_id": null, "in_reply_to_status_id_str": null, "in_reply_to_user_id": null, "in_reply_to_user_id_str": null, "in_reply_to_screen_name": null, "user": {"id": 265408773, "id_str": "265408773", "name": "Babajide \ud83c\uddf3\ud83c\uddec\ud83c\uddfa\ud83c\uddf8", "screen_name": "dat_NAWTY_boi", "location": "St Louis, US", "description": "Ui / Ux Designer | Graphic Designer \ud83d\udda5\ufe0f Creative Director \ud83c\udf0d@greatness_tweet", "url": "https://t.co/BhCDjLrDMw", "entities": {"url": {"urls": [{"url": "https://t.co/BhCDjLrDMw", "expanded_url": "http://wwww.greatness-shop.com", "display_url": "wwww.greatness-shop.com", "indices": [0, 23]}]}, "description": {"urls": []}}, "protected": false, "followers_count": 5304, "friends_count": 5274, "listed_count": 45, "created_at": "Sun Mar 13 14:04:27 +0000 2011", "favourites_count": 5494, "utc_offset": null, "time_zone": null, "geo_enabled": true, "verified": false, "statuses_count": 266335, "lang": null, "contributors_enabled": false, "is_translator": false, "is_translation_enabled": false, "profile_background_color": "C0DEED", "profile_background_image_url": "http://abs.twimg.com/images/themes/theme1/bg.png", "profile_background_image_url_https": "https://abs.twimg.com/images/themes/theme1/bg.png", "profile_background_tile": false, "profile_image_url": "http://pbs.twimg.com/profile_images/1345144519575162882/9hysqm7E_normal.jpg", "profile_image_url_https": "https://pbs.twimg.com/profile_images/1345144519575162882/9hysqm7E_normal.jpg", "profile_banner_url": "https://pbs.twimg.com/profile_banners/265408773/1582083909", "profile_link_color": "FF691F", "profile_sidebar_border_color": "C0DEED", "profile_sidebar_fill_color": "DDEEF6", "profile_text_color": "333333", "profile_use_background_image": true, "has_extended_profile": true, "default_profile": false, "default_profile_image": false, "following": false, "follow_request_sent": false, "notifications": false, "translator_type": "none", "withheld_in_countries": []}, "geo": null, "coordinates": null, "place": null, "contributors": null, "is_quote_status": false, "retweet_count": 0, "favorite_count": 0, "favorited": false, "retweeted": false, "possibly_sensitive": false, "lang": "en"}