{"created_at": "Thu Jul 16 22:01:23 +0000 2015", "id": 621801831765663744, "id_str": "621801831765663744", "text": "Peter Berg Slams Caitlyn Jenner With Nasty Meme: \u00a0\u00a0 Peter Berg, who\u2019s the producer behind the Friday Night Lig... http://t.co/NCGG0U2JFl", "truncated": false, "entities": {"hashtags": [], "symbols": [], "user_mentions": [], "urls": [{"url": "http://t.co/NCGG0U2JFl", "expanded_url": "http://bit.ly/1HSGS9z", "display_url": "bit.ly/1HSGS9z", "indices": [114, 136]}]}, "source": "<a href=\"http://twitterfeed.com\" rel=\"nofollow\">twitterfeed</a>", "in_reply_to_status_id": null, "in_reply_to_status_id_str": null, "in_reply_to_user_id": null, "in_reply_to_user_id_str": null, "in_reply_to_screen_name": null, "user": {"id": 1171760538, "id_str": "1171760538", "name": "ENIGMAMIKE", "screen_name": "am_enigmamike", "location": "Lagos nigeria", "description": "+2348132227500 dahs for who wanna knw me", "url": "https://t.co/bLCn00Uqpv", "entities": {"url": {"urls": [{"url": "https://t.co/bLCn00Uqpv", "expanded_url": "http://www.facebook.com/freedude.mike", "display_url": "facebook.com/freedude.mike", "indices": [0, 23]}]}, "description": {"urls": []}}, "protected": false, "followers_count": 262, "friends_count": 108, "listed_count": 23, "created_at": "Tue Feb 12 12:06:09 +0000 2013", "favourites_count": 92, "utc_offset": null, "time_zone": null, "geo_enabled": true, "verified": false, "statuses_count": 103773, "lang": null, "contributors_enabled": false, "is_translator": false, "is_translation_enabled": false, "profile_background_color": "C0DEED", "profile_background_image_url": "http://abs.twimg.com/images/themes/theme1/bg.png", "profile_background_image_url_https": "https://abs.twimg.com/images/themes/theme1/bg.png", "profile_background_tile": false, "profile_image_url": "http://pbs.twimg.com/profile_images/988785112350429184/_vBIkbFp_normal.jpg", "profile_image_url_https": "https://pbs.twimg.com/profile_images/988785112350429184/_vBIkbFp_normal.jpg", "profile_banner_url": "https://pbs.twimg.com/profile_banners/1171760538/1524579968", "profile_link_color": "1DA1F2", "profile_sidebar_border_color": "C0DEED", "profile_sidebar_fill_color": "DDEEF6", "profile_text_color": "333333", "profile_use_background_image": true, "has_extended_profile": true, "default_profile": true, "default_profile_image": false, "following": false, "follow_request_sent": false, "notifications": false, "translator_type": "none", "withheld_in_countries": []}, "geo": null, "coordinates": null, "place": null, "contributors": null, "is_quote_status": false, "retweet_count": 0, "favorite_count": 0, "favorited": false, "retweeted": false, "possibly_sensitive": false, "lang": "en"}