{"created_at": "Thu Jul 16 22:01:19 +0000 2015", "id": 621801814472593408, "id_str": "621801814472593408", "text": "Peter Berg Slams Caitlyn Jenner With Nasty Meme: \u00a0\u00a0 Peter Berg, who\u2019s the producer behind the Friday Night Lig... http://t.co/A4lkjpMFdU", "truncated": false, "entities": {"hashtags": [], "symbols": [], "user_mentions": [], "urls": [{"url": "http://t.co/A4lkjpMFdU", "expanded_url": "http://bit.ly/1HSGS9z", "display_url": "bit.ly/1HSGS9z", "indices": [114, 136]}]}, "source": "<a href=\"http://twitterfeed.com\" rel=\"nofollow\">twitterfeed</a>", "in_reply_to_status_id": null, "in_reply_to_status_id_str": null, "in_reply_to_user_id": null, "in_reply_to_user_id_str": null, "in_reply_to_screen_name": null, "user": {"id": 107155270, "id_str": "107155270", "name": "W\u00c1J\u00da", "screen_name": "lanre_og_", "location": "Lagos, Nigeria", "description": "\u264a\ufe0f", "url": "https://t.co/h9u6mJaWom", "entities": {"url": {"urls": [{"url": "https://t.co/h9u6mJaWom", "expanded_url": "http://36NG.com", "display_url": "36NG.com", "indices": [0, 23]}]}, "description": {"urls": []}}, "protected": false, "followers_count": 708, "friends_count": 631, "listed_count": 3, "created_at": "Thu Jan 21 18:12:07 +0000 2010", "favourites_count": 14950, "utc_offset": null, "time_zone": null, "geo_enabled": false, "verified": false, "statuses_count": 26183, "lang": null, "contributors_enabled": false, "is_translator": false, "is_translation_enabled": false, "profile_background_color": "C0DEED", "profile_background_image_url": "http://abs.twimg.com/images/themes/theme1/bg.png", "profile_background_image_url_https": "https://abs.twimg.com/images/themes/theme1/bg.png", "profile_background_tile": false, "profile_image_url": "http://pbs.twimg.com/profile_images/1384224896897544198/AAkXnDJt_normal.jpg", "profile_image_url_https": "https://pbs.twimg.com/profile_images/1384224896897544198/AAkXnDJt_normal.jpg", "profile_banner_url": "https://pbs.twimg.com/profile_banners/107155270/1618658507", "profile_link_color": "1DA1F2", "profile_sidebar_border_color": "C0DEED", "profile_sidebar_fill_color": "DDEEF6", "profile_text_color": "333333", "profile_use_background_image": true, "has_extended_profile": true, "default_profile": true, "default_profile_image": false, "following": false, "follow_request_sent": false, "notifications": false, "translator_type": "none", "withheld_in_countries": []}, "geo": null, "coordinates": null, "place": null, "contributors": null, "is_quote_status": false, "retweet_count": 0, "favorite_count": 0, "favorited": false, "retweeted": false, "possibly_sensitive": false, "lang": "en"}