{"created_at": "Thu Jul 16 22:01:35 +0000 2015", "id": 621801878607630336, "id_str": "621801878607630336", "text": "Peter Berg Slams Caitlyn Jenner With Nasty Meme: \u00a0\u00a0 Peter Berg, who\u2019s the producer behind the Friday Night Lig... http://t.co/ypLrX24TaY", "truncated": false, "entities": {"hashtags": [], "symbols": [], "user_mentions": [], "urls": [{"url": "http://t.co/ypLrX24TaY", "expanded_url": "http://bit.ly/1HSGS9z", "display_url": "bit.ly/1HSGS9z", "indices": [114, 136]}]}, "source": "<a href=\"http://twitterfeed.com\" rel=\"nofollow\">twitterfeed</a>", "in_reply_to_status_id": null, "in_reply_to_status_id_str": null, "in_reply_to_user_id": null, "in_reply_to_user_id_str": null, "in_reply_to_screen_name": null, "user": {"id": 1395163458, "id_str": "1395163458", "name": "KING MONSUR", "screen_name": "YomiSkillz", "location": "Sitting Before You.", "description": "Materials and Metallurgical Engineer (GMNSE) MANCHESTER UNITED", "url": null, "entities": {"description": {"urls": []}}, "protected": false, "followers_count": 646, "friends_count": 507, "listed_count": 12, "created_at": "Wed May 01 17:53:57 +0000 2013", "favourites_count": 11026, "utc_offset": null, "time_zone": null, "geo_enabled": true, "verified": false, "statuses_count": 40023, "lang": null, "contributors_enabled": false, "is_translator": false, "is_translation_enabled": false, "profile_background_color": "C0DEED", "profile_background_image_url": "http://abs.twimg.com/images/themes/theme1/bg.png", "profile_background_image_url_https": "https://abs.twimg.com/images/themes/theme1/bg.png", "profile_background_tile": false, "profile_image_url": "http://pbs.twimg.com/profile_images/1379987554678812672/Sxr5eH9L_normal.jpg", "profile_image_url_https": "https://pbs.twimg.com/profile_images/1379987554678812672/Sxr5eH9L_normal.jpg", "profile_banner_url": "https://pbs.twimg.com/profile_banners/1395163458/1570862866", "profile_link_color": "1DA1F2", "profile_sidebar_border_color": "C0DEED", "profile_sidebar_fill_color": "DDEEF6", "profile_text_color": "333333", "profile_use_background_image": true, "has_extended_profile": true, "default_profile": true, "default_profile_image": false, "following": false, "follow_request_sent": false, "notifications": false, "translator_type": "none", "withheld_in_countries": []}, "geo": null, "coordinates": null, "place": null, "contributors": null, "is_quote_status": false, "retweet_count": 0, "favorite_count": 0, "favorited": false, "retweeted": false, "possibly_sensitive": false, "lang": "en"}