{"created_at": "Fri Jul 17 04:06:02 +0000 2015", "id": 621893598590570496, "id_str": "621893598590570496", "text": "Peter Berg and SnoopDoggy Slams Caitlyn Jenner With Nasty\u00a0Meme http://t.co/6CA0O92T7F http://t.co/GKqwxDKjbO", "truncated": false, "entities": {"hashtags": [], "symbols": [], "user_mentions": [], "urls": [{"url": "http://t.co/6CA0O92T7F", "expanded_url": "http://www.stellanaija.com/peter-berg-and-snoopdoggy-slams-caitlyn-jenner-with-nasty-meme/", "display_url": "stellanaija.com/peter-berg-and\u2026", "indices": [63, 85]}], "media": [{"id": 621893597558779904, "id_str": "621893597558779904", "indices": [86, 108], "media_url": "http://pbs.twimg.com/media/CKFo7pqUsAAintz.jpg", "media_url_https": "https://pbs.twimg.com/media/CKFo7pqUsAAintz.jpg", "url": "http://t.co/GKqwxDKjbO", "display_url": "pic.twitter.com/GKqwxDKjbO", "expanded_url": "https://twitter.com/justorich/status/621893598590570496/photo/1", "type": "photo", "sizes": {"small": {"w": 557, "h": 680, "resize": "fit"}, "thumb": {"w": 150, "h": 150, "resize": "crop"}, "large": {"w": 634, "h": 774, "resize": "fit"}, "medium": {"w": 634, "h": 774, "resize": "fit"}}}]}, "extended_entities": {"media": [{"id": 621893597558779904, "id_str": "621893597558779904", "indices": [86, 108], "media_url": "http://pbs.twimg.com/media/CKFo7pqUsAAintz.jpg", "media_url_https": "https://pbs.twimg.com/media/CKFo7pqUsAAintz.jpg", "url": "http://t.co/GKqwxDKjbO", "display_url": "pic.twitter.com/GKqwxDKjbO", "expanded_url": "https://twitter.com/justorich/status/621893598590570496/photo/1", "type": "photo", "sizes": {"small": {"w": 557, "h": 680, "resize": "fit"}, "thumb": {"w": 150, "h": 150, "resize": "crop"}, "large": {"w": 634, "h": 774, "resize": "fit"}, "medium": {"w": 634, "h": 774, "resize": "fit"}}}]}, "source": "<a href=\"http://publicize.wp.com/\" rel=\"nofollow\">WordPress.com</a>", "in_reply_to_status_id": null, "in_reply_to_status_id_str": null, "in_reply_to_user_id": null, "in_reply_to_user_id_str": null, "in_reply_to_screen_name": null, "user": {"id": 326041446, "id_str": "326041446", "name": "Mc Justorich", "screen_name": "McJustorich", "location": "", "description": "Mc/Recording&Performing Art/Mc Justorich D confirm ekpoma boi..#Oya Sire O#..For bookings:08141189470, mcjustorich@gmail.com", "url": "https://t.co/DgW5kRlxA7", "entities": {"url": {"urls": [{"url": "https://t.co/DgW5kRlxA7", "expanded_url": "https://audiomack.com/mcjustorich/album/uwese", "display_url": "audiomack.com/mcjustorich/al\u2026", "indices": [0, 23]}]}, "description": {"urls": []}}, "protected": false, "followers_count": 2446, "friends_count": 4866, "listed_count": 2, "created_at": "Wed Jun 29 08:27:54 +0000 2011", "favourites_count": 2105, "utc_offset": null, "time_zone": null, "geo_enabled": true, "verified": false, "statuses_count": 7147, "lang": null, "contributors_enabled": false, "is_translator": false, "is_translation_enabled": false, "profile_background_color": "C0DEED", "profile_background_image_url": "http://abs.twimg.com/images/themes/theme1/bg.png", "profile_background_image_url_https": "https://abs.twimg.com/images/themes/theme1/bg.png", "profile_background_tile": false, "profile_image_url": "http://pbs.twimg.com/profile_images/1353600780226408448/Qn2uSQMa_normal.jpg", "profile_image_url_https": "https://pbs.twimg.com/profile_images/1353600780226408448/Qn2uSQMa_normal.jpg", "profile_banner_url": "https://pbs.twimg.com/profile_banners/326041446/1446436391", "profile_link_color": "1DA1F2", "profile_sidebar_border_color": "C0DEED", "profile_sidebar_fill_color": "DDEEF6", "profile_text_color": "333333", "profile_use_background_image": true, "has_extended_profile": true, "default_profile": true, "default_profile_image": false, "following": false, "follow_request_sent": false, "notifications": false, "translator_type": "none", "withheld_in_countries": []}, "geo": null, "coordinates": null, "place": null, "contributors": null, "is_quote_status": false, "retweet_count": 0, "favorite_count": 0, "favorited": false, "retweeted": false, "possibly_sensitive": false, "lang": "en"}