{"created_at": "Thu Jul 16 22:01:42 +0000 2015", "id": 621801908009746432, "id_str": "621801908009746432", "text": "Peter Berg Slams Caitlyn Jenner With Nasty Meme: \u00a0\u00a0 Peter Berg, who\u2019s the producer behind the Friday Night Lig... http://t.co/NwhnwdGGxE", "truncated": false, "entities": {"hashtags": [], "symbols": [], "user_mentions": [], "urls": [{"url": "http://t.co/NwhnwdGGxE", "expanded_url": "http://bit.ly/1HSGS9z", "display_url": "bit.ly/1HSGS9z", "indices": [114, 136]}]}, "source": "<a href=\"http://twitterfeed.com\" rel=\"nofollow\">twitterfeed</a>", "in_reply_to_status_id": null, "in_reply_to_status_id_str": null, "in_reply_to_user_id": null, "in_reply_to_user_id_str": null, "in_reply_to_screen_name": null, "user": {"id": 2745227702, "id_str": "2745227702", "name": "SUAVE Models Africa", "screen_name": "suavemodels", "location": "GLOBE", "description": "SUAVE Models Africa is a world class modeling agency.", "url": "https://t.co/EIWXsqY8qV", "entities": {"url": {"urls": [{"url": "https://t.co/EIWXsqY8qV", "expanded_url": "https://suave.com.ng/modelling.php", "display_url": "suave.com.ng/modelling.php", "indices": [0, 23]}]}, "description": {"urls": []}}, "protected": false, "followers_count": 1481, "friends_count": 417, "listed_count": 27, "created_at": "Tue Aug 19 15:14:33 +0000 2014", "favourites_count": 18, "utc_offset": null, "time_zone": null, "geo_enabled": false, "verified": false, "statuses_count": 114098, "lang": null, "contributors_enabled": false, "is_translator": false, "is_translation_enabled": false, "profile_background_color": "C0DEED", "profile_background_image_url": "http://abs.twimg.com/images/themes/theme1/bg.png", "profile_background_image_url_https": "https://abs.twimg.com/images/themes/theme1/bg.png", "profile_background_tile": false, "profile_image_url": "http://pbs.twimg.com/profile_images/1011515156042575872/oLkEv7rl_normal.jpg", "profile_image_url_https": "https://pbs.twimg.com/profile_images/1011515156042575872/oLkEv7rl_normal.jpg", "profile_banner_url": "https://pbs.twimg.com/profile_banners/2745227702/1585212847", "profile_link_color": "1DA1F2", "profile_sidebar_border_color": "C0DEED", "profile_sidebar_fill_color": "DDEEF6", "profile_text_color": "333333", "profile_use_background_image": true, "has_extended_profile": true, "default_profile": true, "default_profile_image": false, "following": false, "follow_request_sent": false, "notifications": false, "translator_type": "none", "withheld_in_countries": []}, "geo": null, "coordinates": null, "place": null, "contributors": null, "is_quote_status": false, "retweet_count": 0, "favorite_count": 0, "favorited": false, "retweeted": false, "possibly_sensitive": false, "lang": "en"}