{"created_at": "Fri Jul 17 00:56:51 +0000 2015", "id": 621845987363942400, "id_str": "621845987363942400", "text": "Peter Berg Slams Caitlyn Jenner With Nasty Meme: \u00a0\u00a0 Peter Berg, who\u2019s the producer behind the Friday Night Lig... http://t.co/0rzlbqW3ng", "truncated": false, "entities": {"hashtags": [], "symbols": [], "user_mentions": [], "urls": [{"url": "http://t.co/0rzlbqW3ng", "expanded_url": "http://bit.ly/1HSGS9z", "display_url": "bit.ly/1HSGS9z", "indices": [114, 136]}]}, "source": "<a href=\"http://twitterfeed.com\" rel=\"nofollow\">twitterfeed</a>", "in_reply_to_status_id": null, "in_reply_to_status_id_str": null, "in_reply_to_user_id": null, "in_reply_to_user_id_str": null, "in_reply_to_screen_name": null, "user": {"id": 2867624365, "id_str": "2867624365", "name": "LatestNews Nigeria", "screen_name": "LatestNewsNG", "location": "Africa", "description": "Latest News from Nigeria and around the Globe", "url": null, "entities": {"description": {"urls": []}}, "protected": false, "followers_count": 1209, "friends_count": 2, "listed_count": 138, "created_at": "Mon Oct 20 16:16:44 +0000 2014", "favourites_count": 17, "utc_offset": null, "time_zone": null, "geo_enabled": true, "verified": false, "statuses_count": 396686, "lang": null, "contributors_enabled": false, "is_translator": false, "is_translation_enabled": false, "profile_background_color": "C0DEED", "profile_background_image_url": "http://abs.twimg.com/images/themes/theme1/bg.png", "profile_background_image_url_https": "https://abs.twimg.com/images/themes/theme1/bg.png", "profile_background_tile": false, "profile_image_url": "http://pbs.twimg.com/profile_images/525417703876882432/EshkwvZT_normal.jpeg", "profile_image_url_https": "https://pbs.twimg.com/profile_images/525417703876882432/EshkwvZT_normal.jpeg", "profile_banner_url": "https://pbs.twimg.com/profile_banners/2867624365/1414104282", "profile_link_color": "1DA1F2", "profile_sidebar_border_color": "C0DEED", "profile_sidebar_fill_color": "DDEEF6", "profile_text_color": "333333", "profile_use_background_image": true, "has_extended_profile": false, "default_profile": true, "default_profile_image": false, "following": false, "follow_request_sent": false, "notifications": false, "translator_type": "none", "withheld_in_countries": []}, "geo": null, "coordinates": null, "place": null, "contributors": null, "is_quote_status": false, "retweet_count": 0, "favorite_count": 0, "favorited": false, "retweeted": false, "possibly_sensitive": false, "lang": "en"}