{"created_at": "Thu Jul 16 23:05:36 +0000 2015", "id": 621817990971981825, "id_str": "621817990971981825", "text": "Peter Berg Slams Caitlyn Jenner With Nasty Meme http://t.co/fcQyG6t9lV #36NG", "truncated": false, "entities": {"hashtags": [{"text": "36NG", "indices": [71, 76]}], "symbols": [], "user_mentions": [], "urls": [{"url": "http://t.co/fcQyG6t9lV", "expanded_url": "http://bit.ly/1HSGS9z", "display_url": "bit.ly/1HSGS9z", "indices": [48, 70]}]}, "source": "<a href=\"http://twitterfeed.com\" rel=\"nofollow\">twitterfeed</a>", "in_reply_to_status_id": null, "in_reply_to_status_id_str": null, "in_reply_to_user_id": null, "in_reply_to_user_id_str": null, "in_reply_to_screen_name": null, "user": {"id": 866026890, "id_str": "866026890", "name": "Omodunbi", "screen_name": "Mz_iberry", "location": "\u00dcT: 7.52425,4.53886", "description": "| Head A&R iBerry Entertainment | Talent Management, Consultancy and Development | Afro Culture |", "url": null, "entities": {"description": {"urls": []}}, "protected": false, "followers_count": 5825, "friends_count": 0, "listed_count": 53, "created_at": "Sun Oct 07 09:14:09 +0000 2012", "favourites_count": 184, "utc_offset": null, "time_zone": null, "geo_enabled": false, "verified": false, "statuses_count": 158849, "lang": null, "contributors_enabled": false, "is_translator": false, "is_translation_enabled": false, "profile_background_color": "C0DEED", "profile_background_image_url": "http://abs.twimg.com/images/themes/theme1/bg.png", "profile_background_image_url_https": "https://abs.twimg.com/images/themes/theme1/bg.png", "profile_background_tile": false, "profile_image_url": "http://pbs.twimg.com/profile_images/537662943534788608/k7-cPVRR_normal.jpeg", "profile_image_url_https": "https://pbs.twimg.com/profile_images/537662943534788608/k7-cPVRR_normal.jpeg", "profile_link_color": "1DA1F2", "profile_sidebar_border_color": "C0DEED", "profile_sidebar_fill_color": "DDEEF6", "profile_text_color": "333333", "profile_use_background_image": true, "has_extended_profile": false, "default_profile": true, "default_profile_image": false, "following": false, "follow_request_sent": false, "notifications": false, "translator_type": "none", "withheld_in_countries": []}, "geo": null, "coordinates": null, "place": null, "contributors": null, "is_quote_status": false, "retweet_count": 0, "favorite_count": 0, "favorited": false, "retweeted": false, "possibly_sensitive": false, "lang": "cy"}