{"created_at": "Thu Jul 16 22:01:20 +0000 2015", "id": 621801816783630340, "id_str": "621801816783630340", "text": "Peter Berg Slams Caitlyn Jenner With Nasty Meme: \u00a0\u00a0 Peter Berg, who\u2019s the producer behind the Friday Night Lig... http://t.co/PmPnLfop2Y", "truncated": false, "entities": {"hashtags": [], "symbols": [], "user_mentions": [], "urls": [{"url": "http://t.co/PmPnLfop2Y", "expanded_url": "http://bit.ly/1HSGS9z", "display_url": "bit.ly/1HSGS9z", "indices": [114, 136]}]}, "source": "<a href=\"http://twitterfeed.com\" rel=\"nofollow\">twitterfeed</a>", "in_reply_to_status_id": null, "in_reply_to_status_id_str": null, "in_reply_to_user_id": null, "in_reply_to_user_id_str": null, "in_reply_to_screen_name": null, "user": {"id": 424801853, "id_str": "424801853", "name": "KUSH LONER #JUNE 29", "screen_name": "young_heady", "location": "Lagos", "description": "Bio: I promise my kids 2 be a great dad!", "url": "http://t.co/zWxsg5rnET", "entities": {"url": {"urls": [{"url": "http://t.co/zWxsg5rnET", "expanded_url": "https://twitter.com/young_heady", "display_url": "twitter.com/young_heady", "indices": [0, 22]}]}, "description": {"urls": []}}, "protected": false, "followers_count": 502, "friends_count": 291, "listed_count": 10, "created_at": "Wed Nov 30 05:51:55 +0000 2011", "favourites_count": 40, "utc_offset": null, "time_zone": null, "geo_enabled": false, "verified": false, "statuses_count": 81879, "lang": null, "contributors_enabled": false, "is_translator": false, "is_translation_enabled": false, "profile_background_color": "C0DEED", "profile_background_image_url": "http://abs.twimg.com/images/themes/theme1/bg.png", "profile_background_image_url_https": "https://abs.twimg.com/images/themes/theme1/bg.png", "profile_background_tile": false, "profile_image_url": "http://pbs.twimg.com/profile_images/543415156446072832/yWF4etH3_normal.jpeg", "profile_image_url_https": "https://pbs.twimg.com/profile_images/543415156446072832/yWF4etH3_normal.jpeg", "profile_link_color": "1DA1F2", "profile_sidebar_border_color": "C0DEED", "profile_sidebar_fill_color": "DDEEF6", "profile_text_color": "333333", "profile_use_background_image": true, "has_extended_profile": false, "default_profile": true, "default_profile_image": false, "following": false, "follow_request_sent": false, "notifications": false, "translator_type": "none", "withheld_in_countries": []}, "geo": null, "coordinates": null, "place": null, "contributors": null, "is_quote_status": false, "retweet_count": 0, "favorite_count": 0, "favorited": false, "retweeted": false, "possibly_sensitive": false, "lang": "en"}