{"created_at": "Thu Jul 16 22:01:40 +0000 2015", "id": 621801903421128706, "id_str": "621801903421128706", "text": "Peter Berg Slams Caitlyn Jenner With Nasty Meme: \u00a0\u00a0 Peter Berg, who\u2019s the producer behind the Friday Night Lig... http://t.co/juCcadYvlk", "truncated": false, "entities": {"hashtags": [], "symbols": [], "user_mentions": [], "urls": [{"url": "http://t.co/juCcadYvlk", "expanded_url": "http://bit.ly/1HSGS9z", "display_url": "bit.ly/1HSGS9z", "indices": [114, 136]}]}, "source": "<a href=\"http://twitterfeed.com\" rel=\"nofollow\">twitterfeed</a>", "in_reply_to_status_id": null, "in_reply_to_status_id_str": null, "in_reply_to_user_id": null, "in_reply_to_user_id_str": null, "in_reply_to_screen_name": null, "user": {"id": 2842604572, "id_str": "2842604572", "name": "#NYFEWProjectMakeMe", "screen_name": "ProjectMakeMe", "location": "Nigeria", "description": "NYFEW ProjectMakeMe is a fashionpreneur and entertainment Reality TV empowerment show for skilled Nigerian Youths. Produced: @suaveofficials", "url": "https://t.co/xedkGK5vPp", "entities": {"url": {"urls": [{"url": "https://t.co/xedkGK5vPp", "expanded_url": "http://nyfew.com.ng", "display_url": "nyfew.com.ng", "indices": [0, 23]}]}, "description": {"urls": []}}, "protected": false, "followers_count": 1525, "friends_count": 332, "listed_count": 25, "created_at": "Fri Oct 24 12:54:55 +0000 2014", "favourites_count": 789, "utc_offset": null, "time_zone": null, "geo_enabled": false, "verified": false, "statuses_count": 86134, "lang": null, "contributors_enabled": false, "is_translator": false, "is_translation_enabled": false, "profile_background_color": "000000", "profile_background_image_url": "http://abs.twimg.com/images/themes/theme1/bg.png", "profile_background_image_url_https": "https://abs.twimg.com/images/themes/theme1/bg.png", "profile_background_tile": false, "profile_image_url": "http://pbs.twimg.com/profile_images/1316266122245804032/jna6YQXk_normal.jpg", "profile_image_url_https": "https://pbs.twimg.com/profile_images/1316266122245804032/jna6YQXk_normal.jpg", "profile_banner_url": "https://pbs.twimg.com/profile_banners/2842604572/1595990370", "profile_link_color": "19CF86", "profile_sidebar_border_color": "000000", "profile_sidebar_fill_color": "000000", "profile_text_color": "000000", "profile_use_background_image": false, "has_extended_profile": false, "default_profile": false, "default_profile_image": false, "following": false, "follow_request_sent": false, "notifications": false, "translator_type": "none", "withheld_in_countries": []}, "geo": null, "coordinates": null, "place": null, "contributors": null, "is_quote_status": false, "retweet_count": 0, "favorite_count": 0, "favorited": false, "retweeted": false, "possibly_sensitive": false, "lang": "en"}