{"created_at": "Thu Jul 16 22:12:34 +0000 2015", "id": 621804646579875841, "id_str": "621804646579875841", "text": "#36NG Peter Berg Slams Caitlyn Jenner With Nasty Meme http://t.co/QrxPlbAQ0h", "truncated": false, "entities": {"hashtags": [{"text": "36NG", "indices": [0, 5]}], "symbols": [], "user_mentions": [], "urls": [{"url": "http://t.co/QrxPlbAQ0h", "expanded_url": "http://dlvr.it/BY4LMC", "display_url": "dlvr.it/BY4LMC", "indices": [54, 76]}]}, "source": "<a href=\"https://dlvrit.com/\" rel=\"nofollow\">dlvr.it</a>", "in_reply_to_status_id": null, "in_reply_to_status_id_str": null, "in_reply_to_user_id": null, "in_reply_to_user_id_str": null, "in_reply_to_screen_name": null, "user": {"id": 151833631, "id_str": "151833631", "name": "Onyi \u2b50\ufe0f", "screen_name": "divadollarbaby", "location": "ss\u01ddu\u0131snq \u0279no\u028e pu\u0131\u026f ", "description": "makeup artist, I take pleasure in making people look beautiful \ud83d\udc95Instagram:- @kambeaut.y,", "url": "https://t.co/hZZ4fNoB0o", "entities": {"url": {"urls": [{"url": "https://t.co/hZZ4fNoB0o", "expanded_url": "https://www.instagram.com/kambeaut.y", "display_url": "instagram.com/kambeaut.y", "indices": [0, 23]}]}, "description": {"urls": []}}, "protected": false, "followers_count": 6394, "friends_count": 1024, "listed_count": 56, "created_at": "Fri Jun 04 10:49:31 +0000 2010", "favourites_count": 1902, "utc_offset": null, "time_zone": null, "geo_enabled": true, "verified": false, "statuses_count": 130580, "lang": null, "contributors_enabled": false, "is_translator": false, "is_translation_enabled": false, "profile_background_color": "FF6699", "profile_background_image_url": "http://abs.twimg.com/images/themes/theme11/bg.gif", "profile_background_image_url_https": "https://abs.twimg.com/images/themes/theme11/bg.gif", "profile_background_tile": false, "profile_image_url": "http://pbs.twimg.com/profile_images/1384189398925811722/FPkRwGDU_normal.jpg", "profile_image_url_https": "https://pbs.twimg.com/profile_images/1384189398925811722/FPkRwGDU_normal.jpg", "profile_banner_url": "https://pbs.twimg.com/profile_banners/151833631/1516391052", "profile_link_color": "B40B43", "profile_sidebar_border_color": "CC3366", "profile_sidebar_fill_color": "E5507E", "profile_text_color": "362720", "profile_use_background_image": true, "has_extended_profile": true, "default_profile": false, "default_profile_image": false, "following": false, "follow_request_sent": false, "notifications": false, "translator_type": "none", "withheld_in_countries": []}, "geo": null, "coordinates": null, "place": null, "contributors": null, "is_quote_status": false, "retweet_count": 0, "favorite_count": 0, "favorited": false, "retweeted": false, "possibly_sensitive": false, "lang": "cy"}