{"created_at": "Thu Jul 16 22:21:43 +0000 2015", "id": 621806945276596224, "id_str": "621806945276596224", "text": "Peter Berg Slams Caitlyn Jenner With Nasty\u00a0Meme http://t.co/I7BlLhugsE http://t.co/E37ygwsNlt", "truncated": false, "entities": {"hashtags": [], "symbols": [], "user_mentions": [], "urls": [{"url": "http://t.co/I7BlLhugsE", "expanded_url": "http://timeline.ng/2015/07/peter-berg-slams-caitlyn-jenner-with-nasty-meme/", "display_url": "timeline.ng/2015/07/peter-\u2026", "indices": [48, 70]}], "media": [{"id": 621806944077025280, "id_str": "621806944077025280", "indices": [71, 93], "media_url": "http://pbs.twimg.com/media/CKEaHwSVEAA1MZb.jpg", "media_url_https": "https://pbs.twimg.com/media/CKEaHwSVEAA1MZb.jpg", "url": "http://t.co/E37ygwsNlt", "display_url": "pic.twitter.com/E37ygwsNlt", "expanded_url": "https://twitter.com/TimeLineNg/status/621806945276596224/photo/1", "type": "photo", "sizes": {"small": {"w": 557, "h": 680, "resize": "fit"}, "thumb": {"w": 150, "h": 150, "resize": "crop"}, "large": {"w": 634, "h": 774, "resize": "fit"}, "medium": {"w": 634, "h": 774, "resize": "fit"}}}]}, "extended_entities": {"media": [{"id": 621806944077025280, "id_str": "621806944077025280", "indices": [71, 93], "media_url": "http://pbs.twimg.com/media/CKEaHwSVEAA1MZb.jpg", "media_url_https": "https://pbs.twimg.com/media/CKEaHwSVEAA1MZb.jpg", "url": "http://t.co/E37ygwsNlt", "display_url": "pic.twitter.com/E37ygwsNlt", "expanded_url": "https://twitter.com/TimeLineNg/status/621806945276596224/photo/1", "type": "photo", "sizes": {"small": {"w": 557, "h": 680, "resize": "fit"}, "thumb": {"w": 150, "h": 150, "resize": "crop"}, "large": {"w": 634, "h": 774, "resize": "fit"}, "medium": {"w": 634, "h": 774, "resize": "fit"}}}]}, "source": "<a href=\"http://publicize.wp.com/\" rel=\"nofollow\">WordPress.com</a>", "in_reply_to_status_id": null, "in_reply_to_status_id_str": null, "in_reply_to_user_id": null, "in_reply_to_user_id_str": null, "in_reply_to_screen_name": null, "user": {"id": 2980094789, "id_str": "2980094789", "name": "TimeLineNg", "screen_name": "TimeLineNg", "location": "", "description": "", "url": "http://t.co/OlWZz3zh7y", "entities": {"url": {"urls": [{"url": "http://t.co/OlWZz3zh7y", "expanded_url": "http://www.timeline.ng", "display_url": "timeline.ng", "indices": [0, 22]}]}, "description": {"urls": []}}, "protected": false, "followers_count": 140, "friends_count": 0, "listed_count": 3, "created_at": "Thu Jan 15 17:38:56 +0000 2015", "favourites_count": 0, "utc_offset": null, "time_zone": null, "geo_enabled": false, "verified": false, "statuses_count": 40512, "lang": null, "contributors_enabled": false, "is_translator": false, "is_translation_enabled": true, "profile_background_color": "C0DEED", "profile_background_image_url": "http://abs.twimg.com/images/themes/theme1/bg.png", "profile_background_image_url_https": "https://abs.twimg.com/images/themes/theme1/bg.png", "profile_background_tile": false, "profile_image_url": "http://pbs.twimg.com/profile_images/556906148586987520/24xNgMTa_normal.png", "profile_image_url_https": "https://pbs.twimg.com/profile_images/556906148586987520/24xNgMTa_normal.png", "profile_link_color": "1DA1F2", "profile_sidebar_border_color": "C0DEED", "profile_sidebar_fill_color": "DDEEF6", "profile_text_color": "333333", "profile_use_background_image": true, "has_extended_profile": false, "default_profile": true, "default_profile_image": false, "following": false, "follow_request_sent": false, "notifications": false, "translator_type": "none", "withheld_in_countries": []}, "geo": null, "coordinates": null, "place": null, "contributors": null, "is_quote_status": false, "retweet_count": 0, "favorite_count": 0, "favorited": false, "retweeted": false, "possibly_sensitive": false, "lang": "cy"}