{"created_at": "Thu Jul 16 22:01:43 +0000 2015", "id": 621801913596522497, "id_str": "621801913596522497", "text": "Peter Berg Slams Caitlyn Jenner With Nasty Meme: \u00a0\u00a0 Peter Berg, who\u2019s the producer behind the Friday Night Lig... http://t.co/92a8FBM46C", "truncated": false, "entities": {"hashtags": [], "symbols": [], "user_mentions": [], "urls": [{"url": "http://t.co/92a8FBM46C", "expanded_url": "http://bit.ly/1HSGS9z", "display_url": "bit.ly/1HSGS9z", "indices": [114, 136]}]}, "source": "<a href=\"http://twitterfeed.com\" rel=\"nofollow\">twitterfeed</a>", "in_reply_to_status_id": null, "in_reply_to_status_id_str": null, "in_reply_to_user_id": null, "in_reply_to_user_id_str": null, "in_reply_to_screen_name": null, "user": {"id": 2496362523, "id_str": "2496362523", "name": "IBADAN GIST", "screen_name": "IB_GIST", "location": "IBADAN, OYO STATE", "description": "IBADAN LATEST HAPPENINGS... iGist| iHype and Trend | PR | Blogger |Account Sponsored By:-[@ENT_GISTS]", "url": "https://t.co/NY496z7Y6F", "entities": {"url": {"urls": [{"url": "https://t.co/NY496z7Y6F", "expanded_url": "http://suave.com.ng", "display_url": "suave.com.ng", "indices": [0, 23]}]}, "description": {"urls": []}}, "protected": false, "followers_count": 1442, "friends_count": 477, "listed_count": 21, "created_at": "Sun Apr 20 04:42:41 +0000 2014", "favourites_count": 18, "utc_offset": null, "time_zone": null, "geo_enabled": false, "verified": false, "statuses_count": 44831, "lang": null, "contributors_enabled": false, "is_translator": false, "is_translation_enabled": false, "profile_background_color": "C0DEED", "profile_background_image_url": "http://abs.twimg.com/images/themes/theme1/bg.png", "profile_background_image_url_https": "https://abs.twimg.com/images/themes/theme1/bg.png", "profile_background_tile": false, "profile_image_url": "http://pbs.twimg.com/profile_images/524493300263157761/M3zV0iub_normal.jpeg", "profile_image_url_https": "https://pbs.twimg.com/profile_images/524493300263157761/M3zV0iub_normal.jpeg", "profile_banner_url": "https://pbs.twimg.com/profile_banners/2496362523/1412946392", "profile_link_color": "1DA1F2", "profile_sidebar_border_color": "C0DEED", "profile_sidebar_fill_color": "DDEEF6", "profile_text_color": "333333", "profile_use_background_image": true, "has_extended_profile": false, "default_profile": true, "default_profile_image": false, "following": false, "follow_request_sent": false, "notifications": false, "translator_type": "none", "withheld_in_countries": []}, "geo": null, "coordinates": null, "place": null, "contributors": null, "is_quote_status": false, "retweet_count": 0, "favorite_count": 0, "favorited": false, "retweeted": false, "possibly_sensitive": false, "lang": "en"}