{"created_at": "Fri Jul 17 03:43:25 +0000 2015", "id": 621887907586904066, "id_str": "621887907586904066", "text": "Ok I don't necessarily agree with Caitlyn Jenner but everyone being nasty bout her is not called for. Let her live HER life.", "truncated": false, "entities": {"hashtags": [], "symbols": [], "user_mentions": [], "urls": []}, "source": "<a href=\"http://twitter.com/download/android\" rel=\"nofollow\">Twitter for Android</a>", "in_reply_to_status_id": null, "in_reply_to_status_id_str": null, "in_reply_to_user_id": null, "in_reply_to_user_id_str": null, "in_reply_to_screen_name": null, "user": {"id": 1954360910, "id_str": "1954360910", "name": "Me & My Girl \u2764", "screen_name": "come_for_t", "location": "somewhere in the void", "description": "Some kind of Gallifreyan freak...\nNo interviews without appointment except between 9pm-10pm on the 2nd Saturday of every month", "url": null, "entities": {"description": {"urls": []}}, "protected": false, "followers_count": 1582, "friends_count": 1788, "listed_count": 17, "created_at": "Fri Oct 11 14:54:01 +0000 2013", "favourites_count": 152598, "utc_offset": null, "time_zone": null, "geo_enabled": false, "verified": false, "statuses_count": 78446, "lang": null, "contributors_enabled": false, "is_translator": false, "is_translation_enabled": false, "profile_background_color": "F2A4D3", "profile_background_image_url": "http://abs.twimg.com/images/themes/theme1/bg.png", "profile_background_image_url_https": "https://abs.twimg.com/images/themes/theme1/bg.png", "profile_background_tile": true, "profile_image_url": "http://pbs.twimg.com/profile_images/1061163316435812353/12xK4yvh_normal.jpg", "profile_image_url_https": "https://pbs.twimg.com/profile_images/1061163316435812353/12xK4yvh_normal.jpg", "profile_banner_url": "https://pbs.twimg.com/profile_banners/1954360910/1493629936", "profile_link_color": "FA0387", "profile_sidebar_border_color": "000000", "profile_sidebar_fill_color": "DDEEF6", "profile_text_color": "333333", "profile_use_background_image": true, "has_extended_profile": true, "default_profile": false, "default_profile_image": false, "following": false, "follow_request_sent": false, "notifications": false, "translator_type": "none", "withheld_in_countries": []}, "geo": null, "coordinates": null, "place": null, "contributors": null, "is_quote_status": false, "retweet_count": 0, "favorite_count": 0, "favorited": false, "retweeted": false, "lang": "en"}