{"created_at": "Thu Jul 16 23:05:29 +0000 2015", "id": 621817963587342336, "id_str": "621817963587342336", "text": "Peter Berg Slams Caitlyn Jenner With Nasty Meme http://t.co/AHcbP7pbLF", "truncated": false, "entities": {"hashtags": [], "symbols": [], "user_mentions": [], "urls": [{"url": "http://t.co/AHcbP7pbLF", "expanded_url": "http://bit.ly/1HSGS9z", "display_url": "bit.ly/1HSGS9z", "indices": [48, 70]}]}, "source": "<a href=\"http://twitterfeed.com\" rel=\"nofollow\">twitterfeed</a>", "in_reply_to_status_id": null, "in_reply_to_status_id_str": null, "in_reply_to_user_id": null, "in_reply_to_user_id_str": null, "in_reply_to_screen_name": null, "user": {"id": 68146883, "id_str": "68146883", "name": "Kanmii", "screen_name": "OlaKanmii", "location": "Isale Eko", "description": "https://t.co/5AbcuEToIy DOGBAJALE      \u0671\u0647\u06e1\u062f\u0650\u0646\u064e\u0627  \u0671\u0644\u0635\u0650\u0651\u0631\u064e\u0672\u0637\u064e \u0671\u0644\u06e1\u0645\u064f\u0633\u06e1\u062a\u064e\u0642\u0650\u064a\u0645\u064e  \ud83e\udd32\ud83c\udffc", "url": null, "entities": {"description": {"urls": [{"url": "https://t.co/5AbcuEToIy", "expanded_url": "http://36ng.com", "display_url": "36ng.com", "indices": [0, 23]}]}}, "protected": false, "followers_count": 1207, "friends_count": 645, "listed_count": 10, "created_at": "Sun Aug 23 13:46:30 +0000 2009", "favourites_count": 18075, "utc_offset": null, "time_zone": null, "geo_enabled": true, "verified": false, "statuses_count": 83383, "lang": null, "contributors_enabled": false, "is_translator": false, "is_translation_enabled": false, "profile_background_color": "131516", "profile_background_image_url": "http://abs.twimg.com/images/themes/theme14/bg.gif", "profile_background_image_url_https": "https://abs.twimg.com/images/themes/theme14/bg.gif", "profile_background_tile": false, "profile_image_url": "http://pbs.twimg.com/profile_images/1319805813565902848/aiThy4un_normal.jpg", "profile_image_url_https": "https://pbs.twimg.com/profile_images/1319805813565902848/aiThy4un_normal.jpg", "profile_banner_url": "https://pbs.twimg.com/profile_banners/68146883/1575891674", "profile_link_color": "009999", "profile_sidebar_border_color": "EEEEEE", "profile_sidebar_fill_color": "EFEFEF", "profile_text_color": "333333", "profile_use_background_image": false, "has_extended_profile": true, "default_profile": false, "default_profile_image": false, "following": false, "follow_request_sent": false, "notifications": false, "translator_type": "none", "withheld_in_countries": []}, "geo": null, "coordinates": null, "place": null, "contributors": null, "is_quote_status": false, "retweet_count": 0, "favorite_count": 0, "favorited": false, "retweeted": false, "possibly_sensitive": false, "lang": "cy"}