{"created_at": "Thu Jul 16 22:12:40 +0000 2015", "id": 621804670726483968, "id_str": "621804670726483968", "text": "#36NG Peter Berg Slams Caitlyn Jenner With Nasty Meme http://t.co/Pw332qNVPS", "truncated": false, "entities": {"hashtags": [{"text": "36NG", "indices": [0, 5]}], "symbols": [], "user_mentions": [], "urls": [{"url": "http://t.co/Pw332qNVPS", "expanded_url": "http://dlvr.it/BY4Mgz", "display_url": "dlvr.it/BY4Mgz", "indices": [54, 76]}]}, "source": "<a href=\"https://dlvrit.com/\" rel=\"nofollow\">dlvr.it</a>", "in_reply_to_status_id": null, "in_reply_to_status_id_str": null, "in_reply_to_user_id": null, "in_reply_to_user_id_str": null, "in_reply_to_screen_name": null, "user": {"id": 149285277, "id_str": "149285277", "name": "Mzpheary", "screen_name": "Pheary_", "location": "Smwhere in d World", "description": "Phenomenal Woman #TeamArsenal #TeamPisces.", "url": null, "entities": {"description": {"urls": []}}, "protected": false, "followers_count": 1875, "friends_count": 799, "listed_count": 21, "created_at": "Fri May 28 22:26:33 +0000 2010", "favourites_count": 43, "utc_offset": null, "time_zone": null, "geo_enabled": false, "verified": false, "statuses_count": 108215, "lang": null, "contributors_enabled": false, "is_translator": false, "is_translation_enabled": false, "profile_background_color": "EDECE9", "profile_background_image_url": "http://abs.twimg.com/images/themes/theme8/bg.gif", "profile_background_image_url_https": "https://abs.twimg.com/images/themes/theme8/bg.gif", "profile_background_tile": true, "profile_image_url": "http://pbs.twimg.com/profile_images/836685899488374788/qpGXGJ73_normal.jpg", "profile_image_url_https": "https://pbs.twimg.com/profile_images/836685899488374788/qpGXGJ73_normal.jpg", "profile_banner_url": "https://pbs.twimg.com/profile_banners/149285277/1396626409", "profile_link_color": "088253", "profile_sidebar_border_color": "D3D2CF", "profile_sidebar_fill_color": "E3E2DE", "profile_text_color": "634047", "profile_use_background_image": true, "has_extended_profile": false, "default_profile": false, "default_profile_image": false, "following": false, "follow_request_sent": false, "notifications": false, "translator_type": "none", "withheld_in_countries": []}, "geo": null, "coordinates": null, "place": null, "contributors": null, "is_quote_status": false, "retweet_count": 0, "favorite_count": 0, "favorited": false, "retweeted": false, "possibly_sensitive": false, "lang": "cy"}