{"created_at": "Thu Jul 16 23:05:27 +0000 2015", "id": 621817951604215808, "id_str": "621817951604215808", "text": "Peter Berg Slams Caitlyn Jenner With Nasty Meme http://t.co/pk9WrcUIz3", "truncated": false, "entities": {"hashtags": [], "symbols": [], "user_mentions": [], "urls": [{"url": "http://t.co/pk9WrcUIz3", "expanded_url": "http://bit.ly/1HSGV5o", "display_url": "bit.ly/1HSGV5o", "indices": [48, 70]}]}, "source": "<a href=\"http://twitterfeed.com\" rel=\"nofollow\">twitterfeed</a>", "in_reply_to_status_id": null, "in_reply_to_status_id_str": null, "in_reply_to_user_id": null, "in_reply_to_user_id_str": null, "in_reply_to_screen_name": null, "user": {"id": 357400315, "id_str": "357400315", "name": "Otunba  Daniels", "screen_name": "unlimitedotunba", "location": "WhereEver The Lord Directs Me.", "description": "Let\u2019s Live and Enjoy Life As it Comes...", "url": null, "entities": {"description": {"urls": []}}, "protected": false, "followers_count": 2337, "friends_count": 2287, "listed_count": 53, "created_at": "Thu Aug 18 09:18:58 +0000 2011", "favourites_count": 6601, "utc_offset": null, "time_zone": null, "geo_enabled": true, "verified": false, "statuses_count": 341438, "lang": null, "contributors_enabled": false, "is_translator": false, "is_translation_enabled": false, "profile_background_color": "C0DEED", "profile_background_image_url": "http://abs.twimg.com/images/themes/theme1/bg.png", "profile_background_image_url_https": "https://abs.twimg.com/images/themes/theme1/bg.png", "profile_background_tile": false, "profile_image_url": "http://pbs.twimg.com/profile_images/1393142542452109313/b8tT1bDS_normal.jpg", "profile_image_url_https": "https://pbs.twimg.com/profile_images/1393142542452109313/b8tT1bDS_normal.jpg", "profile_banner_url": "https://pbs.twimg.com/profile_banners/357400315/1516571913", "profile_link_color": "1DA1F2", "profile_sidebar_border_color": "C0DEED", "profile_sidebar_fill_color": "DDEEF6", "profile_text_color": "333333", "profile_use_background_image": true, "has_extended_profile": true, "default_profile": true, "default_profile_image": false, "following": false, "follow_request_sent": false, "notifications": false, "translator_type": "none", "withheld_in_countries": []}, "geo": null, "coordinates": null, "place": null, "contributors": null, "is_quote_status": false, "retweet_count": 0, "favorite_count": 0, "favorited": false, "retweeted": false, "possibly_sensitive": false, "lang": "cy"}