{"created_at": "Thu Jul 16 22:05:03 +0000 2015", "id": 621802752797085696, "id_str": "621802752797085696", "text": "New #African #movies #music #sports #fashion: Peter Berg Slams Caitlyn Jenner With Nasty Meme http://t.co/AkSUF6Cp8q", "truncated": false, "entities": {"hashtags": [{"text": "African", "indices": [4, 12]}, {"text": "movies", "indices": [13, 20]}, {"text": "music", "indices": [21, 27]}, {"text": "sports", "indices": [28, 35]}, {"text": "fashion", "indices": [36, 44]}], "symbols": [], "user_mentions": [], "urls": [{"url": "http://t.co/AkSUF6Cp8q", "expanded_url": "http://smileandtalk.com/2015/07/16/peter-berg-slams-caitlyn-jenner-with-nasty-meme/", "display_url": "smileandtalk.com/2015/07/16/pet\u2026", "indices": [94, 116]}]}, "source": "<a href=\"http://www.smileandtalk.com\" rel=\"nofollow\">Smile and Talk</a>", "in_reply_to_status_id": null, "in_reply_to_status_id_str": null, "in_reply_to_user_id": null, "in_reply_to_user_id_str": null, "in_reply_to_screen_name": null, "user": {"id": 2438607421, "id_str": "2438607421", "name": "Block of Fame", "screen_name": "blockoffame", "location": "", "description": "African Entertainment Channel.", "url": "https://t.co/tks5fPOIeb", "entities": {"url": {"urls": [{"url": "https://t.co/tks5fPOIeb", "expanded_url": "http://www.blockoffame.com", "display_url": "blockoffame.com", "indices": [0, 23]}]}, "description": {"urls": []}}, "protected": false, "followers_count": 9207, "friends_count": 5626, "listed_count": 131, "created_at": "Fri Apr 11 14:26:56 +0000 2014", "favourites_count": 137, "utc_offset": null, "time_zone": null, "geo_enabled": false, "verified": false, "statuses_count": 29564, "lang": null, "contributors_enabled": false, "is_translator": false, "is_translation_enabled": false, "profile_background_color": "C0DEED", "profile_background_image_url": "http://abs.twimg.com/images/themes/theme1/bg.png", "profile_background_image_url_https": "https://abs.twimg.com/images/themes/theme1/bg.png", "profile_background_tile": false, "profile_image_url": "http://pbs.twimg.com/profile_images/1062188586949398528/37TDaH1i_normal.jpg", "profile_image_url_https": "https://pbs.twimg.com/profile_images/1062188586949398528/37TDaH1i_normal.jpg", "profile_link_color": "1DA1F2", "profile_sidebar_border_color": "C0DEED", "profile_sidebar_fill_color": "DDEEF6", "profile_text_color": "333333", "profile_use_background_image": true, "has_extended_profile": false, "default_profile": true, "default_profile_image": false, "following": false, "follow_request_sent": false, "notifications": false, "translator_type": "none", "withheld_in_countries": []}, "geo": null, "coordinates": null, "place": null, "contributors": null, "is_quote_status": false, "retweet_count": 0, "favorite_count": 0, "favorited": false, "retweeted": false, "possibly_sensitive": false, "lang": "en"}