{"created_at": "Thu Jul 16 22:01:44 +0000 2015", "id": 621801919061757952, "id_str": "621801919061757952", "text": "Peter Berg Slams Caitlyn Jenner With Nasty Meme: \u00a0\u00a0 Peter Berg, who\u2019s the producer behind the Friday Night Lig... http://t.co/7JKS72wjVV", "truncated": false, "entities": {"hashtags": [], "symbols": [], "user_mentions": [], "urls": [{"url": "http://t.co/7JKS72wjVV", "expanded_url": "http://bit.ly/1HSGV5o", "display_url": "bit.ly/1HSGV5o", "indices": [114, 136]}]}, "source": "<a href=\"http://twitterfeed.com\" rel=\"nofollow\">twitterfeed</a>", "in_reply_to_status_id": null, "in_reply_to_status_id_str": null, "in_reply_to_user_id": null, "in_reply_to_user_id_str": null, "in_reply_to_screen_name": null, "user": {"id": 521746630, "id_str": "521746630", "name": "olajide", "screen_name": "jaidizus", "location": "Las gidi", "description": "#maniac king-its my life, I'll live it,i'll love it and won't care about what you think of it.#dontmindthem", "url": null, "entities": {"description": {"urls": []}}, "protected": false, "followers_count": 121, "friends_count": 135, "listed_count": 2, "created_at": "Sun Mar 11 22:44:47 +0000 2012", "favourites_count": 3, "utc_offset": null, "time_zone": null, "geo_enabled": true, "verified": false, "statuses_count": 6613, "lang": null, "contributors_enabled": false, "is_translator": false, "is_translation_enabled": false, "profile_background_color": "C0DEED", "profile_background_image_url": "http://abs.twimg.com/images/themes/theme1/bg.png", "profile_background_image_url_https": "https://abs.twimg.com/images/themes/theme1/bg.png", "profile_background_tile": false, "profile_image_url": "http://pbs.twimg.com/profile_images/674175034164912128/U9ySccM7_normal.jpg", "profile_image_url_https": "https://pbs.twimg.com/profile_images/674175034164912128/U9ySccM7_normal.jpg", "profile_banner_url": "https://pbs.twimg.com/profile_banners/521746630/1420491103", "profile_link_color": "1DA1F2", "profile_sidebar_border_color": "C0DEED", "profile_sidebar_fill_color": "DDEEF6", "profile_text_color": "333333", "profile_use_background_image": true, "has_extended_profile": false, "default_profile": true, "default_profile_image": false, "following": false, "follow_request_sent": false, "notifications": false, "translator_type": "none", "withheld_in_countries": []}, "geo": null, "coordinates": null, "place": null, "contributors": null, "is_quote_status": false, "retweet_count": 0, "favorite_count": 0, "favorited": false, "retweeted": false, "possibly_sensitive": false, "lang": "en"}