{"created_at": "Thu Jul 16 22:12:34 +0000 2015", "id": 621804643367038976, "id_str": "621804643367038976", "text": "#36NG Peter Berg Slams Caitlyn Jenner With Nasty Meme http://t.co/BOuNXRgOTe @36NGcom", "truncated": false, "entities": {"hashtags": [{"text": "36NG", "indices": [0, 5]}], "symbols": [], "user_mentions": [{"screen_name": "36NGcom", "name": "36NG", "id": 554361941, "id_str": "554361941", "indices": [77, 85]}], "urls": [{"url": "http://t.co/BOuNXRgOTe", "expanded_url": "http://www.36ng.com.ng/2015/07/16/peter-berg-slams-caitlyn-jenner-with-nasty-meme/", "display_url": "36ng.com.ng/2015/07/16/pet\u2026", "indices": [54, 76]}]}, "source": "<a href=\"https://dlvrit.com/\" rel=\"nofollow\">dlvr.it</a>", "in_reply_to_status_id": null, "in_reply_to_status_id_str": null, "in_reply_to_user_id": null, "in_reply_to_user_id_str": null, "in_reply_to_screen_name": null, "user": {"id": 173542305, "id_str": "173542305", "name": "Son Of God", "screen_name": "EndowedBoss", "location": "Paradise. . . #iAmVIP", "description": "The guys that last are the guys who fly straight. Low-key, quiet. But the guys who want it all, chicas, champagne, flash... they don't last.", "url": "http://t.co/moC1PNjnaQ", "entities": {"url": {"urls": [{"url": "http://t.co/moC1PNjnaQ", "expanded_url": "http://www.36ng.com.ng", "display_url": "36ng.com.ng", "indices": [0, 22]}]}, "description": {"urls": []}}, "protected": false, "followers_count": 541, "friends_count": 478, "listed_count": 13, "created_at": "Sun Aug 01 19:22:04 +0000 2010", "favourites_count": 8, "utc_offset": null, "time_zone": null, "geo_enabled": true, "verified": false, "statuses_count": 79120, "lang": null, "contributors_enabled": false, "is_translator": false, "is_translation_enabled": false, "profile_background_color": "0099B9", "profile_background_image_url": "http://abs.twimg.com/images/themes/theme4/bg.gif", "profile_background_image_url_https": "https://abs.twimg.com/images/themes/theme4/bg.gif", "profile_background_tile": false, "profile_image_url": "http://pbs.twimg.com/profile_images/746442391549259777/7Bt2h9Rx_normal.jpg", "profile_image_url_https": "https://pbs.twimg.com/profile_images/746442391549259777/7Bt2h9Rx_normal.jpg", "profile_banner_url": "https://pbs.twimg.com/profile_banners/173542305/1472325571", "profile_link_color": "0099B9", "profile_sidebar_border_color": "5ED4DC", "profile_sidebar_fill_color": "95E8EC", "profile_text_color": "3C3940", "profile_use_background_image": true, "has_extended_profile": false, "default_profile": false, "default_profile_image": false, "following": false, "follow_request_sent": false, "notifications": false, "translator_type": "none", "withheld_in_countries": []}, "geo": null, "coordinates": null, "place": null, "contributors": null, "is_quote_status": false, "retweet_count": 0, "favorite_count": 0, "favorited": false, "retweeted": false, "possibly_sensitive": false, "lang": "cy"}