{"created_at": "Fri Jul 17 00:56:36 +0000 2015", "id": 621845923807649792, "id_str": "621845923807649792", "text": "#itweetFEEDS Peter Berg Slams Caitlyn Jenner With Nasty Meme: \u00a0\u00a0 Peter Berg, who\u2019s the produc... http://t.co/b9qj8NNpUe #ff @itweetFEEDS", "truncated": false, "entities": {"hashtags": [{"text": "itweetFEEDS", "indices": [0, 12]}, {"text": "ff", "indices": [120, 123]}], "symbols": [], "user_mentions": [{"screen_name": "ItweetFEEDS", "name": "Don ZikkO", "id": 386275837, "id_str": "386275837", "indices": [124, 136]}], "urls": [{"url": "http://t.co/b9qj8NNpUe", "expanded_url": "http://bit.ly/1HSGS9z", "display_url": "bit.ly/1HSGS9z", "indices": [97, 119]}]}, "source": "<a href=\"http://twitterfeed.com\" rel=\"nofollow\">twitterfeed</a>", "in_reply_to_status_id": null, "in_reply_to_status_id_str": null, "in_reply_to_user_id": null, "in_reply_to_user_id_str": null, "in_reply_to_screen_name": null, "user": {"id": 568347354, "id_str": "568347354", "name": "Bbm pin 5678fb22", "screen_name": "uchey_dr", "location": "dream land", "description": "I live a life of favour...", "url": null, "entities": {"description": {"urls": []}}, "protected": false, "followers_count": 1213, "friends_count": 372, "listed_count": 61, "created_at": "Tue May 01 14:47:15 +0000 2012", "favourites_count": 336, "utc_offset": null, "time_zone": null, "geo_enabled": false, "verified": false, "statuses_count": 348507, "lang": null, "contributors_enabled": false, "is_translator": false, "is_translation_enabled": false, "profile_background_color": "C0DEED", "profile_background_image_url": "http://abs.twimg.com/images/themes/theme1/bg.png", "profile_background_image_url_https": "https://abs.twimg.com/images/themes/theme1/bg.png", "profile_background_tile": false, "profile_image_url": "http://pbs.twimg.com/profile_images/624200918356131841/smnWivP8_normal.jpg", "profile_image_url_https": "https://pbs.twimg.com/profile_images/624200918356131841/smnWivP8_normal.jpg", "profile_banner_url": "https://pbs.twimg.com/profile_banners/568347354/1422032039", "profile_link_color": "1DA1F2", "profile_sidebar_border_color": "C0DEED", "profile_sidebar_fill_color": "DDEEF6", "profile_text_color": "333333", "profile_use_background_image": true, "has_extended_profile": false, "default_profile": true, "default_profile_image": false, "following": false, "follow_request_sent": false, "notifications": false, "translator_type": "none", "withheld_in_countries": []}, "geo": null, "coordinates": null, "place": null, "contributors": null, "is_quote_status": false, "retweet_count": 0, "favorite_count": 0, "favorited": false, "retweeted": false, "possibly_sensitive": false, "lang": "en"}