{"created_at": "Thu Jul 16 23:05:41 +0000 2015", "id": 621818011561766912, "id_str": "621818011561766912", "text": "Peter Berg Slams Caitlyn Jenner With Nasty Meme http://t.co/0iIqZNbIeT #36NG", "truncated": false, "entities": {"hashtags": [{"text": "36NG", "indices": [71, 76]}], "symbols": [], "user_mentions": [], "urls": [{"url": "http://t.co/0iIqZNbIeT", "expanded_url": "http://bit.ly/1HSGS9z", "display_url": "bit.ly/1HSGS9z", "indices": [48, 70]}]}, "source": "<a href=\"http://twitterfeed.com\" rel=\"nofollow\">twitterfeed</a>", "in_reply_to_status_id": null, "in_reply_to_status_id_str": null, "in_reply_to_user_id": null, "in_reply_to_user_id_str": null, "in_reply_to_screen_name": null, "user": {"id": 312532044, "id_str": "312532044", "name": "Omobolanle", "screen_name": "MBmatic", "location": "", "description": "Social Media Executive, CEO MBmatic, mbmatic1@gmail.com", "url": "https://t.co/YWRwTpUNzs", "entities": {"url": {"urls": [{"url": "https://t.co/YWRwTpUNzs", "expanded_url": "http://www.askamommie.com", "display_url": "askamommie.com", "indices": [0, 23]}]}, "description": {"urls": []}}, "protected": false, "followers_count": 12800, "friends_count": 3312, "listed_count": 49, "created_at": "Tue Jun 07 08:20:46 +0000 2011", "favourites_count": 1856, "utc_offset": null, "time_zone": null, "geo_enabled": true, "verified": false, "statuses_count": 151885, "lang": null, "contributors_enabled": false, "is_translator": false, "is_translation_enabled": false, "profile_background_color": "FFF04D", "profile_background_image_url": "http://abs.twimg.com/images/themes/theme19/bg.gif", "profile_background_image_url_https": "https://abs.twimg.com/images/themes/theme19/bg.gif", "profile_background_tile": true, "profile_image_url": "http://pbs.twimg.com/profile_images/1350989941979963399/6qULg5mg_normal.jpg", "profile_image_url_https": "https://pbs.twimg.com/profile_images/1350989941979963399/6qULg5mg_normal.jpg", "profile_banner_url": "https://pbs.twimg.com/profile_banners/312532044/1550523931", "profile_link_color": "9266CC", "profile_sidebar_border_color": "000000", "profile_sidebar_fill_color": "DDEEF6", "profile_text_color": "333333", "profile_use_background_image": true, "has_extended_profile": true, "default_profile": false, "default_profile_image": false, "following": false, "follow_request_sent": false, "notifications": false, "translator_type": "none", "withheld_in_countries": []}, "geo": null, "coordinates": null, "place": null, "contributors": null, "is_quote_status": false, "retweet_count": 0, "favorite_count": 0, "favorited": false, "retweeted": false, "possibly_sensitive": false, "lang": "cy"}