{"created_at": "Thu Jul 16 22:12:34 +0000 2015", "id": 621804643715145728, "id_str": "621804643715145728", "text": "#36NG Peter Berg Slams Caitlyn Jenner With Nasty Meme http://t.co/XoTVrakTxv", "truncated": false, "entities": {"hashtags": [{"text": "36NG", "indices": [0, 5]}], "symbols": [], "user_mentions": [], "urls": [{"url": "http://t.co/XoTVrakTxv", "expanded_url": "http://dlvr.it/BY4RSD", "display_url": "dlvr.it/BY4RSD", "indices": [54, 76]}]}, "source": "<a href=\"https://dlvrit.com/\" rel=\"nofollow\">dlvr.it</a>", "in_reply_to_status_id": null, "in_reply_to_status_id_str": null, "in_reply_to_user_id": null, "in_reply_to_user_id_str": null, "in_reply_to_screen_name": null, "user": {"id": 133711369, "id_str": "133711369", "name": "Blast master P", "screen_name": "Mrprag_", "location": "#Abovetheclouds", "description": "Mr. Prag \u2013 Above The Clouds | 36NG http://t.co/ZX03kHuL via @36NGcom (THE GREATEST)Illest motherfucker...STREET DREAMz ent(THE DROPOUT)coming soon!!!!!!!..", "url": "http://t.co/0vI0Tr30zJ", "entities": {"url": {"urls": [{"url": "http://t.co/0vI0Tr30zJ", "expanded_url": "http://www.facebook.com/pragmatic", "display_url": "facebook.com/pragmatic", "indices": [0, 22]}]}, "description": {"urls": [{"url": "http://t.co/ZX03kHuL", "expanded_url": "http://www.36ng.com/2012/11/26/mr-prag-above-the-clouds/", "display_url": "36ng.com/2012/11/26/mr-\u2026", "indices": [35, 55]}]}}, "protected": false, "followers_count": 616, "friends_count": 660, "listed_count": 6, "created_at": "Fri Apr 16 12:52:55 +0000 2010", "favourites_count": 7, "utc_offset": null, "time_zone": null, "geo_enabled": false, "verified": false, "statuses_count": 59248, "lang": null, "contributors_enabled": false, "is_translator": false, "is_translation_enabled": false, "profile_background_color": "C0DEED", "profile_background_image_url": "http://abs.twimg.com/images/themes/theme1/bg.png", "profile_background_image_url_https": "https://abs.twimg.com/images/themes/theme1/bg.png", "profile_background_tile": false, "profile_image_url": "http://pbs.twimg.com/profile_images/458024262323146752/stD8413m_normal.jpeg", "profile_image_url_https": "https://pbs.twimg.com/profile_images/458024262323146752/stD8413m_normal.jpeg", "profile_link_color": "1DA1F2", "profile_sidebar_border_color": "C0DEED", "profile_sidebar_fill_color": "DDEEF6", "profile_text_color": "333333", "profile_use_background_image": true, "has_extended_profile": false, "default_profile": true, "default_profile_image": false, "following": false, "follow_request_sent": false, "notifications": false, "translator_type": "none", "withheld_in_countries": []}, "geo": null, "coordinates": null, "place": null, "contributors": null, "is_quote_status": false, "retweet_count": 0, "favorite_count": 0, "favorited": false, "retweeted": false, "possibly_sensitive": false, "lang": "cy"}