{"created_at": "Thu Jul 16 22:01:27 +0000 2015", "id": 621801847632719872, "id_str": "621801847632719872", "text": "Peter Berg Slams Caitlyn Jenner With Nasty Meme: \u00a0\u00a0 Peter Berg, who\u2019s the producer behind the Friday Night Lig... http://t.co/PEvW3QSjRO", "truncated": false, "entities": {"hashtags": [], "symbols": [], "user_mentions": [], "urls": [{"url": "http://t.co/PEvW3QSjRO", "expanded_url": "http://bit.ly/1HSGS9z", "display_url": "bit.ly/1HSGS9z", "indices": [114, 136]}]}, "source": "<a href=\"http://twitterfeed.com\" rel=\"nofollow\">twitterfeed</a>", "in_reply_to_status_id": null, "in_reply_to_status_id_str": null, "in_reply_to_user_id": null, "in_reply_to_user_id_str": null, "in_reply_to_screen_name": null, "user": {"id": 123680031, "id_str": "123680031", "name": "\u2654LAMZ JR.\u2654", "screen_name": "Maclams", "location": "", "description": "| GOD-FAMILY-CAREER | | FINANCE & TECH INTELLIGENCE |\n\n\n|BSc. CS/IT.  MSc. IT|\n\n\n\n\n[BASKETBALL\ud83c\udfc0] \n[GOLF\u26f3]", "url": null, "entities": {"description": {"urls": []}}, "protected": false, "followers_count": 889, "friends_count": 486, "listed_count": 16, "created_at": "Tue Mar 16 22:13:45 +0000 2010", "favourites_count": 2915, "utc_offset": null, "time_zone": null, "geo_enabled": true, "verified": false, "statuses_count": 95942, "lang": null, "contributors_enabled": false, "is_translator": false, "is_translation_enabled": false, "profile_background_color": "C0DEED", "profile_background_image_url": "http://abs.twimg.com/images/themes/theme1/bg.png", "profile_background_image_url_https": "https://abs.twimg.com/images/themes/theme1/bg.png", "profile_background_tile": false, "profile_image_url": "http://pbs.twimg.com/profile_images/1348925574694244352/lvaEnq-e_normal.jpg", "profile_image_url_https": "https://pbs.twimg.com/profile_images/1348925574694244352/lvaEnq-e_normal.jpg", "profile_banner_url": "https://pbs.twimg.com/profile_banners/123680031/1581945630", "profile_link_color": "1DA1F2", "profile_sidebar_border_color": "C0DEED", "profile_sidebar_fill_color": "DDEEF6", "profile_text_color": "333333", "profile_use_background_image": true, "has_extended_profile": true, "default_profile": true, "default_profile_image": false, "following": false, "follow_request_sent": false, "notifications": false, "translator_type": "none", "withheld_in_countries": []}, "geo": null, "coordinates": null, "place": null, "contributors": null, "is_quote_status": false, "retweet_count": 0, "favorite_count": 0, "favorited": false, "retweeted": false, "possibly_sensitive": false, "lang": "en"}