{"created_at": "Thu Jul 16 23:37:03 +0000 2015", "id": 621825905535660032, "id_str": "621825905535660032", "text": "Caitlyn Jenner's ESPN award thing came on and my family was like \"turn that nasty thing off\" \"he's disgusting\" \"he shouldn't have won that..", "truncated": false, "entities": {"hashtags": [], "symbols": [], "user_mentions": [], "urls": []}, "source": "<a href=\"http://twitter.com\" rel=\"nofollow\">Twitter Web Client</a>", "in_reply_to_status_id": null, "in_reply_to_status_id_str": null, "in_reply_to_user_id": null, "in_reply_to_user_id_str": null, "in_reply_to_screen_name": null, "user": {"id": 2739297256, "id_str": "2739297256", "name": "natalie | 355", "screen_name": "madlovetommo", "location": "Honeymoon \u00e3ve.", "description": "i can't quit you", "url": null, "entities": {"description": {"urls": []}}, "protected": false, "followers_count": 925, "friends_count": 1376, "listed_count": 5, "created_at": "Sun Aug 10 19:19:23 +0000 2014", "favourites_count": 5630, "utc_offset": null, "time_zone": null, "geo_enabled": true, "verified": false, "statuses_count": 10307, "lang": null, "contributors_enabled": false, "is_translator": false, "is_translation_enabled": false, "profile_background_color": "000000", "profile_background_image_url": "http://abs.twimg.com/images/themes/theme1/bg.png", "profile_background_image_url_https": "https://abs.twimg.com/images/themes/theme1/bg.png", "profile_background_tile": false, "profile_image_url": "http://pbs.twimg.com/profile_images/882360828959141888/ulxdxC40_normal.jpg", "profile_image_url_https": "https://pbs.twimg.com/profile_images/882360828959141888/ulxdxC40_normal.jpg", "profile_banner_url": "https://pbs.twimg.com/profile_banners/2739297256/1499206191", "profile_link_color": "9266CC", "profile_sidebar_border_color": "000000", "profile_sidebar_fill_color": "000000", "profile_text_color": "000000", "profile_use_background_image": false, "has_extended_profile": true, "default_profile": false, "default_profile_image": false, "following": false, "follow_request_sent": false, "notifications": false, "translator_type": "none", "withheld_in_countries": []}, "geo": null, "coordinates": null, "place": null, "contributors": null, "is_quote_status": false, "retweet_count": 0, "favorite_count": 0, "favorited": false, "retweeted": false, "lang": "en"}