{"created_at": "Thu Jul 16 23:05:28 +0000 2015", "id": 621817955974680576, "id_str": "621817955974680576", "text": "Peter Berg Slams Caitlyn Jenner With Nasty Meme http://t.co/82Rtd3fPXf", "truncated": false, "entities": {"hashtags": [], "symbols": [], "user_mentions": [], "urls": [{"url": "http://t.co/82Rtd3fPXf", "expanded_url": "http://bit.ly/1HSGS9z", "display_url": "bit.ly/1HSGS9z", "indices": [48, 70]}]}, "source": "<a href=\"http://twitterfeed.com\" rel=\"nofollow\">twitterfeed</a>", "in_reply_to_status_id": null, "in_reply_to_status_id_str": null, "in_reply_to_user_id": null, "in_reply_to_user_id_str": null, "in_reply_to_screen_name": null, "user": {"id": 105417804, "id_str": "105417804", "name": "FabricsFirst", "screen_name": "FabricsFirst", "location": "Lagos, Nigeria", "description": "\ud83d\udd38Africa's No.1 Fabrics Merchant \n\ud83d\udd38Dealer In All Types Of Quality Fabrics\n\ud83d\udd38Delivery Nationwide\n\ud83d\udd38Enquiries & Orders via DM", "url": null, "entities": {"description": {"urls": []}}, "protected": false, "followers_count": 1955, "friends_count": 976, "listed_count": 12, "created_at": "Sat Jan 16 08:30:55 +0000 2010", "favourites_count": 27, "utc_offset": null, "time_zone": null, "geo_enabled": true, "verified": false, "statuses_count": 98499, "lang": null, "contributors_enabled": false, "is_translator": false, "is_translation_enabled": false, "profile_background_color": "352726", "profile_background_image_url": "http://abs.twimg.com/images/themes/theme5/bg.gif", "profile_background_image_url_https": "https://abs.twimg.com/images/themes/theme5/bg.gif", "profile_background_tile": false, "profile_image_url": "http://pbs.twimg.com/profile_images/1181568658239299589/-du6i5_2_normal.jpg", "profile_image_url_https": "https://pbs.twimg.com/profile_images/1181568658239299589/-du6i5_2_normal.jpg", "profile_banner_url": "https://pbs.twimg.com/profile_banners/105417804/1570542897", "profile_link_color": "D02B55", "profile_sidebar_border_color": "829D5E", "profile_sidebar_fill_color": "99CC33", "profile_text_color": "3E4415", "profile_use_background_image": true, "has_extended_profile": false, "default_profile": false, "default_profile_image": false, "following": false, "follow_request_sent": false, "notifications": false, "translator_type": "none", "withheld_in_countries": []}, "geo": null, "coordinates": null, "place": null, "contributors": null, "is_quote_status": false, "retweet_count": 0, "favorite_count": 0, "favorited": false, "retweeted": false, "possibly_sensitive": false, "lang": "cy"}