{"created_at": "Thu Jul 16 22:01:38 +0000 2015", "id": 621801894638256128, "id_str": "621801894638256128", "text": "Peter Berg Slams Caitlyn Jenner With Nasty Meme: \u00a0\u00a0 Peter Berg, who\u2019s the producer behind the Friday Night Lig... http://t.co/oKnD5Bba2x", "truncated": false, "entities": {"hashtags": [], "symbols": [], "user_mentions": [], "urls": [{"url": "http://t.co/oKnD5Bba2x", "expanded_url": "http://bit.ly/1HSGS9z", "display_url": "bit.ly/1HSGS9z", "indices": [114, 136]}]}, "source": "<a href=\"http://twitterfeed.com\" rel=\"nofollow\">twitterfeed</a>", "in_reply_to_status_id": null, "in_reply_to_status_id_str": null, "in_reply_to_user_id": null, "in_reply_to_user_id_str": null, "in_reply_to_screen_name": null, "user": {"id": 1194258204, "id_str": "1194258204", "name": "A kING", "screen_name": "AD3BAY0_", "location": "Ota-Lagos", "description": "LOML @Chelseafc \ud83d\ude0d\ud83d\ude0d\ud83d\ude0d", "url": null, "entities": {"description": {"urls": []}}, "protected": false, "followers_count": 2696, "friends_count": 1347, "listed_count": 33, "created_at": "Mon Feb 18 18:14:48 +0000 2013", "favourites_count": 723, "utc_offset": null, "time_zone": null, "geo_enabled": true, "verified": false, "statuses_count": 113041, "lang": null, "contributors_enabled": false, "is_translator": false, "is_translation_enabled": false, "profile_background_color": "1A1B1F", "profile_background_image_url": "http://abs.twimg.com/images/themes/theme1/bg.png", "profile_background_image_url_https": "https://abs.twimg.com/images/themes/theme1/bg.png", "profile_background_tile": false, "profile_image_url": "http://pbs.twimg.com/profile_images/1369623252415492098/kP6IPW31_normal.jpg", "profile_image_url_https": "https://pbs.twimg.com/profile_images/1369623252415492098/kP6IPW31_normal.jpg", "profile_banner_url": "https://pbs.twimg.com/profile_banners/1194258204/1462207965", "profile_link_color": "2FC2EF", "profile_sidebar_border_color": "FFFFFF", "profile_sidebar_fill_color": "DDEEF6", "profile_text_color": "333333", "profile_use_background_image": true, "has_extended_profile": false, "default_profile": false, "default_profile_image": false, "following": false, "follow_request_sent": false, "notifications": false, "translator_type": "none", "withheld_in_countries": []}, "geo": null, "coordinates": null, "place": null, "contributors": null, "is_quote_status": false, "retweet_count": 0, "favorite_count": 0, "favorited": false, "retweeted": false, "possibly_sensitive": false, "lang": "en"}