{"created_at": "Fri Jul 17 06:26:10 +0000 2015", "id": 621928861484232706, "id_str": "621928861484232706", "text": "#SIRKENAYO Peter Berg Takes Heavy Shot At Caitlyn Jenner With Nasty Meme: \nPeter Berg, who\u2019s the... http://t.co/2rRfc85ing SIRKENAYO_NET", "truncated": false, "entities": {"hashtags": [{"text": "SIRKENAYO", "indices": [0, 10]}], "symbols": [], "user_mentions": [], "urls": [{"url": "http://t.co/2rRfc85ing", "expanded_url": "http://bit.ly/1HTQGAb", "display_url": "bit.ly/1HTQGAb", "indices": [100, 122]}]}, "source": "<a href=\"http://twitterfeed.com\" rel=\"nofollow\">twitterfeed</a>", "in_reply_to_status_id": null, "in_reply_to_status_id_str": null, "in_reply_to_user_id": null, "in_reply_to_user_id_str": null, "in_reply_to_screen_name": null, "user": {"id": 344900370, "id_str": "344900370", "name": "Abimbola", "screen_name": "bimbomuri", "location": "Lagos,Nigeria", "description": "-Data Scientist | Weird loner who loves data|AquariuslTechbabe| IG: @bimbomuri", "url": "https://t.co/faeIU02TXw", "entities": {"url": {"urls": [{"url": "https://t.co/faeIU02TXw", "expanded_url": "http://www.github.com/bimbomuri", "display_url": "github.com/bimbomuri", "indices": [0, 23]}]}, "description": {"urls": []}}, "protected": false, "followers_count": 742, "friends_count": 927, "listed_count": 3, "created_at": "Fri Jul 29 19:22:07 +0000 2011", "favourites_count": 5033, "utc_offset": null, "time_zone": null, "geo_enabled": false, "verified": false, "statuses_count": 51591, "lang": null, "contributors_enabled": false, "is_translator": false, "is_translation_enabled": false, "profile_background_color": "C0DEED", "profile_background_image_url": "http://abs.twimg.com/images/themes/theme1/bg.png", "profile_background_image_url_https": "https://abs.twimg.com/images/themes/theme1/bg.png", "profile_background_tile": false, "profile_image_url": "http://pbs.twimg.com/profile_images/1357685955210141698/MF0ojm2h_normal.jpg", "profile_image_url_https": "https://pbs.twimg.com/profile_images/1357685955210141698/MF0ojm2h_normal.jpg", "profile_banner_url": "https://pbs.twimg.com/profile_banners/344900370/1611143726", "profile_link_color": "1DA1F2", "profile_sidebar_border_color": "C0DEED", "profile_sidebar_fill_color": "DDEEF6", "profile_text_color": "333333", "profile_use_background_image": true, "has_extended_profile": true, "default_profile": true, "default_profile_image": false, "following": false, "follow_request_sent": false, "notifications": false, "translator_type": "none", "withheld_in_countries": []}, "geo": null, "coordinates": null, "place": null, "contributors": null, "is_quote_status": false, "retweet_count": 0, "favorite_count": 0, "favorited": false, "retweeted": false, "possibly_sensitive": false, "lang": "en"}