{"created_at": "Fri Jul 17 06:25:58 +0000 2015", "id": 621928812310192129, "id_str": "621928812310192129", "text": "#SIRKENAYO Peter Berg Takes Heavy Shot At Caitlyn Jenner With Nasty Meme: \nPeter Berg, who\u2019s the... http://t.co/EQXt6k1BpS SIRKENAYO_NET", "truncated": false, "entities": {"hashtags": [{"text": "SIRKENAYO", "indices": [0, 10]}], "symbols": [], "user_mentions": [], "urls": [{"url": "http://t.co/EQXt6k1BpS", "expanded_url": "http://bit.ly/1HTQGAb", "display_url": "bit.ly/1HTQGAb", "indices": [100, 122]}]}, "source": "<a href=\"http://twitterfeed.com\" rel=\"nofollow\">twitterfeed</a>", "in_reply_to_status_id": null, "in_reply_to_status_id_str": null, "in_reply_to_user_id": null, "in_reply_to_user_id_str": null, "in_reply_to_screen_name": null, "user": {"id": 363304151, "id_str": "363304151", "name": "KFO KING", "screen_name": "Kfomovement", "location": "Nigeria", "description": "follow on IG @kfomovement", "url": null, "entities": {"description": {"urls": []}}, "protected": false, "followers_count": 2458, "friends_count": 1862, "listed_count": 2, "created_at": "Sat Aug 27 21:40:35 +0000 2011", "favourites_count": 1786, "utc_offset": null, "time_zone": null, "geo_enabled": true, "verified": false, "statuses_count": 35612, "lang": null, "contributors_enabled": false, "is_translator": false, "is_translation_enabled": false, "profile_background_color": "000000", "profile_background_image_url": "http://abs.twimg.com/images/themes/theme1/bg.png", "profile_background_image_url_https": "https://abs.twimg.com/images/themes/theme1/bg.png", "profile_background_tile": false, "profile_image_url": "http://pbs.twimg.com/profile_images/1323431464004997121/xf2FupSk_normal.jpg", "profile_image_url_https": "https://pbs.twimg.com/profile_images/1323431464004997121/xf2FupSk_normal.jpg", "profile_banner_url": "https://pbs.twimg.com/profile_banners/363304151/1492715999", "profile_link_color": "FAB81E", "profile_sidebar_border_color": "000000", "profile_sidebar_fill_color": "000000", "profile_text_color": "000000", "profile_use_background_image": false, "has_extended_profile": true, "default_profile": false, "default_profile_image": false, "following": false, "follow_request_sent": false, "notifications": false, "translator_type": "none", "withheld_in_countries": []}, "geo": null, "coordinates": null, "place": null, "contributors": null, "is_quote_status": false, "retweet_count": 0, "favorite_count": 0, "favorited": false, "retweeted": false, "possibly_sensitive": false, "lang": "en"}