{"created_at": "Fri Jul 17 06:23:27 +0000 2015", "id": 621928178475360257, "id_str": "621928178475360257", "text": "#SKUPDATES Peter Berg Takes Heavy Shot At Caitlyn Jenner With Nasty Meme http://t.co/LTtTHME80b SIRKENAYO_NET", "truncated": false, "entities": {"hashtags": [{"text": "SKUPDATES", "indices": [0, 10]}], "symbols": [], "user_mentions": [], "urls": [{"url": "http://t.co/LTtTHME80b", "expanded_url": "http://tinyurl.com/onoe4tb", "display_url": "tinyurl.com/onoe4tb", "indices": [73, 95]}]}, "source": "<a href=\"http://twitterfeed.com\" rel=\"nofollow\">twitterfeed</a>", "in_reply_to_status_id": null, "in_reply_to_status_id_str": null, "in_reply_to_user_id": null, "in_reply_to_user_id_str": null, "in_reply_to_screen_name": null, "user": {"id": 84662284, "id_str": "84662284", "name": "ADE JAMES \u00ae \ud83c\uddf3\ud83c\uddec\ud83c\uddec\ud83c\udded\ud83c\uddef\ud83c\uddf2\ud83c\uddff\ud83c\udde6", "screen_name": "iam_Adejames", "location": "Lagos, Nigeria", "description": "Recording & Performing Artiste | IG : @iam_Adejames Stream \u201c MELANIN \u201d now! \ud83d\udc47\ud83c\udffe", "url": "https://t.co/2a5QLjQn9i", "entities": {"url": {"urls": [{"url": "https://t.co/2a5QLjQn9i", "expanded_url": "https://ampl.ink/8Z58D", "display_url": "ampl.ink/8Z58D", "indices": [0, 23]}]}, "description": {"urls": []}}, "protected": false, "followers_count": 757, "friends_count": 1183, "listed_count": 7, "created_at": "Fri Oct 23 19:00:51 +0000 2009", "favourites_count": 26823, "utc_offset": null, "time_zone": null, "geo_enabled": true, "verified": false, "statuses_count": 48184, "lang": null, "contributors_enabled": false, "is_translator": false, "is_translation_enabled": false, "profile_background_color": "C0DEED", "profile_background_image_url": "http://abs.twimg.com/images/themes/theme1/bg.png", "profile_background_image_url_https": "https://abs.twimg.com/images/themes/theme1/bg.png", "profile_background_tile": false, "profile_image_url": "http://pbs.twimg.com/profile_images/1356988057036222464/2-cIaopQ_normal.jpg", "profile_image_url_https": "https://pbs.twimg.com/profile_images/1356988057036222464/2-cIaopQ_normal.jpg", "profile_banner_url": "https://pbs.twimg.com/profile_banners/84662284/1612366140", "profile_link_color": "1DA1F2", "profile_sidebar_border_color": "C0DEED", "profile_sidebar_fill_color": "DDEEF6", "profile_text_color": "333333", "profile_use_background_image": true, "has_extended_profile": true, "default_profile": true, "default_profile_image": false, "following": false, "follow_request_sent": false, "notifications": false, "translator_type": "none", "withheld_in_countries": []}, "geo": null, "coordinates": null, "place": null, "contributors": null, "is_quote_status": false, "retweet_count": 0, "favorite_count": 0, "favorited": false, "retweeted": false, "possibly_sensitive": false, "lang": "en"}