{"created_at": "Fri Jul 17 06:26:06 +0000 2015", "id": 621928848280522752, "id_str": "621928848280522752", "text": "#SIRKENAYO Peter Berg Takes Heavy Shot At Caitlyn Jenner With Nasty Meme: \nPeter Berg, who\u2019s the... http://t.co/jhbiLz2urQ SIRKENAYO_NET", "truncated": false, "entities": {"hashtags": [{"text": "SIRKENAYO", "indices": [0, 10]}], "symbols": [], "user_mentions": [], "urls": [{"url": "http://t.co/jhbiLz2urQ", "expanded_url": "http://bit.ly/1HTQGAb", "display_url": "bit.ly/1HTQGAb", "indices": [100, 122]}]}, "source": "<a href=\"http://twitterfeed.com\" rel=\"nofollow\">twitterfeed</a>", "in_reply_to_status_id": null, "in_reply_to_status_id_str": null, "in_reply_to_user_id": null, "in_reply_to_user_id_str": null, "in_reply_to_screen_name": null, "user": {"id": 245439844, "id_str": "245439844", "name": "O.B Egbodofo", "screen_name": "Oluwafaby", "location": "Lagos, Nigeria", "description": "M. InfoSci. Unibadan \ud83c\udf93 9ja\u2122\ud83c\udf0d Full stack web developer \ud83d\udcbb In love with Art & Design\u2019s \ud83d\uddbc", "url": "https://t.co/xlNi4esGbP", "entities": {"url": {"urls": [{"url": "https://t.co/xlNi4esGbP", "expanded_url": "https://gatsby-backroads-project.netlify.app", "display_url": "gatsby-backroads-project.netlify.app", "indices": [0, 23]}]}, "description": {"urls": []}}, "protected": false, "followers_count": 878, "friends_count": 1653, "listed_count": 21, "created_at": "Mon Jan 31 18:10:19 +0000 2011", "favourites_count": 1107, "utc_offset": null, "time_zone": null, "geo_enabled": true, "verified": false, "statuses_count": 54365, "lang": null, "contributors_enabled": false, "is_translator": false, "is_translation_enabled": false, "profile_background_color": "C0DEED", "profile_background_image_url": "http://abs.twimg.com/images/themes/theme1/bg.png", "profile_background_image_url_https": "https://abs.twimg.com/images/themes/theme1/bg.png", "profile_background_tile": false, "profile_image_url": "http://pbs.twimg.com/profile_images/1215894904607596545/42id4E4m_normal.jpg", "profile_image_url_https": "https://pbs.twimg.com/profile_images/1215894904607596545/42id4E4m_normal.jpg", "profile_banner_url": "https://pbs.twimg.com/profile_banners/245439844/1381827504", "profile_link_color": "1DA1F2", "profile_sidebar_border_color": "C0DEED", "profile_sidebar_fill_color": "DDEEF6", "profile_text_color": "333333", "profile_use_background_image": true, "has_extended_profile": true, "default_profile": true, "default_profile_image": false, "following": false, "follow_request_sent": false, "notifications": false, "translator_type": "none", "withheld_in_countries": []}, "geo": null, "coordinates": null, "place": null, "contributors": null, "is_quote_status": false, "retweet_count": 0, "favorite_count": 0, "favorited": false, "retweeted": false, "possibly_sensitive": false, "lang": "en"}