{"created_at": "Fri Jul 17 06:26:34 +0000 2015", "id": 621928962122317824, "id_str": "621928962122317824", "text": "#SIRKENAYO Peter Berg Takes Heavy Shot At Caitlyn Jenner With Nasty Meme: \nPeter Berg, who\u2019s the... http://t.co/SkjwIbuz9X SIRKENAYO_NET", "truncated": false, "entities": {"hashtags": [{"text": "SIRKENAYO", "indices": [0, 10]}], "symbols": [], "user_mentions": [], "urls": [{"url": "http://t.co/SkjwIbuz9X", "expanded_url": "http://bit.ly/1HTQGAb", "display_url": "bit.ly/1HTQGAb", "indices": [100, 122]}]}, "source": "<a href=\"http://twitterfeed.com\" rel=\"nofollow\">twitterfeed</a>", "in_reply_to_status_id": null, "in_reply_to_status_id_str": null, "in_reply_to_user_id": null, "in_reply_to_user_id_str": null, "in_reply_to_screen_name": null, "user": {"id": 262640654, "id_str": "262640654", "name": "Tolulope", "screen_name": "iamLilSnez", "location": "I'm on the wavy Level.", "description": "I'm | a Star \ud83c\udf1f | Talented Artiste\ud83c\udf99\ufe0f| Song Writer\u270d | Realtor \ud83d\udc54| an Entrepreneur \ud83d\udc53| Chairman @MrCleanNG \ud83d\udebf | iRep (#KiddoNation) \ud83c\udfad | CEO @KIDDORecords \ud83c\udfb7|", "url": "https://t.co/pKmZPQQMeG", "entities": {"url": {"urls": [{"url": "https://t.co/pKmZPQQMeG", "expanded_url": "http://www.jlanmusic.com/lilsnez", "display_url": "jlanmusic.com/lilsnez", "indices": [0, 23]}]}, "description": {"urls": []}}, "protected": false, "followers_count": 547, "friends_count": 323, "listed_count": 8, "created_at": "Tue Mar 08 13:10:14 +0000 2011", "favourites_count": 831, "utc_offset": null, "time_zone": null, "geo_enabled": true, "verified": false, "statuses_count": 67903, "lang": null, "contributors_enabled": false, "is_translator": false, "is_translation_enabled": false, "profile_background_color": "131516", "profile_background_image_url": "http://abs.twimg.com/images/themes/theme14/bg.gif", "profile_background_image_url_https": "https://abs.twimg.com/images/themes/theme14/bg.gif", "profile_background_tile": true, "profile_image_url": "http://pbs.twimg.com/profile_images/1308044265168269312/vkDENBf2_normal.jpg", "profile_image_url_https": "https://pbs.twimg.com/profile_images/1308044265168269312/vkDENBf2_normal.jpg", "profile_banner_url": "https://pbs.twimg.com/profile_banners/262640654/1593441493", "profile_link_color": "009999", "profile_sidebar_border_color": "000000", "profile_sidebar_fill_color": "EFEFEF", "profile_text_color": "333333", "profile_use_background_image": true, "has_extended_profile": true, "default_profile": false, "default_profile_image": false, "following": false, "follow_request_sent": false, "notifications": false, "translator_type": "none", "withheld_in_countries": []}, "geo": null, "coordinates": null, "place": null, "contributors": null, "is_quote_status": false, "retweet_count": 0, "favorite_count": 0, "favorited": false, "retweeted": false, "possibly_sensitive": false, "lang": "en"}