{"created_at": "Fri Jul 17 06:26:08 +0000 2015", "id": 621928854702063616, "id_str": "621928854702063616", "text": "#SIRKENAYO Peter Berg Takes Heavy Shot At Caitlyn Jenner With Nasty Meme: \nPeter Berg, who\u2019s the... http://t.co/YuJkymJvzE SIRKENAYO_NET", "truncated": false, "entities": {"hashtags": [{"text": "SIRKENAYO", "indices": [0, 10]}], "symbols": [], "user_mentions": [], "urls": [{"url": "http://t.co/YuJkymJvzE", "expanded_url": "http://bit.ly/1HTQGAb", "display_url": "bit.ly/1HTQGAb", "indices": [100, 122]}]}, "source": "<a href=\"http://twitterfeed.com\" rel=\"nofollow\">twitterfeed</a>", "in_reply_to_status_id": null, "in_reply_to_status_id_str": null, "in_reply_to_user_id": null, "in_reply_to_user_id_str": null, "in_reply_to_screen_name": null, "user": {"id": 222528149, "id_str": "222528149", "name": "Jommy Yummy \ud83c\udf6b\ud83c\udf69", "screen_name": "JomiXXL", "location": "\ud83c\udf0d", "description": "I am a child of God | working on amazing stuff @xChangerFX | Product Learner | Oko NikkyButterCup \ud83c\udf39", "url": "https://t.co/NQ9fM1KzoI", "entities": {"url": {"urls": [{"url": "https://t.co/NQ9fM1KzoI", "expanded_url": "https://xchangerfx.com/?ref=OO7884", "display_url": "xchangerfx.com/?ref=OO7884", "indices": [0, 23]}]}, "description": {"urls": []}}, "protected": false, "followers_count": 1818, "friends_count": 887, "listed_count": 10, "created_at": "Fri Dec 03 17:45:34 +0000 2010", "favourites_count": 57223, "utc_offset": null, "time_zone": null, "geo_enabled": true, "verified": false, "statuses_count": 114669, "lang": null, "contributors_enabled": false, "is_translator": false, "is_translation_enabled": false, "profile_background_color": "EBEBEB", "profile_background_image_url": "http://abs.twimg.com/images/themes/theme7/bg.gif", "profile_background_image_url_https": "https://abs.twimg.com/images/themes/theme7/bg.gif", "profile_background_tile": false, "profile_image_url": "http://pbs.twimg.com/profile_images/1381008981821390849/UQTHYp2P_normal.jpg", "profile_image_url_https": "https://pbs.twimg.com/profile_images/1381008981821390849/UQTHYp2P_normal.jpg", "profile_banner_url": "https://pbs.twimg.com/profile_banners/222528149/1618081541", "profile_link_color": "990000", "profile_sidebar_border_color": "DFDFDF", "profile_sidebar_fill_color": "F3F3F3", "profile_text_color": "333333", "profile_use_background_image": true, "has_extended_profile": true, "default_profile": false, "default_profile_image": false, "following": false, "follow_request_sent": false, "notifications": false, "translator_type": "none", "withheld_in_countries": []}, "geo": null, "coordinates": null, "place": null, "contributors": null, "is_quote_status": false, "retweet_count": 0, "favorite_count": 0, "favorited": false, "retweeted": false, "possibly_sensitive": false, "lang": "en"}