{"created_at": "Fri Jul 17 06:23:56 +0000 2015", "id": 621928303016828928, "id_str": "621928303016828928", "text": "#SKUPDATES Peter Berg Takes Heavy Shot At Caitlyn Jenner With Nasty Meme http://t.co/2WtfFKmLag SIRKENAYO_NET", "truncated": false, "entities": {"hashtags": [{"text": "SKUPDATES", "indices": [0, 10]}], "symbols": [], "user_mentions": [], "urls": [{"url": "http://t.co/2WtfFKmLag", "expanded_url": "http://tinyurl.com/onoe4tb", "display_url": "tinyurl.com/onoe4tb", "indices": [73, 95]}]}, "source": "<a href=\"http://twitterfeed.com\" rel=\"nofollow\">twitterfeed</a>", "in_reply_to_status_id": null, "in_reply_to_status_id_str": null, "in_reply_to_user_id": null, "in_reply_to_user_id_str": null, "in_reply_to_screen_name": null, "user": {"id": 420569364, "id_str": "420569364", "name": "CARGO PANTS PLUG", "screen_name": "Official_eesha", "location": "Nigeria", "description": "Unisex Tailor \ud83d\udc57 \ud83d\udc56 \u2702 || CHIKE STAN ACCOUNT", "url": null, "entities": {"description": {"urls": []}}, "protected": false, "followers_count": 4951, "friends_count": 2739, "listed_count": 39, "created_at": "Thu Nov 24 20:14:39 +0000 2011", "favourites_count": 8525, "utc_offset": null, "time_zone": null, "geo_enabled": false, "verified": false, "statuses_count": 207447, "lang": null, "contributors_enabled": false, "is_translator": false, "is_translation_enabled": false, "profile_background_color": "C0DEED", "profile_background_image_url": "http://abs.twimg.com/images/themes/theme1/bg.png", "profile_background_image_url_https": "https://abs.twimg.com/images/themes/theme1/bg.png", "profile_background_tile": false, "profile_image_url": "http://pbs.twimg.com/profile_images/1340785759863844871/DBhAO4KD_normal.jpg", "profile_image_url_https": "https://pbs.twimg.com/profile_images/1340785759863844871/DBhAO4KD_normal.jpg", "profile_banner_url": "https://pbs.twimg.com/profile_banners/420569364/1591257362", "profile_link_color": "1DA1F2", "profile_sidebar_border_color": "C0DEED", "profile_sidebar_fill_color": "DDEEF6", "profile_text_color": "333333", "profile_use_background_image": true, "has_extended_profile": true, "default_profile": true, "default_profile_image": false, "following": false, "follow_request_sent": false, "notifications": false, "translator_type": "none", "withheld_in_countries": []}, "geo": null, "coordinates": null, "place": null, "contributors": null, "is_quote_status": false, "retweet_count": 0, "favorite_count": 0, "favorited": false, "retweeted": false, "possibly_sensitive": false, "lang": "en"}