{"created_at": "Fri Jul 17 06:26:54 +0000 2015", "id": 621929048227196928, "id_str": "621929048227196928", "text": "#SKUPDATES Peter Berg Takes Heavy Shot At Caitlyn Jenner With Nasty Meme: \nPeter Berg, who\u2019s the... http://t.co/czQzHlPMsM SIRKENAYO_NET", "truncated": false, "entities": {"hashtags": [{"text": "SKUPDATES", "indices": [0, 10]}], "symbols": [], "user_mentions": [], "urls": [{"url": "http://t.co/czQzHlPMsM", "expanded_url": "http://bit.ly/1fORSit", "display_url": "bit.ly/1fORSit", "indices": [100, 122]}]}, "source": "<a href=\"http://twitterfeed.com\" rel=\"nofollow\">twitterfeed</a>", "in_reply_to_status_id": null, "in_reply_to_status_id_str": null, "in_reply_to_user_id": null, "in_reply_to_user_id_str": null, "in_reply_to_screen_name": null, "user": {"id": 69795824, "id_str": "69795824", "name": "Ogedengbe Emmanuel", "screen_name": "emgraphixx", "location": "London, England", "description": "EM GRAPHIXX CONCEPTS \ud83c\uddec\ud83c\udde7\ud83c\uddf3\ud83c\uddecBUSINESS ANALYST || AGRICULTURE || GRAPHICS || DIGITAL ASSET \u2022 RC : 2893208", "url": "https://t.co/bYbdO62HU7", "entities": {"url": {"urls": [{"url": "https://t.co/bYbdO62HU7", "expanded_url": "http://facebook.com/emmy2emmy", "display_url": "facebook.com/emmy2emmy", "indices": [0, 23]}]}, "description": {"urls": []}}, "protected": false, "followers_count": 1077, "friends_count": 951, "listed_count": 4, "created_at": "Sat Aug 29 05:09:25 +0000 2009", "favourites_count": 495, "utc_offset": null, "time_zone": null, "geo_enabled": true, "verified": false, "statuses_count": 18270, "lang": null, "contributors_enabled": false, "is_translator": false, "is_translation_enabled": false, "profile_background_color": "642D8B", "profile_background_image_url": "http://abs.twimg.com/images/themes/theme10/bg.gif", "profile_background_image_url_https": "https://abs.twimg.com/images/themes/theme10/bg.gif", "profile_background_tile": true, "profile_image_url": "http://pbs.twimg.com/profile_images/1321781754810769412/DLdjfWhZ_normal.jpg", "profile_image_url_https": "https://pbs.twimg.com/profile_images/1321781754810769412/DLdjfWhZ_normal.jpg", "profile_banner_url": "https://pbs.twimg.com/profile_banners/69795824/1596064914", "profile_link_color": "FF0000", "profile_sidebar_border_color": "65B0DA", "profile_sidebar_fill_color": "7AC3EE", "profile_text_color": "3D1957", "profile_use_background_image": true, "has_extended_profile": true, "default_profile": false, "default_profile_image": false, "following": false, "follow_request_sent": false, "notifications": false, "translator_type": "none", "withheld_in_countries": []}, "geo": null, "coordinates": null, "place": null, "contributors": null, "is_quote_status": false, "retweet_count": 0, "favorite_count": 0, "favorited": false, "retweeted": false, "possibly_sensitive": false, "lang": "en"}