{"created_at": "Fri Jul 17 06:23:51 +0000 2015", "id": 621928278371098624, "id_str": "621928278371098624", "text": "#SKUPDATES Peter Berg Takes Heavy Shot At Caitlyn Jenner With Nasty Meme http://t.co/C7Jsb5iTUm SIRKENAYO_NET", "truncated": false, "entities": {"hashtags": [{"text": "SKUPDATES", "indices": [0, 10]}], "symbols": [], "user_mentions": [], "urls": [{"url": "http://t.co/C7Jsb5iTUm", "expanded_url": "http://tinyurl.com/onoe4tb", "display_url": "tinyurl.com/onoe4tb", "indices": [73, 95]}]}, "source": "<a href=\"http://twitterfeed.com\" rel=\"nofollow\">twitterfeed</a>", "in_reply_to_status_id": null, "in_reply_to_status_id_str": null, "in_reply_to_user_id": null, "in_reply_to_user_id_str": null, "in_reply_to_screen_name": null, "user": {"id": 443635379, "id_str": "443635379", "name": "Rabiu Aishat", "screen_name": "vivaysha", "location": "Nigeria", "description": "...\nIG: vivaysha", "url": null, "entities": {"description": {"urls": []}}, "protected": false, "followers_count": 568, "friends_count": 540, "listed_count": 3, "created_at": "Thu Dec 22 11:20:32 +0000 2011", "favourites_count": 1746, "utc_offset": null, "time_zone": null, "geo_enabled": true, "verified": false, "statuses_count": 44929, "lang": null, "contributors_enabled": false, "is_translator": false, "is_translation_enabled": false, "profile_background_color": "EBEBEB", "profile_background_image_url": "http://abs.twimg.com/images/themes/theme7/bg.gif", "profile_background_image_url_https": "https://abs.twimg.com/images/themes/theme7/bg.gif", "profile_background_tile": false, "profile_image_url": "http://pbs.twimg.com/profile_images/579201064618078208/Zj8pnQSA_normal.jpg", "profile_image_url_https": "https://pbs.twimg.com/profile_images/579201064618078208/Zj8pnQSA_normal.jpg", "profile_banner_url": "https://pbs.twimg.com/profile_banners/443635379/1612037967", "profile_link_color": "990000", "profile_sidebar_border_color": "DFDFDF", "profile_sidebar_fill_color": "F3F3F3", "profile_text_color": "333333", "profile_use_background_image": true, "has_extended_profile": true, "default_profile": false, "default_profile_image": false, "following": false, "follow_request_sent": false, "notifications": false, "translator_type": "none", "withheld_in_countries": []}, "geo": null, "coordinates": null, "place": null, "contributors": null, "is_quote_status": false, "retweet_count": 0, "favorite_count": 0, "favorited": false, "retweeted": false, "possibly_sensitive": false, "lang": "en"}