{"created_at": "Fri Jul 17 06:26:59 +0000 2015", "id": 621929069895028736, "id_str": "621929069895028736", "text": "#SKUPDATES Peter Berg Takes Heavy Shot At Caitlyn Jenner With Nasty Meme: \nPeter Berg, who\u2019s the... http://t.co/T4TzdX8hHo SIRKENAYO_NET", "truncated": false, "entities": {"hashtags": [{"text": "SKUPDATES", "indices": [0, 10]}], "symbols": [], "user_mentions": [], "urls": [{"url": "http://t.co/T4TzdX8hHo", "expanded_url": "http://bit.ly/1fORSit", "display_url": "bit.ly/1fORSit", "indices": [100, 122]}]}, "source": "<a href=\"http://twitterfeed.com\" rel=\"nofollow\">twitterfeed</a>", "in_reply_to_status_id": null, "in_reply_to_status_id_str": null, "in_reply_to_user_id": null, "in_reply_to_user_id_str": null, "in_reply_to_screen_name": null, "user": {"id": 283055381, "id_str": "283055381", "name": "valtoybob.com", "screen_name": "Valtoyboy", "location": "Hamburg, Deutschland", "description": "We wrote a book filled with short stories you definitely don\u2019t want to miss\ud83d\udcdahttps://t.co/DyfLMsosVd", "url": "https://t.co/YlsW8e1FgQ", "entities": {"url": {"urls": [{"url": "https://t.co/YlsW8e1FgQ", "expanded_url": "http://mirrortalkpodcast.com", "display_url": "mirrortalkpodcast.com", "indices": [0, 23]}]}, "description": {"urls": [{"url": "https://t.co/DyfLMsosVd", "expanded_url": "https://www.amazon.com/dp/1690824115/ref=cm_sw_r_cp_api_i_H1OCDbFKMB8R7pg6", "display_url": "amazon.com/dp/1690824115/\u2026", "indices": [76, 99]}]}}, "protected": false, "followers_count": 420, "friends_count": 271, "listed_count": 22, "created_at": "Sat Apr 16 13:45:26 +0000 2011", "favourites_count": 1345, "utc_offset": null, "time_zone": null, "geo_enabled": true, "verified": false, "statuses_count": 16504, "lang": null, "contributors_enabled": false, "is_translator": false, "is_translation_enabled": false, "profile_background_color": "022330", "profile_background_image_url": "http://abs.twimg.com/images/themes/theme15/bg.png", "profile_background_image_url_https": "https://abs.twimg.com/images/themes/theme15/bg.png", "profile_background_tile": false, "profile_image_url": "http://pbs.twimg.com/profile_images/1355284311520518155/patZEcUJ_normal.jpg", "profile_image_url_https": "https://pbs.twimg.com/profile_images/1355284311520518155/patZEcUJ_normal.jpg", "profile_banner_url": "https://pbs.twimg.com/profile_banners/283055381/1562793141", "profile_link_color": "0084B4", "profile_sidebar_border_color": "A8C7F7", "profile_sidebar_fill_color": "C0DFEC", "profile_text_color": "333333", "profile_use_background_image": true, "has_extended_profile": false, "default_profile": false, "default_profile_image": false, "following": false, "follow_request_sent": false, "notifications": false, "translator_type": "none", "withheld_in_countries": []}, "geo": null, "coordinates": null, "place": null, "contributors": null, "is_quote_status": false, "retweet_count": 0, "favorite_count": 0, "favorited": false, "retweeted": false, "possibly_sensitive": false, "lang": "en"}