{"created_at": "Fri Jul 17 06:26:49 +0000 2015", "id": 621929027142463488, "id_str": "621929027142463488", "text": "#SKUPDATES Peter Berg Takes Heavy Shot At Caitlyn Jenner With Nasty Meme: \nPeter Berg, who\u2019s the... http://t.co/yHzcuauZX7 SIRKENAYO_NET", "truncated": false, "entities": {"hashtags": [{"text": "SKUPDATES", "indices": [0, 10]}], "symbols": [], "user_mentions": [], "urls": [{"url": "http://t.co/yHzcuauZX7", "expanded_url": "http://bit.ly/1fORSit", "display_url": "bit.ly/1fORSit", "indices": [100, 122]}]}, "source": "<a href=\"http://twitterfeed.com\" rel=\"nofollow\">twitterfeed</a>", "in_reply_to_status_id": null, "in_reply_to_status_id_str": null, "in_reply_to_user_id": null, "in_reply_to_user_id_str": null, "in_reply_to_screen_name": null, "user": {"id": 1443982045, "id_str": "1443982045", "name": "IG:_mrjab", "screen_name": "Yabanation", "location": "Usak", "description": "Online Pr/Music,Videos,Articles nd Ads Promotion/ Entertainment News/EventTicketing/ Promoting Upcoming artist 08107752004 Yctnation@gmail.com Lagos,Nigeria", "url": "http://t.co/sXrdcrWPJx", "entities": {"url": {"urls": [{"url": "http://t.co/sXrdcrWPJx", "expanded_url": "http://www.yabanation.com", "display_url": "yabanation.com", "indices": [0, 22]}]}, "description": {"urls": []}}, "protected": false, "followers_count": 506, "friends_count": 0, "listed_count": 8, "created_at": "Mon May 20 14:40:38 +0000 2013", "favourites_count": 29, "utc_offset": null, "time_zone": null, "geo_enabled": true, "verified": false, "statuses_count": 67999, "lang": null, "contributors_enabled": false, "is_translator": false, "is_translation_enabled": false, "profile_background_color": "000000", "profile_background_image_url": "http://abs.twimg.com/images/themes/theme1/bg.png", "profile_background_image_url_https": "https://abs.twimg.com/images/themes/theme1/bg.png", "profile_background_tile": false, "profile_image_url": "http://pbs.twimg.com/profile_images/662525920067125248/Pw6wSELq_normal.jpg", "profile_image_url_https": "https://pbs.twimg.com/profile_images/662525920067125248/Pw6wSELq_normal.jpg", "profile_banner_url": "https://pbs.twimg.com/profile_banners/1443982045/1421155266", "profile_link_color": "4A913C", "profile_sidebar_border_color": "000000", "profile_sidebar_fill_color": "000000", "profile_text_color": "000000", "profile_use_background_image": false, "has_extended_profile": false, "default_profile": false, "default_profile_image": false, "following": false, "follow_request_sent": false, "notifications": false, "translator_type": "none", "withheld_in_countries": []}, "geo": null, "coordinates": null, "place": null, "contributors": null, "is_quote_status": false, "retweet_count": 0, "favorite_count": 0, "favorited": false, "retweeted": false, "possibly_sensitive": false, "lang": "en"}