{"created_at": "Fri Jul 17 06:27:07 +0000 2015", "id": 621929103013228544, "id_str": "621929103013228544", "text": "#SKUPDATES Peter Berg Takes Heavy Shot At Caitlyn Jenner With Nasty Meme: \nPeter Berg, who\u2019s the... http://t.co/cE5cxdg6YN SIRKENAYO_NET", "truncated": false, "entities": {"hashtags": [{"text": "SKUPDATES", "indices": [0, 10]}], "symbols": [], "user_mentions": [], "urls": [{"url": "http://t.co/cE5cxdg6YN", "expanded_url": "http://bit.ly/1HTQGAb", "display_url": "bit.ly/1HTQGAb", "indices": [100, 122]}]}, "source": "<a href=\"http://twitterfeed.com\" rel=\"nofollow\">twitterfeed</a>", "in_reply_to_status_id": null, "in_reply_to_status_id_str": null, "in_reply_to_user_id": null, "in_reply_to_user_id_str": null, "in_reply_to_screen_name": null, "user": {"id": 543515756, "id_str": "543515756", "name": "Lucky", "screen_name": "gabriel2lucky", "location": "", "description": "Instagram I\u2019d: https://t.co/gqGNaTaMNh @gabriel2lucky /Kul dude / Manchester United fan / Engr", "url": null, "entities": {"description": {"urls": [{"url": "https://t.co/gqGNaTaMNh", "expanded_url": "https://www.instagram.com/p/BtyHks1hFQ5/?utm_source=ig_share_sheet&igshid=hy4j3pvsdss6", "display_url": "instagram.com/p/BtyHks1hFQ5/\u2026", "indices": [15, 38]}]}}, "protected": false, "followers_count": 2118, "friends_count": 2092, "listed_count": 6, "created_at": "Mon Apr 02 15:56:12 +0000 2012", "favourites_count": 7717, "utc_offset": null, "time_zone": null, "geo_enabled": true, "verified": false, "statuses_count": 13217, "lang": null, "contributors_enabled": false, "is_translator": false, "is_translation_enabled": false, "profile_background_color": "C0DEED", "profile_background_image_url": "http://abs.twimg.com/images/themes/theme1/bg.png", "profile_background_image_url_https": "https://abs.twimg.com/images/themes/theme1/bg.png", "profile_background_tile": false, "profile_image_url": "http://pbs.twimg.com/profile_images/1341766864058368001/g9X6M9MQ_normal.jpg", "profile_image_url_https": "https://pbs.twimg.com/profile_images/1341766864058368001/g9X6M9MQ_normal.jpg", "profile_banner_url": "https://pbs.twimg.com/profile_banners/543515756/1592727695", "profile_link_color": "1DA1F2", "profile_sidebar_border_color": "C0DEED", "profile_sidebar_fill_color": "DDEEF6", "profile_text_color": "333333", "profile_use_background_image": true, "has_extended_profile": true, "default_profile": true, "default_profile_image": false, "following": false, "follow_request_sent": false, "notifications": false, "translator_type": "none", "withheld_in_countries": []}, "geo": null, "coordinates": null, "place": null, "contributors": null, "is_quote_status": false, "retweet_count": 0, "favorite_count": 0, "favorited": false, "retweeted": false, "possibly_sensitive": false, "lang": "en"}