{"created_at": "Fri Jul 17 06:23:58 +0000 2015", "id": 621928309216010240, "id_str": "621928309216010240", "text": "#SKUPDATES Peter Berg Takes Heavy Shot At Caitlyn Jenner With Nasty Meme http://t.co/kaosUZ45tZ SIRKENAYO_NET", "truncated": false, "entities": {"hashtags": [{"text": "SKUPDATES", "indices": [0, 10]}], "symbols": [], "user_mentions": [], "urls": [{"url": "http://t.co/kaosUZ45tZ", "expanded_url": "http://tinyurl.com/onoe4tb", "display_url": "tinyurl.com/onoe4tb", "indices": [73, 95]}]}, "source": "<a href=\"http://twitterfeed.com\" rel=\"nofollow\">twitterfeed</a>", "in_reply_to_status_id": null, "in_reply_to_status_id_str": null, "in_reply_to_user_id": null, "in_reply_to_user_id_str": null, "in_reply_to_screen_name": null, "user": {"id": 1226889204, "id_str": "1226889204", "name": "David", "screen_name": "Not_My_Thought", "location": "Lost In Cyber Space", "description": "Alter Ego | Retired Blogger | Digital Marketing apprentice |  | My tweets here do not define me. | Stop prouding, follow back", "url": null, "entities": {"description": {"urls": []}}, "protected": false, "followers_count": 4143, "friends_count": 3649, "listed_count": 173, "created_at": "Thu Feb 28 06:51:04 +0000 2013", "favourites_count": 1119, "utc_offset": null, "time_zone": null, "geo_enabled": true, "verified": false, "statuses_count": 142596, "lang": null, "contributors_enabled": false, "is_translator": false, "is_translation_enabled": false, "profile_background_color": "B22222", "profile_background_image_url": "http://abs.twimg.com/images/themes/theme1/bg.png", "profile_background_image_url_https": "https://abs.twimg.com/images/themes/theme1/bg.png", "profile_background_tile": false, "profile_image_url": "http://pbs.twimg.com/profile_images/828250954428456960/EOUo_qAE_normal.jpg", "profile_image_url_https": "https://pbs.twimg.com/profile_images/828250954428456960/EOUo_qAE_normal.jpg", "profile_banner_url": "https://pbs.twimg.com/profile_banners/1226889204/1578162945", "profile_link_color": "ABB8C2", "profile_sidebar_border_color": "000000", "profile_sidebar_fill_color": "000000", "profile_text_color": "000000", "profile_use_background_image": true, "has_extended_profile": true, "default_profile": false, "default_profile_image": false, "following": false, "follow_request_sent": false, "notifications": false, "translator_type": "none", "withheld_in_countries": []}, "geo": null, "coordinates": null, "place": null, "contributors": null, "is_quote_status": false, "retweet_count": 0, "favorite_count": 0, "favorited": false, "retweeted": false, "possibly_sensitive": false, "lang": "en"}