{"created_at": "Fri Jul 17 06:27:03 +0000 2015", "id": 621929083488743424, "id_str": "621929083488743424", "text": "#SKUPDATES Peter Berg Takes Heavy Shot At Caitlyn Jenner With Nasty Meme: \nPeter Berg, who\u2019s the... http://t.co/jkvoZ2ohaB SIRKENAYO_NET", "truncated": false, "entities": {"hashtags": [{"text": "SKUPDATES", "indices": [0, 10]}], "symbols": [], "user_mentions": [], "urls": [{"url": "http://t.co/jkvoZ2ohaB", "expanded_url": "http://bit.ly/1HTQGAb", "display_url": "bit.ly/1HTQGAb", "indices": [100, 122]}]}, "source": "<a href=\"http://twitterfeed.com\" rel=\"nofollow\">twitterfeed</a>", "in_reply_to_status_id": null, "in_reply_to_status_id_str": null, "in_reply_to_user_id": null, "in_reply_to_user_id_str": null, "in_reply_to_screen_name": null, "user": {"id": 706350814, "id_str": "706350814", "name": "Just 'Femi", "screen_name": "femidebargio", "location": "Nigeria", "description": "Believer!\nContent Writer!\nPhysical Therapist!\nAnd everything amazing!", "url": "https://t.co/y9OTi0t38m", "entities": {"url": {"urls": [{"url": "https://t.co/y9OTi0t38m", "expanded_url": "http://adebajobabafemi.contently.com", "display_url": "adebajobabafemi.contently.com", "indices": [0, 23]}]}, "description": {"urls": []}}, "protected": false, "followers_count": 979, "friends_count": 977, "listed_count": 3, "created_at": "Wed Oct 09 11:15:45 +0000 2013", "favourites_count": 1048, "utc_offset": null, "time_zone": null, "geo_enabled": true, "verified": false, "statuses_count": 24348, "lang": null, "contributors_enabled": false, "is_translator": false, "is_translation_enabled": false, "profile_background_color": "6B6E3A", "profile_background_image_url": "http://abs.twimg.com/images/themes/theme19/bg.gif", "profile_background_image_url_https": "https://abs.twimg.com/images/themes/theme19/bg.gif", "profile_background_tile": true, "profile_image_url": "http://pbs.twimg.com/profile_images/1243134141572538368/f8wxpkng_normal.jpg", "profile_image_url_https": "https://pbs.twimg.com/profile_images/1243134141572538368/f8wxpkng_normal.jpg", "profile_banner_url": "https://pbs.twimg.com/profile_banners/706350814/1592402611", "profile_link_color": "8A8A4C", "profile_sidebar_border_color": "FFFFFF", "profile_sidebar_fill_color": "DDEEF6", "profile_text_color": "333333", "profile_use_background_image": true, "has_extended_profile": true, "default_profile": false, "default_profile_image": false, "following": false, "follow_request_sent": false, "notifications": false, "translator_type": "none", "withheld_in_countries": []}, "geo": null, "coordinates": null, "place": null, "contributors": null, "is_quote_status": false, "retweet_count": 0, "favorite_count": 0, "favorited": false, "retweeted": false, "possibly_sensitive": false, "lang": "en"}