{"created_at": "Fri Jul 17 06:25:33 +0000 2015", "id": 621928708534743040, "id_str": "621928708534743040", "text": "#SIRKENAYO Peter Berg Takes Heavy Shot At Caitlyn Jenner With Nasty Meme: \nPeter Berg, who\u2019s the... http://t.co/clmGC7QLr8 SIRKENAYO_NET", "truncated": false, "entities": {"hashtags": [{"text": "SIRKENAYO", "indices": [0, 10]}], "symbols": [], "user_mentions": [], "urls": [{"url": "http://t.co/clmGC7QLr8", "expanded_url": "http://bit.ly/1HTQGAb", "display_url": "bit.ly/1HTQGAb", "indices": [100, 122]}]}, "source": "<a href=\"http://twitterfeed.com\" rel=\"nofollow\">twitterfeed</a>", "in_reply_to_status_id": null, "in_reply_to_status_id_str": null, "in_reply_to_user_id": null, "in_reply_to_user_id_str": null, "in_reply_to_screen_name": null, "user": {"id": 440602467, "id_str": "440602467", "name": "Asiwaju", "screen_name": "thetoluadejumo", "location": "\ud83d\udccdSomewhere close", "description": "", "url": null, "entities": {"description": {"urls": []}}, "protected": false, "followers_count": 1110, "friends_count": 1048, "listed_count": 7, "created_at": "Mon Dec 19 06:01:49 +0000 2011", "favourites_count": 958, "utc_offset": null, "time_zone": null, "geo_enabled": true, "verified": false, "statuses_count": 83190, "lang": null, "contributors_enabled": false, "is_translator": false, "is_translation_enabled": false, "profile_background_color": "1A1B1F", "profile_background_image_url": "http://abs.twimg.com/images/themes/theme9/bg.gif", "profile_background_image_url_https": "https://abs.twimg.com/images/themes/theme9/bg.gif", "profile_background_tile": true, "profile_image_url": "http://pbs.twimg.com/profile_images/1328997451500544001/dakjSQpT_normal.jpg", "profile_image_url_https": "https://pbs.twimg.com/profile_images/1328997451500544001/dakjSQpT_normal.jpg", "profile_banner_url": "https://pbs.twimg.com/profile_banners/440602467/1602497729", "profile_link_color": "ED1C24", "profile_sidebar_border_color": "FFFFFF", "profile_sidebar_fill_color": "DDEEF6", "profile_text_color": "333333", "profile_use_background_image": true, "has_extended_profile": true, "default_profile": false, "default_profile_image": false, "following": false, "follow_request_sent": false, "notifications": false, "translator_type": "none", "withheld_in_countries": []}, "geo": null, "coordinates": null, "place": null, "contributors": null, "is_quote_status": false, "retweet_count": 0, "favorite_count": 0, "favorited": false, "retweeted": false, "possibly_sensitive": false, "lang": "en"}