{"created_at": "Fri Jul 17 06:26:01 +0000 2015", "id": 621928827392950272, "id_str": "621928827392950272", "text": "#SIRKENAYO Peter Berg Takes Heavy Shot At Caitlyn Jenner With Nasty Meme: \nPeter Berg, who\u2019s the... http://t.co/Y2ldz8k3nK SIRKENAYO_NET", "truncated": false, "entities": {"hashtags": [{"text": "SIRKENAYO", "indices": [0, 10]}], "symbols": [], "user_mentions": [], "urls": [{"url": "http://t.co/Y2ldz8k3nK", "expanded_url": "http://bit.ly/1HTQGAb", "display_url": "bit.ly/1HTQGAb", "indices": [100, 122]}]}, "source": "<a href=\"http://twitterfeed.com\" rel=\"nofollow\">twitterfeed</a>", "in_reply_to_status_id": null, "in_reply_to_status_id_str": null, "in_reply_to_user_id": null, "in_reply_to_user_id_str": null, "in_reply_to_screen_name": null, "user": {"id": 191036622, "id_str": "191036622", "name": "Israel", "screen_name": "israelihegs", "location": "Lagos, Nigeria", "description": "HR| People.Process.Performance", "url": null, "entities": {"description": {"urls": []}}, "protected": false, "followers_count": 182, "friends_count": 262, "listed_count": 8, "created_at": "Wed Sep 15 13:20:54 +0000 2010", "favourites_count": 35, "utc_offset": null, "time_zone": null, "geo_enabled": true, "verified": false, "statuses_count": 40304, "lang": null, "contributors_enabled": false, "is_translator": false, "is_translation_enabled": false, "profile_background_color": "642D8B", "profile_background_image_url": "http://abs.twimg.com/images/themes/theme10/bg.gif", "profile_background_image_url_https": "https://abs.twimg.com/images/themes/theme10/bg.gif", "profile_background_tile": true, "profile_image_url": "http://pbs.twimg.com/profile_images/1334930896265359363/vAkWqnl1_normal.jpg", "profile_image_url_https": "https://pbs.twimg.com/profile_images/1334930896265359363/vAkWqnl1_normal.jpg", "profile_banner_url": "https://pbs.twimg.com/profile_banners/191036622/1607107303", "profile_link_color": "FF0000", "profile_sidebar_border_color": "65B0DA", "profile_sidebar_fill_color": "7AC3EE", "profile_text_color": "3D1957", "profile_use_background_image": true, "has_extended_profile": true, "default_profile": false, "default_profile_image": false, "following": false, "follow_request_sent": false, "notifications": false, "translator_type": "none", "withheld_in_countries": []}, "geo": null, "coordinates": null, "place": null, "contributors": null, "is_quote_status": false, "retweet_count": 0, "favorite_count": 0, "favorited": false, "retweeted": false, "possibly_sensitive": false, "lang": "en"}