{"created_at": "Fri Jul 17 06:25:23 +0000 2015", "id": 621928667283763200, "id_str": "621928667283763200", "text": "#NEWUPDATE------&gt; Peter Berg Takes Heavy Shot At Caitlyn Jenner With Nasty Meme: \nPeter B... http://t.co/6K7mXFT0Ps (via @sirkenayo_com)", "truncated": false, "entities": {"hashtags": [{"text": "NEWUPDATE", "indices": [0, 10]}], "symbols": [], "user_mentions": [], "urls": [{"url": "http://t.co/6K7mXFT0Ps", "expanded_url": "http://bit.ly/1HTQGAb", "display_url": "bit.ly/1HTQGAb", "indices": [96, 118]}]}, "source": "<a href=\"http://twitterfeed.com\" rel=\"nofollow\">twitterfeed</a>", "in_reply_to_status_id": null, "in_reply_to_status_id_str": null, "in_reply_to_user_id": null, "in_reply_to_user_id_str": null, "in_reply_to_screen_name": null, "user": {"id": 82506582, "id_str": "82506582", "name": "E. Akemu", "screen_name": "akeGAG", "location": "Lagos, Nigeria", "description": "Simple Man", "url": null, "entities": {"description": {"urls": []}}, "protected": false, "followers_count": 1401, "friends_count": 184, "listed_count": 21, "created_at": "Thu Oct 15 01:19:20 +0000 2009", "favourites_count": 345, "utc_offset": null, "time_zone": null, "geo_enabled": false, "verified": false, "statuses_count": 86899, "lang": null, "contributors_enabled": false, "is_translator": false, "is_translation_enabled": false, "profile_background_color": "131516", "profile_background_image_url": "http://abs.twimg.com/images/themes/theme14/bg.gif", "profile_background_image_url_https": "https://abs.twimg.com/images/themes/theme14/bg.gif", "profile_background_tile": true, "profile_image_url": "http://pbs.twimg.com/profile_images/978022758511796225/rp07C95y_normal.jpg", "profile_image_url_https": "https://pbs.twimg.com/profile_images/978022758511796225/rp07C95y_normal.jpg", "profile_link_color": "009999", "profile_sidebar_border_color": "EEEEEE", "profile_sidebar_fill_color": "EFEFEF", "profile_text_color": "333333", "profile_use_background_image": true, "has_extended_profile": true, "default_profile": false, "default_profile_image": false, "following": false, "follow_request_sent": false, "notifications": false, "translator_type": "none", "withheld_in_countries": []}, "geo": null, "coordinates": null, "place": null, "contributors": null, "is_quote_status": false, "retweet_count": 0, "favorite_count": 0, "favorited": false, "retweeted": false, "possibly_sensitive": false, "lang": "en"}