{"created_at": "Fri Jul 17 06:26:05 +0000 2015", "id": 621928841364176896, "id_str": "621928841364176896", "text": "#SIRKENAYO Peter Berg Takes Heavy Shot At Caitlyn Jenner With Nasty Meme: \nPeter Berg, who\u2019s the... http://t.co/uuiU4QId3D SIRKENAYO_NET", "truncated": false, "entities": {"hashtags": [{"text": "SIRKENAYO", "indices": [0, 10]}], "symbols": [], "user_mentions": [], "urls": [{"url": "http://t.co/uuiU4QId3D", "expanded_url": "http://bit.ly/1HTQGAb", "display_url": "bit.ly/1HTQGAb", "indices": [100, 122]}]}, "source": "<a href=\"http://twitterfeed.com\" rel=\"nofollow\">twitterfeed</a>", "in_reply_to_status_id": null, "in_reply_to_status_id_str": null, "in_reply_to_user_id": null, "in_reply_to_user_id_str": null, "in_reply_to_screen_name": null, "user": {"id": 1072230493, "id_str": "1072230493", "name": "Altine Of Tuvalu\ud83d\udc9b", "screen_name": "Miss_sayrah", "location": "Milky way", "description": "Plug for everything and anything\u270c..\nDM FOR BUSINESS ONLY.\nFollow my backup account @miss_sayrah1\nSHOW YOUR WORKINGS MFJPM!!!", "url": "https://t.co/SG6KOAauN5", "entities": {"url": {"urls": [{"url": "https://t.co/SG6KOAauN5", "expanded_url": "http://www.sirkenayo.net", "display_url": "sirkenayo.net", "indices": [0, 23]}]}, "description": {"urls": []}}, "protected": false, "followers_count": 12112, "friends_count": 8455, "listed_count": 10, "created_at": "Tue Jan 08 22:50:32 +0000 2013", "favourites_count": 92925, "utc_offset": null, "time_zone": null, "geo_enabled": true, "verified": false, "statuses_count": 136241, "lang": null, "contributors_enabled": false, "is_translator": false, "is_translation_enabled": false, "profile_background_color": "C0DEED", "profile_background_image_url": "http://abs.twimg.com/images/themes/theme1/bg.png", "profile_background_image_url_https": "https://abs.twimg.com/images/themes/theme1/bg.png", "profile_background_tile": false, "profile_image_url": "http://pbs.twimg.com/profile_images/1179674252594831361/X0yCKV42_normal.jpg", "profile_image_url_https": "https://pbs.twimg.com/profile_images/1179674252594831361/X0yCKV42_normal.jpg", "profile_banner_url": "https://pbs.twimg.com/profile_banners/1072230493/1587811517", "profile_link_color": "1DA1F2", "profile_sidebar_border_color": "C0DEED", "profile_sidebar_fill_color": "DDEEF6", "profile_text_color": "333333", "profile_use_background_image": true, "has_extended_profile": true, "default_profile": true, "default_profile_image": false, "following": false, "follow_request_sent": false, "notifications": false, "translator_type": "none", "withheld_in_countries": []}, "geo": null, "coordinates": null, "place": null, "contributors": null, "is_quote_status": false, "retweet_count": 0, "favorite_count": 0, "favorited": false, "retweeted": false, "possibly_sensitive": false, "lang": "en"}