{"created_at": "Fri Jul 17 06:24:20 +0000 2015", "id": 621928402606424064, "id_str": "621928402606424064", "text": "#SKUPDATES Peter Berg Takes Heavy Shot At Caitlyn Jenner With Nasty Meme http://t.co/w4SoNYsdMG SIRKENAYO_NET", "truncated": false, "entities": {"hashtags": [{"text": "SKUPDATES", "indices": [0, 10]}], "symbols": [], "user_mentions": [], "urls": [{"url": "http://t.co/w4SoNYsdMG", "expanded_url": "http://tinyurl.com/onoe4tb", "display_url": "tinyurl.com/onoe4tb", "indices": [73, 95]}]}, "source": "<a href=\"http://twitterfeed.com\" rel=\"nofollow\">twitterfeed</a>", "in_reply_to_status_id": null, "in_reply_to_status_id_str": null, "in_reply_to_user_id": null, "in_reply_to_user_id_str": null, "in_reply_to_screen_name": null, "user": {"id": 1223979074, "id_str": "1223979074", "name": "Mkesh", "screen_name": "officer_mkesh", "location": "Abuja nigeria", "description": "officer\ud83d\udc6e\ud83c\udffd\u200d\u2642\ufe0f of the FRN\ud83c\uddf3\ud83c\uddec proudly Muslim RC 2", "url": null, "entities": {"description": {"urls": []}}, "protected": false, "followers_count": 431, "friends_count": 424, "listed_count": 2, "created_at": "Wed Feb 27 08:45:35 +0000 2013", "favourites_count": 610, "utc_offset": null, "time_zone": null, "geo_enabled": true, "verified": false, "statuses_count": 25711, "lang": null, "contributors_enabled": false, "is_translator": false, "is_translation_enabled": false, "profile_background_color": "C0DEED", "profile_background_image_url": "http://abs.twimg.com/images/themes/theme1/bg.png", "profile_background_image_url_https": "https://abs.twimg.com/images/themes/theme1/bg.png", "profile_background_tile": false, "profile_image_url": "http://pbs.twimg.com/profile_images/1222655394234937344/EuBf5uZH_normal.jpg", "profile_image_url_https": "https://pbs.twimg.com/profile_images/1222655394234937344/EuBf5uZH_normal.jpg", "profile_banner_url": "https://pbs.twimg.com/profile_banners/1223979074/1563612599", "profile_link_color": "1DA1F2", "profile_sidebar_border_color": "C0DEED", "profile_sidebar_fill_color": "DDEEF6", "profile_text_color": "333333", "profile_use_background_image": true, "has_extended_profile": false, "default_profile": true, "default_profile_image": false, "following": false, "follow_request_sent": false, "notifications": false, "translator_type": "none", "withheld_in_countries": []}, "geo": null, "coordinates": null, "place": null, "contributors": null, "is_quote_status": false, "retweet_count": 0, "favorite_count": 0, "favorited": false, "retweeted": false, "possibly_sensitive": false, "lang": "en"}