{"created_at": "Fri Jul 17 06:13:03 +0000 2015", "id": 621925561234030592, "id_str": "621925561234030592", "text": "I CANNOT believe yall support this Caitlyn Jenner shit . That shit nasty , sick and random af .", "truncated": false, "entities": {"hashtags": [], "symbols": [], "user_mentions": [], "urls": []}, "source": "<a href=\"http://twitter.com/download/iphone\" rel=\"nofollow\">Twitter for iPhone</a>", "in_reply_to_status_id": null, "in_reply_to_status_id_str": null, "in_reply_to_user_id": null, "in_reply_to_user_id_str": null, "in_reply_to_screen_name": null, "user": {"id": 66528713, "id_str": "66528713", "name": "Mango", "screen_name": "ImMangoNicole", "location": "Atlanta, GA", "description": "Bitch you don't know me , you know what I look like 2\ufe0f\u20e33\ufe0f\u20e3God first then New Money \u2728snapchat:realblackmangos IG:iamMangoNicole", "url": null, "entities": {"description": {"urls": []}}, "protected": false, "followers_count": 2758, "friends_count": 1445, "listed_count": 3, "created_at": "Mon Aug 17 23:46:37 +0000 2009", "favourites_count": 10474, "utc_offset": null, "time_zone": null, "geo_enabled": true, "verified": false, "statuses_count": 85070, "lang": null, "contributors_enabled": false, "is_translator": false, "is_translation_enabled": false, "profile_background_color": "FFFFFF", "profile_background_image_url": "http://abs.twimg.com/images/themes/theme10/bg.gif", "profile_background_image_url_https": "https://abs.twimg.com/images/themes/theme10/bg.gif", "profile_background_tile": true, "profile_image_url": "http://pbs.twimg.com/profile_images/1207028778867855360/taJ8OAAL_normal.jpg", "profile_image_url_https": "https://pbs.twimg.com/profile_images/1207028778867855360/taJ8OAAL_normal.jpg", "profile_banner_url": "https://pbs.twimg.com/profile_banners/66528713/1576614157", "profile_link_color": "17EB25", "profile_sidebar_border_color": "FFFFFF", "profile_sidebar_fill_color": "000000", "profile_text_color": "FAFAFA", "profile_use_background_image": false, "has_extended_profile": true, "default_profile": false, "default_profile_image": false, "following": false, "follow_request_sent": false, "notifications": false, "translator_type": "regular", "withheld_in_countries": []}, "geo": null, "coordinates": null, "place": null, "contributors": null, "is_quote_status": false, "retweet_count": 1, "favorite_count": 3, "favorited": false, "retweeted": false, "lang": "en"}