{"created_at": "Fri Jul 17 06:26:38 +0000 2015", "id": 621928982594764801, "id_str": "621928982594764801", "text": "#SIRKENAYO Peter Berg Takes Heavy Shot At Caitlyn Jenner With Nasty Meme: \nPeter Berg, who\u2019s the... http://t.co/2x6PfKoyBz SIRKENAYO_NET", "truncated": false, "entities": {"hashtags": [{"text": "SIRKENAYO", "indices": [0, 10]}], "symbols": [], "user_mentions": [], "urls": [{"url": "http://t.co/2x6PfKoyBz", "expanded_url": "http://bit.ly/1HTQGAb", "display_url": "bit.ly/1HTQGAb", "indices": [100, 122]}]}, "source": "<a href=\"http://twitterfeed.com\" rel=\"nofollow\">twitterfeed</a>", "in_reply_to_status_id": null, "in_reply_to_status_id_str": null, "in_reply_to_user_id": null, "in_reply_to_user_id_str": null, "in_reply_to_screen_name": null, "user": {"id": 416956565, "id_str": "416956565", "name": "BABA NLA", "screen_name": "dwizzietobadt", "location": "HERE!", "description": "JUNE 5! IG/Snapchat: @thatdexter", "url": "https://t.co/4hEci3pP8g", "entities": {"url": {"urls": [{"url": "https://t.co/4hEci3pP8g", "expanded_url": "http://www.sirkenayo.net", "display_url": "sirkenayo.net", "indices": [0, 23]}]}, "description": {"urls": []}}, "protected": false, "followers_count": 2938, "friends_count": 3044, "listed_count": 13, "created_at": "Sun Nov 20 10:24:02 +0000 2011", "favourites_count": 177, "utc_offset": null, "time_zone": null, "geo_enabled": false, "verified": false, "statuses_count": 134526, "lang": null, "contributors_enabled": false, "is_translator": false, "is_translation_enabled": false, "profile_background_color": "C0DEED", "profile_background_image_url": "http://abs.twimg.com/images/themes/theme1/bg.png", "profile_background_image_url_https": "https://abs.twimg.com/images/themes/theme1/bg.png", "profile_background_tile": false, "profile_image_url": "http://pbs.twimg.com/profile_images/684649641854500864/wd5S9EKg_normal.jpg", "profile_image_url_https": "https://pbs.twimg.com/profile_images/684649641854500864/wd5S9EKg_normal.jpg", "profile_banner_url": "https://pbs.twimg.com/profile_banners/416956565/1452068168", "profile_link_color": "1DA1F2", "profile_sidebar_border_color": "C0DEED", "profile_sidebar_fill_color": "DDEEF6", "profile_text_color": "333333", "profile_use_background_image": true, "has_extended_profile": false, "default_profile": true, "default_profile_image": false, "following": false, "follow_request_sent": false, "notifications": false, "translator_type": "none", "withheld_in_countries": []}, "geo": null, "coordinates": null, "place": null, "contributors": null, "is_quote_status": false, "retweet_count": 0, "favorite_count": 0, "favorited": false, "retweeted": false, "possibly_sensitive": false, "lang": "en"}