{"created_at": "Fri Jul 17 06:22:42 +0000 2015", "id": 621927990302117888, "id_str": "621927990302117888", "text": "#SKUPDATES Peter Berg Takes Heavy Shot At Caitlyn Jenner With Nasty Meme http://t.co/FlU25wLwwP SIRKENAYO_NET", "truncated": false, "entities": {"hashtags": [{"text": "SKUPDATES", "indices": [0, 10]}], "symbols": [], "user_mentions": [], "urls": [{"url": "http://t.co/FlU25wLwwP", "expanded_url": "http://tinyurl.com/onoe4tb", "display_url": "tinyurl.com/onoe4tb", "indices": [73, 95]}]}, "source": "<a href=\"http://twitterfeed.com\" rel=\"nofollow\">twitterfeed</a>", "in_reply_to_status_id": null, "in_reply_to_status_id_str": null, "in_reply_to_user_id": null, "in_reply_to_user_id_str": null, "in_reply_to_screen_name": null, "user": {"id": 193404495, "id_str": "193404495", "name": "6\ufe0f\u20e3", "screen_name": "hay_kay_ess", "location": "Cole World ", "description": "Laus Deo || #33 || \u270c\ud83c\udffe & \u2764\ufe0f || Slainte \ud83c\udf7b\ud83c\udf7b\ud83c\udf7b", "url": null, "entities": {"description": {"urls": []}}, "protected": false, "followers_count": 3501, "friends_count": 3299, "listed_count": 15, "created_at": "Tue Sep 21 18:51:15 +0000 2010", "favourites_count": 42438, "utc_offset": null, "time_zone": null, "geo_enabled": true, "verified": false, "statuses_count": 137826, "lang": null, "contributors_enabled": false, "is_translator": false, "is_translation_enabled": false, "profile_background_color": "C0DEED", "profile_background_image_url": "http://abs.twimg.com/images/themes/theme1/bg.png", "profile_background_image_url_https": "https://abs.twimg.com/images/themes/theme1/bg.png", "profile_background_tile": false, "profile_image_url": "http://pbs.twimg.com/profile_images/1386260362077646852/HztOlXQ2_normal.jpg", "profile_image_url_https": "https://pbs.twimg.com/profile_images/1386260362077646852/HztOlXQ2_normal.jpg", "profile_banner_url": "https://pbs.twimg.com/profile_banners/193404495/1593001961", "profile_link_color": "1DA1F2", "profile_sidebar_border_color": "C0DEED", "profile_sidebar_fill_color": "DDEEF6", "profile_text_color": "333333", "profile_use_background_image": true, "has_extended_profile": true, "default_profile": true, "default_profile_image": false, "following": false, "follow_request_sent": false, "notifications": false, "translator_type": "none", "withheld_in_countries": []}, "geo": null, "coordinates": null, "place": null, "contributors": null, "is_quote_status": false, "retweet_count": 0, "favorite_count": 0, "favorited": false, "retweeted": false, "possibly_sensitive": false, "lang": "en"}