{"created_at": "Fri Jul 17 09:53:02 +0000 2015", "id": 621980924171845632, "id_str": "621980924171845632", "text": "Caitlyn Jenner Top Hollywood producer slams star with nasty\u00a0meme http://t.co/MXZ7DkjajZ http://t.co/pz0FvGaNuw", "truncated": false, "entities": {"hashtags": [], "symbols": [], "user_mentions": [], "urls": [{"url": "http://t.co/MXZ7DkjajZ", "expanded_url": "http://beevaconnect.com/caitlyn-jenner-top-hollywood-producer-slams-star-with-nasty-meme/", "display_url": "beevaconnect.com/caitlyn-jenner\u2026", "indices": [65, 87]}], "media": [{"id": 621980922959630336, "id_str": "621980922959630336", "indices": [88, 110], "media_url": "http://pbs.twimg.com/media/CKG4WqIUEAA6MAW.png", "media_url_https": "https://pbs.twimg.com/media/CKG4WqIUEAA6MAW.png", "url": "http://t.co/pz0FvGaNuw", "display_url": "pic.twitter.com/pz0FvGaNuw", "expanded_url": "https://twitter.com/beevaconnect/status/621980924171845632/photo/1", "type": "photo", "sizes": {"large": {"w": 627, "h": 726, "resize": "fit"}, "small": {"w": 587, "h": 680, "resize": "fit"}, "medium": {"w": 627, "h": 726, "resize": "fit"}, "thumb": {"w": 150, "h": 150, "resize": "crop"}}}]}, "extended_entities": {"media": [{"id": 621980922959630336, "id_str": "621980922959630336", "indices": [88, 110], "media_url": "http://pbs.twimg.com/media/CKG4WqIUEAA6MAW.png", "media_url_https": "https://pbs.twimg.com/media/CKG4WqIUEAA6MAW.png", "url": "http://t.co/pz0FvGaNuw", "display_url": "pic.twitter.com/pz0FvGaNuw", "expanded_url": "https://twitter.com/beevaconnect/status/621980924171845632/photo/1", "type": "photo", "sizes": {"large": {"w": 627, "h": 726, "resize": "fit"}, "small": {"w": 587, "h": 680, "resize": "fit"}, "medium": {"w": 627, "h": 726, "resize": "fit"}, "thumb": {"w": 150, "h": 150, "resize": "crop"}}}]}, "source": "<a href=\"http://publicize.wp.com/\" rel=\"nofollow\">WordPress.com</a>", "in_reply_to_status_id": null, "in_reply_to_status_id_str": null, "in_reply_to_user_id": null, "in_reply_to_user_id_str": null, "in_reply_to_screen_name": null, "user": {"id": 3071923763, "id_str": "3071923763", "name": "beevaconnect", "screen_name": "beevaconnect", "location": "", "description": "", "url": null, "entities": {"description": {"urls": []}}, "protected": false, "followers_count": 48, "friends_count": 11, "listed_count": 0, "created_at": "Thu Mar 05 09:15:57 +0000 2015", "favourites_count": 0, "utc_offset": null, "time_zone": null, "geo_enabled": false, "verified": false, "statuses_count": 563, "lang": null, "contributors_enabled": false, "is_translator": false, "is_translation_enabled": false, "profile_background_color": "C0DEED", "profile_background_image_url": "http://abs.twimg.com/images/themes/theme1/bg.png", "profile_background_image_url_https": "https://abs.twimg.com/images/themes/theme1/bg.png", "profile_background_tile": false, "profile_image_url": "http://pbs.twimg.com/profile_images/573787140502478848/KOfpmX_-_normal.jpeg", "profile_image_url_https": "https://pbs.twimg.com/profile_images/573787140502478848/KOfpmX_-_normal.jpeg", "profile_link_color": "1DA1F2", "profile_sidebar_border_color": "C0DEED", "profile_sidebar_fill_color": "DDEEF6", "profile_text_color": "333333", "profile_use_background_image": true, "has_extended_profile": false, "default_profile": true, "default_profile_image": false, "following": false, "follow_request_sent": false, "notifications": false, "translator_type": "none", "withheld_in_countries": []}, "geo": null, "coordinates": null, "place": null, "contributors": null, "is_quote_status": false, "retweet_count": 0, "favorite_count": 0, "favorited": false, "retweeted": false, "possibly_sensitive": false, "lang": "en"}