{"created_at": "Fri Jul 17 06:25:46 +0000 2015", "id": 621928763245199361, "id_str": "621928763245199361", "text": "#SIRKENAYO Peter Berg Takes Heavy Shot At Caitlyn Jenner With Nasty Meme: \nPeter Berg, who\u2019s the... http://t.co/frpeVO2kP0 SIRKENAYO_NET", "truncated": false, "entities": {"hashtags": [{"text": "SIRKENAYO", "indices": [0, 10]}], "symbols": [], "user_mentions": [], "urls": [{"url": "http://t.co/frpeVO2kP0", "expanded_url": "http://bit.ly/1HTQGAb", "display_url": "bit.ly/1HTQGAb", "indices": [100, 122]}]}, "source": "<a href=\"http://twitterfeed.com\" rel=\"nofollow\">twitterfeed</a>", "in_reply_to_status_id": null, "in_reply_to_status_id_str": null, "in_reply_to_user_id": null, "in_reply_to_user_id_str": null, "in_reply_to_screen_name": null, "user": {"id": 240542141, "id_str": "240542141", "name": "Ad\u00e9b\u00f3l\u00e1", "screen_name": "Dumbgenius_ng", "location": "Yaba Left", "description": "Nigerian \ud83c\uddf3\ud83c\uddec | Customer Experience specialist | IT supports Pro | Professional Talkative | Optimist.", "url": null, "entities": {"description": {"urls": []}}, "protected": false, "followers_count": 1036, "friends_count": 645, "listed_count": 9, "created_at": "Thu Jan 20 04:46:28 +0000 2011", "favourites_count": 1934, "utc_offset": null, "time_zone": null, "geo_enabled": true, "verified": false, "statuses_count": 41957, "lang": null, "contributors_enabled": false, "is_translator": false, "is_translation_enabled": false, "profile_background_color": "C0DEED", "profile_background_image_url": "http://abs.twimg.com/images/themes/theme1/bg.png", "profile_background_image_url_https": "https://abs.twimg.com/images/themes/theme1/bg.png", "profile_background_tile": false, "profile_image_url": "http://pbs.twimg.com/profile_images/1325207231978070017/iyQ_f-lI_normal.jpg", "profile_image_url_https": "https://pbs.twimg.com/profile_images/1325207231978070017/iyQ_f-lI_normal.jpg", "profile_banner_url": "https://pbs.twimg.com/profile_banners/240542141/1604071599", "profile_link_color": "1DA1F2", "profile_sidebar_border_color": "C0DEED", "profile_sidebar_fill_color": "DDEEF6", "profile_text_color": "333333", "profile_use_background_image": true, "has_extended_profile": true, "default_profile": true, "default_profile_image": false, "following": false, "follow_request_sent": false, "notifications": false, "translator_type": "none", "withheld_in_countries": []}, "geo": null, "coordinates": null, "place": null, "contributors": null, "is_quote_status": false, "retweet_count": 0, "favorite_count": 0, "favorited": false, "retweeted": false, "possibly_sensitive": false, "lang": "en"}