{"created_at": "Fri Jul 17 06:23:24 +0000 2015", "id": 621928166555172864, "id_str": "621928166555172864", "text": "#SKUPDATES Peter Berg Takes Heavy Shot At Caitlyn Jenner With Nasty Meme http://t.co/pQ4f4F7A7h SIRKENAYO_NET", "truncated": false, "entities": {"hashtags": [{"text": "SKUPDATES", "indices": [0, 10]}], "symbols": [], "user_mentions": [], "urls": [{"url": "http://t.co/pQ4f4F7A7h", "expanded_url": "http://tinyurl.com/onoe4tb", "display_url": "tinyurl.com/onoe4tb", "indices": [73, 95]}]}, "source": "<a href=\"http://twitterfeed.com\" rel=\"nofollow\">twitterfeed</a>", "in_reply_to_status_id": null, "in_reply_to_status_id_str": null, "in_reply_to_user_id": null, "in_reply_to_user_id_str": null, "in_reply_to_screen_name": null, "user": {"id": 1253051244, "id_str": "1253051244", "name": "Gorimapa guy (Ayobami)", "screen_name": "surelyagain2", "location": "", "description": "music lover and doer|| travel world|| story teller|| #hypolove. #mufc", "url": null, "entities": {"description": {"urls": []}}, "protected": false, "followers_count": 5505, "friends_count": 4560, "listed_count": 4, "created_at": "Sat Mar 09 00:37:57 +0000 2013", "favourites_count": 97658, "utc_offset": null, "time_zone": null, "geo_enabled": false, "verified": false, "statuses_count": 64900, "lang": null, "contributors_enabled": false, "is_translator": false, "is_translation_enabled": false, "profile_background_color": "C0DEED", "profile_background_image_url": "http://abs.twimg.com/images/themes/theme1/bg.png", "profile_background_image_url_https": "https://abs.twimg.com/images/themes/theme1/bg.png", "profile_background_tile": false, "profile_image_url": "http://pbs.twimg.com/profile_images/1317688767147364352/ysrVUYzO_normal.jpg", "profile_image_url_https": "https://pbs.twimg.com/profile_images/1317688767147364352/ysrVUYzO_normal.jpg", "profile_banner_url": "https://pbs.twimg.com/profile_banners/1253051244/1591544037", "profile_link_color": "1DA1F2", "profile_sidebar_border_color": "C0DEED", "profile_sidebar_fill_color": "DDEEF6", "profile_text_color": "333333", "profile_use_background_image": true, "has_extended_profile": true, "default_profile": true, "default_profile_image": false, "following": false, "follow_request_sent": false, "notifications": false, "translator_type": "none", "withheld_in_countries": []}, "geo": null, "coordinates": null, "place": null, "contributors": null, "is_quote_status": false, "retweet_count": 0, "favorite_count": 0, "favorited": false, "retweeted": false, "possibly_sensitive": false, "lang": "en"}