{"created_at": "Fri Jul 17 07:08:44 +0000 2015", "id": 621939575833894912, "id_str": "621939575833894912", "text": "#SKUPDATES Peter Berg Takes Heavy Shot At Caitlyn Jenner With Nasty Meme http://t.co/QYTz9Tp4sX SIRKENAYO_NET\"", "truncated": false, "entities": {"hashtags": [{"text": "SKUPDATES", "indices": [0, 10]}], "symbols": [], "user_mentions": [], "urls": [{"url": "http://t.co/QYTz9Tp4sX", "expanded_url": "http://tinyurl.com/onoe4tb", "display_url": "tinyurl.com/onoe4tb", "indices": [73, 95]}]}, "source": "<a href=\"https://twitter.com/download/android\" rel=\"nofollow\">Twitter for Android Tablets</a>", "in_reply_to_status_id": null, "in_reply_to_status_id_str": null, "in_reply_to_user_id": null, "in_reply_to_user_id_str": null, "in_reply_to_screen_name": null, "user": {"id": 1671569226, "id_str": "1671569226", "name": "MALIQ LAM", "screen_name": "MaliqLam", "location": "EARTH ", "description": "Fashion Designer l @maliqlam on instagram  l @fcbarcelona", "url": "https://t.co/P6aTN5Mbfl", "entities": {"url": {"urls": [{"url": "https://t.co/P6aTN5Mbfl", "expanded_url": "http://paypal.me/maliqlam", "display_url": "paypal.me/maliqlam", "indices": [0, 23]}]}, "description": {"urls": []}}, "protected": false, "followers_count": 1300, "friends_count": 1222, "listed_count": 10, "created_at": "Wed Aug 14 22:43:31 +0000 2013", "favourites_count": 1145, "utc_offset": null, "time_zone": null, "geo_enabled": true, "verified": false, "statuses_count": 9351, "lang": null, "contributors_enabled": false, "is_translator": false, "is_translation_enabled": false, "profile_background_color": "C0DEED", "profile_background_image_url": "http://abs.twimg.com/images/themes/theme1/bg.png", "profile_background_image_url_https": "https://abs.twimg.com/images/themes/theme1/bg.png", "profile_background_tile": false, "profile_image_url": "http://pbs.twimg.com/profile_images/1385898307088756738/6yOwbweb_normal.jpg", "profile_image_url_https": "https://pbs.twimg.com/profile_images/1385898307088756738/6yOwbweb_normal.jpg", "profile_banner_url": "https://pbs.twimg.com/profile_banners/1671569226/1619263748", "profile_link_color": "1DA1F2", "profile_sidebar_border_color": "C0DEED", "profile_sidebar_fill_color": "DDEEF6", "profile_text_color": "333333", "profile_use_background_image": true, "has_extended_profile": true, "default_profile": true, "default_profile_image": false, "following": false, "follow_request_sent": false, "notifications": false, "translator_type": "none", "withheld_in_countries": []}, "geo": null, "coordinates": null, "place": null, "contributors": null, "is_quote_status": false, "retweet_count": 0, "favorite_count": 0, "favorited": false, "retweeted": false, "possibly_sensitive": false, "lang": "en"}