{"created_at": "Fri Jul 17 06:22:43 +0000 2015", "id": 621927996278976512, "id_str": "621927996278976512", "text": "#SKUPDATES Peter Berg Takes Heavy Shot At Caitlyn Jenner With Nasty Meme http://t.co/t6VNaMUVwQ SIRKENAYO_NET", "truncated": false, "entities": {"hashtags": [{"text": "SKUPDATES", "indices": [0, 10]}], "symbols": [], "user_mentions": [], "urls": [{"url": "http://t.co/t6VNaMUVwQ", "expanded_url": "http://tinyurl.com/onoe4tb", "display_url": "tinyurl.com/onoe4tb", "indices": [73, 95]}]}, "source": "<a href=\"http://twitterfeed.com\" rel=\"nofollow\">twitterfeed</a>", "in_reply_to_status_id": null, "in_reply_to_status_id_str": null, "in_reply_to_user_id": null, "in_reply_to_user_id_str": null, "in_reply_to_screen_name": null, "user": {"id": 143071520, "id_str": "143071520", "name": "Eireen", "screen_name": "KissMyTushy", "location": "\u00dcT: 7.4416459,3.8885519", "description": "Im ME. Do YOU\u203c\ufe0f", "url": "https://t.co/YdnRIs4ILN", "entities": {"url": {"urls": [{"url": "https://t.co/YdnRIs4ILN", "expanded_url": "http://kissmytushy.blogspot.com", "display_url": "kissmytushy.blogspot.com", "indices": [0, 23]}]}, "description": {"urls": []}}, "protected": false, "followers_count": 1232, "friends_count": 690, "listed_count": 9, "created_at": "Wed May 12 14:17:10 +0000 2010", "favourites_count": 40, "utc_offset": null, "time_zone": null, "geo_enabled": true, "verified": false, "statuses_count": 37253, "lang": null, "contributors_enabled": false, "is_translator": false, "is_translation_enabled": false, "profile_background_color": "C0DEED", "profile_background_image_url": "http://abs.twimg.com/images/themes/theme1/bg.png", "profile_background_image_url_https": "https://abs.twimg.com/images/themes/theme1/bg.png", "profile_background_tile": false, "profile_image_url": "http://pbs.twimg.com/profile_images/832178369110405120/0UxiEyNH_normal.jpg", "profile_image_url_https": "https://pbs.twimg.com/profile_images/832178369110405120/0UxiEyNH_normal.jpg", "profile_banner_url": "https://pbs.twimg.com/profile_banners/143071520/1487241762", "profile_link_color": "1DA1F2", "profile_sidebar_border_color": "C0DEED", "profile_sidebar_fill_color": "DDEEF6", "profile_text_color": "333333", "profile_use_background_image": true, "has_extended_profile": true, "default_profile": true, "default_profile_image": false, "following": false, "follow_request_sent": false, "notifications": false, "translator_type": "none", "withheld_in_countries": []}, "geo": null, "coordinates": null, "place": null, "contributors": null, "is_quote_status": false, "retweet_count": 0, "favorite_count": 0, "favorited": false, "retweeted": false, "possibly_sensitive": false, "lang": "en"}