{"created_at": "Fri Jul 17 06:26:00 +0000 2015", "id": 621928819935436800, "id_str": "621928819935436800", "text": "#SIRKENAYO Peter Berg Takes Heavy Shot At Caitlyn Jenner With Nasty Meme: \nPeter Berg, who\u2019s the... http://t.co/EwZj56iRXU SIRKENAYO_NET", "truncated": false, "entities": {"hashtags": [{"text": "SIRKENAYO", "indices": [0, 10]}], "symbols": [], "user_mentions": [], "urls": [{"url": "http://t.co/EwZj56iRXU", "expanded_url": "http://bit.ly/1HTQGAb", "display_url": "bit.ly/1HTQGAb", "indices": [100, 122]}]}, "source": "<a href=\"http://twitterfeed.com\" rel=\"nofollow\">twitterfeed</a>", "in_reply_to_status_id": null, "in_reply_to_status_id_str": null, "in_reply_to_user_id": null, "in_reply_to_user_id_str": null, "in_reply_to_screen_name": null, "user": {"id": 332834390, "id_str": "332834390", "name": "Olubukunolami", "screen_name": "Buuquay", "location": "Secret Place of the Most High", "description": "Controversial! -_-", "url": null, "entities": {"description": {"urls": []}}, "protected": false, "followers_count": 136, "friends_count": 106, "listed_count": 1, "created_at": "Sun Jul 10 14:15:19 +0000 2011", "favourites_count": 1, "utc_offset": null, "time_zone": null, "geo_enabled": false, "verified": false, "statuses_count": 35677, "lang": null, "contributors_enabled": false, "is_translator": false, "is_translation_enabled": false, "profile_background_color": "C0DEED", "profile_background_image_url": "http://abs.twimg.com/images/themes/theme1/bg.png", "profile_background_image_url_https": "https://abs.twimg.com/images/themes/theme1/bg.png", "profile_background_tile": false, "profile_image_url": "http://pbs.twimg.com/profile_images/378800000756955106/16269263e4e8d4de862f0f18ea81a551_normal.jpeg", "profile_image_url_https": "https://pbs.twimg.com/profile_images/378800000756955106/16269263e4e8d4de862f0f18ea81a551_normal.jpeg", "profile_banner_url": "https://pbs.twimg.com/profile_banners/332834390/1384779702", "profile_link_color": "1DA1F2", "profile_sidebar_border_color": "C0DEED", "profile_sidebar_fill_color": "DDEEF6", "profile_text_color": "333333", "profile_use_background_image": true, "has_extended_profile": false, "default_profile": true, "default_profile_image": false, "following": false, "follow_request_sent": false, "notifications": false, "translator_type": "none", "withheld_in_countries": []}, "geo": null, "coordinates": null, "place": null, "contributors": null, "is_quote_status": false, "retweet_count": 0, "favorite_count": 0, "favorited": false, "retweeted": false, "possibly_sensitive": false, "lang": "en"}