{"created_at": "Fri Jul 17 06:22:52 +0000 2015", "id": 621928030802350081, "id_str": "621928030802350081", "text": "#SKUPDATES Peter Berg Takes Heavy Shot At Caitlyn Jenner With Nasty Meme http://t.co/MzGpU12vXH SIRKENAYO_NET", "truncated": false, "entities": {"hashtags": [{"text": "SKUPDATES", "indices": [0, 10]}], "symbols": [], "user_mentions": [], "urls": [{"url": "http://t.co/MzGpU12vXH", "expanded_url": "http://tinyurl.com/onoe4tb", "display_url": "tinyurl.com/onoe4tb", "indices": [73, 95]}]}, "source": "<a href=\"http://twitterfeed.com\" rel=\"nofollow\">twitterfeed</a>", "in_reply_to_status_id": null, "in_reply_to_status_id_str": null, "in_reply_to_user_id": null, "in_reply_to_user_id_str": null, "in_reply_to_screen_name": null, "user": {"id": 301382439, "id_str": "301382439", "name": "AYURGRAFIX", "screen_name": "Ayoyinka_K", "location": "", "description": "Graphic Designer \ud83d\udce7 ayurgrafix@gmail.com | IG: ayur_yinka", "url": "https://t.co/O7wsDfApEr", "entities": {"url": {"urls": [{"url": "https://t.co/O7wsDfApEr", "expanded_url": "http://www.instagram.com/ayurgrafix", "display_url": "instagram.com/ayurgrafix", "indices": [0, 23]}]}, "description": {"urls": []}}, "protected": false, "followers_count": 2341, "friends_count": 1722, "listed_count": 6, "created_at": "Thu May 19 11:23:46 +0000 2011", "favourites_count": 10559, "utc_offset": null, "time_zone": null, "geo_enabled": false, "verified": false, "statuses_count": 48641, "lang": null, "contributors_enabled": false, "is_translator": false, "is_translation_enabled": false, "profile_background_color": "C0DEED", "profile_background_image_url": "http://abs.twimg.com/images/themes/theme1/bg.png", "profile_background_image_url_https": "https://abs.twimg.com/images/themes/theme1/bg.png", "profile_background_tile": false, "profile_image_url": "http://pbs.twimg.com/profile_images/1270128393770676224/_W1ZI-2q_normal.jpg", "profile_image_url_https": "https://pbs.twimg.com/profile_images/1270128393770676224/_W1ZI-2q_normal.jpg", "profile_banner_url": "https://pbs.twimg.com/profile_banners/301382439/1603459616", "profile_link_color": "1DA1F2", "profile_sidebar_border_color": "C0DEED", "profile_sidebar_fill_color": "DDEEF6", "profile_text_color": "333333", "profile_use_background_image": true, "has_extended_profile": true, "default_profile": true, "default_profile_image": false, "following": false, "follow_request_sent": false, "notifications": false, "translator_type": "none", "withheld_in_countries": []}, "geo": null, "coordinates": null, "place": null, "contributors": null, "is_quote_status": false, "retweet_count": 0, "favorite_count": 0, "favorited": false, "retweeted": false, "possibly_sensitive": false, "lang": "en"}