{"created_at": "Fri Jul 17 06:23:21 +0000 2015", "id": 621928155654172672, "id_str": "621928155654172672", "text": "#SKUPDATES Peter Berg Takes Heavy Shot At Caitlyn Jenner With Nasty Meme http://t.co/HylnBXbvM8 SIRKENAYO_NET", "truncated": false, "entities": {"hashtags": [{"text": "SKUPDATES", "indices": [0, 10]}], "symbols": [], "user_mentions": [], "urls": [{"url": "http://t.co/HylnBXbvM8", "expanded_url": "http://tinyurl.com/onoe4tb", "display_url": "tinyurl.com/onoe4tb", "indices": [73, 95]}]}, "source": "<a href=\"http://twitterfeed.com\" rel=\"nofollow\">twitterfeed</a>", "in_reply_to_status_id": null, "in_reply_to_status_id_str": null, "in_reply_to_user_id": null, "in_reply_to_user_id_str": null, "in_reply_to_screen_name": null, "user": {"id": 180880841, "id_str": "180880841", "name": "nana aisha", "screen_name": "ms_ohjay", "location": "Earth", "description": "Muslimah \ud83d\udc9c", "url": null, "entities": {"description": {"urls": []}}, "protected": false, "followers_count": 883, "friends_count": 514, "listed_count": 5, "created_at": "Fri Aug 20 18:47:14 +0000 2010", "favourites_count": 450, "utc_offset": null, "time_zone": null, "geo_enabled": false, "verified": false, "statuses_count": 42874, "lang": null, "contributors_enabled": false, "is_translator": false, "is_translation_enabled": false, "profile_background_color": "C0DEED", "profile_background_image_url": "http://abs.twimg.com/images/themes/theme1/bg.png", "profile_background_image_url_https": "https://abs.twimg.com/images/themes/theme1/bg.png", "profile_background_tile": false, "profile_image_url": "http://pbs.twimg.com/profile_images/1236774232257953793/KOBjzI4H_normal.jpg", "profile_image_url_https": "https://pbs.twimg.com/profile_images/1236774232257953793/KOBjzI4H_normal.jpg", "profile_banner_url": "https://pbs.twimg.com/profile_banners/180880841/1583705271", "profile_link_color": "1DA1F2", "profile_sidebar_border_color": "C0DEED", "profile_sidebar_fill_color": "DDEEF6", "profile_text_color": "333333", "profile_use_background_image": true, "has_extended_profile": true, "default_profile": true, "default_profile_image": false, "following": false, "follow_request_sent": false, "notifications": false, "translator_type": "none", "withheld_in_countries": []}, "geo": null, "coordinates": null, "place": null, "contributors": null, "is_quote_status": false, "retweet_count": 0, "favorite_count": 0, "favorited": false, "retweeted": false, "possibly_sensitive": false, "lang": "en"}