{"created_at": "Fri Jul 17 06:25:18 +0000 2015", "id": 621928643216867328, "id_str": "621928643216867328", "text": "#NEWUPDATE------&gt; Peter Berg Takes Heavy Shot At Caitlyn Jenner With Nasty Meme: \nPeter B... http://t.co/0Ecx7x6Jse (via @sirkenayo_com)", "truncated": false, "entities": {"hashtags": [{"text": "NEWUPDATE", "indices": [0, 10]}], "symbols": [], "user_mentions": [], "urls": [{"url": "http://t.co/0Ecx7x6Jse", "expanded_url": "http://bit.ly/1HTQGAb", "display_url": "bit.ly/1HTQGAb", "indices": [96, 118]}]}, "source": "<a href=\"http://twitterfeed.com\" rel=\"nofollow\">twitterfeed</a>", "in_reply_to_status_id": null, "in_reply_to_status_id_str": null, "in_reply_to_user_id": null, "in_reply_to_user_id_str": null, "in_reply_to_screen_name": null, "user": {"id": 2216556141, "id_str": "2216556141", "name": "Enigma King", "screen_name": "eyesofthewurId", "location": "Nigeria", "description": "Fucked", "url": "https://t.co/HjNq3PY5qU", "entities": {"url": {"urls": [{"url": "https://t.co/HjNq3PY5qU", "expanded_url": "http://fuckedyourmomma.com", "display_url": "fuckedyourmomma.com", "indices": [0, 23]}]}, "description": {"urls": []}}, "protected": false, "followers_count": 79, "friends_count": 104, "listed_count": 0, "created_at": "Mon Dec 09 22:39:54 +0000 2013", "favourites_count": 834, "utc_offset": null, "time_zone": null, "geo_enabled": false, "verified": false, "statuses_count": 14934, "lang": null, "contributors_enabled": false, "is_translator": false, "is_translation_enabled": false, "profile_background_color": "C0DEED", "profile_background_image_url": "http://abs.twimg.com/images/themes/theme1/bg.png", "profile_background_image_url_https": "https://abs.twimg.com/images/themes/theme1/bg.png", "profile_background_tile": false, "profile_image_url": "http://pbs.twimg.com/profile_images/1221139981646860292/6hXawOHu_normal.jpg", "profile_image_url_https": "https://pbs.twimg.com/profile_images/1221139981646860292/6hXawOHu_normal.jpg", "profile_banner_url": "https://pbs.twimg.com/profile_banners/2216556141/1579977435", "profile_link_color": "1DA1F2", "profile_sidebar_border_color": "C0DEED", "profile_sidebar_fill_color": "DDEEF6", "profile_text_color": "333333", "profile_use_background_image": true, "has_extended_profile": true, "default_profile": true, "default_profile_image": false, "following": false, "follow_request_sent": false, "notifications": false, "translator_type": "none", "withheld_in_countries": []}, "geo": null, "coordinates": null, "place": null, "contributors": null, "is_quote_status": false, "retweet_count": 0, "favorite_count": 0, "favorited": false, "retweeted": false, "possibly_sensitive": false, "lang": "en"}