{"created_at": "Fri Jul 17 06:25:01 +0000 2015", "id": 621928574182797313, "id_str": "621928574182797313", "text": "#SKUPDATES Peter Berg Takes Heavy Shot At Caitlyn Jenner With Nasty Meme: \nPeter Berg, who\u2019s the... http://t.co/wzZDvIKyGq SIRKENAYO_NET", "truncated": false, "entities": {"hashtags": [{"text": "SKUPDATES", "indices": [0, 10]}], "symbols": [], "user_mentions": [], "urls": [{"url": "http://t.co/wzZDvIKyGq", "expanded_url": "http://bit.ly/1HTQGAb", "display_url": "bit.ly/1HTQGAb", "indices": [100, 122]}]}, "source": "<a href=\"http://twitterfeed.com\" rel=\"nofollow\">twitterfeed</a>", "in_reply_to_status_id": null, "in_reply_to_status_id_str": null, "in_reply_to_user_id": null, "in_reply_to_user_id_str": null, "in_reply_to_screen_name": null, "user": {"id": 1924560128, "id_str": "1924560128", "name": "FAITHFUL Bigfine \ud83d\udc9e", "screen_name": "FaithfulBigfine", "location": "", "description": "\u264b", "url": null, "entities": {"description": {"urls": []}}, "protected": false, "followers_count": 805, "friends_count": 950, "listed_count": 0, "created_at": "Tue Oct 01 20:32:45 +0000 2013", "favourites_count": 697, "utc_offset": null, "time_zone": null, "geo_enabled": false, "verified": false, "statuses_count": 12632, "lang": null, "contributors_enabled": false, "is_translator": false, "is_translation_enabled": false, "profile_background_color": "EDECE9", "profile_background_image_url": "http://abs.twimg.com/images/themes/theme3/bg.gif", "profile_background_image_url_https": "https://abs.twimg.com/images/themes/theme3/bg.gif", "profile_background_tile": false, "profile_image_url": "http://pbs.twimg.com/profile_images/1263806557814501376/vt5TQWzZ_normal.jpg", "profile_image_url_https": "https://pbs.twimg.com/profile_images/1263806557814501376/vt5TQWzZ_normal.jpg", "profile_banner_url": "https://pbs.twimg.com/profile_banners/1924560128/1564620920", "profile_link_color": "088253", "profile_sidebar_border_color": "D3D2CF", "profile_sidebar_fill_color": "E3E2DE", "profile_text_color": "634047", "profile_use_background_image": true, "has_extended_profile": false, "default_profile": false, "default_profile_image": false, "following": false, "follow_request_sent": false, "notifications": false, "translator_type": "none", "withheld_in_countries": []}, "geo": null, "coordinates": null, "place": null, "contributors": null, "is_quote_status": false, "retweet_count": 0, "favorite_count": 0, "favorited": false, "retweeted": false, "possibly_sensitive": false, "lang": "en"}