{"created_at": "Fri Jul 17 06:25:54 +0000 2015", "id": 621928795084165120, "id_str": "621928795084165120", "text": "#SIRKENAYO Peter Berg Takes Heavy Shot At Caitlyn Jenner With Nasty Meme: \nPeter Berg, who\u2019s the... http://t.co/JNTNwrkv0R SIRKENAYO_NET", "truncated": false, "entities": {"hashtags": [{"text": "SIRKENAYO", "indices": [0, 10]}], "symbols": [], "user_mentions": [], "urls": [{"url": "http://t.co/JNTNwrkv0R", "expanded_url": "http://bit.ly/1HTQGAb", "display_url": "bit.ly/1HTQGAb", "indices": [100, 122]}]}, "source": "<a href=\"http://twitterfeed.com\" rel=\"nofollow\">twitterfeed</a>", "in_reply_to_status_id": null, "in_reply_to_status_id_str": null, "in_reply_to_user_id": null, "in_reply_to_user_id_str": null, "in_reply_to_screen_name": null, "user": {"id": 1039945380, "id_str": "1039945380", "name": "Abu Dhul-kifl", "screen_name": "idrisAdelabu", "location": "Iseyin", "description": "Q3: V 19\n'Indeed,the only religion in the sight of Allah is Islam... '", "url": null, "entities": {"description": {"urls": []}}, "protected": false, "followers_count": 692, "friends_count": 726, "listed_count": 8, "created_at": "Thu Dec 27 16:06:33 +0000 2012", "favourites_count": 31051, "utc_offset": null, "time_zone": null, "geo_enabled": false, "verified": false, "statuses_count": 61517, "lang": null, "contributors_enabled": false, "is_translator": false, "is_translation_enabled": false, "profile_background_color": "C0DEED", "profile_background_image_url": "http://abs.twimg.com/images/themes/theme1/bg.png", "profile_background_image_url_https": "https://abs.twimg.com/images/themes/theme1/bg.png", "profile_background_tile": false, "profile_image_url": "http://pbs.twimg.com/profile_images/1374685948571705345/l7W21tT4_normal.jpg", "profile_image_url_https": "https://pbs.twimg.com/profile_images/1374685948571705345/l7W21tT4_normal.jpg", "profile_banner_url": "https://pbs.twimg.com/profile_banners/1039945380/1575904679", "profile_link_color": "1DA1F2", "profile_sidebar_border_color": "C0DEED", "profile_sidebar_fill_color": "DDEEF6", "profile_text_color": "333333", "profile_use_background_image": true, "has_extended_profile": true, "default_profile": true, "default_profile_image": false, "following": false, "follow_request_sent": false, "notifications": false, "translator_type": "none", "withheld_in_countries": []}, "geo": null, "coordinates": null, "place": null, "contributors": null, "is_quote_status": false, "retweet_count": 0, "favorite_count": 0, "favorited": false, "retweeted": false, "possibly_sensitive": false, "lang": "en"}