{"created_at": "Fri Jul 17 06:22:59 +0000 2015", "id": 621928063555604480, "id_str": "621928063555604480", "text": "#SKUPDATES Peter Berg Takes Heavy Shot At Caitlyn Jenner With Nasty Meme http://t.co/QskhkmclRn SIRKENAYO_NET", "truncated": false, "entities": {"hashtags": [{"text": "SKUPDATES", "indices": [0, 10]}], "symbols": [], "user_mentions": [], "urls": [{"url": "http://t.co/QskhkmclRn", "expanded_url": "http://tinyurl.com/onoe4tb", "display_url": "tinyurl.com/onoe4tb", "indices": [73, 95]}]}, "source": "<a href=\"http://twitterfeed.com\" rel=\"nofollow\">twitterfeed</a>", "in_reply_to_status_id": null, "in_reply_to_status_id_str": null, "in_reply_to_user_id": null, "in_reply_to_user_id_str": null, "in_reply_to_screen_name": null, "user": {"id": 559403002, "id_str": "559403002", "name": "SPUR MAGAZINE", "screen_name": "SpurInfo", "location": "Nigeria", "description": "The hottest youth,entrepreneurship and lifestyle magazine both in rural and urban areas all over Africa..E-mail.:info_spurmag@yahoo.com #FOLLOWBACK", "url": "http://t.co/id0Is5PCrf", "entities": {"url": {"urls": [{"url": "http://t.co/id0Is5PCrf", "expanded_url": "http://www.facebook.com/Spur.Magazine", "display_url": "facebook.com/Spur.Magazine", "indices": [0, 22]}]}, "description": {"urls": []}}, "protected": false, "followers_count": 354, "friends_count": 581, "listed_count": 6, "created_at": "Sat Apr 21 10:22:51 +0000 2012", "favourites_count": 8, "utc_offset": null, "time_zone": null, "geo_enabled": false, "verified": false, "statuses_count": 34232, "lang": null, "contributors_enabled": false, "is_translator": false, "is_translation_enabled": false, "profile_background_color": "C0DEED", "profile_background_image_url": "http://abs.twimg.com/images/themes/theme1/bg.png", "profile_background_image_url_https": "https://abs.twimg.com/images/themes/theme1/bg.png", "profile_background_tile": false, "profile_image_url": "http://pbs.twimg.com/profile_images/556675206912434177/UtG5GpvT_normal.jpeg", "profile_image_url_https": "https://pbs.twimg.com/profile_images/556675206912434177/UtG5GpvT_normal.jpeg", "profile_banner_url": "https://pbs.twimg.com/profile_banners/559403002/1378919263", "profile_link_color": "1DA1F2", "profile_sidebar_border_color": "C0DEED", "profile_sidebar_fill_color": "DDEEF6", "profile_text_color": "333333", "profile_use_background_image": true, "has_extended_profile": false, "default_profile": true, "default_profile_image": false, "following": false, "follow_request_sent": false, "notifications": false, "translator_type": "none", "withheld_in_countries": []}, "geo": null, "coordinates": null, "place": null, "contributors": null, "is_quote_status": false, "retweet_count": 0, "favorite_count": 0, "favorited": false, "retweeted": false, "possibly_sensitive": false, "lang": "en"}