{"created_at": "Fri Jul 17 06:27:06 +0000 2015", "id": 621929096679821312, "id_str": "621929096679821312", "text": "#SKUPDATES Peter Berg Takes Heavy Shot At Caitlyn Jenner With Nasty Meme: \nPeter Berg, who\u2019s the... http://t.co/JCom2eathX SIRKENAYO_NET", "truncated": false, "entities": {"hashtags": [{"text": "SKUPDATES", "indices": [0, 10]}], "symbols": [], "user_mentions": [], "urls": [{"url": "http://t.co/JCom2eathX", "expanded_url": "http://bit.ly/1HTQGAb", "display_url": "bit.ly/1HTQGAb", "indices": [100, 122]}]}, "source": "<a href=\"http://twitterfeed.com\" rel=\"nofollow\">twitterfeed</a>", "in_reply_to_status_id": null, "in_reply_to_status_id_str": null, "in_reply_to_user_id": null, "in_reply_to_user_id_str": null, "in_reply_to_screen_name": null, "user": {"id": 1020364536, "id_str": "1020364536", "name": "Progress Agboola", "screen_name": "progress_md", "location": "Osogbo, Nigeria ", "description": "Global health Advocate\u2022 Ambassador @RSTMH\u2022 Fellow @YALIRLCWA\u2022 Youth Advocate @AfNHi_tweet\u2022 Amb. @theijms\u2022 Team lead @emerge_pro\u2022 tweets and views are my own.", "url": "https://t.co/V9284CIssv", "entities": {"url": {"urls": [{"url": "https://t.co/V9284CIssv", "expanded_url": "https://www.linkedin.com/in/progressagboola", "display_url": "linkedin.com/in/progressagb\u2026", "indices": [0, 23]}]}, "description": {"urls": []}}, "protected": false, "followers_count": 3639, "friends_count": 2642, "listed_count": 13, "created_at": "Tue Dec 18 18:28:25 +0000 2012", "favourites_count": 38402, "utc_offset": null, "time_zone": null, "geo_enabled": true, "verified": false, "statuses_count": 74011, "lang": null, "contributors_enabled": false, "is_translator": false, "is_translation_enabled": false, "profile_background_color": "C0DEED", "profile_background_image_url": "http://abs.twimg.com/images/themes/theme1/bg.png", "profile_background_image_url_https": "https://abs.twimg.com/images/themes/theme1/bg.png", "profile_background_tile": false, "profile_image_url": "http://pbs.twimg.com/profile_images/1349167767564513280/jhmIo3KF_normal.jpg", "profile_image_url_https": "https://pbs.twimg.com/profile_images/1349167767564513280/jhmIo3KF_normal.jpg", "profile_banner_url": "https://pbs.twimg.com/profile_banners/1020364536/1581299257", "profile_link_color": "1DA1F2", "profile_sidebar_border_color": "C0DEED", "profile_sidebar_fill_color": "DDEEF6", "profile_text_color": "333333", "profile_use_background_image": true, "has_extended_profile": true, "default_profile": true, "default_profile_image": false, "following": false, "follow_request_sent": false, "notifications": false, "translator_type": "none", "withheld_in_countries": []}, "geo": null, "coordinates": null, "place": null, "contributors": null, "is_quote_status": false, "retweet_count": 0, "favorite_count": 0, "favorited": false, "retweeted": false, "possibly_sensitive": false, "lang": "en"}