{"created_at": "Fri Jul 17 06:22:39 +0000 2015", "id": 621927979061391360, "id_str": "621927979061391360", "text": "#SKUPDATES Peter Berg Takes Heavy Shot At Caitlyn Jenner With Nasty Meme http://t.co/b0hP34Movf SIRKENAYO_NET", "truncated": false, "entities": {"hashtags": [{"text": "SKUPDATES", "indices": [0, 10]}], "symbols": [], "user_mentions": [], "urls": [{"url": "http://t.co/b0hP34Movf", "expanded_url": "http://tinyurl.com/onoe4tb", "display_url": "tinyurl.com/onoe4tb", "indices": [73, 95]}]}, "source": "<a href=\"http://twitterfeed.com\" rel=\"nofollow\">twitterfeed</a>", "in_reply_to_status_id": null, "in_reply_to_status_id_str": null, "in_reply_to_user_id": null, "in_reply_to_user_id_str": null, "in_reply_to_screen_name": null, "user": {"id": 211840694, "id_str": "211840694", "name": "Tobi Awodoyin\u2122", "screen_name": "Tobi_awodoyin", "location": "IB city, Nigeria", "description": "Entrepreneur, Food, @grillsxpress \nFashion, @thread_authentic", "url": "https://t.co/nQjAYVw2Y3", "entities": {"url": {"urls": [{"url": "https://t.co/nQjAYVw2Y3", "expanded_url": "http://420Naija.blogspot.com.ng", "display_url": "420Naija.blogspot.com.ng", "indices": [0, 23]}]}, "description": {"urls": []}}, "protected": false, "followers_count": 779, "friends_count": 1172, "listed_count": 7, "created_at": "Thu Nov 04 12:16:15 +0000 2010", "favourites_count": 292, "utc_offset": null, "time_zone": null, "geo_enabled": false, "verified": false, "statuses_count": 72159, "lang": null, "contributors_enabled": false, "is_translator": false, "is_translation_enabled": false, "profile_background_color": "000000", "profile_background_image_url": "http://abs.twimg.com/images/themes/theme15/bg.png", "profile_background_image_url_https": "https://abs.twimg.com/images/themes/theme15/bg.png", "profile_background_tile": false, "profile_image_url": "http://pbs.twimg.com/profile_images/1106113611225878528/d9ygIs_c_normal.jpg", "profile_image_url_https": "https://pbs.twimg.com/profile_images/1106113611225878528/d9ygIs_c_normal.jpg", "profile_banner_url": "https://pbs.twimg.com/profile_banners/211840694/1552553010", "profile_link_color": "91D2FA", "profile_sidebar_border_color": "000000", "profile_sidebar_fill_color": "000000", "profile_text_color": "000000", "profile_use_background_image": false, "has_extended_profile": true, "default_profile": false, "default_profile_image": false, "following": false, "follow_request_sent": false, "notifications": false, "translator_type": "none", "withheld_in_countries": []}, "geo": null, "coordinates": null, "place": null, "contributors": null, "is_quote_status": false, "retweet_count": 0, "favorite_count": 0, "favorited": false, "retweeted": false, "possibly_sensitive": false, "lang": "en"}