{"created_at": "Fri Jul 17 06:22:45 +0000 2015", "id": 621928002012590080, "id_str": "621928002012590080", "text": "#SKUPDATES Peter Berg Takes Heavy Shot At Caitlyn Jenner With Nasty Meme http://t.co/Tkfsnk3PGw SIRKENAYO_NET", "truncated": false, "entities": {"hashtags": [{"text": "SKUPDATES", "indices": [0, 10]}], "symbols": [], "user_mentions": [], "urls": [{"url": "http://t.co/Tkfsnk3PGw", "expanded_url": "http://tinyurl.com/onoe4tb", "display_url": "tinyurl.com/onoe4tb", "indices": [73, 95]}]}, "source": "<a href=\"http://twitterfeed.com\" rel=\"nofollow\">twitterfeed</a>", "in_reply_to_status_id": null, "in_reply_to_status_id_str": null, "in_reply_to_user_id": null, "in_reply_to_user_id_str": null, "in_reply_to_screen_name": null, "user": {"id": 74396050, "id_str": "74396050", "name": "Sley Edhardy Dick", "screen_name": "IceboggB", "location": "Reality is wrong. Dreams are ", "description": "I reP #CFC-bANker eX-mODel #MOTTO: SELF-TRUST IS THE FIRST SECRET OF SUCcESs", "url": null, "entities": {"description": {"urls": []}}, "protected": false, "followers_count": 1007, "friends_count": 784, "listed_count": 16, "created_at": "Tue Sep 15 07:58:38 +0000 2009", "favourites_count": 612, "utc_offset": null, "time_zone": null, "geo_enabled": true, "verified": false, "statuses_count": 106952, "lang": null, "contributors_enabled": false, "is_translator": false, "is_translation_enabled": false, "profile_background_color": "131516", "profile_background_image_url": "http://abs.twimg.com/images/themes/theme14/bg.gif", "profile_background_image_url_https": "https://abs.twimg.com/images/themes/theme14/bg.gif", "profile_background_tile": true, "profile_image_url": "http://pbs.twimg.com/profile_images/378800000849544017/f887d4fa99edeb463791cd9cae04feaa_normal.jpeg", "profile_image_url_https": "https://pbs.twimg.com/profile_images/378800000849544017/f887d4fa99edeb463791cd9cae04feaa_normal.jpeg", "profile_banner_url": "https://pbs.twimg.com/profile_banners/74396050/1354125450", "profile_link_color": "009999", "profile_sidebar_border_color": "FFFFFF", "profile_sidebar_fill_color": "EFEFEF", "profile_text_color": "333333", "profile_use_background_image": false, "has_extended_profile": true, "default_profile": false, "default_profile_image": false, "following": false, "follow_request_sent": false, "notifications": false, "translator_type": "none", "withheld_in_countries": []}, "geo": null, "coordinates": null, "place": null, "contributors": null, "is_quote_status": false, "retweet_count": 0, "favorite_count": 0, "favorited": false, "retweeted": false, "possibly_sensitive": false, "lang": "en"}