{"created_at": "Fri Jul 17 06:25:14 +0000 2015", "id": 621928629375635456, "id_str": "621928629375635456", "text": "#NEWUPDATE------&gt; Peter Berg Takes Heavy Shot At Caitlyn Jenner With Nasty Meme: \nPeter B... http://t.co/ZVN9iutOQU (via @sirkenayo_com)", "truncated": false, "entities": {"hashtags": [{"text": "NEWUPDATE", "indices": [0, 10]}], "symbols": [], "user_mentions": [], "urls": [{"url": "http://t.co/ZVN9iutOQU", "expanded_url": "http://bit.ly/1fORSit", "display_url": "bit.ly/1fORSit", "indices": [96, 118]}]}, "source": "<a href=\"http://twitterfeed.com\" rel=\"nofollow\">twitterfeed</a>", "in_reply_to_status_id": null, "in_reply_to_status_id_str": null, "in_reply_to_user_id": null, "in_reply_to_user_id_str": null, "in_reply_to_screen_name": null, "user": {"id": 203759685, "id_str": "203759685", "name": "#SARSMUSTEND #ENDSWAT #ENDPOLICEBRUTALITY", "screen_name": "zakiyyahbello", "location": "London, UK", "description": "", "url": null, "entities": {"description": {"urls": []}}, "protected": false, "followers_count": 319, "friends_count": 227, "listed_count": 3, "created_at": "Sun Oct 17 02:11:55 +0000 2010", "favourites_count": 748, "utc_offset": null, "time_zone": null, "geo_enabled": true, "verified": false, "statuses_count": 29548, "lang": null, "contributors_enabled": false, "is_translator": false, "is_translation_enabled": false, "profile_background_color": "C0DEED", "profile_background_image_url": "http://abs.twimg.com/images/themes/theme1/bg.png", "profile_background_image_url_https": "https://abs.twimg.com/images/themes/theme1/bg.png", "profile_background_tile": false, "profile_image_url": "http://pbs.twimg.com/profile_images/1307769299432599561/D66U-npd_normal.jpg", "profile_image_url_https": "https://pbs.twimg.com/profile_images/1307769299432599561/D66U-npd_normal.jpg", "profile_banner_url": "https://pbs.twimg.com/profile_banners/203759685/1442563058", "profile_link_color": "1DA1F2", "profile_sidebar_border_color": "C0DEED", "profile_sidebar_fill_color": "DDEEF6", "profile_text_color": "333333", "profile_use_background_image": true, "has_extended_profile": true, "default_profile": true, "default_profile_image": false, "following": false, "follow_request_sent": false, "notifications": false, "translator_type": "none", "withheld_in_countries": []}, "geo": null, "coordinates": null, "place": null, "contributors": null, "is_quote_status": false, "retweet_count": 0, "favorite_count": 0, "favorited": false, "retweeted": false, "possibly_sensitive": false, "lang": "en"}