{"created_at": "Fri Jul 17 06:25:48 +0000 2015", "id": 621928771935797248, "id_str": "621928771935797248", "text": "#SIRKENAYO Peter Berg Takes Heavy Shot At Caitlyn Jenner With Nasty Meme: \nPeter Berg, who\u2019s the... http://t.co/ty7nSV2I8y SIRKENAYO_NET", "truncated": false, "entities": {"hashtags": [{"text": "SIRKENAYO", "indices": [0, 10]}], "symbols": [], "user_mentions": [], "urls": [{"url": "http://t.co/ty7nSV2I8y", "expanded_url": "http://bit.ly/1HTQGAb", "display_url": "bit.ly/1HTQGAb", "indices": [100, 122]}]}, "source": "<a href=\"http://twitterfeed.com\" rel=\"nofollow\">twitterfeed</a>", "in_reply_to_status_id": null, "in_reply_to_status_id_str": null, "in_reply_to_user_id": null, "in_reply_to_user_id_str": null, "in_reply_to_screen_name": null, "user": {"id": 608063544, "id_str": "608063544", "name": "Musty", "screen_name": "iam_razyy", "location": "", "description": "#DreamTeam  #WolfGang.              #Sarah\u2665 #DejLoaf \u2665", "url": null, "entities": {"description": {"urls": []}}, "protected": false, "followers_count": 550, "friends_count": 937, "listed_count": 3, "created_at": "Thu Jun 14 09:21:13 +0000 2012", "favourites_count": 76, "utc_offset": null, "time_zone": null, "geo_enabled": true, "verified": false, "statuses_count": 44555, "lang": null, "contributors_enabled": false, "is_translator": false, "is_translation_enabled": false, "profile_background_color": "89C9FA", "profile_background_image_url": "http://abs.twimg.com/images/themes/theme1/bg.png", "profile_background_image_url_https": "https://abs.twimg.com/images/themes/theme1/bg.png", "profile_background_tile": false, "profile_image_url": "http://pbs.twimg.com/profile_images/590417449675284480/3KuxN9ly_normal.jpg", "profile_image_url_https": "https://pbs.twimg.com/profile_images/590417449675284480/3KuxN9ly_normal.jpg", "profile_banner_url": "https://pbs.twimg.com/profile_banners/608063544/1425057572", "profile_link_color": "B300AD", "profile_sidebar_border_color": "FFFFFF", "profile_sidebar_fill_color": "DDEEF6", "profile_text_color": "333333", "profile_use_background_image": true, "has_extended_profile": false, "default_profile": false, "default_profile_image": false, "following": false, "follow_request_sent": false, "notifications": false, "translator_type": "none", "withheld_in_countries": []}, "geo": null, "coordinates": null, "place": null, "contributors": null, "is_quote_status": false, "retweet_count": 0, "favorite_count": 0, "favorited": false, "retweeted": false, "possibly_sensitive": false, "lang": "en"}