{"created_at": "Fri Jul 17 06:25:08 +0000 2015", "id": 621928605128372224, "id_str": "621928605128372224", "text": "#NEWUPDATE Peter Berg Takes Heavy Shot At Caitlyn Jenner With Nasty Meme: \nPeter Berg, who\u2019s... http://t.co/Mxw6Tuvc1B FF @SIRKENAYO_NET", "truncated": false, "entities": {"hashtags": [{"text": "NEWUPDATE", "indices": [0, 10]}], "symbols": [], "user_mentions": [{"screen_name": "sirkenayo_net", "name": "Fun Hub HQ", "id": 1015050182, "id_str": "1015050182", "indices": [122, 136]}], "urls": [{"url": "http://t.co/Mxw6Tuvc1B", "expanded_url": "http://bit.ly/1HTQGAb", "display_url": "bit.ly/1HTQGAb", "indices": [96, 118]}]}, "source": "<a href=\"http://twitterfeed.com\" rel=\"nofollow\">twitterfeed</a>", "in_reply_to_status_id": null, "in_reply_to_status_id_str": null, "in_reply_to_user_id": null, "in_reply_to_user_id_str": null, "in_reply_to_screen_name": null, "user": {"id": 248651100, "id_str": "248651100", "name": "\ud83d\udc51", "screen_name": "ajokeeade", "location": "", "description": "", "url": null, "entities": {"description": {"urls": []}}, "protected": false, "followers_count": 1287, "friends_count": 783, "listed_count": 10, "created_at": "Mon Feb 07 12:58:08 +0000 2011", "favourites_count": 28, "utc_offset": null, "time_zone": null, "geo_enabled": true, "verified": false, "statuses_count": 40539, "lang": null, "contributors_enabled": false, "is_translator": false, "is_translation_enabled": false, "profile_background_color": "FF6699", "profile_background_image_url": "http://abs.twimg.com/images/themes/theme11/bg.gif", "profile_background_image_url_https": "https://abs.twimg.com/images/themes/theme11/bg.gif", "profile_background_tile": true, "profile_image_url": "http://pbs.twimg.com/profile_images/1318994558341046276/pMs1in_n_normal.jpg", "profile_image_url_https": "https://pbs.twimg.com/profile_images/1318994558341046276/pMs1in_n_normal.jpg", "profile_link_color": "B40B43", "profile_sidebar_border_color": "CC3366", "profile_sidebar_fill_color": "E5507E", "profile_text_color": "362720", "profile_use_background_image": true, "has_extended_profile": true, "default_profile": false, "default_profile_image": false, "following": false, "follow_request_sent": false, "notifications": false, "translator_type": "none", "withheld_in_countries": []}, "geo": null, "coordinates": null, "place": null, "contributors": null, "is_quote_status": false, "retweet_count": 0, "favorite_count": 0, "favorited": false, "retweeted": false, "possibly_sensitive": false, "lang": "en"}