{"created_at": "Fri Jul 17 06:23:13 +0000 2015", "id": 621928121479004160, "id_str": "621928121479004160", "text": "#SKUPDATES Peter Berg Takes Heavy Shot At Caitlyn Jenner With Nasty Meme http://t.co/K20EpjHr96 SIRKENAYO_NET", "truncated": false, "entities": {"hashtags": [{"text": "SKUPDATES", "indices": [0, 10]}], "symbols": [], "user_mentions": [], "urls": [{"url": "http://t.co/K20EpjHr96", "expanded_url": "http://tinyurl.com/onoe4tb", "display_url": "tinyurl.com/onoe4tb", "indices": [73, 95]}]}, "source": "<a href=\"http://twitterfeed.com\" rel=\"nofollow\">twitterfeed</a>", "in_reply_to_status_id": null, "in_reply_to_status_id_str": null, "in_reply_to_user_id": null, "in_reply_to_user_id_str": null, "in_reply_to_screen_name": null, "user": {"id": 143880456, "id_str": "143880456", "name": "OG Kurzee", "screen_name": "KurzeeMLG", "location": "Ibadan", "description": "It starts now...", "url": null, "entities": {"description": {"urls": []}}, "protected": false, "followers_count": 490, "friends_count": 570, "listed_count": 4, "created_at": "Fri May 14 17:36:27 +0000 2010", "favourites_count": 26, "utc_offset": null, "time_zone": null, "geo_enabled": false, "verified": false, "statuses_count": 61566, "lang": null, "contributors_enabled": false, "is_translator": false, "is_translation_enabled": false, "profile_background_color": "F0E735", "profile_background_image_url": "http://abs.twimg.com/images/themes/theme14/bg.gif", "profile_background_image_url_https": "https://abs.twimg.com/images/themes/theme14/bg.gif", "profile_background_tile": false, "profile_image_url": "http://pbs.twimg.com/profile_images/479555454906138624/9iSH5QT8_normal.jpeg", "profile_image_url_https": "https://pbs.twimg.com/profile_images/479555454906138624/9iSH5QT8_normal.jpeg", "profile_banner_url": "https://pbs.twimg.com/profile_banners/143880456/1403169839", "profile_link_color": "E0C514", "profile_sidebar_border_color": "5ED4DC", "profile_sidebar_fill_color": "44318F", "profile_text_color": "46EB5F", "profile_use_background_image": true, "has_extended_profile": false, "default_profile": false, "default_profile_image": false, "following": false, "follow_request_sent": false, "notifications": false, "translator_type": "none", "withheld_in_countries": []}, "geo": null, "coordinates": null, "place": null, "contributors": null, "is_quote_status": false, "retweet_count": 0, "favorite_count": 0, "favorited": false, "retweeted": false, "possibly_sensitive": false, "lang": "en"}