{"created_at": "Fri Jul 17 06:23:41 +0000 2015", "id": 621928239598964736, "id_str": "621928239598964736", "text": "#SKUPDATES Peter Berg Takes Heavy Shot At Caitlyn Jenner With Nasty Meme http://t.co/T3w2sGH6fm SIRKENAYO_NET", "truncated": false, "entities": {"hashtags": [{"text": "SKUPDATES", "indices": [0, 10]}], "symbols": [], "user_mentions": [], "urls": [{"url": "http://t.co/T3w2sGH6fm", "expanded_url": "http://tinyurl.com/onoe4tb", "display_url": "tinyurl.com/onoe4tb", "indices": [73, 95]}]}, "source": "<a href=\"http://twitterfeed.com\" rel=\"nofollow\">twitterfeed</a>", "in_reply_to_status_id": null, "in_reply_to_status_id_str": null, "in_reply_to_user_id": null, "in_reply_to_user_id_str": null, "in_reply_to_screen_name": null, "user": {"id": 366297053, "id_str": "366297053", "name": "\ud83c\uddf3\ud83c\uddecSenator.S.A Ishola", "screen_name": "Ishow_dot", "location": "The thing i lose patience with the most is the Clock.Its hand moves too fast", "description": "\ud83d\udc51Omo'ba Asanike\ud83d\udc51\n\n\nI do politics\u270c\ufe0fUniversity of Ibadan alumnus \ud83d\udc68\u200d\ud83c\udf93 Physiologist \ud83d\udc89\ud83d\udd2c\ud83e\uddea Health, Safety & Environmental Personnel \ud83d\udea8\ud83d\udea5\ud83e\uddef\ud83d\udeb7 #June13", "url": "https://t.co/Uwdrh5uC0f", "entities": {"url": {"urls": [{"url": "https://t.co/Uwdrh5uC0f", "expanded_url": "http://ishowinfo.com.ng", "display_url": "ishowinfo.com.ng", "indices": [0, 23]}]}, "description": {"urls": []}}, "protected": false, "followers_count": 2024, "friends_count": 1610, "listed_count": 9, "created_at": "Thu Sep 01 22:52:30 +0000 2011", "favourites_count": 1290, "utc_offset": null, "time_zone": null, "geo_enabled": true, "verified": false, "statuses_count": 47410, "lang": null, "contributors_enabled": false, "is_translator": false, "is_translation_enabled": false, "profile_background_color": "C0DEED", "profile_background_image_url": "http://abs.twimg.com/images/themes/theme1/bg.png", "profile_background_image_url_https": "https://abs.twimg.com/images/themes/theme1/bg.png", "profile_background_tile": false, "profile_image_url": "http://pbs.twimg.com/profile_images/1369909179171885058/nUgbHrKn_normal.jpg", "profile_image_url_https": "https://pbs.twimg.com/profile_images/1369909179171885058/nUgbHrKn_normal.jpg", "profile_banner_url": "https://pbs.twimg.com/profile_banners/366297053/1615446785", "profile_link_color": "1DA1F2", "profile_sidebar_border_color": "C0DEED", "profile_sidebar_fill_color": "DDEEF6", "profile_text_color": "333333", "profile_use_background_image": true, "has_extended_profile": false, "default_profile": true, "default_profile_image": false, "following": false, "follow_request_sent": false, "notifications": false, "translator_type": "none", "withheld_in_countries": []}, "geo": null, "coordinates": null, "place": null, "contributors": null, "is_quote_status": false, "retweet_count": 0, "favorite_count": 0, "favorited": false, "retweeted": false, "possibly_sensitive": false, "lang": "en"}