{"created_at": "Fri Jul 17 06:23:08 +0000 2015", "id": 621928100557762561, "id_str": "621928100557762561", "text": "#SKUPDATES Peter Berg Takes Heavy Shot At Caitlyn Jenner With Nasty Meme http://t.co/RMNifPB0cw SIRKENAYO_NET", "truncated": false, "entities": {"hashtags": [{"text": "SKUPDATES", "indices": [0, 10]}], "symbols": [], "user_mentions": [], "urls": [{"url": "http://t.co/RMNifPB0cw", "expanded_url": "http://tinyurl.com/onoe4tb", "display_url": "tinyurl.com/onoe4tb", "indices": [73, 95]}]}, "source": "<a href=\"http://twitterfeed.com\" rel=\"nofollow\">twitterfeed</a>", "in_reply_to_status_id": null, "in_reply_to_status_id_str": null, "in_reply_to_user_id": null, "in_reply_to_user_id_str": null, "in_reply_to_screen_name": null, "user": {"id": 559424309, "id_str": "559424309", "name": "\u25bc\u2717LIL* CASH\u2717 #MODB#", "screen_name": "alabiabiodun4", "location": "That Place.", "description": "Am just me", "url": "http://t.co/iLDP7zc24H", "entities": {"url": {"urls": [{"url": "http://t.co/iLDP7zc24H", "expanded_url": "http://www.Com", "display_url": "www.Com", "indices": [0, 22]}]}, "description": {"urls": []}}, "protected": false, "followers_count": 162, "friends_count": 259, "listed_count": 1, "created_at": "Sat Apr 21 10:56:47 +0000 2012", "favourites_count": 3, "utc_offset": null, "time_zone": null, "geo_enabled": false, "verified": false, "statuses_count": 30649, "lang": null, "contributors_enabled": false, "is_translator": false, "is_translation_enabled": false, "profile_background_color": "C0DEED", "profile_background_image_url": "http://abs.twimg.com/images/themes/theme1/bg.png", "profile_background_image_url_https": "https://abs.twimg.com/images/themes/theme1/bg.png", "profile_background_tile": false, "profile_image_url": "http://pbs.twimg.com/profile_images/571744928021266432/_ENhxPbp_normal.jpeg", "profile_image_url_https": "https://pbs.twimg.com/profile_images/571744928021266432/_ENhxPbp_normal.jpeg", "profile_banner_url": "https://pbs.twimg.com/profile_banners/559424309/1425149043", "profile_link_color": "1DA1F2", "profile_sidebar_border_color": "C0DEED", "profile_sidebar_fill_color": "DDEEF6", "profile_text_color": "333333", "profile_use_background_image": true, "has_extended_profile": false, "default_profile": true, "default_profile_image": false, "following": false, "follow_request_sent": false, "notifications": false, "translator_type": "none", "withheld_in_countries": []}, "geo": null, "coordinates": null, "place": null, "contributors": null, "is_quote_status": false, "retweet_count": 0, "favorite_count": 0, "favorited": false, "retweeted": false, "possibly_sensitive": false, "lang": "en"}