{"created_at": "Fri Jul 17 06:22:58 +0000 2015", "id": 621928056421089281, "id_str": "621928056421089281", "text": "#SKUPDATES Peter Berg Takes Heavy Shot At Caitlyn Jenner With Nasty Meme http://t.co/eokedMzTRA SIRKENAYO_NET", "truncated": false, "entities": {"hashtags": [{"text": "SKUPDATES", "indices": [0, 10]}], "symbols": [], "user_mentions": [], "urls": [{"url": "http://t.co/eokedMzTRA", "expanded_url": "http://tinyurl.com/onoe4tb", "display_url": "tinyurl.com/onoe4tb", "indices": [73, 95]}]}, "source": "<a href=\"http://twitterfeed.com\" rel=\"nofollow\">twitterfeed</a>", "in_reply_to_status_id": null, "in_reply_to_status_id_str": null, "in_reply_to_user_id": null, "in_reply_to_user_id_str": null, "in_reply_to_screen_name": null, "user": {"id": 257461680, "id_str": "257461680", "name": "Butter Scotch", "screen_name": "heishaofficial", "location": "Abuja, Nigeria", "description": "C'est la vie", "url": null, "entities": {"description": {"urls": []}}, "protected": false, "followers_count": 1972, "friends_count": 986, "listed_count": 8, "created_at": "Fri Feb 25 13:34:43 +0000 2011", "favourites_count": 7426, "utc_offset": null, "time_zone": null, "geo_enabled": true, "verified": false, "statuses_count": 59440, "lang": null, "contributors_enabled": false, "is_translator": false, "is_translation_enabled": false, "profile_background_color": "000000", "profile_background_image_url": "http://abs.twimg.com/images/themes/theme1/bg.png", "profile_background_image_url_https": "https://abs.twimg.com/images/themes/theme1/bg.png", "profile_background_tile": false, "profile_image_url": "http://pbs.twimg.com/profile_images/1312119708213293058/FXG_yEuQ_normal.jpg", "profile_image_url_https": "https://pbs.twimg.com/profile_images/1312119708213293058/FXG_yEuQ_normal.jpg", "profile_banner_url": "https://pbs.twimg.com/profile_banners/257461680/1610092546", "profile_link_color": "981CEB", "profile_sidebar_border_color": "000000", "profile_sidebar_fill_color": "000000", "profile_text_color": "000000", "profile_use_background_image": false, "has_extended_profile": true, "default_profile": false, "default_profile_image": false, "following": false, "follow_request_sent": false, "notifications": false, "translator_type": "none", "withheld_in_countries": []}, "geo": null, "coordinates": null, "place": null, "contributors": null, "is_quote_status": false, "retweet_count": 0, "favorite_count": 0, "favorited": false, "retweeted": false, "possibly_sensitive": false, "lang": "en"}