{"created_at": "Fri Jul 17 06:26:56 +0000 2015", "id": 621929055298826240, "id_str": "621929055298826240", "text": "#SKUPDATES Peter Berg Takes Heavy Shot At Caitlyn Jenner With Nasty Meme: \nPeter Berg, who\u2019s the... http://t.co/gJEbq5Q4OL SIRKENAYO_NET", "truncated": false, "entities": {"hashtags": [{"text": "SKUPDATES", "indices": [0, 10]}], "symbols": [], "user_mentions": [], "urls": [{"url": "http://t.co/gJEbq5Q4OL", "expanded_url": "http://bit.ly/1fORSit", "display_url": "bit.ly/1fORSit", "indices": [100, 122]}]}, "source": "<a href=\"http://twitterfeed.com\" rel=\"nofollow\">twitterfeed</a>", "in_reply_to_status_id": null, "in_reply_to_status_id_str": null, "in_reply_to_user_id": null, "in_reply_to_user_id_str": null, "in_reply_to_screen_name": null, "user": {"id": 298305901, "id_str": "298305901", "name": "KING TOSIN", "screen_name": "Oluwatosiin__", "location": "Lagos, Nigeria", "description": "CHELSEA FC", "url": "https://t.co/dzyv154N12", "entities": {"url": {"urls": [{"url": "https://t.co/dzyv154N12", "expanded_url": "http://Chelseafc.com", "display_url": "Chelseafc.com", "indices": [0, 23]}]}, "description": {"urls": []}}, "protected": false, "followers_count": 527, "friends_count": 81, "listed_count": 5, "created_at": "Sat May 14 02:43:24 +0000 2011", "favourites_count": 564, "utc_offset": null, "time_zone": null, "geo_enabled": true, "verified": false, "statuses_count": 28735, "lang": null, "contributors_enabled": false, "is_translator": false, "is_translation_enabled": false, "profile_background_color": "7C8A2B", "profile_background_image_url": "http://abs.twimg.com/images/themes/theme8/bg.gif", "profile_background_image_url_https": "https://abs.twimg.com/images/themes/theme8/bg.gif", "profile_background_tile": true, "profile_image_url": "http://pbs.twimg.com/profile_images/1393581504610111491/QmvDJS2G_normal.jpg", "profile_image_url_https": "https://pbs.twimg.com/profile_images/1393581504610111491/QmvDJS2G_normal.jpg", "profile_banner_url": "https://pbs.twimg.com/profile_banners/298305901/1621023622", "profile_link_color": "9D582E", "profile_sidebar_border_color": "FFFFFF", "profile_sidebar_fill_color": "DDEEF6", "profile_text_color": "333333", "profile_use_background_image": true, "has_extended_profile": true, "default_profile": false, "default_profile_image": false, "following": false, "follow_request_sent": false, "notifications": false, "translator_type": "none", "withheld_in_countries": []}, "geo": null, "coordinates": null, "place": null, "contributors": null, "is_quote_status": false, "retweet_count": 0, "favorite_count": 0, "favorited": false, "retweeted": false, "possibly_sensitive": false, "lang": "en"}