{"created_at": "Fri Jul 17 06:22:32 +0000 2015", "id": 621927948241612800, "id_str": "621927948241612800", "text": "#SKUPDATES Peter Berg Takes Heavy Shot At Caitlyn Jenner With Nasty Meme http://t.co/roFVeYKfAB SIRKENAYO_NET", "truncated": false, "entities": {"hashtags": [{"text": "SKUPDATES", "indices": [0, 10]}], "symbols": [], "user_mentions": [], "urls": [{"url": "http://t.co/roFVeYKfAB", "expanded_url": "http://tinyurl.com/onoe4tb", "display_url": "tinyurl.com/onoe4tb", "indices": [73, 95]}]}, "source": "<a href=\"http://twitterfeed.com\" rel=\"nofollow\">twitterfeed</a>", "in_reply_to_status_id": null, "in_reply_to_status_id_str": null, "in_reply_to_user_id": null, "in_reply_to_user_id_str": null, "in_reply_to_screen_name": null, "user": {"id": 229949753, "id_str": "229949753", "name": "Martin", "screen_name": "Leshy616", "location": "", "description": "Serial Optimist", "url": null, "entities": {"description": {"urls": []}}, "protected": false, "followers_count": 7262, "friends_count": 6157, "listed_count": 7, "created_at": "Thu Dec 23 20:14:00 +0000 2010", "favourites_count": 9243, "utc_offset": null, "time_zone": null, "geo_enabled": true, "verified": false, "statuses_count": 108581, "lang": null, "contributors_enabled": false, "is_translator": false, "is_translation_enabled": false, "profile_background_color": "642D8B", "profile_background_image_url": "http://abs.twimg.com/images/themes/theme10/bg.gif", "profile_background_image_url_https": "https://abs.twimg.com/images/themes/theme10/bg.gif", "profile_background_tile": true, "profile_image_url": "http://pbs.twimg.com/profile_images/1388529935418068995/uxcDwurI_normal.jpg", "profile_image_url_https": "https://pbs.twimg.com/profile_images/1388529935418068995/uxcDwurI_normal.jpg", "profile_banner_url": "https://pbs.twimg.com/profile_banners/229949753/1609609537", "profile_link_color": "FF0000", "profile_sidebar_border_color": "65B0DA", "profile_sidebar_fill_color": "7AC3EE", "profile_text_color": "3D1957", "profile_use_background_image": true, "has_extended_profile": true, "default_profile": false, "default_profile_image": false, "following": false, "follow_request_sent": false, "notifications": false, "translator_type": "none", "withheld_in_countries": []}, "geo": null, "coordinates": null, "place": null, "contributors": null, "is_quote_status": false, "retweet_count": 0, "favorite_count": 0, "favorited": false, "retweeted": false, "possibly_sensitive": false, "lang": "en"}