{"created_at": "Fri Jul 17 06:22:46 +0000 2015", "id": 621928007733678080, "id_str": "621928007733678080", "text": "#SKUPDATES Peter Berg Takes Heavy Shot At Caitlyn Jenner With Nasty Meme http://t.co/wy5S6iUBLT SIRKENAYO_NET", "truncated": false, "entities": {"hashtags": [{"text": "SKUPDATES", "indices": [0, 10]}], "symbols": [], "user_mentions": [], "urls": [{"url": "http://t.co/wy5S6iUBLT", "expanded_url": "http://tinyurl.com/onoe4tb", "display_url": "tinyurl.com/onoe4tb", "indices": [73, 95]}]}, "source": "<a href=\"http://twitterfeed.com\" rel=\"nofollow\">twitterfeed</a>", "in_reply_to_status_id": null, "in_reply_to_status_id_str": null, "in_reply_to_user_id": null, "in_reply_to_user_id_str": null, "in_reply_to_screen_name": null, "user": {"id": 114292014, "id_str": "114292014", "name": "Zeh!", "screen_name": "izehi_", "location": "Everywhere", "description": "", "url": null, "entities": {"description": {"urls": []}}, "protected": false, "followers_count": 1162, "friends_count": 944, "listed_count": 3, "created_at": "Sun Feb 14 21:55:56 +0000 2010", "favourites_count": 6059, "utc_offset": null, "time_zone": null, "geo_enabled": true, "verified": false, "statuses_count": 64383, "lang": null, "contributors_enabled": false, "is_translator": false, "is_translation_enabled": false, "profile_background_color": "1A1B1F", "profile_background_image_url": "http://abs.twimg.com/images/themes/theme9/bg.gif", "profile_background_image_url_https": "https://abs.twimg.com/images/themes/theme9/bg.gif", "profile_background_tile": false, "profile_image_url": "http://pbs.twimg.com/profile_images/1344385700326682627/bTrBNr3V_normal.jpg", "profile_image_url_https": "https://pbs.twimg.com/profile_images/1344385700326682627/bTrBNr3V_normal.jpg", "profile_banner_url": "https://pbs.twimg.com/profile_banners/114292014/1594135047", "profile_link_color": "2FC2EF", "profile_sidebar_border_color": "181A1E", "profile_sidebar_fill_color": "252429", "profile_text_color": "666666", "profile_use_background_image": true, "has_extended_profile": true, "default_profile": false, "default_profile_image": false, "following": false, "follow_request_sent": false, "notifications": false, "translator_type": "none", "withheld_in_countries": []}, "geo": null, "coordinates": null, "place": null, "contributors": null, "is_quote_status": false, "retweet_count": 0, "favorite_count": 0, "favorited": false, "retweeted": false, "possibly_sensitive": false, "lang": "en"}