{"created_at": "Fri Jul 17 06:25:50 +0000 2015", "id": 621928779443605504, "id_str": "621928779443605504", "text": "#SIRKENAYO Peter Berg Takes Heavy Shot At Caitlyn Jenner With Nasty Meme: \nPeter Berg, who\u2019s the... http://t.co/I3JLNceTBF SIRKENAYO_NET", "truncated": false, "entities": {"hashtags": [{"text": "SIRKENAYO", "indices": [0, 10]}], "symbols": [], "user_mentions": [], "urls": [{"url": "http://t.co/I3JLNceTBF", "expanded_url": "http://bit.ly/1HTQGAb", "display_url": "bit.ly/1HTQGAb", "indices": [100, 122]}]}, "source": "<a href=\"http://twitterfeed.com\" rel=\"nofollow\">twitterfeed</a>", "in_reply_to_status_id": null, "in_reply_to_status_id_str": null, "in_reply_to_user_id": null, "in_reply_to_user_id_str": null, "in_reply_to_screen_name": null, "user": {"id": 236430920, "id_str": "236430920", "name": "Sizwe Bansi", "screen_name": "iam_ramos", "location": "", "description": "A grown Man.", "url": null, "entities": {"description": {"urls": []}}, "protected": false, "followers_count": 842, "friends_count": 615, "listed_count": 10, "created_at": "Mon Jan 10 15:38:34 +0000 2011", "favourites_count": 2003, "utc_offset": null, "time_zone": null, "geo_enabled": true, "verified": false, "statuses_count": 80904, "lang": null, "contributors_enabled": false, "is_translator": false, "is_translation_enabled": true, "profile_background_color": "000000", "profile_background_image_url": "http://abs.twimg.com/images/themes/theme1/bg.png", "profile_background_image_url_https": "https://abs.twimg.com/images/themes/theme1/bg.png", "profile_background_tile": false, "profile_image_url": "http://pbs.twimg.com/profile_images/1390421264762916871/7LPDWYa3_normal.jpg", "profile_image_url_https": "https://pbs.twimg.com/profile_images/1390421264762916871/7LPDWYa3_normal.jpg", "profile_banner_url": "https://pbs.twimg.com/profile_banners/236430920/1568098365", "profile_link_color": "1B95E0", "profile_sidebar_border_color": "000000", "profile_sidebar_fill_color": "000000", "profile_text_color": "000000", "profile_use_background_image": false, "has_extended_profile": true, "default_profile": false, "default_profile_image": false, "following": false, "follow_request_sent": false, "notifications": false, "translator_type": "none", "withheld_in_countries": []}, "geo": null, "coordinates": null, "place": null, "contributors": null, "is_quote_status": false, "retweet_count": 0, "favorite_count": 0, "favorited": false, "retweeted": false, "possibly_sensitive": false, "lang": "en"}