{"created_at": "Fri Jul 17 06:25:31 +0000 2015", "id": 621928697604354049, "id_str": "621928697604354049", "text": "#NEWUPDATE------&gt; Peter Berg Takes Heavy Shot At Caitlyn Jenner With Nasty Meme: \nPeter B... http://t.co/M2t8Thhn2I (via @sirkenayo_com)", "truncated": false, "entities": {"hashtags": [{"text": "NEWUPDATE", "indices": [0, 10]}], "symbols": [], "user_mentions": [], "urls": [{"url": "http://t.co/M2t8Thhn2I", "expanded_url": "http://bit.ly/1fORSit", "display_url": "bit.ly/1fORSit", "indices": [96, 118]}]}, "source": "<a href=\"http://twitterfeed.com\" rel=\"nofollow\">twitterfeed</a>", "in_reply_to_status_id": null, "in_reply_to_status_id_str": null, "in_reply_to_user_id": null, "in_reply_to_user_id_str": null, "in_reply_to_screen_name": null, "user": {"id": 246212081, "id_str": "246212081", "name": "Honorable Rym", "screen_name": "HonorableRym", "location": "Eden", "description": "I'm The Prophecy..\ud83c\udf81 || Act ||Songwriter||Psycholyricist|| IG @honorablerym", "url": "https://t.co/fTyx4n6v16", "entities": {"url": {"urls": [{"url": "https://t.co/fTyx4n6v16", "expanded_url": "https://audiomack.com/honorablerym/song/like-dat", "display_url": "audiomack.com/honorablerym/s\u2026", "indices": [0, 23]}]}, "description": {"urls": []}}, "protected": false, "followers_count": 401, "friends_count": 325, "listed_count": 1, "created_at": "Wed Feb 02 11:05:23 +0000 2011", "favourites_count": 880, "utc_offset": null, "time_zone": null, "geo_enabled": true, "verified": false, "statuses_count": 29935, "lang": null, "contributors_enabled": false, "is_translator": false, "is_translation_enabled": false, "profile_background_color": "C0DEED", "profile_background_image_url": "http://abs.twimg.com/images/themes/theme1/bg.png", "profile_background_image_url_https": "https://abs.twimg.com/images/themes/theme1/bg.png", "profile_background_tile": false, "profile_image_url": "http://pbs.twimg.com/profile_images/1373900175056470019/z3m4a5tF_normal.jpg", "profile_image_url_https": "https://pbs.twimg.com/profile_images/1373900175056470019/z3m4a5tF_normal.jpg", "profile_banner_url": "https://pbs.twimg.com/profile_banners/246212081/1604873747", "profile_link_color": "1DA1F2", "profile_sidebar_border_color": "C0DEED", "profile_sidebar_fill_color": "DDEEF6", "profile_text_color": "333333", "profile_use_background_image": true, "has_extended_profile": true, "default_profile": true, "default_profile_image": false, "following": false, "follow_request_sent": false, "notifications": false, "translator_type": "none", "withheld_in_countries": []}, "geo": null, "coordinates": null, "place": null, "contributors": null, "is_quote_status": false, "retweet_count": 0, "favorite_count": 0, "favorited": false, "retweeted": false, "possibly_sensitive": false, "lang": "en"}