{"created_at": "Fri Jul 17 06:25:52 +0000 2015", "id": 621928788213895168, "id_str": "621928788213895168", "text": "#SIRKENAYO Peter Berg Takes Heavy Shot At Caitlyn Jenner With Nasty Meme: \nPeter Berg, who\u2019s the... http://t.co/Yn9m2SV8uI SIRKENAYO_NET", "truncated": false, "entities": {"hashtags": [{"text": "SIRKENAYO", "indices": [0, 10]}], "symbols": [], "user_mentions": [], "urls": [{"url": "http://t.co/Yn9m2SV8uI", "expanded_url": "http://bit.ly/1HTQGAb", "display_url": "bit.ly/1HTQGAb", "indices": [100, 122]}]}, "source": "<a href=\"http://twitterfeed.com\" rel=\"nofollow\">twitterfeed</a>", "in_reply_to_status_id": null, "in_reply_to_status_id_str": null, "in_reply_to_user_id": null, "in_reply_to_user_id_str": null, "in_reply_to_screen_name": null, "user": {"id": 1286162414, "id_str": "1286162414", "name": "Tyanna", "screen_name": "AshewoMusic", "location": "Lagos | Nigeria ", "description": "Award Winning Music Promoter || Bookings DM only !!!", "url": "https://t.co/AcRtvKUDCi", "entities": {"url": {"urls": [{"url": "https://t.co/AcRtvKUDCi", "expanded_url": "http://www.ashewomusic.com", "display_url": "ashewomusic.com", "indices": [0, 23]}]}, "description": {"urls": []}}, "protected": false, "followers_count": 3117, "friends_count": 2582, "listed_count": 27, "created_at": "Thu Mar 21 14:48:15 +0000 2013", "favourites_count": 0, "utc_offset": null, "time_zone": null, "geo_enabled": true, "verified": false, "statuses_count": 95657, "lang": null, "contributors_enabled": false, "is_translator": false, "is_translation_enabled": false, "profile_background_color": "C0DEED", "profile_background_image_url": "http://abs.twimg.com/images/themes/theme1/bg.png", "profile_background_image_url_https": "https://abs.twimg.com/images/themes/theme1/bg.png", "profile_background_tile": false, "profile_image_url": "http://pbs.twimg.com/profile_images/1333436870861201410/hyvqqlBJ_normal.jpg", "profile_image_url_https": "https://pbs.twimg.com/profile_images/1333436870861201410/hyvqqlBJ_normal.jpg", "profile_link_color": "1DA1F2", "profile_sidebar_border_color": "C0DEED", "profile_sidebar_fill_color": "DDEEF6", "profile_text_color": "333333", "profile_use_background_image": true, "has_extended_profile": false, "default_profile": true, "default_profile_image": false, "following": false, "follow_request_sent": false, "notifications": false, "translator_type": "none", "withheld_in_countries": []}, "geo": null, "coordinates": null, "place": null, "contributors": null, "is_quote_status": false, "retweet_count": 0, "favorite_count": 0, "favorited": false, "retweeted": false, "possibly_sensitive": false, "lang": "en"}