{"created_at": "Fri Jul 17 06:24:01 +0000 2015", "id": 621928320830013440, "id_str": "621928320830013440", "text": "#SKUPDATES Peter Berg Takes Heavy Shot At Caitlyn Jenner With Nasty Meme http://t.co/UqiFATCVSu SIRKENAYO_NET", "truncated": false, "entities": {"hashtags": [{"text": "SKUPDATES", "indices": [0, 10]}], "symbols": [], "user_mentions": [], "urls": [{"url": "http://t.co/UqiFATCVSu", "expanded_url": "http://tinyurl.com/onoe4tb", "display_url": "tinyurl.com/onoe4tb", "indices": [73, 95]}]}, "source": "<a href=\"http://twitterfeed.com\" rel=\"nofollow\">twitterfeed</a>", "in_reply_to_status_id": null, "in_reply_to_status_id_str": null, "in_reply_to_user_id": null, "in_reply_to_user_id_str": null, "in_reply_to_screen_name": null, "user": {"id": 1410464270, "id_str": "1410464270", "name": "Ewakunmi\ud83d\udc51", "screen_name": "callmekunmi", "location": "", "description": "Be kind even on your bad days. Jeremiah 29:11|IG: Ewakunmi |SC: Ewakunmiii\ud83d\udcf7 check out my business page @__heavenlyscents for ur perfume oil & original perfume", "url": null, "entities": {"description": {"urls": []}}, "protected": false, "followers_count": 712, "friends_count": 223, "listed_count": 1, "created_at": "Tue May 07 15:03:49 +0000 2013", "favourites_count": 11030, "utc_offset": null, "time_zone": null, "geo_enabled": false, "verified": false, "statuses_count": 38368, "lang": null, "contributors_enabled": false, "is_translator": false, "is_translation_enabled": false, "profile_background_color": "C0DEED", "profile_background_image_url": "http://abs.twimg.com/images/themes/theme1/bg.png", "profile_background_image_url_https": "https://abs.twimg.com/images/themes/theme1/bg.png", "profile_background_tile": false, "profile_image_url": "http://pbs.twimg.com/profile_images/1318720229028057090/TvkOOfIf_normal.jpg", "profile_image_url_https": "https://pbs.twimg.com/profile_images/1318720229028057090/TvkOOfIf_normal.jpg", "profile_banner_url": "https://pbs.twimg.com/profile_banners/1410464270/1602829465", "profile_link_color": "1DA1F2", "profile_sidebar_border_color": "C0DEED", "profile_sidebar_fill_color": "DDEEF6", "profile_text_color": "333333", "profile_use_background_image": true, "has_extended_profile": true, "default_profile": true, "default_profile_image": false, "following": false, "follow_request_sent": false, "notifications": false, "translator_type": "none", "withheld_in_countries": []}, "geo": null, "coordinates": null, "place": null, "contributors": null, "is_quote_status": false, "retweet_count": 0, "favorite_count": 0, "favorited": false, "retweeted": false, "possibly_sensitive": false, "lang": "en"}