{"created_at": "Fri Jul 17 06:22:34 +0000 2015", "id": 621927955975942144, "id_str": "621927955975942144", "text": "#SKUPDATES Peter Berg Takes Heavy Shot At Caitlyn Jenner With Nasty Meme http://t.co/uI2Eb9RWGz SIRKENAYO_NET", "truncated": false, "entities": {"hashtags": [{"text": "SKUPDATES", "indices": [0, 10]}], "symbols": [], "user_mentions": [], "urls": [{"url": "http://t.co/uI2Eb9RWGz", "expanded_url": "http://tinyurl.com/onoe4tb", "display_url": "tinyurl.com/onoe4tb", "indices": [73, 95]}]}, "source": "<a href=\"http://twitterfeed.com\" rel=\"nofollow\">twitterfeed</a>", "in_reply_to_status_id": null, "in_reply_to_status_id_str": null, "in_reply_to_user_id": null, "in_reply_to_user_id_str": null, "in_reply_to_screen_name": null, "user": {"id": 314003777, "id_str": "314003777", "name": "Platinum P \ud83e\udd89", "screen_name": "whois_askari", "location": "Otan-Ayegbaju, Nigeria", "description": "CREATIVE || VIDEOGRAPHER || OWN YOUR LANE \u270c\ud83c\udfff\ud83d\udd96\ud83c\udfff. || IG x TWITTER @oylsignature #CFC #SDNM #TOD #BCM #DDLB", "url": "https://t.co/0gjGQN9MeS", "entities": {"url": {"urls": [{"url": "https://t.co/0gjGQN9MeS", "expanded_url": "http://www.oylsignature.com", "display_url": "oylsignature.com", "indices": [0, 23]}]}, "description": {"urls": []}}, "protected": false, "followers_count": 4813, "friends_count": 3819, "listed_count": 24, "created_at": "Thu Jun 09 15:18:48 +0000 2011", "favourites_count": 149, "utc_offset": null, "time_zone": null, "geo_enabled": true, "verified": false, "statuses_count": 288503, "lang": null, "contributors_enabled": false, "is_translator": false, "is_translation_enabled": false, "profile_background_color": "131516", "profile_background_image_url": "http://abs.twimg.com/images/themes/theme14/bg.gif", "profile_background_image_url_https": "https://abs.twimg.com/images/themes/theme14/bg.gif", "profile_background_tile": true, "profile_image_url": "http://pbs.twimg.com/profile_images/1393814964616450051/SOTxX_Ib_normal.jpg", "profile_image_url_https": "https://pbs.twimg.com/profile_images/1393814964616450051/SOTxX_Ib_normal.jpg", "profile_banner_url": "https://pbs.twimg.com/profile_banners/314003777/1619133140", "profile_link_color": "009999", "profile_sidebar_border_color": "EEEEEE", "profile_sidebar_fill_color": "EFEFEF", "profile_text_color": "333333", "profile_use_background_image": true, "has_extended_profile": true, "default_profile": false, "default_profile_image": false, "following": false, "follow_request_sent": false, "notifications": false, "translator_type": "none", "withheld_in_countries": []}, "geo": null, "coordinates": null, "place": null, "contributors": null, "is_quote_status": false, "retweet_count": 0, "favorite_count": 0, "favorited": false, "retweeted": false, "possibly_sensitive": false, "lang": "en"}