{"created_at": "Fri Jul 17 06:26:47 +0000 2015", "id": 621929017084502017, "id_str": "621929017084502017", "text": "#SKUPDATES Peter Berg Takes Heavy Shot At Caitlyn Jenner With Nasty Meme: \nPeter Berg, who\u2019s the... http://t.co/8ocHvNHgBw SIRKENAYO_NET", "truncated": false, "entities": {"hashtags": [{"text": "SKUPDATES", "indices": [0, 10]}], "symbols": [], "user_mentions": [], "urls": [{"url": "http://t.co/8ocHvNHgBw", "expanded_url": "http://bit.ly/1fORSit", "display_url": "bit.ly/1fORSit", "indices": [100, 122]}]}, "source": "<a href=\"http://twitterfeed.com\" rel=\"nofollow\">twitterfeed</a>", "in_reply_to_status_id": null, "in_reply_to_status_id_str": null, "in_reply_to_user_id": null, "in_reply_to_user_id_str": null, "in_reply_to_screen_name": null, "user": {"id": 2149047375, "id_str": "2149047375", "name": "Dweena Banks", "screen_name": "DweenaBanks", "location": "nigeria", "description": "Rap artist/ fashion forward", "url": null, "entities": {"description": {"urls": []}}, "protected": false, "followers_count": 132, "friends_count": 45, "listed_count": 9, "created_at": "Wed Oct 23 00:41:00 +0000 2013", "favourites_count": 9, "utc_offset": null, "time_zone": null, "geo_enabled": false, "verified": false, "statuses_count": 40059, "lang": null, "contributors_enabled": false, "is_translator": false, "is_translation_enabled": false, "profile_background_color": "C0DEED", "profile_background_image_url": "http://abs.twimg.com/images/themes/theme1/bg.png", "profile_background_image_url_https": "https://abs.twimg.com/images/themes/theme1/bg.png", "profile_background_tile": false, "profile_image_url": "http://pbs.twimg.com/profile_images/1361266874143690753/mJKvB9oh_normal.jpg", "profile_image_url_https": "https://pbs.twimg.com/profile_images/1361266874143690753/mJKvB9oh_normal.jpg", "profile_link_color": "1DA1F2", "profile_sidebar_border_color": "C0DEED", "profile_sidebar_fill_color": "DDEEF6", "profile_text_color": "333333", "profile_use_background_image": true, "has_extended_profile": false, "default_profile": true, "default_profile_image": false, "following": false, "follow_request_sent": false, "notifications": false, "translator_type": "none", "withheld_in_countries": []}, "geo": null, "coordinates": null, "place": null, "contributors": null, "is_quote_status": false, "retweet_count": 0, "favorite_count": 0, "favorited": false, "retweeted": false, "possibly_sensitive": false, "lang": "en"}