{"created_at": "Fri Jul 17 06:25:03 +0000 2015", "id": 621928581145362432, "id_str": "621928581145362432", "text": "#SKUPDATES Peter Berg Takes Heavy Shot At Caitlyn Jenner With Nasty Meme: \nPeter Berg, who\u2019s the... http://t.co/hgnmFVkmIn SIRKENAYO_NET", "truncated": false, "entities": {"hashtags": [{"text": "SKUPDATES", "indices": [0, 10]}], "symbols": [], "user_mentions": [], "urls": [{"url": "http://t.co/hgnmFVkmIn", "expanded_url": "http://bit.ly/1HTQGAb", "display_url": "bit.ly/1HTQGAb", "indices": [100, 122]}]}, "source": "<a href=\"http://twitterfeed.com\" rel=\"nofollow\">twitterfeed</a>", "in_reply_to_status_id": null, "in_reply_to_status_id_str": null, "in_reply_to_user_id": null, "in_reply_to_user_id_str": null, "in_reply_to_screen_name": null, "user": {"id": 2539843139, "id_str": "2539843139", "name": "#BUGA", "screen_name": "its_bobbyheinz", "location": "Makurdi, Abuja & Ogoja", "description": "Am that tomorrow guy which yesterday talked about!\r I \u2665 Music.  #TeamCapricon  #TeamLobiStars #TeamManUnited Snapchat: bobby_heinz", "url": "https://t.co/d31rVpsxi7", "entities": {"url": {"urls": [{"url": "https://t.co/d31rVpsxi7", "expanded_url": "https://m.facebook.com/odido.john", "display_url": "m.facebook.com/odido.john", "indices": [0, 23]}]}, "description": {"urls": []}}, "protected": false, "followers_count": 140, "friends_count": 101, "listed_count": 2, "created_at": "Sat May 10 22:24:22 +0000 2014", "favourites_count": 7, "utc_offset": null, "time_zone": null, "geo_enabled": true, "verified": false, "statuses_count": 25521, "lang": null, "contributors_enabled": false, "is_translator": false, "is_translation_enabled": false, "profile_background_color": "C0DEED", "profile_background_image_url": "http://abs.twimg.com/images/themes/theme1/bg.png", "profile_background_image_url_https": "https://abs.twimg.com/images/themes/theme1/bg.png", "profile_background_tile": false, "profile_image_url": "http://pbs.twimg.com/profile_images/593306911061192704/DhBTX6Ut_normal.jpg", "profile_image_url_https": "https://pbs.twimg.com/profile_images/593306911061192704/DhBTX6Ut_normal.jpg", "profile_banner_url": "https://pbs.twimg.com/profile_banners/2539843139/1430687054", "profile_link_color": "1DA1F2", "profile_sidebar_border_color": "C0DEED", "profile_sidebar_fill_color": "DDEEF6", "profile_text_color": "333333", "profile_use_background_image": true, "has_extended_profile": false, "default_profile": true, "default_profile_image": false, "following": false, "follow_request_sent": false, "notifications": false, "translator_type": "none", "withheld_in_countries": []}, "geo": null, "coordinates": null, "place": null, "contributors": null, "is_quote_status": false, "retweet_count": 0, "favorite_count": 0, "favorited": false, "retweeted": false, "possibly_sensitive": false, "lang": "en"}