{"created_at": "Fri Jul 17 06:22:54 +0000 2015", "id": 621928039497109505, "id_str": "621928039497109505", "text": "#SKUPDATES Peter Berg Takes Heavy Shot At Caitlyn Jenner With Nasty Meme http://t.co/EqdqTlUajD SIRKENAYO_NET", "truncated": false, "entities": {"hashtags": [{"text": "SKUPDATES", "indices": [0, 10]}], "symbols": [], "user_mentions": [], "urls": [{"url": "http://t.co/EqdqTlUajD", "expanded_url": "http://tinyurl.com/onoe4tb", "display_url": "tinyurl.com/onoe4tb", "indices": [73, 95]}]}, "source": "<a href=\"http://twitterfeed.com\" rel=\"nofollow\">twitterfeed</a>", "in_reply_to_status_id": null, "in_reply_to_status_id_str": null, "in_reply_to_user_id": null, "in_reply_to_user_id_str": null, "in_reply_to_screen_name": null, "user": {"id": 336665364, "id_str": "336665364", "name": "Toluwalase", "screen_name": "Chimatado1", "location": "", "description": "", "url": "https://t.co/OwTVDe4Olu", "entities": {"url": {"urls": [{"url": "https://t.co/OwTVDe4Olu", "expanded_url": "http://www.hearmaxcentre.com", "display_url": "hearmaxcentre.com", "indices": [0, 23]}]}, "description": {"urls": []}}, "protected": false, "followers_count": 359, "friends_count": 664, "listed_count": 5, "created_at": "Sat Jul 16 17:54:33 +0000 2011", "favourites_count": 1935, "utc_offset": null, "time_zone": null, "geo_enabled": false, "verified": false, "statuses_count": 47154, "lang": null, "contributors_enabled": false, "is_translator": false, "is_translation_enabled": false, "profile_background_color": "ACDED6", "profile_background_image_url": "http://abs.twimg.com/images/themes/theme18/bg.gif", "profile_background_image_url_https": "https://abs.twimg.com/images/themes/theme18/bg.gif", "profile_background_tile": false, "profile_image_url": "http://pbs.twimg.com/profile_images/1370675305174683654/PEqA-z9D_normal.jpg", "profile_image_url_https": "https://pbs.twimg.com/profile_images/1370675305174683654/PEqA-z9D_normal.jpg", "profile_banner_url": "https://pbs.twimg.com/profile_banners/336665364/1615629434", "profile_link_color": "038543", "profile_sidebar_border_color": "EEEEEE", "profile_sidebar_fill_color": "F6F6F6", "profile_text_color": "333333", "profile_use_background_image": true, "has_extended_profile": false, "default_profile": false, "default_profile_image": false, "following": false, "follow_request_sent": false, "notifications": false, "translator_type": "none", "withheld_in_countries": []}, "geo": null, "coordinates": null, "place": null, "contributors": null, "is_quote_status": false, "retweet_count": 0, "favorite_count": 0, "favorited": false, "retweeted": false, "possibly_sensitive": false, "lang": "en"}