{"created_at": "Fri Jul 17 06:23:31 +0000 2015", "id": 621928196024373248, "id_str": "621928196024373248", "text": "#SKUPDATES Peter Berg Takes Heavy Shot At Caitlyn Jenner With Nasty Meme http://t.co/pp3brpU1Eh SIRKENAYO_NET", "truncated": false, "entities": {"hashtags": [{"text": "SKUPDATES", "indices": [0, 10]}], "symbols": [], "user_mentions": [], "urls": [{"url": "http://t.co/pp3brpU1Eh", "expanded_url": "http://tinyurl.com/onoe4tb", "display_url": "tinyurl.com/onoe4tb", "indices": [73, 95]}]}, "source": "<a href=\"http://twitterfeed.com\" rel=\"nofollow\">twitterfeed</a>", "in_reply_to_status_id": null, "in_reply_to_status_id_str": null, "in_reply_to_user_id": null, "in_reply_to_user_id_str": null, "in_reply_to_screen_name": null, "user": {"id": 574257701, "id_str": "574257701", "name": "FLEMENKANTI", "screen_name": "Iam_flemenkanti", "location": "Jeju island", "description": "#teamMUFC #grateful", "url": null, "entities": {"description": {"urls": []}}, "protected": false, "followers_count": 702, "friends_count": 435, "listed_count": 14, "created_at": "Tue May 08 06:47:15 +0000 2012", "favourites_count": 10123, "utc_offset": null, "time_zone": null, "geo_enabled": true, "verified": false, "statuses_count": 146131, "lang": null, "contributors_enabled": false, "is_translator": false, "is_translation_enabled": false, "profile_background_color": "C0DEED", "profile_background_image_url": "http://abs.twimg.com/images/themes/theme1/bg.png", "profile_background_image_url_https": "https://abs.twimg.com/images/themes/theme1/bg.png", "profile_background_tile": false, "profile_image_url": "http://pbs.twimg.com/profile_images/1277190566082723840/Yfu2vHWU_normal.jpg", "profile_image_url_https": "https://pbs.twimg.com/profile_images/1277190566082723840/Yfu2vHWU_normal.jpg", "profile_link_color": "1DA1F2", "profile_sidebar_border_color": "C0DEED", "profile_sidebar_fill_color": "DDEEF6", "profile_text_color": "333333", "profile_use_background_image": true, "has_extended_profile": false, "default_profile": true, "default_profile_image": false, "following": false, "follow_request_sent": false, "notifications": false, "translator_type": "none", "withheld_in_countries": []}, "geo": null, "coordinates": null, "place": null, "contributors": null, "is_quote_status": false, "retweet_count": 0, "favorite_count": 0, "favorited": false, "retweeted": false, "possibly_sensitive": false, "lang": "en"}