{"created_at": "Fri Jul 17 06:22:41 +0000 2015", "id": 621927984480456704, "id_str": "621927984480456704", "text": "#SKUPDATES Peter Berg Takes Heavy Shot At Caitlyn Jenner With Nasty Meme http://t.co/TVZNSO11g5 SIRKENAYO_NET", "truncated": false, "entities": {"hashtags": [{"text": "SKUPDATES", "indices": [0, 10]}], "symbols": [], "user_mentions": [], "urls": [{"url": "http://t.co/TVZNSO11g5", "expanded_url": "http://tinyurl.com/onoe4tb", "display_url": "tinyurl.com/onoe4tb", "indices": [73, 95]}]}, "source": "<a href=\"http://twitterfeed.com\" rel=\"nofollow\">twitterfeed</a>", "in_reply_to_status_id": null, "in_reply_to_status_id_str": null, "in_reply_to_user_id": null, "in_reply_to_user_id_str": null, "in_reply_to_screen_name": null, "user": {"id": 284516781, "id_str": "284516781", "name": "Ayo-Adeyekun", "screen_name": "Ifeadeyex", "location": "Lagos, Nigeria", "description": "HR Tech/ ACIPM/FC BARCELONA \u2764\ufe0f/ Family is everything / I help fix CVs, you\u2019re free to send a dm!", "url": null, "entities": {"description": {"urls": []}}, "protected": false, "followers_count": 1000, "friends_count": 1193, "listed_count": 2, "created_at": "Tue Apr 19 12:40:24 +0000 2011", "favourites_count": 4423, "utc_offset": null, "time_zone": null, "geo_enabled": true, "verified": false, "statuses_count": 43262, "lang": null, "contributors_enabled": false, "is_translator": false, "is_translation_enabled": false, "profile_background_color": "C0DEED", "profile_background_image_url": "http://abs.twimg.com/images/themes/theme1/bg.png", "profile_background_image_url_https": "https://abs.twimg.com/images/themes/theme1/bg.png", "profile_background_tile": false, "profile_image_url": "http://pbs.twimg.com/profile_images/1366226514791047168/pNP_vlBq_normal.jpg", "profile_image_url_https": "https://pbs.twimg.com/profile_images/1366226514791047168/pNP_vlBq_normal.jpg", "profile_banner_url": "https://pbs.twimg.com/profile_banners/284516781/1615132908", "profile_link_color": "1DA1F2", "profile_sidebar_border_color": "C0DEED", "profile_sidebar_fill_color": "DDEEF6", "profile_text_color": "333333", "profile_use_background_image": true, "has_extended_profile": false, "default_profile": true, "default_profile_image": false, "following": false, "follow_request_sent": false, "notifications": false, "translator_type": "none", "withheld_in_countries": []}, "geo": null, "coordinates": null, "place": null, "contributors": null, "is_quote_status": false, "retweet_count": 0, "favorite_count": 0, "favorited": false, "retweeted": false, "possibly_sensitive": false, "lang": "en"}