{"created_at": "Fri Jul 17 06:25:43 +0000 2015", "id": 621928750146416641, "id_str": "621928750146416641", "text": "#SIRKENAYO Peter Berg Takes Heavy Shot At Caitlyn Jenner With Nasty Meme: \nPeter Berg, who\u2019s the... http://t.co/JNQwXXZybt SIRKENAYO_NET", "truncated": false, "entities": {"hashtags": [{"text": "SIRKENAYO", "indices": [0, 10]}], "symbols": [], "user_mentions": [], "urls": [{"url": "http://t.co/JNQwXXZybt", "expanded_url": "http://bit.ly/1HTQGAb", "display_url": "bit.ly/1HTQGAb", "indices": [100, 122]}]}, "source": "<a href=\"http://twitterfeed.com\" rel=\"nofollow\">twitterfeed</a>", "in_reply_to_status_id": null, "in_reply_to_status_id_str": null, "in_reply_to_user_id": null, "in_reply_to_user_id_str": null, "in_reply_to_screen_name": null, "user": {"id": 407315444, "id_str": "407315444", "name": "JAGABAN", "screen_name": "CodenameTeeSwag", "location": "", "description": "Law Student,  Most Outstanding Dj #OyaAwardsOAU 2015, 2016  Law and Music   Get #BackToSender by DJ T-Swaggs ft Chinko Ekun https://t.co/xZz2N3v9xd\u2026", "url": null, "entities": {"description": {"urls": [{"url": "https://t.co/xZz2N3v9xd", "expanded_url": "http://afrikaloaded.com/index.php/song", "display_url": "afrikaloaded.com/index.php/song", "indices": [124, 147]}]}}, "protected": false, "followers_count": 909, "friends_count": 368, "listed_count": 18, "created_at": "Mon Nov 07 22:46:01 +0000 2011", "favourites_count": 182, "utc_offset": null, "time_zone": null, "geo_enabled": false, "verified": false, "statuses_count": 127542, "lang": null, "contributors_enabled": false, "is_translator": false, "is_translation_enabled": false, "profile_background_color": "9AE4E8", "profile_background_image_url": "http://abs.twimg.com/images/themes/theme16/bg.gif", "profile_background_image_url_https": "https://abs.twimg.com/images/themes/theme16/bg.gif", "profile_background_tile": false, "profile_image_url": "http://pbs.twimg.com/profile_images/782884844607041536/aCazCR1T_normal.jpg", "profile_image_url_https": "https://pbs.twimg.com/profile_images/782884844607041536/aCazCR1T_normal.jpg", "profile_banner_url": "https://pbs.twimg.com/profile_banners/407315444/1468261191", "profile_link_color": "0084B4", "profile_sidebar_border_color": "BDDCAD", "profile_sidebar_fill_color": "DDFFCC", "profile_text_color": "333333", "profile_use_background_image": true, "has_extended_profile": true, "default_profile": false, "default_profile_image": false, "following": false, "follow_request_sent": false, "notifications": false, "translator_type": "none", "withheld_in_countries": []}, "geo": null, "coordinates": null, "place": null, "contributors": null, "is_quote_status": false, "retweet_count": 0, "favorite_count": 0, "favorited": false, "retweeted": false, "possibly_sensitive": false, "lang": "en"}