{"created_at": "Fri Jul 17 06:24:39 +0000 2015", "id": 621928480196792320, "id_str": "621928480196792320", "text": "#SKUPDATES Peter Berg Takes Heavy Shot At Caitlyn Jenner With Nasty Meme: \nPeter Berg, who\u2019s the... http://t.co/xEE5PothEQ SIRKENAYO_NET", "truncated": false, "entities": {"hashtags": [{"text": "SKUPDATES", "indices": [0, 10]}], "symbols": [], "user_mentions": [], "urls": [{"url": "http://t.co/xEE5PothEQ", "expanded_url": "http://bit.ly/1HTQGAb", "display_url": "bit.ly/1HTQGAb", "indices": [100, 122]}]}, "source": "<a href=\"http://twitterfeed.com\" rel=\"nofollow\">twitterfeed</a>", "in_reply_to_status_id": null, "in_reply_to_status_id_str": null, "in_reply_to_user_id": null, "in_reply_to_user_id_str": null, "in_reply_to_screen_name": null, "user": {"id": 239108050, "id_str": "239108050", "name": "Dolapo", "screen_name": "theGeekyMidget", "location": "Lagos, Nigeria", "description": "Quiet philosopher. | Doing revolutionary stuff around: tech, music & community. | Leading @wetalksound & @WTXtra. | 9-5 at a cool tech place.", "url": null, "entities": {"description": {"urls": []}}, "protected": false, "followers_count": 5416, "friends_count": 4951, "listed_count": 28, "created_at": "Sun Jan 16 20:55:37 +0000 2011", "favourites_count": 47902, "utc_offset": null, "time_zone": null, "geo_enabled": true, "verified": false, "statuses_count": 133000, "lang": null, "contributors_enabled": false, "is_translator": false, "is_translation_enabled": false, "profile_background_color": "C0DEED", "profile_background_image_url": "http://abs.twimg.com/images/themes/theme1/bg.png", "profile_background_image_url_https": "https://abs.twimg.com/images/themes/theme1/bg.png", "profile_background_tile": false, "profile_image_url": "http://pbs.twimg.com/profile_images/1360664470515634176/m7YeR8hx_normal.jpg", "profile_image_url_https": "https://pbs.twimg.com/profile_images/1360664470515634176/m7YeR8hx_normal.jpg", "profile_banner_url": "https://pbs.twimg.com/profile_banners/239108050/1603362275", "profile_link_color": "1DA1F2", "profile_sidebar_border_color": "C0DEED", "profile_sidebar_fill_color": "DDEEF6", "profile_text_color": "333333", "profile_use_background_image": true, "has_extended_profile": true, "default_profile": true, "default_profile_image": false, "following": false, "follow_request_sent": false, "notifications": false, "translator_type": "none", "withheld_in_countries": []}, "geo": null, "coordinates": null, "place": null, "contributors": null, "is_quote_status": false, "retweet_count": 0, "favorite_count": 0, "favorited": false, "retweeted": false, "possibly_sensitive": false, "lang": "en"}