{"created_at": "Fri Jul 17 06:22:36 +0000 2015", "id": 621927966931464193, "id_str": "621927966931464193", "text": "#SKUPDATES Peter Berg Takes Heavy Shot At Caitlyn Jenner With Nasty Meme http://t.co/OZZrXXS1bn SIRKENAYO_NET", "truncated": false, "entities": {"hashtags": [{"text": "SKUPDATES", "indices": [0, 10]}], "symbols": [], "user_mentions": [], "urls": [{"url": "http://t.co/OZZrXXS1bn", "expanded_url": "http://tinyurl.com/onoe4tb", "display_url": "tinyurl.com/onoe4tb", "indices": [73, 95]}]}, "source": "<a href=\"http://twitterfeed.com\" rel=\"nofollow\">twitterfeed</a>", "in_reply_to_status_id": null, "in_reply_to_status_id_str": null, "in_reply_to_user_id": null, "in_reply_to_user_id_str": null, "in_reply_to_screen_name": null, "user": {"id": 219909229, "id_str": "219909229", "name": "#HellOfANight Aug 7", "screen_name": "TrailblazerEnt", "location": "University of Ibadan.", "description": "The official Twitter account of the Everblazing Entertainment Outfit! HIT THE FOLLOW BUTTON and HOLLA! We trail with the blazing armour!", "url": null, "entities": {"description": {"urls": []}}, "protected": false, "followers_count": 291, "friends_count": 304, "listed_count": 2, "created_at": "Fri Nov 26 06:46:14 +0000 2010", "favourites_count": 7, "utc_offset": null, "time_zone": null, "geo_enabled": false, "verified": false, "statuses_count": 33374, "lang": null, "contributors_enabled": false, "is_translator": false, "is_translation_enabled": false, "profile_background_color": "C0DEED", "profile_background_image_url": "http://abs.twimg.com/images/themes/theme1/bg.png", "profile_background_image_url_https": "https://abs.twimg.com/images/themes/theme1/bg.png", "profile_background_tile": false, "profile_image_url": "http://pbs.twimg.com/profile_images/623746107986825216/R2Qxo0yY_normal.jpg", "profile_image_url_https": "https://pbs.twimg.com/profile_images/623746107986825216/R2Qxo0yY_normal.jpg", "profile_banner_url": "https://pbs.twimg.com/profile_banners/219909229/1437547617", "profile_link_color": "1DA1F2", "profile_sidebar_border_color": "C0DEED", "profile_sidebar_fill_color": "DDEEF6", "profile_text_color": "333333", "profile_use_background_image": true, "has_extended_profile": false, "default_profile": true, "default_profile_image": false, "following": false, "follow_request_sent": false, "notifications": false, "translator_type": "none", "withheld_in_countries": []}, "geo": null, "coordinates": null, "place": null, "contributors": null, "is_quote_status": false, "retweet_count": 0, "favorite_count": 0, "favorited": false, "retweeted": false, "possibly_sensitive": false, "lang": "en"}