{"created_at": "Fri Jul 17 06:26:45 +0000 2015", "id": 621929009195040769, "id_str": "621929009195040769", "text": "#SKUPDATES Peter Berg Takes Heavy Shot At Caitlyn Jenner With Nasty Meme: \nPeter Berg, who\u2019s the... http://t.co/HloZM5KgJA SIRKENAYO_NET", "truncated": false, "entities": {"hashtags": [{"text": "SKUPDATES", "indices": [0, 10]}], "symbols": [], "user_mentions": [], "urls": [{"url": "http://t.co/HloZM5KgJA", "expanded_url": "http://bit.ly/1fORSit", "display_url": "bit.ly/1fORSit", "indices": [100, 122]}]}, "source": "<a href=\"http://twitterfeed.com\" rel=\"nofollow\">twitterfeed</a>", "in_reply_to_status_id": null, "in_reply_to_status_id_str": null, "in_reply_to_user_id": null, "in_reply_to_user_id_str": null, "in_reply_to_screen_name": null, "user": {"id": 789154225, "id_str": "789154225", "name": "AdukeOfLagos", "screen_name": "Miss_Rubea", "location": "Lagos", "description": "bless4dee@gmail.com", "url": "https://t.co/shhwsFblaU", "entities": {"url": {"urls": [{"url": "https://t.co/shhwsFblaU", "expanded_url": "https://bit.ly/38VZTkh", "display_url": "bit.ly/38VZTkh", "indices": [0, 23]}]}, "description": {"urls": []}}, "protected": false, "followers_count": 235, "friends_count": 664, "listed_count": 6, "created_at": "Wed Aug 29 11:37:46 +0000 2012", "favourites_count": 30, "utc_offset": null, "time_zone": null, "geo_enabled": true, "verified": false, "statuses_count": 38333, "lang": null, "contributors_enabled": false, "is_translator": false, "is_translation_enabled": false, "profile_background_color": "C0DEED", "profile_background_image_url": "http://abs.twimg.com/images/themes/theme1/bg.png", "profile_background_image_url_https": "https://abs.twimg.com/images/themes/theme1/bg.png", "profile_background_tile": false, "profile_image_url": "http://pbs.twimg.com/profile_images/1329733606093312002/FeRHPXt4_normal.jpg", "profile_image_url_https": "https://pbs.twimg.com/profile_images/1329733606093312002/FeRHPXt4_normal.jpg", "profile_banner_url": "https://pbs.twimg.com/profile_banners/789154225/1602829391", "profile_link_color": "1DA1F2", "profile_sidebar_border_color": "C0DEED", "profile_sidebar_fill_color": "DDEEF6", "profile_text_color": "333333", "profile_use_background_image": true, "has_extended_profile": false, "default_profile": true, "default_profile_image": false, "following": false, "follow_request_sent": false, "notifications": false, "translator_type": "none", "withheld_in_countries": []}, "geo": null, "coordinates": null, "place": null, "contributors": null, "is_quote_status": false, "retweet_count": 0, "favorite_count": 0, "favorited": false, "retweeted": false, "possibly_sensitive": false, "lang": "en"}