{"created_at": "Fri Jul 17 06:23:38 +0000 2015", "id": 621928226458238977, "id_str": "621928226458238977", "text": "#SKUPDATES Peter Berg Takes Heavy Shot At Caitlyn Jenner With Nasty Meme http://t.co/9CA9FdCqX2 SIRKENAYO_NET", "truncated": false, "entities": {"hashtags": [{"text": "SKUPDATES", "indices": [0, 10]}], "symbols": [], "user_mentions": [], "urls": [{"url": "http://t.co/9CA9FdCqX2", "expanded_url": "http://tinyurl.com/onoe4tb", "display_url": "tinyurl.com/onoe4tb", "indices": [73, 95]}]}, "source": "<a href=\"http://twitterfeed.com\" rel=\"nofollow\">twitterfeed</a>", "in_reply_to_status_id": null, "in_reply_to_status_id_str": null, "in_reply_to_user_id": null, "in_reply_to_user_id_str": null, "in_reply_to_screen_name": null, "user": {"id": 275251827, "id_str": "275251827", "name": "Tobi TundeAlao", "screen_name": "_leget", "location": "UCH, Ibadan", "description": "Doctor. Always Only Jesus. Smiles are free, share them!!! Maverick City Music fan @ChelseaFC \ud83d\udc99", "url": null, "entities": {"description": {"urls": []}}, "protected": false, "followers_count": 1727, "friends_count": 1023, "listed_count": 7, "created_at": "Thu Mar 31 22:48:07 +0000 2011", "favourites_count": 8147, "utc_offset": null, "time_zone": null, "geo_enabled": false, "verified": false, "statuses_count": 60938, "lang": null, "contributors_enabled": false, "is_translator": false, "is_translation_enabled": false, "profile_background_color": "C0DEED", "profile_background_image_url": "http://abs.twimg.com/images/themes/theme1/bg.png", "profile_background_image_url_https": "https://abs.twimg.com/images/themes/theme1/bg.png", "profile_background_tile": false, "profile_image_url": "http://pbs.twimg.com/profile_images/1346086292996689920/CVCsLLe5_normal.jpg", "profile_image_url_https": "https://pbs.twimg.com/profile_images/1346086292996689920/CVCsLLe5_normal.jpg", "profile_banner_url": "https://pbs.twimg.com/profile_banners/275251827/1619897565", "profile_link_color": "1DA1F2", "profile_sidebar_border_color": "C0DEED", "profile_sidebar_fill_color": "DDEEF6", "profile_text_color": "333333", "profile_use_background_image": true, "has_extended_profile": true, "default_profile": true, "default_profile_image": false, "following": false, "follow_request_sent": false, "notifications": false, "translator_type": "none", "withheld_in_countries": []}, "geo": null, "coordinates": null, "place": null, "contributors": null, "is_quote_status": false, "retweet_count": 0, "favorite_count": 0, "favorited": false, "retweeted": false, "possibly_sensitive": false, "lang": "en"}