{"created_at": "Fri Jul 17 06:23:49 +0000 2015", "id": 621928272884936706, "id_str": "621928272884936706", "text": "#SKUPDATES Peter Berg Takes Heavy Shot At Caitlyn Jenner With Nasty Meme http://t.co/EIVa9aHixi SIRKENAYO_NET", "truncated": false, "entities": {"hashtags": [{"text": "SKUPDATES", "indices": [0, 10]}], "symbols": [], "user_mentions": [], "urls": [{"url": "http://t.co/EIVa9aHixi", "expanded_url": "http://tinyurl.com/onoe4tb", "display_url": "tinyurl.com/onoe4tb", "indices": [73, 95]}]}, "source": "<a href=\"http://twitterfeed.com\" rel=\"nofollow\">twitterfeed</a>", "in_reply_to_status_id": null, "in_reply_to_status_id_str": null, "in_reply_to_user_id": null, "in_reply_to_user_id_str": null, "in_reply_to_screen_name": null, "user": {"id": 93199072, "id_str": "93199072", "name": "\u2018loju", "screen_name": "Damiloju__", "location": "Nigeria", "description": "", "url": null, "entities": {"description": {"urls": []}}, "protected": false, "followers_count": 2298, "friends_count": 1288, "listed_count": 4, "created_at": "Sat Nov 28 15:03:51 +0000 2009", "favourites_count": 907, "utc_offset": null, "time_zone": null, "geo_enabled": true, "verified": false, "statuses_count": 38966, "lang": null, "contributors_enabled": false, "is_translator": false, "is_translation_enabled": false, "profile_background_color": "91D2FA", "profile_background_image_url": "http://abs.twimg.com/images/themes/theme6/bg.gif", "profile_background_image_url_https": "https://abs.twimg.com/images/themes/theme6/bg.gif", "profile_background_tile": false, "profile_image_url": "http://pbs.twimg.com/profile_images/1348365505007136768/DRukxtNq_normal.jpg", "profile_image_url_https": "https://pbs.twimg.com/profile_images/1348365505007136768/DRukxtNq_normal.jpg", "profile_link_color": "981CEB", "profile_sidebar_border_color": "000000", "profile_sidebar_fill_color": "000000", "profile_text_color": "000000", "profile_use_background_image": true, "has_extended_profile": true, "default_profile": false, "default_profile_image": false, "following": false, "follow_request_sent": false, "notifications": false, "translator_type": "none", "withheld_in_countries": []}, "geo": null, "coordinates": null, "place": null, "contributors": null, "is_quote_status": false, "retweet_count": 0, "favorite_count": 0, "favorited": false, "retweeted": false, "possibly_sensitive": false, "lang": "en"}