{"created_at": "Fri Jul 17 06:25:37 +0000 2015", "id": 621928723256717313, "id_str": "621928723256717313", "text": "#SIRKENAYO Peter Berg Takes Heavy Shot At Caitlyn Jenner With Nasty Meme: \nPeter Berg, who\u2019s the... http://t.co/oex3BavBmL SIRKENAYO_NET", "truncated": false, "entities": {"hashtags": [{"text": "SIRKENAYO", "indices": [0, 10]}], "symbols": [], "user_mentions": [], "urls": [{"url": "http://t.co/oex3BavBmL", "expanded_url": "http://bit.ly/1HTQGAb", "display_url": "bit.ly/1HTQGAb", "indices": [100, 122]}]}, "source": "<a href=\"http://twitterfeed.com\" rel=\"nofollow\">twitterfeed</a>", "in_reply_to_status_id": null, "in_reply_to_status_id_str": null, "in_reply_to_user_id": null, "in_reply_to_user_id_str": null, "in_reply_to_screen_name": null, "user": {"id": 476578619, "id_str": "476578619", "name": "Ayodele", "screen_name": "ayojagz", "location": "Location", "description": "Insurance Underwriter | Royal Exchange Plc | Manchester City", "url": null, "entities": {"description": {"urls": []}}, "protected": false, "followers_count": 678, "friends_count": 600, "listed_count": 2, "created_at": "Sat Jan 28 08:35:16 +0000 2012", "favourites_count": 7733, "utc_offset": null, "time_zone": null, "geo_enabled": true, "verified": false, "statuses_count": 45360, "lang": null, "contributors_enabled": false, "is_translator": false, "is_translation_enabled": false, "profile_background_color": "C0DEED", "profile_background_image_url": "http://abs.twimg.com/images/themes/theme1/bg.png", "profile_background_image_url_https": "https://abs.twimg.com/images/themes/theme1/bg.png", "profile_background_tile": false, "profile_image_url": "http://pbs.twimg.com/profile_images/1261738120711737349/XKLAx4Ah_normal.jpg", "profile_image_url_https": "https://pbs.twimg.com/profile_images/1261738120711737349/XKLAx4Ah_normal.jpg", "profile_banner_url": "https://pbs.twimg.com/profile_banners/476578619/1591074027", "profile_link_color": "1DA1F2", "profile_sidebar_border_color": "C0DEED", "profile_sidebar_fill_color": "DDEEF6", "profile_text_color": "333333", "profile_use_background_image": true, "has_extended_profile": true, "default_profile": true, "default_profile_image": false, "following": false, "follow_request_sent": false, "notifications": false, "translator_type": "none", "withheld_in_countries": []}, "geo": null, "coordinates": null, "place": null, "contributors": null, "is_quote_status": false, "retweet_count": 0, "favorite_count": 0, "favorited": false, "retweeted": false, "possibly_sensitive": false, "lang": "en"}