{"created_at": "Fri Jul 17 06:25:19 +0000 2015", "id": 621928651072745472, "id_str": "621928651072745472", "text": "#NEWUPDATE------&gt; Peter Berg Takes Heavy Shot At Caitlyn Jenner With Nasty Meme: \nPeter B... http://t.co/oGj39CVKVF (via @sirkenayo_com)", "truncated": false, "entities": {"hashtags": [{"text": "NEWUPDATE", "indices": [0, 10]}], "symbols": [], "user_mentions": [], "urls": [{"url": "http://t.co/oGj39CVKVF", "expanded_url": "http://bit.ly/1HTQGAb", "display_url": "bit.ly/1HTQGAb", "indices": [96, 118]}]}, "source": "<a href=\"http://twitterfeed.com\" rel=\"nofollow\">twitterfeed</a>", "in_reply_to_status_id": null, "in_reply_to_status_id_str": null, "in_reply_to_user_id": null, "in_reply_to_user_id_str": null, "in_reply_to_screen_name": null, "user": {"id": 268410937, "id_str": "268410937", "name": "I'm enigma", "screen_name": "kristboi", "location": "Faculty of Rap #F.O.R", "description": "#Psycho #Me #Fitness #Devonfit #Hiphop #HKHE #Tomisin #SSM awon eyan special....Motto of the year : OWO NI KOKO", "url": null, "entities": {"description": {"urls": []}}, "protected": false, "followers_count": 164, "friends_count": 200, "listed_count": 1, "created_at": "Fri Mar 18 18:26:49 +0000 2011", "favourites_count": 11, "utc_offset": null, "time_zone": null, "geo_enabled": true, "verified": false, "statuses_count": 28033, "lang": null, "contributors_enabled": false, "is_translator": false, "is_translation_enabled": false, "profile_background_color": "C0DEED", "profile_background_image_url": "http://abs.twimg.com/images/themes/theme1/bg.png", "profile_background_image_url_https": "https://abs.twimg.com/images/themes/theme1/bg.png", "profile_background_tile": false, "profile_image_url": "http://pbs.twimg.com/profile_images/645463624740421633/iiK6491i_normal.jpg", "profile_image_url_https": "https://pbs.twimg.com/profile_images/645463624740421633/iiK6491i_normal.jpg", "profile_banner_url": "https://pbs.twimg.com/profile_banners/268410937/1403854420", "profile_link_color": "1DA1F2", "profile_sidebar_border_color": "C0DEED", "profile_sidebar_fill_color": "DDEEF6", "profile_text_color": "333333", "profile_use_background_image": true, "has_extended_profile": false, "default_profile": true, "default_profile_image": false, "following": false, "follow_request_sent": false, "notifications": false, "translator_type": "none", "withheld_in_countries": []}, "geo": null, "coordinates": null, "place": null, "contributors": null, "is_quote_status": false, "retweet_count": 0, "favorite_count": 0, "favorited": false, "retweeted": false, "possibly_sensitive": false, "lang": "en"}