{"created_at": "Fri Jul 17 06:25:05 +0000 2015", "id": 621928588799971328, "id_str": "621928588799971328", "text": "#NEWUPDATE Peter Berg Takes Heavy Shot At Caitlyn Jenner With Nasty Meme: \nPeter Berg, who\u2019s... http://t.co/yOQjDXFCKP FF @SIRKENAYO_NET", "truncated": false, "entities": {"hashtags": [{"text": "NEWUPDATE", "indices": [0, 10]}], "symbols": [], "user_mentions": [{"screen_name": "sirkenayo_net", "name": "Fun Hub HQ", "id": 1015050182, "id_str": "1015050182", "indices": [122, 136]}], "urls": [{"url": "http://t.co/yOQjDXFCKP", "expanded_url": "http://bit.ly/1HTQGAb", "display_url": "bit.ly/1HTQGAb", "indices": [96, 118]}]}, "source": "<a href=\"http://twitterfeed.com\" rel=\"nofollow\">twitterfeed</a>", "in_reply_to_status_id": null, "in_reply_to_status_id_str": null, "in_reply_to_user_id": null, "in_reply_to_user_id_str": null, "in_reply_to_screen_name": null, "user": {"id": 406937212, "id_str": "406937212", "name": "\u00c0gb\u00e9k\u00e9\u0329 \u1eccm\u1ecdl\u00fa\u00e0b\u00ed (TMG)", "screen_name": "TheMaryamGiwa", "location": "Right in ur Heart", "description": "Convener,Let\u2019s Talk Millenials!\u2022Co-Founder,@kpeventsandtours\u2022Brand Image Consultant\u2022Travel\u2022Stories\u2022Content\u2022Mental Health\u2022 @talesbymaryamgiwa", "url": "https://t.co/nCL3QNm1rq", "entities": {"url": {"urls": [{"url": "https://t.co/nCL3QNm1rq", "expanded_url": "http://themaryamgiwa.com", "display_url": "themaryamgiwa.com", "indices": [0, 23]}]}, "description": {"urls": []}}, "protected": false, "followers_count": 4524, "friends_count": 2517, "listed_count": 13, "created_at": "Mon Nov 07 12:00:08 +0000 2011", "favourites_count": 928, "utc_offset": null, "time_zone": null, "geo_enabled": true, "verified": false, "statuses_count": 71461, "lang": null, "contributors_enabled": false, "is_translator": false, "is_translation_enabled": false, "profile_background_color": "C0DEED", "profile_background_image_url": "http://abs.twimg.com/images/themes/theme1/bg.png", "profile_background_image_url_https": "https://abs.twimg.com/images/themes/theme1/bg.png", "profile_background_tile": false, "profile_image_url": "http://pbs.twimg.com/profile_images/1337198933928521729/BmT6L3Iz_normal.jpg", "profile_image_url_https": "https://pbs.twimg.com/profile_images/1337198933928521729/BmT6L3Iz_normal.jpg", "profile_banner_url": "https://pbs.twimg.com/profile_banners/406937212/1559927670", "profile_link_color": "1DA1F2", "profile_sidebar_border_color": "C0DEED", "profile_sidebar_fill_color": "DDEEF6", "profile_text_color": "333333", "profile_use_background_image": true, "has_extended_profile": true, "default_profile": true, "default_profile_image": false, "following": false, "follow_request_sent": false, "notifications": false, "translator_type": "none", "withheld_in_countries": []}, "geo": null, "coordinates": null, "place": null, "contributors": null, "is_quote_status": false, "retweet_count": 0, "favorite_count": 0, "favorited": false, "retweeted": false, "possibly_sensitive": false, "lang": "en"}