{"created_at": "Fri Jul 17 06:25:41 +0000 2015", "id": 621928739782332416, "id_str": "621928739782332416", "text": "#SIRKENAYO Peter Berg Takes Heavy Shot At Caitlyn Jenner With Nasty Meme: \nPeter Berg, who\u2019s the... http://t.co/eruIwb7WV6 SIRKENAYO_NET", "truncated": false, "entities": {"hashtags": [{"text": "SIRKENAYO", "indices": [0, 10]}], "symbols": [], "user_mentions": [], "urls": [{"url": "http://t.co/eruIwb7WV6", "expanded_url": "http://bit.ly/1HTQGAb", "display_url": "bit.ly/1HTQGAb", "indices": [100, 122]}]}, "source": "<a href=\"http://twitterfeed.com\" rel=\"nofollow\">twitterfeed</a>", "in_reply_to_status_id": null, "in_reply_to_status_id_str": null, "in_reply_to_user_id": null, "in_reply_to_user_id_str": null, "in_reply_to_screen_name": null, "user": {"id": 291765925, "id_str": "291765925", "name": "John Adewale Olatunde", "screen_name": "ace109_", "location": "Ilorin, Abuja, Nigeria", "description": "Tech-Head || Cyber Security Analyst || Mobile Devices || Incident Response || #infosec || RT!=endorsement || #Arsenal ||.", "url": null, "entities": {"description": {"urls": []}}, "protected": false, "followers_count": 1740, "friends_count": 2592, "listed_count": 33, "created_at": "Mon May 02 15:44:46 +0000 2011", "favourites_count": 3184, "utc_offset": null, "time_zone": null, "geo_enabled": true, "verified": false, "statuses_count": 121654, "lang": null, "contributors_enabled": false, "is_translator": false, "is_translation_enabled": false, "profile_background_color": "000000", "profile_background_image_url": "http://abs.twimg.com/images/themes/theme1/bg.png", "profile_background_image_url_https": "https://abs.twimg.com/images/themes/theme1/bg.png", "profile_background_tile": false, "profile_image_url": "http://pbs.twimg.com/profile_images/1175497388150202375/_QB7olKp_normal.jpg", "profile_image_url_https": "https://pbs.twimg.com/profile_images/1175497388150202375/_QB7olKp_normal.jpg", "profile_banner_url": "https://pbs.twimg.com/profile_banners/291765925/1569095510", "profile_link_color": "7FDBB6", "profile_sidebar_border_color": "000000", "profile_sidebar_fill_color": "000000", "profile_text_color": "000000", "profile_use_background_image": false, "has_extended_profile": true, "default_profile": false, "default_profile_image": false, "following": false, "follow_request_sent": false, "notifications": false, "translator_type": "none", "withheld_in_countries": []}, "geo": null, "coordinates": null, "place": null, "contributors": null, "is_quote_status": false, "retweet_count": 0, "favorite_count": 0, "favorited": false, "retweeted": false, "possibly_sensitive": false, "lang": "en"}