{"created_at": "Fri Jul 17 15:43:43 +0000 2015", "id": 622069173263319040, "id_str": "622069173263319040", "text": "People keep saying negative and nasty things of Caitlyn Jenner if you don't share a good opinion just keep your mouth quiet.", "truncated": false, "entities": {"hashtags": [], "symbols": [], "user_mentions": [], "urls": []}, "source": "<a href=\"http://twitter.com/download/iphone\" rel=\"nofollow\">Twitter for iPhone</a>", "in_reply_to_status_id": null, "in_reply_to_status_id_str": null, "in_reply_to_user_id": null, "in_reply_to_user_id_str": null, "in_reply_to_screen_name": null, "user": {"id": 762525510, "id_str": "762525510", "name": "Kardashian Sisters \u0416", "screen_name": "KardashTrueArmy", "location": "DASH", "description": "Supporting Kourtney, Kim, Khlo\u00e9, Kendall and Kylie since 2013. \u2764 Followed by Khlo\u00e9 Kardashian. \u2728", "url": "https://t.co/Qh6GxQmwZa", "entities": {"url": {"urls": [{"url": "https://t.co/Qh6GxQmwZa", "expanded_url": "http://mylovekardashian.tumblr.com/", "display_url": "mylovekardashian.tumblr.com", "indices": [0, 23]}]}, "description": {"urls": []}}, "protected": false, "followers_count": 32568, "friends_count": 56, "listed_count": 27, "created_at": "Thu Aug 16 23:19:06 +0000 2012", "favourites_count": 285, "utc_offset": null, "time_zone": null, "geo_enabled": false, "verified": false, "statuses_count": 86675, "lang": null, "contributors_enabled": false, "is_translator": false, "is_translation_enabled": false, "profile_background_color": "CCA531", "profile_background_image_url": "http://abs.twimg.com/images/themes/theme1/bg.png", "profile_background_image_url_https": "https://abs.twimg.com/images/themes/theme1/bg.png", "profile_background_tile": true, "profile_image_url": "http://pbs.twimg.com/profile_images/1022911224907030529/tApymC10_normal.jpg", "profile_image_url_https": "https://pbs.twimg.com/profile_images/1022911224907030529/tApymC10_normal.jpg", "profile_banner_url": "https://pbs.twimg.com/profile_banners/762525510/1532716789", "profile_link_color": "170E08", "profile_sidebar_border_color": "FFFFFF", "profile_sidebar_fill_color": "78C0A8", "profile_text_color": "CE7834", "profile_use_background_image": true, "has_extended_profile": false, "default_profile": false, "default_profile_image": false, "following": false, "follow_request_sent": false, "notifications": false, "translator_type": "none", "withheld_in_countries": []}, "geo": null, "coordinates": null, "place": null, "contributors": null, "is_quote_status": false, "retweet_count": 1, "favorite_count": 1, "favorited": false, "retweeted": false, "lang": "en"}