{"created_at": "Fri Jul 17 14:31:05 +0000 2015", "id": 622050897162567682, "id_str": "622050897162567682", "text": "Peter Berg: Hollywood producer defends nasty meme post against Caitlyn Jenner M&gt; http://t.co/rlQWlBZKpS http://t.co/ufK6COLALL", "truncated": false, "entities": {"hashtags": [], "symbols": [], "user_mentions": [], "urls": [{"url": "http://t.co/rlQWlBZKpS", "expanded_url": "http://bit.ly/1J4LXAQ", "display_url": "bit.ly/1J4LXAQ", "indices": [84, 106]}], "media": [{"id": 622050897028362240, "id_str": "622050897028362240", "indices": [107, 129], "media_url": "http://pbs.twimg.com/media/CKH3_r2WsAANr30.jpg", "media_url_https": "https://pbs.twimg.com/media/CKH3_r2WsAANr30.jpg", "url": "http://t.co/ufK6COLALL", "display_url": "pic.twitter.com/ufK6COLALL", "expanded_url": "https://twitter.com/PulseGhana/status/622050897162567682/photo/1", "type": "photo", "sizes": {"thumb": {"w": 150, "h": 150, "resize": "crop"}, "large": {"w": 534, "h": 300, "resize": "fit"}, "medium": {"w": 534, "h": 300, "resize": "fit"}, "small": {"w": 534, "h": 300, "resize": "fit"}}}]}, "extended_entities": {"media": [{"id": 622050897028362240, "id_str": "622050897028362240", "indices": [107, 129], "media_url": "http://pbs.twimg.com/media/CKH3_r2WsAANr30.jpg", "media_url_https": "https://pbs.twimg.com/media/CKH3_r2WsAANr30.jpg", "url": "http://t.co/ufK6COLALL", "display_url": "pic.twitter.com/ufK6COLALL", "expanded_url": "https://twitter.com/PulseGhana/status/622050897162567682/photo/1", "type": "photo", "sizes": {"thumb": {"w": 150, "h": 150, "resize": "crop"}, "large": {"w": 534, "h": 300, "resize": "fit"}, "medium": {"w": 534, "h": 300, "resize": "fit"}, "small": {"w": 534, "h": 300, "resize": "fit"}}}]}, "source": "<a href=\"https://ifttt.com\" rel=\"nofollow\">IFTTT</a>", "in_reply_to_status_id": null, "in_reply_to_status_id_str": null, "in_reply_to_user_id": null, "in_reply_to_user_id_str": null, "in_reply_to_screen_name": null, "user": {"id": 2463511302, "id_str": "2463511302", "name": "Pulse Ghana", "screen_name": "PulseGhana", "location": "East Legon, Accra, Ghana.", "description": "We inform & engage - 24/7 To Advertise, email\ud83d\udce9 ads@pulse.com.gh", "url": "https://t.co/GWOYhiQlIB", "entities": {"url": {"urls": [{"url": "https://t.co/GWOYhiQlIB", "expanded_url": "http://www.pulse.com.gh", "display_url": "pulse.com.gh", "indices": [0, 23]}]}, "description": {"urls": []}}, "protected": false, "followers_count": 407777, "friends_count": 387, "listed_count": 280, "created_at": "Fri Apr 25 17:47:50 +0000 2014", "favourites_count": 1360, "utc_offset": null, "time_zone": null, "geo_enabled": true, "verified": true, "statuses_count": 178080, "lang": null, "contributors_enabled": false, "is_translator": false, "is_translation_enabled": false, "profile_background_color": "000000", "profile_background_image_url": "http://abs.twimg.com/images/themes/theme1/bg.png", "profile_background_image_url_https": "https://abs.twimg.com/images/themes/theme1/bg.png", "profile_background_tile": false, "profile_image_url": "http://pbs.twimg.com/profile_images/998591058261901312/vgdmk9ls_normal.jpg", "profile_image_url_https": "https://pbs.twimg.com/profile_images/998591058261901312/vgdmk9ls_normal.jpg", "profile_banner_url": "https://pbs.twimg.com/profile_banners/2463511302/1610623221", "profile_link_color": "AB2923", "profile_sidebar_border_color": "000000", "profile_sidebar_fill_color": "000000", "profile_text_color": "000000", "profile_use_background_image": false, "has_extended_profile": false, "default_profile": false, "default_profile_image": false, "following": false, "follow_request_sent": false, "notifications": false, "translator_type": "none", "withheld_in_countries": []}, "geo": null, "coordinates": null, "place": null, "contributors": null, "is_quote_status": false, "retweet_count": 0, "favorite_count": 0, "favorited": false, "retweeted": false, "possibly_sensitive": false, "lang": "en"}