{"created_at": "Fri Jul 17 11:59:51 +0000 2015", "id": 622012838014398464, "id_str": "622012838014398464", "text": "@HydeBlizzardbox Perhaps Ann could consult Caitlyn Jenner for a reference for adams-apple shaving surgery to dispel those nasty rumors.", "truncated": false, "entities": {"hashtags": [], "symbols": [], "user_mentions": [{"screen_name": "HydeBlizzardbox", "name": "Jerry Hyde", "id": 1209041436, "id_str": "1209041436", "indices": [0, 16]}], "urls": []}, "source": "<a href=\"http://twitter.com\" rel=\"nofollow\">Twitter Web Client</a>", "in_reply_to_status_id": 621858605504069632, "in_reply_to_status_id_str": "621858605504069632", "in_reply_to_user_id": 1209041436, "in_reply_to_user_id_str": "1209041436", "in_reply_to_screen_name": "HydeBlizzardbox", "user": {"id": 3023189481, "id_str": "3023189481", "name": "Knox Dems District 7", "screen_name": "KCDP_D7", "location": "Halls-Powell-Heiskell", "description": "District 7 of Knox County Democratic Party (Halls&Powell areas). People Before Politics.Often snark says it best!======\n\ud83c\udf0a\ud83c\udf0a\ud83c\udf0a#VoteBlue #TurnItBlue \ud83c\udf0a\ud83c\udf0a\ud83c\udf0a", "url": "https://t.co/uZSRslszT2", "entities": {"url": {"urls": [{"url": "https://t.co/uZSRslszT2", "expanded_url": "http://kcdpd7.org", "display_url": "kcdpd7.org", "indices": [0, 23]}]}, "description": {"urls": []}}, "protected": false, "followers_count": 2447, "friends_count": 2316, "listed_count": 18, "created_at": "Sat Feb 07 13:49:55 +0000 2015", "favourites_count": 7934, "utc_offset": null, "time_zone": null, "geo_enabled": true, "verified": false, "statuses_count": 6957, "lang": null, "contributors_enabled": false, "is_translator": false, "is_translation_enabled": false, "profile_background_color": "0000FF", "profile_background_image_url": "http://abs.twimg.com/images/themes/theme1/bg.png", "profile_background_image_url_https": "https://abs.twimg.com/images/themes/theme1/bg.png", "profile_background_tile": false, "profile_image_url": "http://pbs.twimg.com/profile_images/925694315929702402/u8iaod-q_normal.jpg", "profile_image_url_https": "https://pbs.twimg.com/profile_images/925694315929702402/u8iaod-q_normal.jpg", "profile_banner_url": "https://pbs.twimg.com/profile_banners/3023189481/1611420478", "profile_link_color": "00008F", "profile_sidebar_border_color": "000000", "profile_sidebar_fill_color": "000000", "profile_text_color": "000000", "profile_use_background_image": false, "has_extended_profile": false, "default_profile": false, "default_profile_image": false, "following": false, "follow_request_sent": false, "notifications": false, "translator_type": "none", "withheld_in_countries": []}, "geo": null, "coordinates": null, "place": null, "contributors": null, "is_quote_status": false, "retweet_count": 0, "favorite_count": 0, "favorited": false, "retweeted": false, "lang": "en"}