{"created_at": "Fri Jul 17 20:59:55 +0000 2015", "id": 622148749750632448, "id_str": "622148749750632448", "text": "Some girl in this Facebook chat my friend irl added me to was sayin some nasty transphobic shit about Caitlyn Jenner n I want to go off omg", "truncated": false, "entities": {"hashtags": [], "symbols": [], "user_mentions": [], "urls": []}, "source": "<a href=\"http://twitter.com/download/iphone\" rel=\"nofollow\">Twitter for iPhone</a>", "in_reply_to_status_id": null, "in_reply_to_status_id_str": null, "in_reply_to_user_id": null, "in_reply_to_user_id_str": null, "in_reply_to_screen_name": null, "user": {"id": 247855397, "id_str": "247855397", "name": "\u262d \u00a5\u20ac\u20ac\u017d\u00dc$ \u262d", "screen_name": "comradejotaro", "location": "United States", "description": "erika. 22. queer/ace. they/them. nsfw. anime communist pop culture fan. Kanye made me a better person. I took a quiz that told me I'm Fidel.", "url": null, "entities": {"description": {"urls": []}}, "protected": false, "followers_count": 518, "friends_count": 437, "listed_count": 24, "created_at": "Sat Feb 05 18:24:27 +0000 2011", "favourites_count": 68959, "utc_offset": null, "time_zone": null, "geo_enabled": false, "verified": false, "statuses_count": 248727, "lang": null, "contributors_enabled": false, "is_translator": false, "is_translation_enabled": false, "profile_background_color": "352726", "profile_background_image_url": "http://abs.twimg.com/images/themes/theme5/bg.gif", "profile_background_image_url_https": "https://abs.twimg.com/images/themes/theme5/bg.gif", "profile_background_tile": false, "profile_image_url": "http://pbs.twimg.com/profile_images/795266792340025344/2MBDNnjp_normal.jpg", "profile_image_url_https": "https://pbs.twimg.com/profile_images/795266792340025344/2MBDNnjp_normal.jpg", "profile_banner_url": "https://pbs.twimg.com/profile_banners/247855397/1478441359", "profile_link_color": "D02B55", "profile_sidebar_border_color": "829D5E", "profile_sidebar_fill_color": "99CC33", "profile_text_color": "3E4415", "profile_use_background_image": true, "has_extended_profile": true, "default_profile": false, "default_profile_image": false, "following": false, "follow_request_sent": false, "notifications": false, "translator_type": "none", "withheld_in_countries": []}, "geo": null, "coordinates": null, "place": null, "contributors": null, "is_quote_status": false, "retweet_count": 0, "favorite_count": 0, "favorited": false, "retweeted": false, "lang": "en"}