{"created_at": "Fri Jul 17 22:33:11 +0000 2015", "id": 622172218877976576, "id_str": "622172218877976576", "text": "Instagram had been inundated with angry and nasty comments and uploads about the transgender Caitlyn Jenner . http://t.co/a690BP5XyG", "truncated": false, "entities": {"hashtags": [], "symbols": [], "user_mentions": [], "urls": [], "media": [{"id": 622172218781528065, "id_str": "622172218781528065", "indices": [110, 132], "media_url": "http://pbs.twimg.com/media/CKJmVimW8AEgw6P.jpg", "media_url_https": "https://pbs.twimg.com/media/CKJmVimW8AEgw6P.jpg", "url": "http://t.co/a690BP5XyG", "display_url": "pic.twitter.com/a690BP5XyG", "expanded_url": "https://twitter.com/pimpjuicewow/status/622172218877976576/photo/1", "type": "photo", "sizes": {"thumb": {"w": 150, "h": 150, "resize": "crop"}, "small": {"w": 602, "h": 680, "resize": "fit"}, "large": {"w": 620, "h": 700, "resize": "fit"}, "medium": {"w": 620, "h": 700, "resize": "fit"}}}]}, "extended_entities": {"media": [{"id": 622172218781528065, "id_str": "622172218781528065", "indices": [110, 132], "media_url": "http://pbs.twimg.com/media/CKJmVimW8AEgw6P.jpg", "media_url_https": "https://pbs.twimg.com/media/CKJmVimW8AEgw6P.jpg", "url": "http://t.co/a690BP5XyG", "display_url": "pic.twitter.com/a690BP5XyG", "expanded_url": "https://twitter.com/pimpjuicewow/status/622172218877976576/photo/1", "type": "photo", "sizes": {"thumb": {"w": 150, "h": 150, "resize": "crop"}, "small": {"w": 602, "h": 680, "resize": "fit"}, "large": {"w": 620, "h": 700, "resize": "fit"}, "medium": {"w": 620, "h": 700, "resize": "fit"}}}]}, "source": "<a href=\"http://ubersocial.com\" rel=\"nofollow\">UberSocial for Android</a>", "in_reply_to_status_id": null, "in_reply_to_status_id_str": null, "in_reply_to_user_id": null, "in_reply_to_user_id_str": null, "in_reply_to_screen_name": null, "user": {"id": 86992418, "id_str": "86992418", "name": "#PimpNews", "screen_name": "pimpjuicewow", "location": "World", "description": "Pimp News LLC\n\n#PimpNews @pimpnewstv on instagram , Blogger, Marketing, social worker. Contact: pimpjuicewow@gmail.com || High Mind Entertainment", "url": "https://t.co/aLZ31lxFxQ", "entities": {"url": {"urls": [{"url": "https://t.co/aLZ31lxFxQ", "expanded_url": "http://youtube.com/MrPimpjuicewow", "display_url": "youtube.com/MrPimpjuicewow", "indices": [0, 23]}]}, "description": {"urls": []}}, "protected": false, "followers_count": 115089, "friends_count": 2150, "listed_count": 153, "created_at": "Mon Nov 02 18:00:09 +0000 2009", "favourites_count": 1392, "utc_offset": null, "time_zone": null, "geo_enabled": true, "verified": false, "statuses_count": 48954, "lang": null, "contributors_enabled": false, "is_translator": false, "is_translation_enabled": false, "profile_background_color": "000000", "profile_background_image_url": "http://abs.twimg.com/images/themes/theme1/bg.png", "profile_background_image_url_https": "https://abs.twimg.com/images/themes/theme1/bg.png", "profile_background_tile": false, "profile_image_url": "http://pbs.twimg.com/profile_images/1368213285858926596/Wi4ypgS3_normal.jpg", "profile_image_url_https": "https://pbs.twimg.com/profile_images/1368213285858926596/Wi4ypgS3_normal.jpg", "profile_banner_url": "https://pbs.twimg.com/profile_banners/86992418/1575856079", "profile_link_color": "CC3300", "profile_sidebar_border_color": "FFFFFF", "profile_sidebar_fill_color": "F7DA93", "profile_text_color": "000000", "profile_use_background_image": true, "has_extended_profile": false, "default_profile": false, "default_profile_image": false, "following": false, "follow_request_sent": false, "notifications": false, "translator_type": "none", "withheld_in_countries": []}, "geo": null, "coordinates": null, "place": null, "contributors": null, "is_quote_status": false, "retweet_count": 0, "favorite_count": 0, "favorited": false, "retweeted": false, "possibly_sensitive": false, "lang": "en"}