{"created_at": "Sat Jul 18 03:48:19 +0000 2015", "id": 622251528447864832, "id_str": "622251528447864832", "text": "@iTunesTV @Caitlyn_Jenner why are you advertising this propaganda shoving it down everyone's throat?!we don't all think alike.NASTY!", "truncated": false, "entities": {"hashtags": [], "symbols": [], "user_mentions": [{"screen_name": "iTunesTV", "name": "iTunes TV", "id": 82978967, "id_str": "82978967", "indices": [0, 9]}, {"screen_name": "Caitlyn_Jenner", "name": "Caitlyn Jenner", "id": 3303293865, "id_str": "3303293865", "indices": [10, 25]}], "urls": []}, "source": "<a href=\"http://twitter.com/download/iphone\" rel=\"nofollow\">Twitter for iPhone</a>", "in_reply_to_status_id": 622234454786969600, "in_reply_to_status_id_str": "622234454786969600", "in_reply_to_user_id": 82978967, "in_reply_to_user_id_str": "82978967", "in_reply_to_screen_name": "iTunesTV", "user": {"id": 284850913, "id_str": "284850913", "name": "AZTEC 619 WARRIOR", "screen_name": "LALO_BLITZER_G", "location": "In A State Of Trance", "description": "\u262ePeace,Love,Unity\u270c\ufe0fRespect | Tranceoholic | If you want me to follow you just follow me and I will follow back. #PLURFamily #TranceFamily #EDMfamily #Followback", "url": null, "entities": {"description": {"urls": []}}, "protected": false, "followers_count": 2478, "friends_count": 2483, "listed_count": 24, "created_at": "Wed Apr 20 02:36:44 +0000 2011", "favourites_count": 27018, "utc_offset": null, "time_zone": null, "geo_enabled": false, "verified": false, "statuses_count": 3894, "lang": null, "contributors_enabled": false, "is_translator": false, "is_translation_enabled": false, "profile_background_color": "C0DEED", "profile_background_image_url": "http://abs.twimg.com/images/themes/theme1/bg.png", "profile_background_image_url_https": "https://abs.twimg.com/images/themes/theme1/bg.png", "profile_background_tile": false, "profile_image_url": "http://pbs.twimg.com/profile_images/623243338905358336/NeMxSTwd_normal.jpg", "profile_image_url_https": "https://pbs.twimg.com/profile_images/623243338905358336/NeMxSTwd_normal.jpg", "profile_banner_url": "https://pbs.twimg.com/profile_banners/284850913/1553129565", "profile_link_color": "1DA1F2", "profile_sidebar_border_color": "C0DEED", "profile_sidebar_fill_color": "DDEEF6", "profile_text_color": "333333", "profile_use_background_image": true, "has_extended_profile": false, "default_profile": true, "default_profile_image": false, "following": false, "follow_request_sent": false, "notifications": false, "translator_type": "none", "withheld_in_countries": []}, "geo": null, "coordinates": null, "place": null, "contributors": null, "is_quote_status": false, "retweet_count": 0, "favorite_count": 0, "favorited": false, "retweeted": false, "lang": "en"}