{"created_at": "Sat Jul 18 02:06:12 +0000 2015", "id": 622225827229507584, "id_str": "622225827229507584", "text": "Caitlyn Jenner has really expedited the process of unfriending/following people who are so nasty and so rude and so republican. TY Cait", "truncated": false, "entities": {"hashtags": [], "symbols": [], "user_mentions": [], "urls": []}, "source": "<a href=\"http://twitter.com\" rel=\"nofollow\">Twitter Web Client</a>", "in_reply_to_status_id": null, "in_reply_to_status_id_str": null, "in_reply_to_user_id": null, "in_reply_to_user_id_str": null, "in_reply_to_screen_name": null, "user": {"id": 34424499, "id_str": "34424499", "name": "Tessy", "screen_name": "tesslyon8", "location": "", "description": "I got the type of fire that burns in the rain", "url": null, "entities": {"description": {"urls": []}}, "protected": false, "followers_count": 267, "friends_count": 170, "listed_count": 1, "created_at": "Wed Apr 22 22:31:28 +0000 2009", "favourites_count": 7662, "utc_offset": null, "time_zone": null, "geo_enabled": true, "verified": false, "statuses_count": 5501, "lang": null, "contributors_enabled": false, "is_translator": false, "is_translation_enabled": false, "profile_background_color": "E7F0F0", "profile_background_image_url": "http://abs.twimg.com/images/themes/theme15/bg.png", "profile_background_image_url_https": "https://abs.twimg.com/images/themes/theme15/bg.png", "profile_background_tile": false, "profile_image_url": "http://pbs.twimg.com/profile_images/995857545117032453/sGD-sS17_normal.jpg", "profile_image_url_https": "https://pbs.twimg.com/profile_images/995857545117032453/sGD-sS17_normal.jpg", "profile_banner_url": "https://pbs.twimg.com/profile_banners/34424499/1573614342", "profile_link_color": "0084B4", "profile_sidebar_border_color": "FFFFFF", "profile_sidebar_fill_color": "C0DFEC", "profile_text_color": "333333", "profile_use_background_image": true, "has_extended_profile": true, "default_profile": false, "default_profile_image": false, "following": false, "follow_request_sent": false, "notifications": false, "translator_type": "none", "withheld_in_countries": []}, "geo": null, "coordinates": null, "place": {"id": "e4a0d228eb6be76b", "url": "https://api.twitter.com/1.1/geo/id/e4a0d228eb6be76b.json", "place_type": "city", "name": "Philadelphia", "full_name": "Philadelphia, PA", "country_code": "US", "country": "United States", "contained_within": [], "bounding_box": {"type": "Polygon", "coordinates": [[[-75.280284, 39.871811], [-74.955712, 39.871811], [-74.955712, 40.13792], [-75.280284, 40.13792]]]}, "attributes": {}}, "contributors": null, "is_quote_status": false, "retweet_count": 0, "favorite_count": 1, "favorited": false, "retweeted": false, "lang": "en"}