{"created_at": "Sat Jul 18 04:58:55 +0000 2015", "id": 622269295419125760, "id_str": "622269295419125760", "text": "Caitlyn Jenner or whatever it is . That's nasty \ud83d\ude02 it's nasty", "truncated": false, "entities": {"hashtags": [], "symbols": [], "user_mentions": [], "urls": []}, "source": "<a href=\"http://twitter.com/download/iphone\" rel=\"nofollow\">Twitter for iPhone</a>", "in_reply_to_status_id": null, "in_reply_to_status_id_str": null, "in_reply_to_user_id": null, "in_reply_to_user_id_str": null, "in_reply_to_screen_name": null, "user": {"id": 3212913515, "id_str": "3212913515", "name": "Destiny Mossman", "screen_name": "lilmoss99", "location": "", "description": "", "url": null, "entities": {"description": {"urls": []}}, "protected": false, "followers_count": 152, "friends_count": 201, "listed_count": 0, "created_at": "Mon Apr 27 12:49:24 +0000 2015", "favourites_count": 7718, "utc_offset": null, "time_zone": null, "geo_enabled": true, "verified": false, "statuses_count": 5265, "lang": null, "contributors_enabled": false, "is_translator": false, "is_translation_enabled": false, "profile_background_color": "C0DEED", "profile_background_image_url": "http://abs.twimg.com/images/themes/theme1/bg.png", "profile_background_image_url_https": "https://abs.twimg.com/images/themes/theme1/bg.png", "profile_background_tile": false, "profile_image_url": "http://pbs.twimg.com/profile_images/988106691676864513/gMmc1Rux_normal.jpg", "profile_image_url_https": "https://pbs.twimg.com/profile_images/988106691676864513/gMmc1Rux_normal.jpg", "profile_banner_url": "https://pbs.twimg.com/profile_banners/3212913515/1435610721", "profile_link_color": "1DA1F2", "profile_sidebar_border_color": "C0DEED", "profile_sidebar_fill_color": "DDEEF6", "profile_text_color": "333333", "profile_use_background_image": true, "has_extended_profile": true, "default_profile": true, "default_profile_image": false, "following": false, "follow_request_sent": false, "notifications": false, "translator_type": "none", "withheld_in_countries": []}, "geo": null, "coordinates": null, "place": null, "contributors": null, "is_quote_status": false, "retweet_count": 0, "favorite_count": 1, "favorited": false, "retweeted": false, "lang": "en"}