{"created_at": "Sat Jul 18 03:51:48 +0000 2015", "id": 622252404407431168, "id_str": "622252404407431168", "text": "Caitlyn Jenner is nasty. Kill yourself", "truncated": false, "entities": {"hashtags": [], "symbols": [], "user_mentions": [], "urls": []}, "source": "<a href=\"http://twitter.com/download/android\" rel=\"nofollow\">Twitter for Android</a>", "in_reply_to_status_id": null, "in_reply_to_status_id_str": null, "in_reply_to_user_id": null, "in_reply_to_user_id_str": null, "in_reply_to_screen_name": null, "user": {"id": 1284619375, "id_str": "1284619375", "name": "Keef", "screen_name": "keiferbaseball", "location": "", "description": "", "url": null, "entities": {"description": {"urls": []}}, "protected": false, "followers_count": 793, "friends_count": 430, "listed_count": 3, "created_at": "Thu Mar 21 00:03:32 +0000 2013", "favourites_count": 11946, "utc_offset": null, "time_zone": null, "geo_enabled": true, "verified": false, "statuses_count": 14322, "lang": null, "contributors_enabled": false, "is_translator": false, "is_translation_enabled": false, "profile_background_color": "C0DEED", "profile_background_image_url": "http://abs.twimg.com/images/themes/theme1/bg.png", "profile_background_image_url_https": "https://abs.twimg.com/images/themes/theme1/bg.png", "profile_background_tile": false, "profile_image_url": "http://pbs.twimg.com/profile_images/1333521364213489664/SSZm80yg_normal.jpg", "profile_image_url_https": "https://pbs.twimg.com/profile_images/1333521364213489664/SSZm80yg_normal.jpg", "profile_banner_url": "https://pbs.twimg.com/profile_banners/1284619375/1620011478", "profile_link_color": "1DA1F2", "profile_sidebar_border_color": "C0DEED", "profile_sidebar_fill_color": "DDEEF6", "profile_text_color": "333333", "profile_use_background_image": true, "has_extended_profile": true, "default_profile": true, "default_profile_image": false, "following": false, "follow_request_sent": false, "notifications": false, "translator_type": "none", "withheld_in_countries": []}, "geo": null, "coordinates": null, "place": null, "contributors": null, "is_quote_status": false, "retweet_count": 2, "favorite_count": 6, "favorited": false, "retweeted": false, "lang": "en"}