{"created_at": "Sat Jul 18 10:09:40 +0000 2015", "id": 622347495184670720, "id_str": "622347495184670720", "text": "The witch is out being nasty about @Caitlyn_Jenner again. I think shes just jealous that NO operation could turn her into a lady.", "truncated": false, "entities": {"hashtags": [], "symbols": [], "user_mentions": [{"screen_name": "Caitlyn_Jenner", "name": "Caitlyn Jenner", "id": 3303293865, "id_str": "3303293865", "indices": [35, 50]}], "urls": []}, "source": "<a href=\"http://twitter.com/download/iphone\" rel=\"nofollow\">Twitter for iPhone</a>", "in_reply_to_status_id": null, "in_reply_to_status_id_str": null, "in_reply_to_user_id": null, "in_reply_to_user_id_str": null, "in_reply_to_screen_name": null, "user": {"id": 3242289947, "id_str": "3242289947", "name": "S K \ud83c\uddea\ud83c\uddfa \ud83d\udda4\ud83d\udd2e\ud83c\udf1b\ud83c\udf15\ud83c\udf1c\ud83d\udc99", "screen_name": "krkmz_s", "location": "England, UK, EUROPE!!!!!", "description": "My World\ud83c\udf0d, My Life = \ud83d\udc96\ud83d\udc67\ud83c\udffd\u064a\u0627\u0633\u0645\u064a\u0646/Yasmin\ud83d\udc67\ud83c\udffd\ud83d\udc96&\ud83d\udc98Cihan A\u015fk\u0131m\ud83d\udc98. \ud83c\uddf9\ud83c\uddf7\ud83c\uddec\ud83c\udde7\ud83c\uddea\ud83c\uddfa #GreenWitch \ud83d\udc9a#Wicca \ud83d\udda4#LFC \u2764\ufe0f #Nature\ud83d\udc9a#Tattoos\ud83d\udda4", "url": null, "entities": {"description": {"urls": []}}, "protected": false, "followers_count": 637, "friends_count": 3311, "listed_count": 17, "created_at": "Fri May 08 19:19:44 +0000 2015", "favourites_count": 72426, "utc_offset": null, "time_zone": null, "geo_enabled": false, "verified": false, "statuses_count": 16227, "lang": null, "contributors_enabled": false, "is_translator": false, "is_translation_enabled": false, "profile_background_color": "C0DEED", "profile_background_image_url": "http://abs.twimg.com/images/themes/theme1/bg.png", "profile_background_image_url_https": "https://abs.twimg.com/images/themes/theme1/bg.png", "profile_background_tile": false, "profile_image_url": "http://pbs.twimg.com/profile_images/1225154470083997705/u7tsmsV__normal.jpg", "profile_image_url_https": "https://pbs.twimg.com/profile_images/1225154470083997705/u7tsmsV__normal.jpg", "profile_banner_url": "https://pbs.twimg.com/profile_banners/3242289947/1567844131", "profile_link_color": "1DA1F2", "profile_sidebar_border_color": "C0DEED", "profile_sidebar_fill_color": "DDEEF6", "profile_text_color": "333333", "profile_use_background_image": true, "has_extended_profile": true, "default_profile": true, "default_profile_image": false, "following": false, "follow_request_sent": false, "notifications": false, "translator_type": "none", "withheld_in_countries": []}, "geo": null, "coordinates": null, "place": null, "contributors": null, "is_quote_status": false, "retweet_count": 0, "favorite_count": 0, "favorited": false, "retweeted": false, "lang": "en"}