{"created_at": "Sat Jul 18 21:27:09 +0000 2015", "id": 622517989515075584, "id_str": "622517989515075584", "text": "Caitlyn Jenner is fucking nasty, Idc what anyone thinks that shits sick! I hope she/he gets her/his ass beat!!!!", "truncated": false, "entities": {"hashtags": [], "symbols": [], "user_mentions": [], "urls": []}, "source": "<a href=\"http://twitter.com/download/iphone\" rel=\"nofollow\">Twitter for iPhone</a>", "in_reply_to_status_id": null, "in_reply_to_status_id_str": null, "in_reply_to_user_id": null, "in_reply_to_user_id_str": null, "in_reply_to_screen_name": null, "user": {"id": 602087925, "id_str": "602087925", "name": "Kid Jr", "screen_name": "Jack_Ridenour13", "location": "", "description": "", "url": null, "entities": {"description": {"urls": []}}, "protected": false, "followers_count": 686, "friends_count": 218, "listed_count": 5, "created_at": "Thu Jun 07 16:28:09 +0000 2012", "favourites_count": 20856, "utc_offset": null, "time_zone": null, "geo_enabled": true, "verified": false, "statuses_count": 26917, "lang": null, "contributors_enabled": false, "is_translator": false, "is_translation_enabled": false, "profile_background_color": "C0DEED", "profile_background_image_url": "http://abs.twimg.com/images/themes/theme1/bg.png", "profile_background_image_url_https": "https://abs.twimg.com/images/themes/theme1/bg.png", "profile_background_tile": false, "profile_image_url": "http://pbs.twimg.com/profile_images/1150591885154693120/LhKjsDxf_normal.jpg", "profile_image_url_https": "https://pbs.twimg.com/profile_images/1150591885154693120/LhKjsDxf_normal.jpg", "profile_banner_url": "https://pbs.twimg.com/profile_banners/602087925/1563157511", "profile_link_color": "1DA1F2", "profile_sidebar_border_color": "C0DEED", "profile_sidebar_fill_color": "DDEEF6", "profile_text_color": "333333", "profile_use_background_image": true, "has_extended_profile": false, "default_profile": true, "default_profile_image": false, "following": false, "follow_request_sent": false, "notifications": false, "translator_type": "none", "withheld_in_countries": []}, "geo": null, "coordinates": null, "place": null, "contributors": null, "is_quote_status": false, "retweet_count": 0, "favorite_count": 2, "favorited": false, "retweeted": false, "lang": "en"}