{"created_at": "Sat Jul 18 21:16:09 +0000 2015", "id": 622515222033469440, "id_str": "622515222033469440", "text": "For those of you with the nasty comments on caitlyn jenner, this is one soldiers response to all the negativity. \u270c\ufe0f http://t.co/alqWoCYbxO", "truncated": false, "entities": {"hashtags": [], "symbols": [], "user_mentions": [], "urls": [], "media": [{"id": 622515197777850370, "id_str": "622515197777850370", "indices": [116, 138], "media_url": "http://pbs.twimg.com/media/CKOeRi7UsAId_gX.jpg", "media_url_https": "https://pbs.twimg.com/media/CKOeRi7UsAId_gX.jpg", "url": "http://t.co/alqWoCYbxO", "display_url": "pic.twitter.com/alqWoCYbxO", "expanded_url": "https://twitter.com/livvitup/status/622515222033469440/photo/1", "type": "photo", "sizes": {"thumb": {"w": 150, "h": 150, "resize": "crop"}, "large": {"w": 576, "h": 1024, "resize": "fit"}, "small": {"w": 383, "h": 680, "resize": "fit"}, "medium": {"w": 576, "h": 1024, "resize": "fit"}}}]}, "extended_entities": {"media": [{"id": 622515197777850370, "id_str": "622515197777850370", "indices": [116, 138], "media_url": "http://pbs.twimg.com/media/CKOeRi7UsAId_gX.jpg", "media_url_https": "https://pbs.twimg.com/media/CKOeRi7UsAId_gX.jpg", "url": "http://t.co/alqWoCYbxO", "display_url": "pic.twitter.com/alqWoCYbxO", "expanded_url": "https://twitter.com/livvitup/status/622515222033469440/photo/1", "type": "photo", "sizes": {"thumb": {"w": 150, "h": 150, "resize": "crop"}, "large": {"w": 576, "h": 1024, "resize": "fit"}, "small": {"w": 383, "h": 680, "resize": "fit"}, "medium": {"w": 576, "h": 1024, "resize": "fit"}}}]}, "source": "<a href=\"http://twitter.com/download/iphone\" rel=\"nofollow\">Twitter for iPhone</a>", "in_reply_to_status_id": null, "in_reply_to_status_id_str": null, "in_reply_to_user_id": null, "in_reply_to_user_id_str": null, "in_reply_to_screen_name": null, "user": {"id": 253283201, "id_str": "253283201", "name": "Olivia Carroll", "screen_name": "livvitup", "location": "", "description": "Radiologic technology \u2622\ufe0f CLE \u2708\ufe0f ATL", "url": null, "entities": {"description": {"urls": []}}, "protected": false, "followers_count": 541, "friends_count": 392, "listed_count": 0, "created_at": "Wed Feb 16 22:55:10 +0000 2011", "favourites_count": 5278, "utc_offset": null, "time_zone": null, "geo_enabled": true, "verified": false, "statuses_count": 14832, "lang": null, "contributors_enabled": false, "is_translator": false, "is_translation_enabled": false, "profile_background_color": "8B542B", "profile_background_image_url": "http://abs.twimg.com/images/themes/theme8/bg.gif", "profile_background_image_url_https": "https://abs.twimg.com/images/themes/theme8/bg.gif", "profile_background_tile": false, "profile_image_url": "http://pbs.twimg.com/profile_images/1345338531615559681/A__X0zN0_normal.jpg", "profile_image_url_https": "https://pbs.twimg.com/profile_images/1345338531615559681/A__X0zN0_normal.jpg", "profile_banner_url": "https://pbs.twimg.com/profile_banners/253283201/1620790621", "profile_link_color": "9D582E", "profile_sidebar_border_color": "D9B17E", "profile_sidebar_fill_color": "EADEAA", "profile_text_color": "333333", "profile_use_background_image": true, "has_extended_profile": true, "default_profile": false, "default_profile_image": false, "following": false, "follow_request_sent": false, "notifications": false, "translator_type": "none", "withheld_in_countries": []}, "geo": null, "coordinates": null, "place": null, "contributors": null, "is_quote_status": false, "retweet_count": 0, "favorite_count": 5, "favorited": false, "retweeted": false, "possibly_sensitive": false, "lang": "en"}