{"created_at": "Mon Jul 20 11:22:12 +0000 2015", "id": 623090525692801024, "id_str": "623090525692801024", "text": "The majority of Maldivian men love any excuse to cross-dress, but they sure do have a mouthful of nasty to hurl at Caitlyn Jenner. Typical.", "truncated": false, "entities": {"hashtags": [], "symbols": [], "user_mentions": [], "urls": []}, "source": "<a href=\"http://twitter.com/download/android\" rel=\"nofollow\">Twitter for Android</a>", "in_reply_to_status_id": null, "in_reply_to_status_id_str": null, "in_reply_to_user_id": null, "in_reply_to_user_id_str": null, "in_reply_to_screen_name": null, "user": {"id": 58138084, "id_str": "58138084", "name": "Naaisha", "screen_name": "naaisha", "location": "Maldives", "description": "Avoiding reality since birth.", "url": null, "entities": {"description": {"urls": []}}, "protected": false, "followers_count": 2838, "friends_count": 128, "listed_count": 6, "created_at": "Sun Jul 19 06:06:46 +0000 2009", "favourites_count": 1890, "utc_offset": null, "time_zone": null, "geo_enabled": true, "verified": false, "statuses_count": 38192, "lang": null, "contributors_enabled": false, "is_translator": false, "is_translation_enabled": false, "profile_background_color": "0C030F", "profile_background_image_url": "http://abs.twimg.com/images/themes/theme1/bg.png", "profile_background_image_url_https": "https://abs.twimg.com/images/themes/theme1/bg.png", "profile_background_tile": false, "profile_image_url": "http://pbs.twimg.com/profile_images/856514943511703554/tmB-LDgC_normal.jpg", "profile_image_url_https": "https://pbs.twimg.com/profile_images/856514943511703554/tmB-LDgC_normal.jpg", "profile_banner_url": "https://pbs.twimg.com/profile_banners/58138084/1415436151", "profile_link_color": "3B94D9", "profile_sidebar_border_color": "000000", "profile_sidebar_fill_color": "1A092B", "profile_text_color": "731E82", "profile_use_background_image": true, "has_extended_profile": false, "default_profile": false, "default_profile_image": false, "following": false, "follow_request_sent": false, "notifications": false, "translator_type": "none", "withheld_in_countries": []}, "geo": null, "coordinates": null, "place": null, "contributors": null, "is_quote_status": false, "retweet_count": 0, "favorite_count": 0, "favorited": false, "retweeted": false, "lang": "en"}