{"created_at": "Mon Jul 20 16:25:34 +0000 2015", "id": 623166871743897600, "id_str": "623166871743897600", "text": "@people @Caitlyn_Jenner I think gonna unfollow you guys I'm sick of this big nasty being in my sight every other pic", "truncated": false, "entities": {"hashtags": [], "symbols": [], "user_mentions": [{"screen_name": "people", "name": "People", "id": 25589776, "id_str": "25589776", "indices": [0, 7]}, {"screen_name": "Caitlyn_Jenner", "name": "Caitlyn Jenner", "id": 3303293865, "id_str": "3303293865", "indices": [8, 23]}], "urls": []}, "source": "<a href=\"http://twitter.com/download/android\" rel=\"nofollow\">Twitter for Android</a>", "in_reply_to_status_id": 623157945350684672, "in_reply_to_status_id_str": "623157945350684672", "in_reply_to_user_id": 25589776, "in_reply_to_user_id_str": "25589776", "in_reply_to_screen_name": "people", "user": {"id": 348843476, "id_str": "348843476", "name": "Wendy Rocchietti", "screen_name": "WRocchietti", "location": "Gatlinburg TN", "description": "I live and love music~If traveling were free you'd never see me again~I\u2764MySteelers~I \u2764God~I\u2764my family & the beach~GoVols\ud83c\udf4a#HereWeGoSteelers", "url": null, "entities": {"description": {"urls": []}}, "protected": false, "followers_count": 1797, "friends_count": 2311, "listed_count": 175, "created_at": "Fri Aug 05 02:54:56 +0000 2011", "favourites_count": 138831, "utc_offset": null, "time_zone": null, "geo_enabled": true, "verified": false, "statuses_count": 65409, "lang": null, "contributors_enabled": false, "is_translator": false, "is_translation_enabled": false, "profile_background_color": "C0DEED", "profile_background_image_url": "http://abs.twimg.com/images/themes/theme1/bg.png", "profile_background_image_url_https": "https://abs.twimg.com/images/themes/theme1/bg.png", "profile_background_tile": false, "profile_image_url": "http://pbs.twimg.com/profile_images/884948268572180480/6PVsJAGw_normal.jpg", "profile_image_url_https": "https://pbs.twimg.com/profile_images/884948268572180480/6PVsJAGw_normal.jpg", "profile_banner_url": "https://pbs.twimg.com/profile_banners/348843476/1499823087", "profile_link_color": "1DA1F2", "profile_sidebar_border_color": "C0DEED", "profile_sidebar_fill_color": "DDEEF6", "profile_text_color": "333333", "profile_use_background_image": true, "has_extended_profile": true, "default_profile": true, "default_profile_image": false, "following": false, "follow_request_sent": false, "notifications": false, "translator_type": "none", "withheld_in_countries": []}, "geo": null, "coordinates": null, "place": null, "contributors": null, "is_quote_status": false, "retweet_count": 0, "favorite_count": 0, "favorited": false, "retweeted": false, "lang": "en"}