{"created_at": "Mon Jul 20 18:15:54 +0000 2015", "id": 623194634940887044, "id_str": "623194634940887044", "text": "@RealDLHughley -  Why so nasty? @Caitlyn_Jenner isn't even in your lane? #norespect #bekind #feelingthreatened ? \u270b\ud83c\udffd", "truncated": false, "entities": {"hashtags": [{"text": "norespect", "indices": [73, 83]}, {"text": "bekind", "indices": [84, 91]}, {"text": "feelingthreatened", "indices": [92, 110]}], "symbols": [], "user_mentions": [{"screen_name": "RealDLHughley", "name": "DL Hughley", "id": 58529612, "id_str": "58529612", "indices": [0, 14]}, {"screen_name": "Caitlyn_Jenner", "name": "Caitlyn Jenner", "id": 3303293865, "id_str": "3303293865", "indices": [32, 47]}], "urls": []}, "source": "<a href=\"http://twitter.com/download/iphone\" rel=\"nofollow\">Twitter for iPhone</a>", "in_reply_to_status_id": null, "in_reply_to_status_id_str": null, "in_reply_to_user_id": 58529612, "in_reply_to_user_id_str": "58529612", "in_reply_to_screen_name": "RealDLHughley", "user": {"id": 51364161, "id_str": "51364161", "name": "Michele Burgess", "screen_name": "smichele39", "location": " D, Windy City, & Big Apple", "description": "If #45 is your thing then feel free to back the hell up, and stay away from my profile", "url": null, "entities": {"description": {"urls": []}}, "protected": false, "followers_count": 50, "friends_count": 169, "listed_count": 3, "created_at": "Sat Jun 27 06:08:42 +0000 2009", "favourites_count": 1794, "utc_offset": null, "time_zone": null, "geo_enabled": true, "verified": false, "statuses_count": 1931, "lang": null, "contributors_enabled": false, "is_translator": false, "is_translation_enabled": false, "profile_background_color": "ACDED6", "profile_background_image_url": "http://abs.twimg.com/images/themes/theme18/bg.gif", "profile_background_image_url_https": "https://abs.twimg.com/images/themes/theme18/bg.gif", "profile_background_tile": true, "profile_image_url": "http://pbs.twimg.com/profile_images/1374197781573828608/MAvfETFV_normal.jpg", "profile_image_url_https": "https://pbs.twimg.com/profile_images/1374197781573828608/MAvfETFV_normal.jpg", "profile_banner_url": "https://pbs.twimg.com/profile_banners/51364161/1563629880", "profile_link_color": "038543", "profile_sidebar_border_color": "000000", "profile_sidebar_fill_color": "F6F6F6", "profile_text_color": "333333", "profile_use_background_image": true, "has_extended_profile": true, "default_profile": false, "default_profile_image": false, "following": false, "follow_request_sent": false, "notifications": false, "translator_type": "none", "withheld_in_countries": []}, "geo": null, "coordinates": null, "place": null, "contributors": null, "is_quote_status": false, "retweet_count": 0, "favorite_count": 0, "favorited": false, "retweeted": false, "lang": "en"}