{"created_at": "Tue Jul 21 08:31:52 +0000 2015", "id": 623410048572653568, "id_str": "623410048572653568", "text": "@TMZ That's nasty to talk about @Caitlyn_Jenner's laverned COX. #NOTPC #DTFO", "truncated": false, "entities": {"hashtags": [{"text": "NOTPC", "indices": [64, 70]}, {"text": "DTFO", "indices": [71, 76]}], "symbols": [], "user_mentions": [{"screen_name": "TMZ", "name": "TMZ", "id": 16331010, "id_str": "16331010", "indices": [0, 4]}, {"screen_name": "Caitlyn_Jenner", "name": "Caitlyn Jenner", "id": 3303293865, "id_str": "3303293865", "indices": [32, 47]}], "urls": []}, "source": "<a href=\"http://twitter.com\" rel=\"nofollow\">Twitter Web Client</a>", "in_reply_to_status_id": 623409645399470080, "in_reply_to_status_id_str": "623409645399470080", "in_reply_to_user_id": 16331010, "in_reply_to_user_id_str": "16331010", "in_reply_to_screen_name": "TMZ", "user": {"id": 1470851995, "id_str": "1470851995", "name": "Moxie", "screen_name": "HumorInstitute", "location": "Los Angeles", "description": "Unrepentant domestic humorist. Here to express my thoughts not debate. Obsessed w/Corn Pop! https://t.co/sFAC1t3RAE", "url": "https://t.co/oNVrjvybJB", "entities": {"url": {"urls": [{"url": "https://t.co/oNVrjvybJB", "expanded_url": "http://www.spreaker.com/show/the-humor-institute", "display_url": "spreaker.com/show/the-humor\u2026", "indices": [0, 23]}]}, "description": {"urls": [{"url": "https://t.co/sFAC1t3RAE", "expanded_url": "https://gab.com/Moxies", "display_url": "gab.com/Moxies", "indices": [92, 115]}]}}, "protected": false, "followers_count": 802, "friends_count": 954, "listed_count": 32, "created_at": "Thu May 30 22:56:32 +0000 2013", "favourites_count": 7601, "utc_offset": null, "time_zone": null, "geo_enabled": false, "verified": false, "statuses_count": 8703, "lang": null, "contributors_enabled": false, "is_translator": false, "is_translation_enabled": false, "profile_background_color": "FCEBB6", "profile_background_image_url": "http://abs.twimg.com/images/themes/theme7/bg.gif", "profile_background_image_url_https": "https://abs.twimg.com/images/themes/theme7/bg.gif", "profile_background_tile": true, "profile_image_url": "http://pbs.twimg.com/profile_images/826376004910264322/NMI6RZWR_normal.jpg", "profile_image_url_https": "https://pbs.twimg.com/profile_images/826376004910264322/NMI6RZWR_normal.jpg", "profile_banner_url": "https://pbs.twimg.com/profile_banners/1470851995/1550631155", "profile_link_color": "CE7834", "profile_sidebar_border_color": "F0A830", "profile_sidebar_fill_color": "78C0A8", "profile_text_color": "5E412F", "profile_use_background_image": true, "has_extended_profile": false, "default_profile": false, "default_profile_image": false, "following": false, "follow_request_sent": false, "notifications": false, "translator_type": "none", "withheld_in_countries": []}, "geo": null, "coordinates": null, "place": null, "contributors": null, "is_quote_status": false, "retweet_count": 0, "favorite_count": 0, "favorited": false, "retweeted": false, "lang": "en"}