{"created_at": "Wed Jul 22 16:22:23 +0000 2015", "id": 623890843288649728, "id_str": "623890843288649728", "text": "I wonder if people would make the same nasty comments to 14 year old Jazz Jennings as they did to Caitlyn Jenner.", "truncated": false, "entities": {"hashtags": [], "symbols": [], "user_mentions": [], "urls": []}, "source": "<a href=\"http://twitter.com/download/iphone\" rel=\"nofollow\">Twitter for iPhone</a>", "in_reply_to_status_id": null, "in_reply_to_status_id_str": null, "in_reply_to_user_id": null, "in_reply_to_user_id_str": null, "in_reply_to_screen_name": null, "user": {"id": 1622145008, "id_str": "1622145008", "name": "kt likes baseball", "screen_name": "arenados_simp", "location": "", "description": "i just take all my silly little meds & tweet all of my silly little thoughts & watch my silly little baseball team burn || #stlcards || she/her", "url": null, "entities": {"description": {"urls": []}}, "protected": false, "followers_count": 1836, "friends_count": 1016, "listed_count": 16, "created_at": "Fri Jul 26 05:45:11 +0000 2013", "favourites_count": 83338, "utc_offset": null, "time_zone": null, "geo_enabled": true, "verified": false, "statuses_count": 79982, "lang": null, "contributors_enabled": false, "is_translator": false, "is_translation_enabled": false, "profile_background_color": "04D6B3", "profile_background_image_url": "http://abs.twimg.com/images/themes/theme8/bg.gif", "profile_background_image_url_https": "https://abs.twimg.com/images/themes/theme8/bg.gif", "profile_background_tile": true, "profile_image_url": "http://pbs.twimg.com/profile_images/1394041138177249286/r_bqmE1L_normal.jpg", "profile_image_url_https": "https://pbs.twimg.com/profile_images/1394041138177249286/r_bqmE1L_normal.jpg", "profile_banner_url": "https://pbs.twimg.com/profile_banners/1622145008/1619375004", "profile_link_color": "9D582E", "profile_sidebar_border_color": "FFFFFF", "profile_sidebar_fill_color": "EADEAA", "profile_text_color": "333333", "profile_use_background_image": true, "has_extended_profile": true, "default_profile": false, "default_profile_image": false, "following": false, "follow_request_sent": false, "notifications": false, "translator_type": "none", "withheld_in_countries": []}, "geo": null, "coordinates": null, "place": null, "contributors": null, "is_quote_status": false, "retweet_count": 0, "favorite_count": 1, "favorited": false, "retweeted": false, "lang": "en"}