{"created_at": "Thu Jul 23 18:50:22 +0000 2015", "id": 624290473016971264, "id_str": "624290473016971264", "text": "\"This is a true statement, I can see the bitch in you Caitlyn, I keep the pistol tucked like Bruce Jenner dick\" \ud83d\ude02 Slim Shady too nasty", "truncated": false, "entities": {"hashtags": [], "symbols": [], "user_mentions": [], "urls": []}, "source": "<a href=\"http://twitter.com/download/iphone\" rel=\"nofollow\">Twitter for iPhone</a>", "in_reply_to_status_id": null, "in_reply_to_status_id_str": null, "in_reply_to_user_id": null, "in_reply_to_user_id_str": null, "in_reply_to_screen_name": null, "user": {"id": 426347714, "id_str": "426347714", "name": "JoshuaMendzef", "screen_name": "jmendzef", "location": "", "description": "michigan state, Sports Junkie, Hope For The Best", "url": null, "entities": {"description": {"urls": []}}, "protected": false, "followers_count": 152, "friends_count": 725, "listed_count": 5, "created_at": "Fri Dec 02 04:01:55 +0000 2011", "favourites_count": 8372, "utc_offset": null, "time_zone": null, "geo_enabled": true, "verified": false, "statuses_count": 13237, "lang": null, "contributors_enabled": false, "is_translator": false, "is_translation_enabled": false, "profile_background_color": "C0DEED", "profile_background_image_url": "http://abs.twimg.com/images/themes/theme1/bg.png", "profile_background_image_url_https": "https://abs.twimg.com/images/themes/theme1/bg.png", "profile_background_tile": false, "profile_image_url": "http://pbs.twimg.com/profile_images/967246266081202176/h9RWCoc4_normal.jpg", "profile_image_url_https": "https://pbs.twimg.com/profile_images/967246266081202176/h9RWCoc4_normal.jpg", "profile_banner_url": "https://pbs.twimg.com/profile_banners/426347714/1519444607", "profile_link_color": "1DA1F2", "profile_sidebar_border_color": "C0DEED", "profile_sidebar_fill_color": "DDEEF6", "profile_text_color": "333333", "profile_use_background_image": true, "has_extended_profile": false, "default_profile": true, "default_profile_image": false, "following": false, "follow_request_sent": false, "notifications": false, "translator_type": "none", "withheld_in_countries": []}, "geo": null, "coordinates": null, "place": {"id": "4ec01c9dbc693497", "url": "https://api.twitter.com/1.1/geo/id/4ec01c9dbc693497.json", "place_type": "admin", "name": "Florida", "full_name": "Florida, USA", "country_code": "US", "country": "United States", "contained_within": [], "bounding_box": {"type": "Polygon", "coordinates": [[[-87.634643, 24.396308], [-79.974307, 24.396308], [-79.974307, 31.001056], [-87.634643, 31.001056]]]}, "attributes": {}}, "contributors": null, "is_quote_status": false, "retweet_count": 0, "favorite_count": 0, "favorited": false, "retweeted": false, "lang": "en"}