{"created_at": "Thu Jul 23 13:00:21 +0000 2015", "id": 624202387809382401, "id_str": "624202387809382401", "text": "Are things turning nasty between Kim Kardashian and Caitlyn Jenner? http://t.co/OrpTdACbvg", "truncated": false, "entities": {"hashtags": [], "symbols": [], "user_mentions": [], "urls": [{"url": "http://t.co/OrpTdACbvg", "expanded_url": "http://bit.ly/1VyRt3J", "display_url": "bit.ly/1VyRt3J", "indices": [68, 90]}]}, "source": "<a href=\"https://about.twitter.com/products/tweetdeck\" rel=\"nofollow\">TweetDeck</a>", "in_reply_to_status_id": null, "in_reply_to_status_id_str": null, "in_reply_to_user_id": null, "in_reply_to_user_id_str": null, "in_reply_to_screen_name": null, "user": {"id": 20449691, "id_str": "20449691", "name": "OK! Magazine", "screen_name": "OK_Magazine", "location": "London", "description": "First for celebrity news. 'Like' our Facebook page at https://t.co/Iv7kY0e1aR, follow us on Instagram at ok_mag and on Snapchat at okmaguk.", "url": "https://t.co/s6ejPX3xBH", "entities": {"url": {"urls": [{"url": "https://t.co/s6ejPX3xBH", "expanded_url": "http://www.OK.co.uk", "display_url": "OK.co.uk", "indices": [0, 23]}]}, "description": {"urls": [{"url": "https://t.co/Iv7kY0e1aR", "expanded_url": "http://www.facebook.com/okmagazineuk", "display_url": "facebook.com/okmagazineuk", "indices": [54, 77]}]}}, "protected": false, "followers_count": 525885, "friends_count": 63612, "listed_count": 2582, "created_at": "Mon Feb 09 17:20:53 +0000 2009", "favourites_count": 1283, "utc_offset": null, "time_zone": null, "geo_enabled": true, "verified": true, "statuses_count": 527701, "lang": null, "contributors_enabled": false, "is_translator": false, "is_translation_enabled": false, "profile_background_color": "03010A", "profile_background_image_url": "http://abs.twimg.com/images/themes/theme1/bg.png", "profile_background_image_url_https": "https://abs.twimg.com/images/themes/theme1/bg.png", "profile_background_tile": false, "profile_image_url": "http://pbs.twimg.com/profile_images/1028914886879969282/5y9keC13_normal.jpg", "profile_image_url_https": "https://pbs.twimg.com/profile_images/1028914886879969282/5y9keC13_normal.jpg", "profile_banner_url": "https://pbs.twimg.com/profile_banners/20449691/1478005151", "profile_link_color": "0099CC", "profile_sidebar_border_color": "FFFFFF", "profile_sidebar_fill_color": "FFFFFF", "profile_text_color": "110BFE", "profile_use_background_image": true, "has_extended_profile": false, "default_profile": false, "default_profile_image": false, "following": false, "follow_request_sent": false, "notifications": false, "translator_type": "none", "withheld_in_countries": []}, "geo": null, "coordinates": null, "place": null, "contributors": null, "is_quote_status": false, "retweet_count": 1, "favorite_count": 2, "favorited": false, "retweeted": false, "possibly_sensitive": false, "lang": "en"}