{"created_at": "Thu Jul 23 20:50:28 +0000 2015", "id": 624320696831717376, "id_str": "624320696831717376", "text": "@PopCultureShade Caitlyn Jenner is so fucking nasty bro", "truncated": false, "entities": {"hashtags": [], "symbols": [], "user_mentions": [{"screen_name": "Popcultureshade", "name": "PopCulture Facts", "id": 3493632629, "id_str": "3493632629", "indices": [0, 16]}], "urls": []}, "source": "<a href=\"http://twitter.com\" rel=\"nofollow\">Twitter Web Client</a>", "in_reply_to_status_id": null, "in_reply_to_status_id_str": null, "in_reply_to_user_id": null, "in_reply_to_user_id_str": null, "in_reply_to_screen_name": null, "user": {"id": 1355169685, "id_str": "1355169685", "name": "M.C. Loco", "screen_name": "MattisLoco", "location": "Bel Air, MD", "description": "Aspiring rapper. single. Jennette McCurdy followed me 9/1/13  C.Milton Wright  High School graduate #ClassOf2013. Die hard Eminem fan.", "url": null, "entities": {"description": {"urls": []}}, "protected": false, "followers_count": 360, "friends_count": 1605, "listed_count": 5, "created_at": "Mon Apr 15 19:35:12 +0000 2013", "favourites_count": 9232, "utc_offset": null, "time_zone": null, "geo_enabled": true, "verified": false, "statuses_count": 13650, "lang": null, "contributors_enabled": false, "is_translator": false, "is_translation_enabled": false, "profile_background_color": "C0DEED", "profile_background_image_url": "http://abs.twimg.com/images/themes/theme1/bg.png", "profile_background_image_url_https": "https://abs.twimg.com/images/themes/theme1/bg.png", "profile_background_tile": true, "profile_image_url": "http://pbs.twimg.com/profile_images/742419959997968385/0dwbf9CH_normal.jpg", "profile_image_url_https": "https://pbs.twimg.com/profile_images/742419959997968385/0dwbf9CH_normal.jpg", "profile_banner_url": "https://pbs.twimg.com/profile_banners/1355169685/1449115712", "profile_link_color": "0084B4", "profile_sidebar_border_color": "000000", "profile_sidebar_fill_color": "DDEEF6", "profile_text_color": "333333", "profile_use_background_image": true, "has_extended_profile": true, "default_profile": false, "default_profile_image": false, "following": false, "follow_request_sent": false, "notifications": false, "translator_type": "none", "withheld_in_countries": []}, "geo": null, "coordinates": null, "place": null, "contributors": null, "is_quote_status": false, "retweet_count": 0, "favorite_count": 6, "favorited": false, "retweeted": false, "lang": "en"}