{"created_at": "Fri Jul 24 04:53:25 +0000 2015", "id": 624442237754155008, "id_str": "624442237754155008", "text": "The Caitlyn Jenner line is indeed nasty but he realised it was as soon as he said it and added \"no disrespect\". That's how freestyles work", "truncated": false, "entities": {"hashtags": [], "symbols": [], "user_mentions": [], "urls": []}, "source": "<a href=\"http://twitter.com\" rel=\"nofollow\">Twitter Web Client</a>", "in_reply_to_status_id": null, "in_reply_to_status_id_str": null, "in_reply_to_user_id": null, "in_reply_to_user_id_str": null, "in_reply_to_screen_name": null, "user": {"id": 86300966, "id_str": "86300966", "name": "M", "screen_name": "Shadylnside", "location": "", "description": "eminem apologist | fan account https://t.co/VdzkfQANxr", "url": null, "entities": {"description": {"urls": [{"url": "https://t.co/VdzkfQANxr", "expanded_url": "https://youtu.be/p6OoY6xneI0", "display_url": "youtu.be/p6OoY6xneI0", "indices": [31, 54]}]}}, "protected": false, "followers_count": 542, "friends_count": 99, "listed_count": 22, "created_at": "Fri Oct 30 12:29:00 +0000 2009", "favourites_count": 22335, "utc_offset": null, "time_zone": null, "geo_enabled": false, "verified": false, "statuses_count": 124495, "lang": null, "contributors_enabled": false, "is_translator": false, "is_translation_enabled": true, "profile_background_color": "709397", "profile_background_image_url": "http://abs.twimg.com/images/themes/theme6/bg.gif", "profile_background_image_url_https": "https://abs.twimg.com/images/themes/theme6/bg.gif", "profile_background_tile": false, "profile_image_url": "http://pbs.twimg.com/profile_images/1352258435107184642/fpGjQeOn_normal.jpg", "profile_image_url_https": "https://pbs.twimg.com/profile_images/1352258435107184642/fpGjQeOn_normal.jpg", "profile_banner_url": "https://pbs.twimg.com/profile_banners/86300966/1613159090", "profile_link_color": "99FFCC", "profile_sidebar_border_color": "000000", "profile_sidebar_fill_color": "000000", "profile_text_color": "000000", "profile_use_background_image": true, "has_extended_profile": true, "default_profile": false, "default_profile_image": false, "following": false, "follow_request_sent": false, "notifications": false, "translator_type": "regular", "withheld_in_countries": []}, "geo": null, "coordinates": null, "place": null, "contributors": null, "is_quote_status": false, "retweet_count": 0, "favorite_count": 0, "favorited": false, "retweeted": false, "lang": "en"}