{"created_at": "Fri Jul 24 10:10:30 +0000 2015", "id": 624522032143839232, "id_str": "624522032143839232", "text": "@TombRaiderArch @MailOnline @Jenahra Pretends it's just about cosplay rather than his nasty-spirited use of Caitlyn Jenner as a punchline", "truncated": false, "entities": {"hashtags": [], "symbols": [], "user_mentions": [{"screen_name": "MailOnline", "name": "Daily Mail Online", "id": 15438913, "id_str": "15438913", "indices": [16, 27]}, {"screen_name": "Jenahra", "name": "Dr Dani", "id": 222767012, "id_str": "222767012", "indices": [28, 36]}], "urls": []}, "source": "<a href=\"https://about.twitter.com/products/tweetdeck\" rel=\"nofollow\">TweetDeck</a>", "in_reply_to_status_id": null, "in_reply_to_status_id_str": null, "in_reply_to_user_id": null, "in_reply_to_user_id_str": null, "in_reply_to_screen_name": null, "user": {"id": 44993830, "id_str": "44993830", "name": "Arkenor", "screen_name": "Arkenor", "location": "Norwich, UK", "description": "Environmentalist. Lover of science. Recovering Game Pundit. Intersex. Kidney patient. Cat-snuggler. Tasty Feaster. Harper. https://t.co/9Hzjk7j0bX", "url": "http://t.co/G5ZOjFttRE", "entities": {"url": {"urls": [{"url": "http://t.co/G5ZOjFttRE", "expanded_url": "http://www.arksark.org/blog/", "display_url": "arksark.org/blog/", "indices": [0, 22]}]}, "description": {"urls": [{"url": "https://t.co/9Hzjk7j0bX", "expanded_url": "https://www.youtube.com/user/Arkenor", "display_url": "youtube.com/user/Arkenor", "indices": [123, 146]}]}}, "protected": false, "followers_count": 932, "friends_count": 848, "listed_count": 63, "created_at": "Fri Jun 05 20:56:45 +0000 2009", "favourites_count": 7191, "utc_offset": null, "time_zone": null, "geo_enabled": false, "verified": false, "statuses_count": 94112, "lang": null, "contributors_enabled": false, "is_translator": false, "is_translation_enabled": false, "profile_background_color": "352726", "profile_background_image_url": "http://abs.twimg.com/images/themes/theme5/bg.gif", "profile_background_image_url_https": "https://abs.twimg.com/images/themes/theme5/bg.gif", "profile_background_tile": true, "profile_image_url": "http://pbs.twimg.com/profile_images/875388187476205568/Nm0owA0r_normal.jpg", "profile_image_url_https": "https://pbs.twimg.com/profile_images/875388187476205568/Nm0owA0r_normal.jpg", "profile_link_color": "D02B55", "profile_sidebar_border_color": "829D5E", "profile_sidebar_fill_color": "99CC33", "profile_text_color": "3E4415", "profile_use_background_image": true, "has_extended_profile": false, "default_profile": false, "default_profile_image": false, "following": false, "follow_request_sent": false, "notifications": false, "translator_type": "none", "withheld_in_countries": []}, "geo": null, "coordinates": null, "place": null, "contributors": null, "is_quote_status": false, "retweet_count": 1, "favorite_count": 1, "favorited": false, "retweeted": false, "lang": "en"}