{"created_at": "Fri Jul 24 19:51:22 +0000 2015", "id": 624668215348699136, "id_str": "624668215348699136", "text": "Caitlyn Jenner To Bare All In Playboy Spread!!\u00a0 #Nasty http://t.co/3wlXzM8mhJ", "truncated": false, "entities": {"hashtags": [{"text": "Nasty", "indices": [48, 54]}], "symbols": [], "user_mentions": [], "urls": [{"url": "http://t.co/3wlXzM8mhJ", "expanded_url": "http://reportquickly.com/caitlyn-jenner-to-bare-all-in-plyboy-spread/", "display_url": "reportquickly.com/caitlyn-jenner\u2026", "indices": [55, 77]}]}, "source": "<a href=\"http://www.apple.com\" rel=\"nofollow\">iOS</a>", "in_reply_to_status_id": null, "in_reply_to_status_id_str": null, "in_reply_to_user_id": null, "in_reply_to_user_id_str": null, "in_reply_to_screen_name": null, "user": {"id": 379498878, "id_str": "379498878", "name": "Brian S. Holyfield", "screen_name": "Holyfield67", "location": "", "description": "#Patriot & Conservative. #GOD BLESS THE #USA\ud83c\uddfa\ud83c\uddf8& #ISRAEL \ud83c\uddee\ud83c\uddf1", "url": "https://t.co/XunzEeMj6h", "entities": {"url": {"urls": [{"url": "https://t.co/XunzEeMj6h", "expanded_url": "https://www.facebook.com/profile.php?id=100027036444038", "display_url": "facebook.com/profile.php?id\u2026", "indices": [0, 23]}]}, "description": {"urls": []}}, "protected": false, "followers_count": 49351, "friends_count": 45270, "listed_count": 269, "created_at": "Sun Sep 25 02:27:16 +0000 2011", "favourites_count": 4910, "utc_offset": null, "time_zone": null, "geo_enabled": true, "verified": false, "statuses_count": 64990, "lang": null, "contributors_enabled": false, "is_translator": false, "is_translation_enabled": false, "profile_background_color": "C0DEED", "profile_background_image_url": "http://abs.twimg.com/images/themes/theme1/bg.png", "profile_background_image_url_https": "https://abs.twimg.com/images/themes/theme1/bg.png", "profile_background_tile": true, "profile_image_url": "http://pbs.twimg.com/profile_images/1348084920116240385/H3gszkh-_normal.jpg", "profile_image_url_https": "https://pbs.twimg.com/profile_images/1348084920116240385/H3gszkh-_normal.jpg", "profile_banner_url": "https://pbs.twimg.com/profile_banners/379498878/1437172151", "profile_link_color": "0084B4", "profile_sidebar_border_color": "C0DEED", "profile_sidebar_fill_color": "DDEEF6", "profile_text_color": "333333", "profile_use_background_image": true, "has_extended_profile": false, "default_profile": false, "default_profile_image": false, "following": false, "follow_request_sent": false, "notifications": false, "translator_type": "none", "withheld_in_countries": []}, "geo": null, "coordinates": null, "place": null, "contributors": null, "is_quote_status": false, "retweet_count": 5, "favorite_count": 2, "favorited": false, "retweeted": false, "possibly_sensitive": false, "lang": "en"}