{"created_at": "Fri Jul 24 23:05:59 +0000 2015", "id": 624717189107486721, "id_str": "624717189107486721", "text": "\u201c@Holyfield67: Caitlyn Jenner To Bare All In Playboy Spread!!\u00a0 #Nasty http://t.co/1bJ5WbMbwD\u201d\n\nOh puke", "truncated": false, "entities": {"hashtags": [{"text": "Nasty", "indices": [63, 69]}], "symbols": [], "user_mentions": [{"screen_name": "Holyfield67", "name": "Brian S. Holyfield", "id": 379498878, "id_str": "379498878", "indices": [1, 13]}], "urls": [{"url": "http://t.co/1bJ5WbMbwD", "expanded_url": "http://reportquickly.com/caitlyn-jenner-to-bare-all-in-plyboy-spread/", "display_url": "reportquickly.com/caitlyn-jenner\u2026", "indices": [70, 92]}]}, "source": "<a href=\"http://twitter.com/#!/download/ipad\" rel=\"nofollow\">Twitter for iPad</a>", "in_reply_to_status_id": 624668215348699136, "in_reply_to_status_id_str": "624668215348699136", "in_reply_to_user_id": 379498878, "in_reply_to_user_id_str": "379498878", "in_reply_to_screen_name": "Holyfield67", "user": {"id": 20592715, "id_str": "20592715", "name": "\ud83d\udc4c\ud83c\udfff\u274cCindyBP\u274c\ud83d\udc4c\ud83c\udfff", "screen_name": "CindyBP", "location": "United States", "description": "#MAGA #NRA #prolife                antifa (IE Democrats) are nazis.           I loath the eternally offended. Retweets are not necessarily an endorsement.", "url": "https://t.co/Us4YcPMp2V", "entities": {"url": {"urls": [{"url": "https://t.co/Us4YcPMp2V", "expanded_url": "https://www.facebook.com/FreeSpeechWhateverYouWantToSay", "display_url": "facebook.com/FreeSpeechWhat\u2026", "indices": [0, 23]}]}, "description": {"urls": []}}, "protected": false, "followers_count": 3006, "friends_count": 3077, "listed_count": 122, "created_at": "Wed Feb 11 14:25:01 +0000 2009", "favourites_count": 11, "utc_offset": null, "time_zone": null, "geo_enabled": true, "verified": false, "statuses_count": 193213, "lang": null, "contributors_enabled": false, "is_translator": false, "is_translation_enabled": false, "profile_background_color": "0099B9", "profile_background_image_url": "http://abs.twimg.com/images/themes/theme4/bg.gif", "profile_background_image_url_https": "https://abs.twimg.com/images/themes/theme4/bg.gif", "profile_background_tile": false, "profile_image_url": "http://pbs.twimg.com/profile_images/1066738509027786752/uNQ4gXAS_normal.jpg", "profile_image_url_https": "https://pbs.twimg.com/profile_images/1066738509027786752/uNQ4gXAS_normal.jpg", "profile_banner_url": "https://pbs.twimg.com/profile_banners/20592715/1543165255", "profile_link_color": "0099B9", "profile_sidebar_border_color": "5ED4DC", "profile_sidebar_fill_color": "95E8EC", "profile_text_color": "3C3940", "profile_use_background_image": true, "has_extended_profile": false, "default_profile": false, "default_profile_image": false, "following": false, "follow_request_sent": false, "notifications": false, "translator_type": "none", "withheld_in_countries": []}, "geo": null, "coordinates": null, "place": null, "contributors": null, "is_quote_status": false, "retweet_count": 0, "favorite_count": 0, "favorited": false, "retweeted": false, "possibly_sensitive": false, "lang": "en"}