{"created_at": "Fri Jul 24 22:05:58 +0000 2015", "id": 624702087629283329, "id_str": "624702087629283329", "text": "that guy caitlyn jenner is a Ridiculous and NASTY Person Ever \ud83d\udc4e\ud83d\udc4e\ud83d\udc4e\ud83d\udc4e\ud83d\udc4e\ud83d\udc4e\ud83d\ude4c\ud83d\ude4c\nu have to stop stupid", "truncated": false, "entities": {"hashtags": [], "symbols": [], "user_mentions": [], "urls": []}, "source": "<a href=\"http://twitter.com/download/android\" rel=\"nofollow\">Twitter for Android</a>", "in_reply_to_status_id": null, "in_reply_to_status_id_str": null, "in_reply_to_user_id": null, "in_reply_to_user_id_str": null, "in_reply_to_screen_name": null, "user": {"id": 305722780, "id_str": "305722780", "name": "icemoney", "screen_name": "ledicaprio2012", "location": "bronx", "description": "The only person I compete with is myself..\nhard work, be the best u can be, push yourself to limite, i have no limit with ma dreams", "url": null, "entities": {"description": {"urls": []}}, "protected": false, "followers_count": 81, "friends_count": 36, "listed_count": 0, "created_at": "Thu May 26 17:58:45 +0000 2011", "favourites_count": 38, "utc_offset": null, "time_zone": null, "geo_enabled": false, "verified": false, "statuses_count": 272, "lang": null, "contributors_enabled": false, "is_translator": false, "is_translation_enabled": false, "profile_background_color": "C0DEED", "profile_background_image_url": "http://abs.twimg.com/images/themes/theme1/bg.png", "profile_background_image_url_https": "https://abs.twimg.com/images/themes/theme1/bg.png", "profile_background_tile": false, "profile_image_url": "http://pbs.twimg.com/profile_images/756936265442988032/UHvPd1rx_normal.jpg", "profile_image_url_https": "https://pbs.twimg.com/profile_images/756936265442988032/UHvPd1rx_normal.jpg", "profile_banner_url": "https://pbs.twimg.com/profile_banners/305722780/1413236479", "profile_link_color": "1DA1F2", "profile_sidebar_border_color": "C0DEED", "profile_sidebar_fill_color": "DDEEF6", "profile_text_color": "333333", "profile_use_background_image": true, "has_extended_profile": false, "default_profile": true, "default_profile_image": false, "following": false, "follow_request_sent": false, "notifications": false, "translator_type": "none", "withheld_in_countries": []}, "geo": null, "coordinates": null, "place": null, "contributors": null, "is_quote_status": false, "retweet_count": 0, "favorite_count": 0, "favorited": false, "retweeted": false, "lang": "en"}