{"created_at": "Sat Jul 25 23:26:24 +0000 2015", "id": 625084715742003200, "id_str": "625084715742003200", "text": "Caitlyn Jenner To Bare All In Pl*yboy Spread!!\u00a0: http://t.co/ap2Lkjb2PT #nasty, #nasty, #ish #nasty, #nasty, #ish#nasty, #nasty, #ish", "truncated": false, "entities": {"hashtags": [{"text": "nasty", "indices": [72, 78]}, {"text": "nasty", "indices": [80, 86]}, {"text": "ish", "indices": [88, 92]}, {"text": "nasty", "indices": [93, 99]}, {"text": "nasty", "indices": [101, 107]}, {"text": "nasty", "indices": [121, 127]}, {"text": "ish", "indices": [129, 133]}], "symbols": [], "user_mentions": [], "urls": [{"url": "http://t.co/ap2Lkjb2PT", "expanded_url": "http://reportquickly.com/caitlyn-jenner-to-bre-all-in-plyboy-spread/", "display_url": "reportquickly.com/caitlyn-jenner\u2026", "indices": [49, 71]}]}, "source": "<a href=\"http://twitter.com\" rel=\"nofollow\">Twitter Web Client</a>", "in_reply_to_status_id": null, "in_reply_to_status_id_str": null, "in_reply_to_user_id": null, "in_reply_to_user_id_str": null, "in_reply_to_screen_name": null, "user": {"id": 158903216, "id_str": "158903216", "name": "Don Allen (MN)", "screen_name": "DonAllen02", "location": "\u00dcT: 44.985255,-93.257437", "description": "Dad-Husband-Veteran, Black-Man, High School English Teacher, Curriculum Designer 5-12, with M.A. Ed./MAT+ (#HamlineU). The Talent. Stop killing Black men.", "url": "https://t.co/4aqMdwb87o", "entities": {"url": {"urls": [{"url": "https://t.co/4aqMdwb87o", "expanded_url": "http://ourblacknews.com", "display_url": "ourblacknews.com", "indices": [0, 23]}]}, "description": {"urls": []}}, "protected": false, "followers_count": 865, "friends_count": 1921, "listed_count": 23, "created_at": "Wed Jun 23 23:44:19 +0000 2010", "favourites_count": 4754, "utc_offset": null, "time_zone": null, "geo_enabled": true, "verified": false, "statuses_count": 7123, "lang": null, "contributors_enabled": false, "is_translator": false, "is_translation_enabled": false, "profile_background_color": "FA743E", "profile_background_image_url": "http://abs.twimg.com/images/themes/theme1/bg.png", "profile_background_image_url_https": "https://abs.twimg.com/images/themes/theme1/bg.png", "profile_background_tile": true, "profile_image_url": "http://pbs.twimg.com/profile_images/1266001836030509061/qA0tIV_j_normal.jpg", "profile_image_url_https": "https://pbs.twimg.com/profile_images/1266001836030509061/qA0tIV_j_normal.jpg", "profile_banner_url": "https://pbs.twimg.com/profile_banners/158903216/1536793888", "profile_link_color": "9266CC", "profile_sidebar_border_color": "C0DEED", "profile_sidebar_fill_color": "DDEEF6", "profile_text_color": "333333", "profile_use_background_image": true, "has_extended_profile": true, "default_profile": false, "default_profile_image": false, "following": false, "follow_request_sent": false, "notifications": false, "translator_type": "none", "withheld_in_countries": []}, "geo": null, "coordinates": null, "place": null, "contributors": null, "is_quote_status": false, "retweet_count": 0, "favorite_count": 0, "favorited": false, "retweeted": false, "possibly_sensitive": false, "lang": "en"}