{"created_at": "Sun Jul 26 00:43:38 +0000 2015", "id": 625104154071973889, "id_str": "625104154071973889", "text": "@MMARoasted that nut shot was so nasty even Caitlyn Jenner felt it.", "truncated": false, "entities": {"hashtags": [], "symbols": [], "user_mentions": [{"screen_name": "MMARoasted", "name": "MMA Roasted", "id": 147340636, "id_str": "147340636", "indices": [0, 11]}], "urls": []}, "source": "<a href=\"http://twitter.com/download/iphone\" rel=\"nofollow\">Twitter for iPhone</a>", "in_reply_to_status_id": null, "in_reply_to_status_id_str": null, "in_reply_to_user_id": 147340636, "in_reply_to_user_id_str": "147340636", "in_reply_to_screen_name": "MMARoasted", "user": {"id": 138649979, "id_str": "138649979", "name": "\ud83d\udc41\ud83d\udc44\ud83d\udc41", "screen_name": "castcast86", "location": "Texas, USA", "description": "He He He He \u263a\ufe0f", "url": null, "entities": {"description": {"urls": []}}, "protected": false, "followers_count": 192, "friends_count": 149, "listed_count": 6, "created_at": "Fri Apr 30 04:41:57 +0000 2010", "favourites_count": 13186, "utc_offset": null, "time_zone": null, "geo_enabled": false, "verified": false, "statuses_count": 16960, "lang": null, "contributors_enabled": false, "is_translator": false, "is_translation_enabled": false, "profile_background_color": "C0DEED", "profile_background_image_url": "http://abs.twimg.com/images/themes/theme1/bg.png", "profile_background_image_url_https": "https://abs.twimg.com/images/themes/theme1/bg.png", "profile_background_tile": false, "profile_image_url": "http://pbs.twimg.com/profile_images/1267996292803956738/TK_6yP-m_normal.jpg", "profile_image_url_https": "https://pbs.twimg.com/profile_images/1267996292803956738/TK_6yP-m_normal.jpg", "profile_banner_url": "https://pbs.twimg.com/profile_banners/138649979/1579410166", "profile_link_color": "1DA1F2", "profile_sidebar_border_color": "C0DEED", "profile_sidebar_fill_color": "DDEEF6", "profile_text_color": "333333", "profile_use_background_image": true, "has_extended_profile": false, "default_profile": true, "default_profile_image": false, "following": false, "follow_request_sent": false, "notifications": false, "translator_type": "none", "withheld_in_countries": []}, "geo": null, "coordinates": null, "place": null, "contributors": null, "is_quote_status": false, "retweet_count": 0, "favorite_count": 0, "favorited": false, "retweeted": false, "lang": "en"}