{"created_at": "Sun Jul 26 19:25:10 +0000 2015", "id": 625386394257506304, "id_str": "625386394257506304", "text": ".@FREEJOSHGORDON2 \ud83d\ude02 Because you're mad at Caitlyn Jenner when she never did anything to your nasty ass.", "truncated": false, "entities": {"hashtags": [], "symbols": [], "user_mentions": [{"screen_name": "FREEJOSHGORDON2", "name": "GORDON NYY (57-42)", "id": 3346111216, "id_str": "3346111216", "indices": [1, 17]}], "urls": []}, "source": "<a href=\"http://twitter.com/download/android\" rel=\"nofollow\">Twitter for Android</a>", "in_reply_to_status_id": 625386220042981376, "in_reply_to_status_id_str": "625386220042981376", "in_reply_to_user_id": 3346111216, "in_reply_to_user_id_str": "3346111216", "in_reply_to_screen_name": "FREEJOSHGORDON2", "user": {"id": 26170804, "id_str": "26170804", "name": "sad but caffeinated", "screen_name": "TopHatStevie", "location": "", "description": "my junior high history teacher once compared me to the bubonic plague. | 26 \u2022 she/they \u2022 blm \u2022 1312 \u2022 CW: \ud83c\udf43, mental illness | all opinions are my own", "url": "https://t.co/PgYRlZ7Upc", "entities": {"url": {"urls": [{"url": "https://t.co/PgYRlZ7Upc", "expanded_url": "https://youtu.be/n12lyKTAa50", "display_url": "youtu.be/n12lyKTAa50", "indices": [0, 23]}]}, "description": {"urls": []}}, "protected": false, "followers_count": 1900, "friends_count": 541, "listed_count": 43, "created_at": "Tue Mar 24 03:42:54 +0000 2009", "favourites_count": 70158, "utc_offset": null, "time_zone": null, "geo_enabled": true, "verified": false, "statuses_count": 295287, "lang": null, "contributors_enabled": false, "is_translator": false, "is_translation_enabled": false, "profile_background_color": "71A098", "profile_background_image_url": "http://abs.twimg.com/images/themes/theme1/bg.png", "profile_background_image_url_https": "https://abs.twimg.com/images/themes/theme1/bg.png", "profile_background_tile": true, "profile_image_url": "http://pbs.twimg.com/profile_images/1392901215621574656/B9gSW3pG_normal.jpg", "profile_image_url_https": "https://pbs.twimg.com/profile_images/1392901215621574656/B9gSW3pG_normal.jpg", "profile_banner_url": "https://pbs.twimg.com/profile_banners/26170804/1616550212", "profile_link_color": "F58EA8", "profile_sidebar_border_color": "FFFFFF", "profile_sidebar_fill_color": "4C020D", "profile_text_color": "BD9A00", "profile_use_background_image": true, "has_extended_profile": true, "default_profile": false, "default_profile_image": false, "following": false, "follow_request_sent": false, "notifications": false, "translator_type": "none", "withheld_in_countries": []}, "geo": null, "coordinates": null, "place": null, "contributors": null, "is_quote_status": false, "retweet_count": 0, "favorite_count": 7, "favorited": false, "retweeted": false, "lang": "en"}