{"created_at": "Sun Jul 26 17:21:01 +0000 2015", "id": 625355154158714880, "id_str": "625355154158714880", "text": "@Falls_Boul @Caitlyn_Jenner u nasty", "truncated": false, "entities": {"hashtags": [], "symbols": [], "user_mentions": [{"screen_name": "Falls_Boul", "name": "Yung Terps", "id": 498238370, "id_str": "498238370", "indices": [0, 11]}, {"screen_name": "Caitlyn_Jenner", "name": "Caitlyn Jenner", "id": 3303293865, "id_str": "3303293865", "indices": [12, 27]}], "urls": []}, "source": "<a href=\"http://twitter.com/download/iphone\" rel=\"nofollow\">Twitter for iPhone</a>", "in_reply_to_status_id": 625351218508922881, "in_reply_to_status_id_str": "625351218508922881", "in_reply_to_user_id": 498238370, "in_reply_to_user_id_str": "498238370", "in_reply_to_screen_name": "Falls_Boul", "user": {"id": 2631639981, "id_str": "2631639981", "name": "Bruhman", "screen_name": "cantcatch__shai", "location": "Somewhere gettn money ", "description": "RU Alumni\ud83e\udd89| 2x T&F All American", "url": null, "entities": {"description": {"urls": []}}, "protected": false, "followers_count": 390, "friends_count": 215, "listed_count": 1, "created_at": "Sun Jun 22 15:24:36 +0000 2014", "favourites_count": 15653, "utc_offset": null, "time_zone": null, "geo_enabled": true, "verified": false, "statuses_count": 9087, "lang": null, "contributors_enabled": false, "is_translator": false, "is_translation_enabled": false, "profile_background_color": "000000", "profile_background_image_url": "http://abs.twimg.com/images/themes/theme1/bg.png", "profile_background_image_url_https": "https://abs.twimg.com/images/themes/theme1/bg.png", "profile_background_tile": false, "profile_image_url": "http://pbs.twimg.com/profile_images/1363867165707886595/GdI5HAac_normal.jpg", "profile_image_url_https": "https://pbs.twimg.com/profile_images/1363867165707886595/GdI5HAac_normal.jpg", "profile_banner_url": "https://pbs.twimg.com/profile_banners/2631639981/1600961501", "profile_link_color": "7FDBB6", "profile_sidebar_border_color": "000000", "profile_sidebar_fill_color": "000000", "profile_text_color": "000000", "profile_use_background_image": false, "has_extended_profile": true, "default_profile": false, "default_profile_image": false, "following": false, "follow_request_sent": false, "notifications": false, "translator_type": "none", "withheld_in_countries": []}, "geo": null, "coordinates": null, "place": null, "contributors": null, "is_quote_status": false, "retweet_count": 0, "favorite_count": 5, "favorited": false, "retweeted": false, "lang": "pl"}