{"created_at": "Sun Jul 26 19:04:18 +0000 2015", "id": 625381144880631810, "id_str": "625381144880631810", "text": "I've got so many questions to ask Caitlyn Jenner. Like why were ur outfits so nasty when your were Bruce tho? Once stylish, always stylish.", "truncated": false, "entities": {"hashtags": [], "symbols": [], "user_mentions": [], "urls": []}, "source": "<a href=\"http://twitter.com/download/iphone\" rel=\"nofollow\">Twitter for iPhone</a>", "in_reply_to_status_id": null, "in_reply_to_status_id_str": null, "in_reply_to_user_id": null, "in_reply_to_user_id_str": null, "in_reply_to_screen_name": null, "user": {"id": 234764335, "id_str": "234764335", "name": "Mbulwe", "screen_name": "Mbulwe_92", "location": "\u2661Zambia,Kitwe\u2661", "description": "\ud83e\udd8b", "url": null, "entities": {"description": {"urls": []}}, "protected": false, "followers_count": 1199, "friends_count": 499, "listed_count": 3, "created_at": "Thu Jan 06 14:20:42 +0000 2011", "favourites_count": 986, "utc_offset": null, "time_zone": null, "geo_enabled": true, "verified": false, "statuses_count": 7981, "lang": null, "contributors_enabled": false, "is_translator": false, "is_translation_enabled": false, "profile_background_color": "FF6699", "profile_background_image_url": "http://abs.twimg.com/images/themes/theme11/bg.gif", "profile_background_image_url_https": "https://abs.twimg.com/images/themes/theme11/bg.gif", "profile_background_tile": true, "profile_image_url": "http://pbs.twimg.com/profile_images/1254451933756170246/o3Qbjcqk_normal.jpg", "profile_image_url_https": "https://pbs.twimg.com/profile_images/1254451933756170246/o3Qbjcqk_normal.jpg", "profile_banner_url": "https://pbs.twimg.com/profile_banners/234764335/1585390390", "profile_link_color": "B40B43", "profile_sidebar_border_color": "CC3366", "profile_sidebar_fill_color": "E5507E", "profile_text_color": "362720", "profile_use_background_image": true, "has_extended_profile": true, "default_profile": false, "default_profile_image": false, "following": false, "follow_request_sent": false, "notifications": false, "translator_type": "none", "withheld_in_countries": []}, "geo": null, "coordinates": null, "place": null, "contributors": null, "is_quote_status": false, "retweet_count": 1, "favorite_count": 0, "favorited": false, "retweeted": false, "lang": "en"}