{"created_at": "Mon Jul 27 02:23:05 +0000 2015", "id": 625491569890627584, "id_str": "625491569890627584", "text": "so i was just chilling in the kitchen eating then i look at the tv and i saw that faggot caitlyn jenner and holy shit that was fucking nasty", "truncated": false, "entities": {"hashtags": [], "symbols": [], "user_mentions": [], "urls": []}, "source": "<a href=\"http://twitter.com/download/android\" rel=\"nofollow\">Twitter for Android</a>", "in_reply_to_status_id": null, "in_reply_to_status_id_str": null, "in_reply_to_user_id": null, "in_reply_to_user_id_str": null, "in_reply_to_screen_name": null, "user": {"id": 2896199239, "id_str": "2896199239", "name": "rich", "screen_name": "its_richard1", "location": "Oceanside, CA", "description": "\"FUCK AVERAGE, BEAST OR BITCH, ITS YOUR CHOICE!\" -C.T.Fletcher, Sc:its_richard123", "url": "https://t.co/6H5vYd1KQV", "entities": {"url": {"urls": [{"url": "https://t.co/6H5vYd1KQV", "expanded_url": "http://itsrichard1.tumblr.com/", "display_url": "itsrichard1.tumblr.com", "indices": [0, 23]}]}, "description": {"urls": []}}, "protected": false, "followers_count": 458, "friends_count": 472, "listed_count": 9, "created_at": "Tue Nov 11 04:19:27 +0000 2014", "favourites_count": 15759, "utc_offset": null, "time_zone": null, "geo_enabled": true, "verified": false, "statuses_count": 55287, "lang": null, "contributors_enabled": false, "is_translator": false, "is_translation_enabled": false, "profile_background_color": "000000", "profile_background_image_url": "http://abs.twimg.com/images/themes/theme1/bg.png", "profile_background_image_url_https": "https://abs.twimg.com/images/themes/theme1/bg.png", "profile_background_tile": false, "profile_image_url": "http://pbs.twimg.com/profile_images/1169067404011302913/t1aaRT0E_normal.jpg", "profile_image_url_https": "https://pbs.twimg.com/profile_images/1169067404011302913/t1aaRT0E_normal.jpg", "profile_banner_url": "https://pbs.twimg.com/profile_banners/2896199239/1597747412", "profile_link_color": "4099FF", "profile_sidebar_border_color": "000000", "profile_sidebar_fill_color": "000000", "profile_text_color": "000000", "profile_use_background_image": false, "has_extended_profile": true, "default_profile": false, "default_profile_image": false, "following": false, "follow_request_sent": false, "notifications": false, "translator_type": "none", "withheld_in_countries": []}, "geo": null, "coordinates": null, "place": null, "contributors": null, "is_quote_status": false, "retweet_count": 0, "favorite_count": 0, "favorited": false, "retweeted": false, "lang": "en"}