{"created_at": "Mon Jul 27 07:31:26 +0000 2015", "id": 625569166255333376, "id_str": "625569166255333376", "text": "That Caitlyn Jenner shit nasty yo", "truncated": false, "entities": {"hashtags": [], "symbols": [], "user_mentions": [], "urls": []}, "source": "<a href=\"http://twitter.com/download/iphone\" rel=\"nofollow\">Twitter for iPhone</a>", "in_reply_to_status_id": null, "in_reply_to_status_id_str": null, "in_reply_to_user_id": null, "in_reply_to_user_id_str": null, "in_reply_to_screen_name": null, "user": {"id": 300044875, "id_str": "300044875", "name": "Wonderfuckingful", "screen_name": "HellYeahNigger", "location": "", "description": "", "url": null, "entities": {"description": {"urls": []}}, "protected": false, "followers_count": 955, "friends_count": 560, "listed_count": 15, "created_at": "Tue May 17 03:14:59 +0000 2011", "favourites_count": 4585, "utc_offset": null, "time_zone": null, "geo_enabled": true, "verified": false, "statuses_count": 86732, "lang": null, "contributors_enabled": false, "is_translator": false, "is_translation_enabled": false, "profile_background_color": "000000", "profile_background_image_url": "http://abs.twimg.com/images/themes/theme19/bg.gif", "profile_background_image_url_https": "https://abs.twimg.com/images/themes/theme19/bg.gif", "profile_background_tile": false, "profile_image_url": "http://pbs.twimg.com/profile_images/790803406181064704/LF0Q5jKm_normal.jpg", "profile_image_url_https": "https://pbs.twimg.com/profile_images/790803406181064704/LF0Q5jKm_normal.jpg", "profile_banner_url": "https://pbs.twimg.com/profile_banners/300044875/1481186292", "profile_link_color": "9266CC", "profile_sidebar_border_color": "000000", "profile_sidebar_fill_color": "000000", "profile_text_color": "000000", "profile_use_background_image": false, "has_extended_profile": false, "default_profile": false, "default_profile_image": false, "following": false, "follow_request_sent": false, "notifications": false, "translator_type": "none", "withheld_in_countries": []}, "geo": null, "coordinates": null, "place": null, "contributors": null, "is_quote_status": false, "retweet_count": 0, "favorite_count": 0, "favorited": false, "retweeted": false, "lang": "en"}