{"created_at": "Mon Jul 27 08:33:52 +0000 2015", "id": 625584879124807680, "id_str": "625584879124807680", "text": "@KrisJenner makes me laugh how you haven't tweeted about @Caitlyn_Jenner once. Good to see your support you nasty cow. Reality check?", "truncated": false, "entities": {"hashtags": [], "symbols": [], "user_mentions": [{"screen_name": "KrisJenner", "name": "Kris Jenner", "id": 23613479, "id_str": "23613479", "indices": [0, 11]}, {"screen_name": "Caitlyn_Jenner", "name": "Caitlyn Jenner", "id": 3303293865, "id_str": "3303293865", "indices": [57, 72]}], "urls": []}, "source": "<a href=\"http://twitter.com/download/iphone\" rel=\"nofollow\">Twitter for iPhone</a>", "in_reply_to_status_id": null, "in_reply_to_status_id_str": null, "in_reply_to_user_id": 23613479, "in_reply_to_user_id_str": "23613479", "in_reply_to_screen_name": "KrisJenner", "user": {"id": 113078908, "id_str": "113078908", "name": "Jordan Hale", "screen_name": "jordanvhale", "location": "Warrington, UK", "description": "", "url": "https://t.co/4VWI6zUp5M", "entities": {"url": {"urls": [{"url": "https://t.co/4VWI6zUp5M", "expanded_url": "http://www.instagram.com/jordanvincenthale", "display_url": "instagram.com/jordanvincenth\u2026", "indices": [0, 23]}]}, "description": {"urls": []}}, "protected": false, "followers_count": 547, "friends_count": 885, "listed_count": 3, "created_at": "Wed Feb 10 16:46:57 +0000 2010", "favourites_count": 2022, "utc_offset": null, "time_zone": null, "geo_enabled": true, "verified": false, "statuses_count": 6458, "lang": null, "contributors_enabled": false, "is_translator": false, "is_translation_enabled": false, "profile_background_color": "131516", "profile_background_image_url": "http://abs.twimg.com/images/themes/theme14/bg.gif", "profile_background_image_url_https": "https://abs.twimg.com/images/themes/theme14/bg.gif", "profile_background_tile": true, "profile_image_url": "http://pbs.twimg.com/profile_images/1349725944907329540/rnoD1PoT_normal.jpg", "profile_image_url_https": "https://pbs.twimg.com/profile_images/1349725944907329540/rnoD1PoT_normal.jpg", "profile_banner_url": "https://pbs.twimg.com/profile_banners/113078908/1597304274", "profile_link_color": "009999", "profile_sidebar_border_color": "EEEEEE", "profile_sidebar_fill_color": "EFEFEF", "profile_text_color": "333333", "profile_use_background_image": true, "has_extended_profile": true, "default_profile": false, "default_profile_image": false, "following": false, "follow_request_sent": false, "notifications": false, "translator_type": "none", "withheld_in_countries": []}, "geo": null, "coordinates": null, "place": null, "contributors": null, "is_quote_status": false, "retweet_count": 0, "favorite_count": 0, "favorited": false, "retweeted": false, "lang": "en"}