{"created_at": "Mon Jul 27 14:31:51 +0000 2015", "id": 625674969297625088, "id_str": "625674969297625088", "text": "Kris vs Caitlyn Jenner: The bitter rows, nasty jibes and endless power struggle \nhttp://t.co/tAQoaCtaNK http://t.co/modX31juDw", "truncated": false, "entities": {"hashtags": [], "symbols": [], "user_mentions": [], "urls": [{"url": "http://t.co/tAQoaCtaNK", "expanded_url": "http://www.mirror.co.uk/3am/celebrity-news/kris-vs-caitlyn-jenner-bitter-6147893", "display_url": "mirror.co.uk/3am/celebrity-\u2026", "indices": [81, 103]}], "media": [{"id": 625674955380887553, "id_str": "625674955380887553", "indices": [104, 126], "media_url": "http://pbs.twimg.com/media/CK7YDpRWEAEg6fE.jpg", "media_url_https": "https://pbs.twimg.com/media/CK7YDpRWEAEg6fE.jpg", "url": "http://t.co/modX31juDw", "display_url": "pic.twitter.com/modX31juDw", "expanded_url": "https://twitter.com/MirrorCeleb/status/625674969297625088/photo/1", "type": "photo", "sizes": {"large": {"w": 615, "h": 409, "resize": "fit"}, "thumb": {"w": 150, "h": 150, "resize": "crop"}, "medium": {"w": 615, "h": 409, "resize": "fit"}, "small": {"w": 615, "h": 409, "resize": "fit"}}}]}, "extended_entities": {"media": [{"id": 625674955380887553, "id_str": "625674955380887553", "indices": [104, 126], "media_url": "http://pbs.twimg.com/media/CK7YDpRWEAEg6fE.jpg", "media_url_https": "https://pbs.twimg.com/media/CK7YDpRWEAEg6fE.jpg", "url": "http://t.co/modX31juDw", "display_url": "pic.twitter.com/modX31juDw", "expanded_url": "https://twitter.com/MirrorCeleb/status/625674969297625088/photo/1", "type": "photo", "sizes": {"large": {"w": 615, "h": 409, "resize": "fit"}, "thumb": {"w": 150, "h": 150, "resize": "crop"}, "medium": {"w": 615, "h": 409, "resize": "fit"}, "small": {"w": 615, "h": 409, "resize": "fit"}}}]}, "source": "<a href=\"https://about.twitter.com/products/tweetdeck\" rel=\"nofollow\">TweetDeck</a>", "in_reply_to_status_id": null, "in_reply_to_status_id_str": null, "in_reply_to_user_id": null, "in_reply_to_user_id_str": null, "in_reply_to_screen_name": null, "user": {"id": 55204143, "id_str": "55204143", "name": "Mirror Celeb", "screen_name": "MirrorCeleb", "location": "UK", "description": "The Official Daily Mirror Celebrity News account \u2728\nFollow @DailyMirror for more in depth news updates \ud83d\uddde\ufe0f\nFollow @MirrorTV for latest telly news and spoilers \ud83d\udcfa", "url": "http://t.co/aiZAmcPNQT", "entities": {"url": {"urls": [{"url": "http://t.co/aiZAmcPNQT", "expanded_url": "http://www.mirror.co.uk/3am", "display_url": "mirror.co.uk/3am", "indices": [0, 22]}]}, "description": {"urls": []}}, "protected": false, "followers_count": 106768, "friends_count": 1643, "listed_count": 842, "created_at": "Thu Jul 09 10:59:24 +0000 2009", "favourites_count": 282, "utc_offset": null, "time_zone": null, "geo_enabled": false, "verified": true, "statuses_count": 270213, "lang": null, "contributors_enabled": false, "is_translator": false, "is_translation_enabled": false, "profile_background_color": "642D8B", "profile_background_image_url": "http://abs.twimg.com/images/themes/theme10/bg.gif", "profile_background_image_url_https": "https://abs.twimg.com/images/themes/theme10/bg.gif", "profile_background_tile": true, "profile_image_url": "http://pbs.twimg.com/profile_images/1293838515080437761/cKAyXdPH_normal.jpg", "profile_image_url_https": "https://pbs.twimg.com/profile_images/1293838515080437761/cKAyXdPH_normal.jpg", "profile_banner_url": "https://pbs.twimg.com/profile_banners/55204143/1617274501", "profile_link_color": "E90E0E", "profile_sidebar_border_color": "FF9D00", "profile_sidebar_fill_color": "C5DC5F", "profile_text_color": "000000", "profile_use_background_image": true, "has_extended_profile": false, "default_profile": false, "default_profile_image": false, "following": false, "follow_request_sent": false, "notifications": false, "translator_type": "none", "withheld_in_countries": []}, "geo": null, "coordinates": null, "place": null, "contributors": null, "is_quote_status": false, "retweet_count": 0, "favorite_count": 1, "favorited": false, "retweeted": false, "possibly_sensitive": false, "lang": "en"}