{"created_at": "Mon Jul 27 15:42:37 +0000 2015", "id": 625692776647274496, "id_str": "625692776647274496", "text": "Kris vs Caitlyn Jenner: The bitter rows, nasty jibes and endless power struggle http://t.co/rkHOyYdM7K http://t.co/rFFhTMIqf3", "truncated": false, "entities": {"hashtags": [], "symbols": [], "user_mentions": [], "urls": [{"url": "http://t.co/rkHOyYdM7K", "expanded_url": "http://bit.ly/1JL01eU", "display_url": "bit.ly/1JL01eU", "indices": [80, 102]}], "media": [{"id": 625692719998963712, "id_str": "625692719998963712", "indices": [103, 125], "media_url": "http://pbs.twimg.com/media/CK7oNroWEAA98cD.png", "media_url_https": "https://pbs.twimg.com/media/CK7oNroWEAA98cD.png", "url": "http://t.co/rFFhTMIqf3", "display_url": "pic.twitter.com/rFFhTMIqf3", "expanded_url": "https://twitter.com/IrishMirror/status/625692776647274496/photo/1", "type": "photo", "sizes": {"large": {"w": 595, "h": 377, "resize": "fit"}, "small": {"w": 595, "h": 377, "resize": "fit"}, "medium": {"w": 595, "h": 377, "resize": "fit"}, "thumb": {"w": 150, "h": 150, "resize": "crop"}}}]}, "extended_entities": {"media": [{"id": 625692719998963712, "id_str": "625692719998963712", "indices": [103, 125], "media_url": "http://pbs.twimg.com/media/CK7oNroWEAA98cD.png", "media_url_https": "https://pbs.twimg.com/media/CK7oNroWEAA98cD.png", "url": "http://t.co/rFFhTMIqf3", "display_url": "pic.twitter.com/rFFhTMIqf3", "expanded_url": "https://twitter.com/IrishMirror/status/625692776647274496/photo/1", "type": "photo", "sizes": {"large": {"w": 595, "h": 377, "resize": "fit"}, "small": {"w": 595, "h": 377, "resize": "fit"}, "medium": {"w": 595, "h": 377, "resize": "fit"}, "thumb": {"w": 150, "h": 150, "resize": "crop"}}}]}, "source": "<a href=\"https://about.twitter.com/products/tweetdeck\" rel=\"nofollow\">TweetDeck</a>", "in_reply_to_status_id": null, "in_reply_to_status_id_str": null, "in_reply_to_user_id": null, "in_reply_to_user_id_str": null, "in_reply_to_screen_name": null, "user": {"id": 330255896, "id_str": "330255896", "name": "Irish Daily Mirror", "screen_name": "IrishMirror", "location": "Dublin", "description": "Official home of the Irish Daily Mirror on Twitter - the latest news, sport and celebrity gossip. Also on Facebook http://t.co/1DhHw3ee0R", "url": "http://t.co/qL3nlQPJRe", "entities": {"url": {"urls": [{"url": "http://t.co/qL3nlQPJRe", "expanded_url": "http://www.irishmirror.ie", "display_url": "irishmirror.ie", "indices": [0, 22]}]}, "description": {"urls": [{"url": "http://t.co/1DhHw3ee0R", "expanded_url": "http://fb.me/IrishMirror", "display_url": "fb.me/IrishMirror", "indices": [115, 137]}]}}, "protected": false, "followers_count": 43934, "friends_count": 946, "listed_count": 495, "created_at": "Wed Jul 06 10:40:16 +0000 2011", "favourites_count": 803, "utc_offset": null, "time_zone": null, "geo_enabled": true, "verified": true, "statuses_count": 265630, "lang": null, "contributors_enabled": false, "is_translator": false, "is_translation_enabled": false, "profile_background_color": "E60909", "profile_background_image_url": "http://abs.twimg.com/images/themes/theme1/bg.png", "profile_background_image_url_https": "https://abs.twimg.com/images/themes/theme1/bg.png", "profile_background_tile": true, "profile_image_url": "http://pbs.twimg.com/profile_images/1015152319183417344/r3fUzTF6_normal.jpg", "profile_image_url_https": "https://pbs.twimg.com/profile_images/1015152319183417344/r3fUzTF6_normal.jpg", "profile_banner_url": "https://pbs.twimg.com/profile_banners/330255896/1618244724", "profile_link_color": "E60909", "profile_sidebar_border_color": "FFFFFF", "profile_sidebar_fill_color": "DDEEF6", "profile_text_color": "333333", "profile_use_background_image": false, "has_extended_profile": false, "default_profile": false, "default_profile_image": false, "following": false, "follow_request_sent": false, "notifications": false, "translator_type": "none", "withheld_in_countries": []}, "geo": null, "coordinates": null, "place": null, "contributors": null, "is_quote_status": false, "retweet_count": 0, "favorite_count": 0, "favorited": false, "retweeted": false, "possibly_sensitive": false, "lang": "en"}