{"created_at": "Mon Jul 27 17:16:51 +0000 2015", "id": 625716493104189440, "id_str": "625716493104189440", "text": "Kris vs Caitlyn Jenner: The bitter rows, nasty jibes and endless power struggle http://t.co/5vfAZhqVGm #celebrity", "truncated": false, "entities": {"hashtags": [{"text": "celebrity", "indices": [103, 113]}], "symbols": [], "user_mentions": [], "urls": [{"url": "http://t.co/5vfAZhqVGm", "expanded_url": "http://dlvr.it/BfmSs6", "display_url": "dlvr.it/BfmSs6", "indices": [80, 102]}]}, "source": "<a href=\"https://dlvrit.com/\" rel=\"nofollow\">dlvr.it</a>", "in_reply_to_status_id": null, "in_reply_to_status_id_str": null, "in_reply_to_user_id": null, "in_reply_to_user_id_str": null, "in_reply_to_screen_name": null, "user": {"id": 587865810, "id_str": "587865810", "name": "\u2605 Celebrity News UK\u2605", "screen_name": "Celeb_News_UK", "location": "UK", "description": "Be  the first to retweet All the Latest UK Celeb News as it happens 24/7,   Check out my site for all the gossip  http://t.co/jskmVUvkwh", "url": "http://t.co/jskmVUvkwh", "entities": {"url": {"urls": [{"url": "http://t.co/jskmVUvkwh", "expanded_url": "http://gossipbreaker.co.uk", "display_url": "gossipbreaker.co.uk", "indices": [0, 22]}]}, "description": {"urls": [{"url": "http://t.co/jskmVUvkwh", "expanded_url": "http://gossipbreaker.co.uk", "display_url": "gossipbreaker.co.uk", "indices": [114, 136]}]}}, "protected": false, "followers_count": 6786, "friends_count": 6184, "listed_count": 78, "created_at": "Tue May 22 22:04:59 +0000 2012", "favourites_count": 0, "utc_offset": null, "time_zone": null, "geo_enabled": false, "verified": false, "statuses_count": 247020, "lang": null, "contributors_enabled": false, "is_translator": false, "is_translation_enabled": false, "profile_background_color": "C0DEED", "profile_background_image_url": "http://abs.twimg.com/images/themes/theme1/bg.png", "profile_background_image_url_https": "https://abs.twimg.com/images/themes/theme1/bg.png", "profile_background_tile": true, "profile_image_url": "http://pbs.twimg.com/profile_images/2244567651/face_normal.gif", "profile_image_url_https": "https://pbs.twimg.com/profile_images/2244567651/face_normal.gif", "profile_link_color": "0084B4", "profile_sidebar_border_color": "C0DEED", "profile_sidebar_fill_color": "DDEEF6", "profile_text_color": "333333", "profile_use_background_image": true, "has_extended_profile": false, "default_profile": false, "default_profile_image": false, "following": false, "follow_request_sent": false, "notifications": false, "translator_type": "none", "withheld_in_countries": []}, "geo": null, "coordinates": null, "place": null, "contributors": null, "is_quote_status": false, "retweet_count": 0, "favorite_count": 0, "favorited": false, "retweeted": false, "possibly_sensitive": false, "lang": "en"}