{"created_at": "Wed Jul 29 22:15:31 +0000 2015", "id": 626516427441205248, "id_str": "626516427441205248", "text": "@Caitlyn_Jenner you make a nasty woman kids should not think this is the right thing to do and you should not be making money from this", "truncated": false, "entities": {"hashtags": [], "symbols": [], "user_mentions": [{"screen_name": "Caitlyn_Jenner", "name": "Caitlyn Jenner", "id": 3303293865, "id_str": "3303293865", "indices": [0, 15]}], "urls": []}, "source": "<a href=\"http://twitter.com\" rel=\"nofollow\">Twitter Web Client</a>", "in_reply_to_status_id": null, "in_reply_to_status_id_str": null, "in_reply_to_user_id": 3303293865, "in_reply_to_user_id_str": "3303293865", "in_reply_to_screen_name": "Caitlyn_Jenner", "user": {"id": 3261392430, "id_str": "3261392430", "name": "craig.c4864@yahoo.co", "screen_name": "craigc48641", "location": "", "description": "", "url": null, "entities": {"description": {"urls": []}}, "protected": false, "followers_count": 1, "friends_count": 34, "listed_count": 0, "created_at": "Tue Jun 30 14:17:35 +0000 2015", "favourites_count": 0, "utc_offset": null, "time_zone": null, "geo_enabled": true, "verified": false, "statuses_count": 5, "lang": null, "contributors_enabled": false, "is_translator": false, "is_translation_enabled": false, "profile_background_color": "C0DEED", "profile_background_image_url": "http://abs.twimg.com/images/themes/theme1/bg.png", "profile_background_image_url_https": "https://abs.twimg.com/images/themes/theme1/bg.png", "profile_background_tile": false, "profile_image_url": "http://abs.twimg.com/sticky/default_profile_images/default_profile_normal.png", "profile_image_url_https": "https://abs.twimg.com/sticky/default_profile_images/default_profile_normal.png", "profile_link_color": "1DA1F2", "profile_sidebar_border_color": "C0DEED", "profile_sidebar_fill_color": "DDEEF6", "profile_text_color": "333333", "profile_use_background_image": true, "has_extended_profile": false, "default_profile": true, "default_profile_image": true, "following": false, "follow_request_sent": false, "notifications": false, "translator_type": "none", "withheld_in_countries": []}, "geo": null, "coordinates": null, "place": {"id": "2fb80bcccadf3ab4", "url": "https://api.twitter.com/1.1/geo/id/2fb80bcccadf3ab4.json", "place_type": "city", "name": "Pendleton", "full_name": "Pendleton, OR", "country_code": "US", "country": "United States", "contained_within": [], "bounding_box": {"type": "Polygon", "coordinates": [[[-118.8713519, 45.640013], [-118.747355, 45.640013], [-118.747355, 45.704491], [-118.8713519, 45.704491]]]}, "attributes": {}}, "contributors": null, "is_quote_status": false, "retweet_count": 0, "favorite_count": 0, "favorited": false, "retweeted": false, "lang": "en"}