{"created_at": "Thu Jul 30 03:48:46 +0000 2015", "id": 626600293506138112, "id_str": "626600293506138112", "text": "I can not believe they made a TV show about this nasty human being Caitlyn Jenner.", "truncated": false, "entities": {"hashtags": [], "symbols": [], "user_mentions": [], "urls": []}, "source": "<a href=\"http://twitter.com/download/iphone\" rel=\"nofollow\">Twitter for iPhone</a>", "in_reply_to_status_id": null, "in_reply_to_status_id_str": null, "in_reply_to_user_id": null, "in_reply_to_user_id_str": null, "in_reply_to_screen_name": null, "user": {"id": 839086404, "id_str": "839086404", "name": "Jamil", "screen_name": "jamilbeydoun50", "location": "Dearborn, MI", "description": "In the kitchen", "url": null, "entities": {"description": {"urls": []}}, "protected": false, "followers_count": 971, "friends_count": 554, "listed_count": 0, "created_at": "Sat Sep 22 04:41:35 +0000 2012", "favourites_count": 28415, "utc_offset": null, "time_zone": null, "geo_enabled": true, "verified": false, "statuses_count": 9639, "lang": null, "contributors_enabled": false, "is_translator": false, "is_translation_enabled": false, "profile_background_color": "C0DEED", "profile_background_image_url": "http://abs.twimg.com/images/themes/theme1/bg.png", "profile_background_image_url_https": "https://abs.twimg.com/images/themes/theme1/bg.png", "profile_background_tile": false, "profile_image_url": "http://pbs.twimg.com/profile_images/1393407253923995651/TLkRmiDP_normal.jpg", "profile_image_url_https": "https://pbs.twimg.com/profile_images/1393407253923995651/TLkRmiDP_normal.jpg", "profile_banner_url": "https://pbs.twimg.com/profile_banners/839086404/1607061443", "profile_link_color": "1DA1F2", "profile_sidebar_border_color": "C0DEED", "profile_sidebar_fill_color": "DDEEF6", "profile_text_color": "333333", "profile_use_background_image": true, "has_extended_profile": false, "default_profile": true, "default_profile_image": false, "following": false, "follow_request_sent": false, "notifications": false, "translator_type": "none", "withheld_in_countries": []}, "geo": null, "coordinates": null, "place": null, "contributors": null, "is_quote_status": false, "retweet_count": 1, "favorite_count": 4, "favorited": false, "retweeted": false, "lang": "en"}