{"created_at": "Thu Jul 30 18:42:08 +0000 2015", "id": 626825116639432704, "id_str": "626825116639432704", "text": "Jfc why are people calling Caitlyn \"mr. Jenner\" why r u so nasty", "truncated": false, "entities": {"hashtags": [], "symbols": [], "user_mentions": [], "urls": []}, "source": "<a href=\"http://twitter.com/download/iphone\" rel=\"nofollow\">Twitter for iPhone</a>", "in_reply_to_status_id": null, "in_reply_to_status_id_str": null, "in_reply_to_user_id": null, "in_reply_to_user_id_str": null, "in_reply_to_screen_name": null, "user": {"id": 3083718139, "id_str": "3083718139", "name": "Jess", "screen_name": "halseythirst", "location": "Boston, MA", "description": "Fear no city. Fear no man.", "url": null, "entities": {"description": {"urls": []}}, "protected": false, "followers_count": 229, "friends_count": 76, "listed_count": 2, "created_at": "Sun Mar 15 06:14:50 +0000 2015", "favourites_count": 1420, "utc_offset": null, "time_zone": null, "geo_enabled": true, "verified": false, "statuses_count": 5154, "lang": null, "contributors_enabled": false, "is_translator": false, "is_translation_enabled": false, "profile_background_color": "131516", "profile_background_image_url": "http://abs.twimg.com/images/themes/theme14/bg.gif", "profile_background_image_url_https": "https://abs.twimg.com/images/themes/theme14/bg.gif", "profile_background_tile": true, "profile_image_url": "http://pbs.twimg.com/profile_images/652514089588129792/3PWwnE7E_normal.jpg", "profile_image_url_https": "https://pbs.twimg.com/profile_images/652514089588129792/3PWwnE7E_normal.jpg", "profile_banner_url": "https://pbs.twimg.com/profile_banners/3083718139/1442375881", "profile_link_color": "009999", "profile_sidebar_border_color": "EEEEEE", "profile_sidebar_fill_color": "EFEFEF", "profile_text_color": "333333", "profile_use_background_image": true, "has_extended_profile": true, "default_profile": false, "default_profile_image": false, "following": false, "follow_request_sent": false, "notifications": false, "translator_type": "none", "withheld_in_countries": []}, "geo": null, "coordinates": null, "place": null, "contributors": null, "is_quote_status": false, "retweet_count": 0, "favorite_count": 1, "favorited": false, "retweeted": false, "lang": "en"}