{"created_at": "Thu Jul 30 20:08:24 +0000 2015", "id": 626846827363586048, "id_str": "626846827363586048", "text": "@hitbyGROSJEAN @Caitlyn_Jenner You don't need to like her, but why troll her in such a nasty way? Just lost a lot of respect for you \ud83d\udc4e\ud83c\udffb", "truncated": false, "entities": {"hashtags": [], "symbols": [], "user_mentions": [{"screen_name": "Caitlyn_Jenner", "name": "Caitlyn Jenner", "id": 3303293865, "id_str": "3303293865", "indices": [15, 30]}], "urls": []}, "source": "<a href=\"http://twitter.com/download/iphone\" rel=\"nofollow\">Twitter for iPhone</a>", "in_reply_to_status_id": 626846466414366722, "in_reply_to_status_id_str": "626846466414366722", "in_reply_to_user_id": 96206443, "in_reply_to_user_id_str": "96206443", "in_reply_to_screen_name": "ffsGiovinco", "user": {"id": 26616324, "id_str": "26616324", "name": "Alison Rigsby", "screen_name": "Alison_Rigsby", "location": "Crewe, England", "description": "@BracknellHornet and @AlpineF1Team fan. Carer at @RightAtHomeUK (South Cheshire) All about friends, family, music, vodka & chocolate! Wife of @dan_rigsby \u2764\ufe0f\u2764\ufe0f", "url": null, "entities": {"description": {"urls": []}}, "protected": false, "followers_count": 1975, "friends_count": 1585, "listed_count": 26, "created_at": "Wed Mar 25 22:52:02 +0000 2009", "favourites_count": 10064, "utc_offset": null, "time_zone": null, "geo_enabled": true, "verified": false, "statuses_count": 20423, "lang": null, "contributors_enabled": false, "is_translator": false, "is_translation_enabled": false, "profile_background_color": "0099B9", "profile_background_image_url": "http://abs.twimg.com/images/themes/theme4/bg.gif", "profile_background_image_url_https": "https://abs.twimg.com/images/themes/theme4/bg.gif", "profile_background_tile": false, "profile_image_url": "http://pbs.twimg.com/profile_images/888876039627255808/jaeG_VaK_normal.jpg", "profile_image_url_https": "https://pbs.twimg.com/profile_images/888876039627255808/jaeG_VaK_normal.jpg", "profile_banner_url": "https://pbs.twimg.com/profile_banners/26616324/1384896334", "profile_link_color": "0099B9", "profile_sidebar_border_color": "5ED4DC", "profile_sidebar_fill_color": "95E8EC", "profile_text_color": "3C3940", "profile_use_background_image": true, "has_extended_profile": true, "default_profile": false, "default_profile_image": false, "following": false, "follow_request_sent": false, "notifications": false, "translator_type": "none", "withheld_in_countries": []}, "geo": null, "coordinates": null, "place": null, "contributors": null, "is_quote_status": false, "retweet_count": 0, "favorite_count": 0, "favorited": false, "retweeted": false, "lang": "en"}