{"created_at": "Thu Jul 30 20:22:08 +0000 2015", "id": 626850283172274181, "id_str": "626850283172274181", "text": "Caitlyn Jenner can go suck her own dick! Nasty ass fucking bitch..", "truncated": false, "entities": {"hashtags": [], "symbols": [], "user_mentions": [], "urls": []}, "source": "<a href=\"http://twitter.com/download/iphone\" rel=\"nofollow\">Twitter for iPhone</a>", "in_reply_to_status_id": null, "in_reply_to_status_id_str": null, "in_reply_to_user_id": null, "in_reply_to_user_id_str": null, "in_reply_to_screen_name": null, "user": {"id": 346891519, "id_str": "346891519", "name": "Justin Touron\u26a1\ufe0f", "screen_name": "JustinTouron", "location": "Mount Juliet Tennessee", "description": "insta: Jtouron93 snapchat:JustinTouron", "url": null, "entities": {"description": {"urls": []}}, "protected": false, "followers_count": 125, "friends_count": 274, "listed_count": 1, "created_at": "Tue Aug 02 00:22:05 +0000 2011", "favourites_count": 1511, "utc_offset": null, "time_zone": null, "geo_enabled": false, "verified": false, "statuses_count": 2406, "lang": null, "contributors_enabled": false, "is_translator": false, "is_translation_enabled": false, "profile_background_color": "28E812", "profile_background_image_url": "http://abs.twimg.com/images/themes/theme1/bg.png", "profile_background_image_url_https": "https://abs.twimg.com/images/themes/theme1/bg.png", "profile_background_tile": true, "profile_image_url": "http://pbs.twimg.com/profile_images/791988557367873536/GhsK5sVd_normal.jpg", "profile_image_url_https": "https://pbs.twimg.com/profile_images/791988557367873536/GhsK5sVd_normal.jpg", "profile_banner_url": "https://pbs.twimg.com/profile_banners/346891519/1465449846", "profile_link_color": "8FB300", "profile_sidebar_border_color": "000000", "profile_sidebar_fill_color": "DDEEF6", "profile_text_color": "333333", "profile_use_background_image": true, "has_extended_profile": true, "default_profile": false, "default_profile_image": false, "following": false, "follow_request_sent": false, "notifications": false, "translator_type": "none", "withheld_in_countries": []}, "geo": null, "coordinates": null, "place": null, "contributors": null, "is_quote_status": false, "retweet_count": 0, "favorite_count": 0, "favorited": false, "retweeted": false, "lang": "en"}