{"created_at": "Sat Aug 01 04:57:11 +0000 2015", "id": 627342289480736768, "id_str": "627342289480736768", "text": "@BBeneat8 @KylieJenner @Caitlyn_Jenner too far\ud83d\ude02\ud83d\ude02 nasty af\ud83d\ude02\ud83d\ude02", "truncated": false, "entities": {"hashtags": [], "symbols": [], "user_mentions": [{"screen_name": "BBeneat8", "name": "Brax", "id": 2345868902, "id_str": "2345868902", "indices": [0, 9]}, {"screen_name": "KylieJenner", "name": "Kylie Jenner", "id": 236699098, "id_str": "236699098", "indices": [10, 22]}, {"screen_name": "Caitlyn_Jenner", "name": "Caitlyn Jenner", "id": 3303293865, "id_str": "3303293865", "indices": [23, 38]}], "urls": []}, "source": "<a href=\"http://twitter.com/download/iphone\" rel=\"nofollow\">Twitter for iPhone</a>", "in_reply_to_status_id": 627342158802980864, "in_reply_to_status_id_str": "627342158802980864", "in_reply_to_user_id": 2345868902, "in_reply_to_user_id_str": "2345868902", "in_reply_to_screen_name": "BBeneat8", "user": {"id": 1661029717, "id_str": "1661029717", "name": "Collin Snyder", "screen_name": "CollinSnyder12", "location": "", "description": "", "url": null, "entities": {"description": {"urls": []}}, "protected": false, "followers_count": 246, "friends_count": 235, "listed_count": 2, "created_at": "Sat Aug 10 21:32:25 +0000 2013", "favourites_count": 9193, "utc_offset": null, "time_zone": null, "geo_enabled": true, "verified": false, "statuses_count": 4246, "lang": null, "contributors_enabled": false, "is_translator": false, "is_translation_enabled": false, "profile_background_color": "C0DEED", "profile_background_image_url": "http://abs.twimg.com/images/themes/theme1/bg.png", "profile_background_image_url_https": "https://abs.twimg.com/images/themes/theme1/bg.png", "profile_background_tile": false, "profile_image_url": "http://pbs.twimg.com/profile_images/1299491413990813696/vjH4YT4j_normal.jpg", "profile_image_url_https": "https://pbs.twimg.com/profile_images/1299491413990813696/vjH4YT4j_normal.jpg", "profile_banner_url": "https://pbs.twimg.com/profile_banners/1661029717/1535425654", "profile_link_color": "1DA1F2", "profile_sidebar_border_color": "C0DEED", "profile_sidebar_fill_color": "DDEEF6", "profile_text_color": "333333", "profile_use_background_image": true, "has_extended_profile": true, "default_profile": true, "default_profile_image": false, "following": false, "follow_request_sent": false, "notifications": false, "translator_type": "none", "withheld_in_countries": []}, "geo": null, "coordinates": null, "place": null, "contributors": null, "is_quote_status": false, "retweet_count": 0, "favorite_count": 1, "favorited": false, "retweeted": false, "lang": "en"}