{"created_at": "Sun Aug 02 08:03:18 +0000 2015", "id": 627751513239064577, "id_str": "627751513239064577", "text": "@Ja1meAlv @Caitlyn_Jenner THAT'S SOME NASTY STUFF LOL", "truncated": false, "entities": {"hashtags": [], "symbols": [], "user_mentions": [{"screen_name": "Ja1meAlv", "name": "Jaime Alvarado\u2076", "id": 4170831543, "id_str": "4170831543", "indices": [0, 9]}, {"screen_name": "Caitlyn_Jenner", "name": "Caitlyn Jenner", "id": 3303293865, "id_str": "3303293865", "indices": [10, 25]}], "urls": []}, "source": "<a href=\"http://twitter.com/download/android\" rel=\"nofollow\">Twitter for Android</a>", "in_reply_to_status_id": 627751384675282944, "in_reply_to_status_id_str": "627751384675282944", "in_reply_to_user_id": 2186666761, "in_reply_to_user_id_str": "2186666761", "in_reply_to_screen_name": "AlvJa1me", "user": {"id": 469016497, "id_str": "469016497", "name": "Franco S.", "screen_name": "franco_snchz4", "location": "San Antonio, TX", "description": "", "url": null, "entities": {"description": {"urls": []}}, "protected": false, "followers_count": 706, "friends_count": 926, "listed_count": 15, "created_at": "Fri Jan 20 04:25:46 +0000 2012", "favourites_count": 21797, "utc_offset": null, "time_zone": null, "geo_enabled": true, "verified": false, "statuses_count": 20834, "lang": null, "contributors_enabled": false, "is_translator": false, "is_translation_enabled": false, "profile_background_color": "191A1F", "profile_background_image_url": "http://abs.twimg.com/images/themes/theme14/bg.gif", "profile_background_image_url_https": "https://abs.twimg.com/images/themes/theme14/bg.gif", "profile_background_tile": true, "profile_image_url": "http://pbs.twimg.com/profile_images/1354917720790327296/qgn4A50L_normal.jpg", "profile_image_url_https": "https://pbs.twimg.com/profile_images/1354917720790327296/qgn4A50L_normal.jpg", "profile_banner_url": "https://pbs.twimg.com/profile_banners/469016497/1505316096", "profile_link_color": "1342B0", "profile_sidebar_border_color": "FFFFFF", "profile_sidebar_fill_color": "15161A", "profile_text_color": "333333", "profile_use_background_image": true, "has_extended_profile": false, "default_profile": false, "default_profile_image": false, "following": false, "follow_request_sent": false, "notifications": false, "translator_type": "none", "withheld_in_countries": []}, "geo": null, "coordinates": null, "place": null, "contributors": null, "is_quote_status": false, "retweet_count": 0, "favorite_count": 1, "favorited": false, "retweeted": false, "lang": "en"}