{"created_at": "Mon Aug 03 01:01:49 +0000 2015", "id": 628007830956691457, "id_str": "628007830956691457", "text": "@DennyKidwell no I support @Caitlyn_Jenner and her show its the other women who are being nasty", "truncated": false, "entities": {"hashtags": [], "symbols": [], "user_mentions": [{"screen_name": "DennyKidwell", "name": "denny kidwell", "id": 892561711, "id_str": "892561711", "indices": [0, 13]}, {"screen_name": "Caitlyn_Jenner", "name": "Caitlyn Jenner", "id": 3303293865, "id_str": "3303293865", "indices": [27, 42]}], "urls": []}, "source": "<a href=\"http://twitter.com/download/iphone\" rel=\"nofollow\">Twitter for iPhone</a>", "in_reply_to_status_id": 628007125902602240, "in_reply_to_status_id_str": "628007125902602240", "in_reply_to_user_id": 892561711, "in_reply_to_user_id_str": "892561711", "in_reply_to_screen_name": "DennyKidwell", "user": {"id": 399492369, "id_str": "399492369", "name": "Meaghan Mick", "screen_name": "MeaghanMick", "location": "Toledo Ohio", "description": "Im the idiot on your radio.", "url": "https://t.co/Qg3XPCAP1G", "entities": {"url": {"urls": [{"url": "https://t.co/Qg3XPCAP1G", "expanded_url": "http://925kissfm.com", "display_url": "925kissfm.com", "indices": [0, 23]}]}, "description": {"urls": []}}, "protected": false, "followers_count": 8327, "friends_count": 1350, "listed_count": 23, "created_at": "Thu Oct 27 15:42:49 +0000 2011", "favourites_count": 7548, "utc_offset": null, "time_zone": null, "geo_enabled": true, "verified": false, "statuses_count": 11400, "lang": null, "contributors_enabled": false, "is_translator": false, "is_translation_enabled": false, "profile_background_color": "000000", "profile_background_image_url": "http://abs.twimg.com/images/themes/theme1/bg.png", "profile_background_image_url_https": "https://abs.twimg.com/images/themes/theme1/bg.png", "profile_background_tile": false, "profile_image_url": "http://pbs.twimg.com/profile_images/1371458591920652290/rmIMeKdF_normal.jpg", "profile_image_url_https": "https://pbs.twimg.com/profile_images/1371458591920652290/rmIMeKdF_normal.jpg", "profile_banner_url": "https://pbs.twimg.com/profile_banners/399492369/1524741920", "profile_link_color": "19CF86", "profile_sidebar_border_color": "000000", "profile_sidebar_fill_color": "000000", "profile_text_color": "000000", "profile_use_background_image": false, "has_extended_profile": true, "default_profile": false, "default_profile_image": false, "following": false, "follow_request_sent": false, "notifications": false, "translator_type": "none", "withheld_in_countries": []}, "geo": null, "coordinates": null, "place": null, "contributors": null, "is_quote_status": false, "retweet_count": 0, "favorite_count": 0, "favorited": false, "retweeted": false, "lang": "en"}