{"created_at": "Mon Aug 03 02:45:44 +0000 2015", "id": 628033984656617472, "id_str": "628033984656617472", "text": "@holsteinnoah_ @Caitlyn_Jenner lmao nah this nasty af", "truncated": false, "entities": {"hashtags": [], "symbols": [], "user_mentions": [{"screen_name": "Caitlyn_Jenner", "name": "Caitlyn Jenner", "id": 3303293865, "id_str": "3303293865", "indices": [15, 30]}], "urls": []}, "source": "<a href=\"http://twitter.com/download/iphone\" rel=\"nofollow\">Twitter for iPhone</a>", "in_reply_to_status_id": 626191386975580160, "in_reply_to_status_id_str": "626191386975580160", "in_reply_to_user_id": 1449891248, "in_reply_to_user_id_str": "1449891248", "in_reply_to_screen_name": "ItsNoahh18", "user": {"id": 3229399562, "id_str": "3229399562", "name": "Easy", "screen_name": "ANTIWRLD", "location": "", "description": "Destroying Everything", "url": null, "entities": {"description": {"urls": []}}, "protected": false, "followers_count": 0, "friends_count": 4, "listed_count": 0, "created_at": "Fri May 29 04:10:10 +0000 2015", "favourites_count": 2, "utc_offset": null, "time_zone": null, "geo_enabled": false, "verified": false, "statuses_count": 37, "lang": null, "contributors_enabled": false, "is_translator": false, "is_translation_enabled": false, "profile_background_color": "C0DEED", "profile_background_image_url": "http://abs.twimg.com/images/themes/theme1/bg.png", "profile_background_image_url_https": "https://abs.twimg.com/images/themes/theme1/bg.png", "profile_background_tile": false, "profile_image_url": "http://pbs.twimg.com/profile_images/604138022154551296/7-kMjZdj_normal.jpg", "profile_image_url_https": "https://pbs.twimg.com/profile_images/604138022154551296/7-kMjZdj_normal.jpg", "profile_link_color": "1DA1F2", "profile_sidebar_border_color": "C0DEED", "profile_sidebar_fill_color": "DDEEF6", "profile_text_color": "333333", "profile_use_background_image": true, "has_extended_profile": false, "default_profile": true, "default_profile_image": false, "following": false, "follow_request_sent": false, "notifications": false, "translator_type": "none", "withheld_in_countries": []}, "geo": null, "coordinates": null, "place": null, "contributors": null, "is_quote_status": false, "retweet_count": 0, "favorite_count": 1, "favorited": false, "retweeted": false, "lang": "en"}