{"created_at": "Thu Aug 06 00:42:35 +0000 2015", "id": 629090156314624000, "id_str": "629090156314624000", "text": "@KourtneyDaQueen @RichardMabery3 @Tyga @KylieJenner @KrisJenner @Caitlyn_Jenner @KimKardashian getting ride of that nasty animal black race", "truncated": false, "entities": {"hashtags": [], "symbols": [], "user_mentions": [{"screen_name": "KourtneyDaQueen", "name": "King Richard 060371", "id": 3277043150, "id_str": "3277043150", "indices": [0, 16]}, {"screen_name": "Tyga", "name": "T-Raww", "id": 22733444, "id_str": "22733444", "indices": [33, 38]}, {"screen_name": "KylieJenner", "name": "Kylie Jenner", "id": 236699098, "id_str": "236699098", "indices": [39, 51]}, {"screen_name": "KrisJenner", "name": "Kris Jenner", "id": 23613479, "id_str": "23613479", "indices": [52, 63]}, {"screen_name": "Caitlyn_Jenner", "name": "Caitlyn Jenner", "id": 3303293865, "id_str": "3303293865", "indices": [64, 79]}, {"screen_name": "KimKardashian", "name": "Kim Kardashian West", "id": 25365536, "id_str": "25365536", "indices": [80, 94]}], "urls": []}, "source": "<a href=\"http://twitter.com/download/android\" rel=\"nofollow\">Twitter for Android</a>", "in_reply_to_status_id": null, "in_reply_to_status_id_str": null, "in_reply_to_user_id": 3277043150, "in_reply_to_user_id_str": "3277043150", "in_reply_to_screen_name": "KourtneyDaQueen", "user": {"id": 3275255642, "id_str": "3275255642", "name": "#WhatACutie 1979", "screen_name": "GodLuvsKourtney", "location": "Calabasas, CA", "description": "God realized how cute Kourtney was when pregnant so he decided to use her as a baby incubator for himself!", "url": "http://t.co/nQcnBafWtO", "entities": {"url": {"urls": [{"url": "http://t.co/nQcnBafWtO", "expanded_url": "http://wwwKourtneyTheCutiePie.com", "display_url": "wwwKourtneyTheCutiePie.com", "indices": [0, 22]}]}, "description": {"urls": []}}, "protected": false, "followers_count": 24, "friends_count": 18, "listed_count": 2, "created_at": "Sat Jul 11 05:24:12 +0000 2015", "favourites_count": 1462, "utc_offset": null, "time_zone": null, "geo_enabled": true, "verified": false, "statuses_count": 1585, "lang": null, "contributors_enabled": false, "is_translator": false, "is_translation_enabled": false, "profile_background_color": "C0DEED", "profile_background_image_url": "http://abs.twimg.com/images/themes/theme1/bg.png", "profile_background_image_url_https": "https://abs.twimg.com/images/themes/theme1/bg.png", "profile_background_tile": false, "profile_image_url": "http://pbs.twimg.com/profile_images/619866312764846080/Q6AobqP6_normal.jpg", "profile_image_url_https": "https://pbs.twimg.com/profile_images/619866312764846080/Q6AobqP6_normal.jpg", "profile_banner_url": "https://pbs.twimg.com/profile_banners/3275255642/1436622619", "profile_link_color": "1DA1F2", "profile_sidebar_border_color": "C0DEED", "profile_sidebar_fill_color": "DDEEF6", "profile_text_color": "333333", "profile_use_background_image": true, "has_extended_profile": true, "default_profile": true, "default_profile_image": false, "following": false, "follow_request_sent": false, "notifications": false, "translator_type": "none", "withheld_in_countries": []}, "geo": null, "coordinates": null, "place": {"id": "3b77caf94bfc81fe", "url": "https://api.twitter.com/1.1/geo/id/3b77caf94bfc81fe.json", "place_type": "city", "name": "Los Angeles", "full_name": "Los Angeles, CA", "country_code": "US", "country": "United States", "contained_within": [], "bounding_box": {"type": "Polygon", "coordinates": [[[-118.668404, 33.704538], [-118.155409, 33.704538], [-118.155409, 34.337041], [-118.668404, 34.337041]]]}, "attributes": {}}, "contributors": null, "is_quote_status": false, "retweet_count": 10, "favorite_count": 7, "favorited": false, "retweeted": false, "lang": "en"}