{"created_at": "Thu Aug 06 07:17:00 +0000 2015", "id": 629189413721870336, "id_str": "629189413721870336", "text": "@ImNxva @SlimIsGod LOOK AT YOU ALWAYS CUMING IN GUYS LIKE WTF, you nasty ass niqqa might as well be like Caitlyn Jenner.", "truncated": false, "entities": {"hashtags": [], "symbols": [], "user_mentions": [{"screen_name": "ImNxva", "name": "Nova", "id": 2684389669, "id_str": "2684389669", "indices": [0, 7]}, {"screen_name": "SlimIsGod", "name": "S L I M", "id": 2684325966, "id_str": "2684325966", "indices": [8, 18]}], "urls": []}, "source": "<a href=\"http://twitter.com/download/iphone\" rel=\"nofollow\">Twitter for iPhone</a>", "in_reply_to_status_id": 629189241814134784, "in_reply_to_status_id_str": "629189241814134784", "in_reply_to_user_id": 2684389669, "in_reply_to_user_id_str": "2684389669", "in_reply_to_screen_name": "ImNxva", "user": {"id": 2818399202, "id_str": "2818399202", "name": "Zizzed", "screen_name": "ThePrezzKroger", "location": "", "description": "", "url": null, "entities": {"description": {"urls": []}}, "protected": false, "followers_count": 145, "friends_count": 208, "listed_count": 0, "created_at": "Thu Sep 18 23:57:43 +0000 2014", "favourites_count": 729, "utc_offset": null, "time_zone": null, "geo_enabled": false, "verified": false, "statuses_count": 5844, "lang": null, "contributors_enabled": false, "is_translator": false, "is_translation_enabled": false, "profile_background_color": "C0DEED", "profile_background_image_url": "http://abs.twimg.com/images/themes/theme1/bg.png", "profile_background_image_url_https": "https://abs.twimg.com/images/themes/theme1/bg.png", "profile_background_tile": false, "profile_image_url": "http://pbs.twimg.com/profile_images/635132289530200064/SF5zJsxA_normal.jpg", "profile_image_url_https": "https://pbs.twimg.com/profile_images/635132289530200064/SF5zJsxA_normal.jpg", "profile_banner_url": "https://pbs.twimg.com/profile_banners/2818399202/1479830702", "profile_link_color": "1DA1F2", "profile_sidebar_border_color": "C0DEED", "profile_sidebar_fill_color": "DDEEF6", "profile_text_color": "333333", "profile_use_background_image": true, "has_extended_profile": false, "default_profile": true, "default_profile_image": false, "following": false, "follow_request_sent": false, "notifications": false, "translator_type": "none", "withheld_in_countries": []}, "geo": null, "coordinates": null, "place": null, "contributors": null, "is_quote_status": false, "retweet_count": 0, "favorite_count": 1, "favorited": false, "retweeted": false, "lang": "en"}