{"created_at": "Thu Aug 06 18:48:17 +0000 2015", "id": 629363381636612096, "id_str": "629363381636612096", "text": "@Caitlyn_Jenner to all u with nasty commented keep them to yourself if u have nothing nice say say nothing at all", "truncated": false, "entities": {"hashtags": [], "symbols": [], "user_mentions": [{"screen_name": "Caitlyn_Jenner", "name": "Caitlyn Jenner", "id": 3303293865, "id_str": "3303293865", "indices": [0, 15]}], "urls": []}, "source": "<a href=\"http://twitter.com/download/iphone\" rel=\"nofollow\">Twitter for iPhone</a>", "in_reply_to_status_id": 629354311252844544, "in_reply_to_status_id_str": "629354311252844544", "in_reply_to_user_id": 3303293865, "in_reply_to_user_id_str": "3303293865", "in_reply_to_screen_name": "Caitlyn_Jenner", "user": {"id": 755637764, "id_str": "755637764", "name": "nickyrx", "screen_name": "nickyrx2012", "location": "", "description": "", "url": null, "entities": {"description": {"urls": []}}, "protected": false, "followers_count": 20, "friends_count": 292, "listed_count": 0, "created_at": "Mon Aug 13 18:48:35 +0000 2012", "favourites_count": 192, "utc_offset": null, "time_zone": null, "geo_enabled": false, "verified": false, "statuses_count": 431, "lang": null, "contributors_enabled": false, "is_translator": false, "is_translation_enabled": false, "profile_background_color": "642D8B", "profile_background_image_url": "http://abs.twimg.com/images/themes/theme10/bg.gif", "profile_background_image_url_https": "https://abs.twimg.com/images/themes/theme10/bg.gif", "profile_background_tile": true, "profile_image_url": "http://pbs.twimg.com/profile_images/986002515484344320/lveZtTo__normal.jpg", "profile_image_url_https": "https://pbs.twimg.com/profile_images/986002515484344320/lveZtTo__normal.jpg", "profile_banner_url": "https://pbs.twimg.com/profile_banners/755637764/1439922803", "profile_link_color": "FF0000", "profile_sidebar_border_color": "65B0DA", "profile_sidebar_fill_color": "7AC3EE", "profile_text_color": "3D1957", "profile_use_background_image": true, "has_extended_profile": false, "default_profile": false, "default_profile_image": false, "following": false, "follow_request_sent": false, "notifications": false, "translator_type": "none", "withheld_in_countries": []}, "geo": null, "coordinates": null, "place": null, "contributors": null, "is_quote_status": false, "retweet_count": 0, "favorite_count": 0, "favorited": false, "retweeted": false, "lang": "en"}