{"created_at": "Fri Aug 07 17:44:25 +0000 2015", "id": 629709695629049856, "id_str": "629709695629049856", "text": "@harpersbazaarus @Caitlyn_Jenner soooo nasty!", "truncated": false, "entities": {"hashtags": [], "symbols": [], "user_mentions": [{"screen_name": "harpersbazaarus", "name": "Harper's Bazaar", "id": 32469566, "id_str": "32469566", "indices": [0, 16]}, {"screen_name": "Caitlyn_Jenner", "name": "Caitlyn Jenner", "id": 3303293865, "id_str": "3303293865", "indices": [17, 32]}], "urls": []}, "source": "<a href=\"http://twitter.com/download/android\" rel=\"nofollow\">Twitter for Android</a>", "in_reply_to_status_id": 629709316170366976, "in_reply_to_status_id_str": "629709316170366976", "in_reply_to_user_id": 32469566, "in_reply_to_user_id_str": "32469566", "in_reply_to_screen_name": "harpersbazaarus", "user": {"id": 2901019590, "id_str": "2901019590", "name": "Awilda Garayua", "screen_name": "awilda_garayua", "location": "", "description": "Amo Al que me salvo y Perdono, Jesus!", "url": null, "entities": {"description": {"urls": []}}, "protected": false, "followers_count": 153, "friends_count": 78, "listed_count": 1, "created_at": "Sun Nov 16 02:16:30 +0000 2014", "favourites_count": 3907, "utc_offset": null, "time_zone": null, "geo_enabled": true, "verified": false, "statuses_count": 9171, "lang": null, "contributors_enabled": false, "is_translator": false, "is_translation_enabled": false, "profile_background_color": "C0DEED", "profile_background_image_url": "http://abs.twimg.com/images/themes/theme1/bg.png", "profile_background_image_url_https": "https://abs.twimg.com/images/themes/theme1/bg.png", "profile_background_tile": false, "profile_image_url": "http://pbs.twimg.com/profile_images/656191909187063808/f1I4Gftd_normal.jpg", "profile_image_url_https": "https://pbs.twimg.com/profile_images/656191909187063808/f1I4Gftd_normal.jpg", "profile_banner_url": "https://pbs.twimg.com/profile_banners/2901019590/1445283459", "profile_link_color": "1DA1F2", "profile_sidebar_border_color": "C0DEED", "profile_sidebar_fill_color": "DDEEF6", "profile_text_color": "333333", "profile_use_background_image": true, "has_extended_profile": false, "default_profile": true, "default_profile_image": false, "following": false, "follow_request_sent": false, "notifications": false, "translator_type": "none", "withheld_in_countries": []}, "geo": null, "coordinates": null, "place": null, "contributors": null, "is_quote_status": false, "retweet_count": 0, "favorite_count": 0, "favorited": false, "retweeted": false, "lang": "en"}