{"created_at": "Sat Aug 08 06:06:41 +0000 2015", "id": 629896492510220290, "id_str": "629896492510220290", "text": "I refuse to call Bruce Jenner \"Caitlyn\". Wtf is wrong with you Bruce you are a Man, U nasty fuck. Fuck transgenders that shit is fucked up", "truncated": false, "entities": {"hashtags": [], "symbols": [], "user_mentions": [], "urls": []}, "source": "<a href=\"http://twitter.com/download/iphone\" rel=\"nofollow\">Twitter for iPhone</a>", "in_reply_to_status_id": null, "in_reply_to_status_id_str": null, "in_reply_to_user_id": null, "in_reply_to_user_id_str": null, "in_reply_to_screen_name": null, "user": {"id": 373641738, "id_str": "373641738", "name": "joe b", "screen_name": "JoeBoody92", "location": "Chicago", "description": "", "url": null, "entities": {"description": {"urls": []}}, "protected": false, "followers_count": 160, "friends_count": 130, "listed_count": 0, "created_at": "Wed Sep 14 23:39:31 +0000 2011", "favourites_count": 897, "utc_offset": null, "time_zone": null, "geo_enabled": true, "verified": false, "statuses_count": 3603, "lang": null, "contributors_enabled": false, "is_translator": false, "is_translation_enabled": false, "profile_background_color": "C0DEED", "profile_background_image_url": "http://abs.twimg.com/images/themes/theme1/bg.png", "profile_background_image_url_https": "https://abs.twimg.com/images/themes/theme1/bg.png", "profile_background_tile": false, "profile_image_url": "http://pbs.twimg.com/profile_images/516705493734019073/tLAoe8Lj_normal.jpeg", "profile_image_url_https": "https://pbs.twimg.com/profile_images/516705493734019073/tLAoe8Lj_normal.jpeg", "profile_link_color": "1DA1F2", "profile_sidebar_border_color": "C0DEED", "profile_sidebar_fill_color": "DDEEF6", "profile_text_color": "333333", "profile_use_background_image": true, "has_extended_profile": false, "default_profile": true, "default_profile_image": false, "following": false, "follow_request_sent": false, "notifications": false, "translator_type": "none", "withheld_in_countries": []}, "geo": null, "coordinates": null, "place": null, "contributors": null, "is_quote_status": false, "retweet_count": 0, "favorite_count": 0, "favorited": false, "retweeted": false, "lang": "en"}