{"created_at": "Sun Aug 09 03:24:31 +0000 2015", "id": 630218071156858880, "id_str": "630218071156858880", "text": "Why are cis women being so nasty about Caitlyn Jenner? http://t.co/lweiXUv1AH", "truncated": false, "entities": {"hashtags": [], "symbols": [], "user_mentions": [], "urls": [{"url": "http://t.co/lweiXUv1AH", "expanded_url": "http://bit.ly/1T7Ejfs", "display_url": "bit.ly/1T7Ejfs", "indices": [55, 77]}]}, "source": "<a href=\"http://www.lipstickalley.com\" rel=\"nofollow\">LSATweetPoster</a>", "in_reply_to_status_id": null, "in_reply_to_status_id_str": null, "in_reply_to_user_id": null, "in_reply_to_user_id_str": null, "in_reply_to_screen_name": null, "user": {"id": 348073197, "id_str": "348073197", "name": "Lipstick Alley", "screen_name": "lipstickalley", "location": "", "description": "The Internet's largest African American Forum. Politics, News, Sports, Celebrity Gossip, Fashion and Relationship Advice from an African American perspective.", "url": "http://t.co/yseWvk7B8b", "entities": {"url": {"urls": [{"url": "http://t.co/yseWvk7B8b", "expanded_url": "http://www.lipstickalley.com", "display_url": "lipstickalley.com", "indices": [0, 22]}]}, "description": {"urls": []}}, "protected": false, "followers_count": 4398, "friends_count": 1, "listed_count": 58, "created_at": "Wed Aug 03 20:49:35 +0000 2011", "favourites_count": 0, "utc_offset": null, "time_zone": null, "geo_enabled": false, "verified": false, "statuses_count": 196726, "lang": null, "contributors_enabled": false, "is_translator": false, "is_translation_enabled": false, "profile_background_color": "C0DEED", "profile_background_image_url": "http://abs.twimg.com/images/themes/theme1/bg.png", "profile_background_image_url_https": "https://abs.twimg.com/images/themes/theme1/bg.png", "profile_background_tile": true, "profile_image_url": "http://pbs.twimg.com/profile_images/1375198189977006080/yBgwheqR_normal.png", "profile_image_url_https": "https://pbs.twimg.com/profile_images/1375198189977006080/yBgwheqR_normal.png", "profile_link_color": "0084B4", "profile_sidebar_border_color": "C0DEED", "profile_sidebar_fill_color": "DDEEF6", "profile_text_color": "333333", "profile_use_background_image": true, "has_extended_profile": false, "default_profile": false, "default_profile_image": false, "following": false, "follow_request_sent": false, "notifications": false, "translator_type": "none", "withheld_in_countries": []}, "geo": null, "coordinates": null, "place": null, "contributors": null, "is_quote_status": false, "retweet_count": 0, "favorite_count": 0, "favorited": false, "retweeted": false, "possibly_sensitive": false, "lang": "en"}