{"created_at": "Mon Aug 10 07:55:03 +0000 2015", "id": 630648539593359361, "id_str": "630648539593359361", "text": "[ News360ng ] Have You Seen Caitlyn Jenner's Nasty Bikini Body Before?? (See Photos) http://t.co/iY6t5SUgtB @News360ng", "truncated": false, "entities": {"hashtags": [], "symbols": [], "user_mentions": [{"screen_name": "news360ng", "name": "AnonymousTillBuhariResigns", "id": 2201205847, "id_str": "2201205847", "indices": [108, 118]}], "urls": [{"url": "http://t.co/iY6t5SUgtB", "expanded_url": "http://dlvr.it/Bp5zjg", "display_url": "dlvr.it/Bp5zjg", "indices": [85, 107]}]}, "source": "<a href=\"https://dlvrit.com/\" rel=\"nofollow\">dlvr.it</a>", "in_reply_to_status_id": null, "in_reply_to_status_id_str": null, "in_reply_to_user_id": null, "in_reply_to_user_id_str": null, "in_reply_to_screen_name": null, "user": {"id": 1625282604, "id_str": "1625282604", "name": "Voopin Magazine", "screen_name": "voopinmag", "location": "Nigeria", "description": "https://t.co/30KfF7iog7.More.", "url": null, "entities": {"description": {"urls": [{"url": "https://t.co/30KfF7iog7", "expanded_url": "http://Media.Entertainment.Business.Fashion", "display_url": "Media.Entertainment.Business.Fashion", "indices": [0, 23]}]}}, "protected": false, "followers_count": 78955, "friends_count": 735, "listed_count": 110, "created_at": "Sat Jul 27 11:55:47 +0000 2013", "favourites_count": 134, "utc_offset": null, "time_zone": null, "geo_enabled": false, "verified": false, "statuses_count": 78092, "lang": null, "contributors_enabled": false, "is_translator": false, "is_translation_enabled": false, "profile_background_color": "BADFCD", "profile_background_image_url": "http://abs.twimg.com/images/themes/theme12/bg.gif", "profile_background_image_url_https": "https://abs.twimg.com/images/themes/theme12/bg.gif", "profile_background_tile": true, "profile_image_url": "http://pbs.twimg.com/profile_images/819949580364156928/f-uGvjQv_normal.jpg", "profile_image_url_https": "https://pbs.twimg.com/profile_images/819949580364156928/f-uGvjQv_normal.jpg", "profile_banner_url": "https://pbs.twimg.com/profile_banners/1625282604/1484293711", "profile_link_color": "3B94D9", "profile_sidebar_border_color": "FFFFFF", "profile_sidebar_fill_color": "FFF7CC", "profile_text_color": "0C3E53", "profile_use_background_image": false, "has_extended_profile": true, "default_profile": false, "default_profile_image": false, "following": false, "follow_request_sent": false, "notifications": false, "translator_type": "none", "withheld_in_countries": []}, "geo": null, "coordinates": null, "place": null, "contributors": null, "is_quote_status": false, "retweet_count": 0, "favorite_count": 0, "favorited": false, "retweeted": false, "possibly_sensitive": false, "lang": "en"}