{"created_at": "Mon Aug 10 07:40:39 +0000 2015", "id": 630644914225815552, "id_str": "630644914225815552", "text": "Have You Seen Caitlyn Jenner's Nasty Bikini Body Before?? (See Photos) http://t.co/ltzm6K0dbc", "truncated": false, "entities": {"hashtags": [], "symbols": [], "user_mentions": [], "urls": [{"url": "http://t.co/ltzm6K0dbc", "expanded_url": "http://fb.me/5eqpSD63D", "display_url": "fb.me/5eqpSD63D", "indices": [71, 93]}]}, "source": "<a href=\"http://www.facebook.com/twitter\" rel=\"nofollow\">Facebook</a>", "in_reply_to_status_id": null, "in_reply_to_status_id_str": null, "in_reply_to_user_id": null, "in_reply_to_user_id_str": null, "in_reply_to_screen_name": null, "user": {"id": 3004183989, "id_str": "3004183989", "name": "Jim Iyke", "screen_name": "JimIyk_0fficial", "location": "", "description": "", "url": null, "entities": {"description": {"urls": []}}, "protected": false, "followers_count": 45, "friends_count": 14, "listed_count": 1, "created_at": "Thu Jan 29 17:10:36 +0000 2015", "favourites_count": 0, "utc_offset": null, "time_zone": null, "geo_enabled": false, "verified": false, "statuses_count": 4527, "lang": null, "contributors_enabled": false, "is_translator": false, "is_translation_enabled": false, "profile_background_color": "C0DEED", "profile_background_image_url": "http://abs.twimg.com/images/themes/theme1/bg.png", "profile_background_image_url_https": "https://abs.twimg.com/images/themes/theme1/bg.png", "profile_background_tile": false, "profile_image_url": "http://pbs.twimg.com/profile_images/560848689090949121/FavFfoMY_normal.jpeg", "profile_image_url_https": "https://pbs.twimg.com/profile_images/560848689090949121/FavFfoMY_normal.jpeg", "profile_link_color": "1DA1F2", "profile_sidebar_border_color": "C0DEED", "profile_sidebar_fill_color": "DDEEF6", "profile_text_color": "333333", "profile_use_background_image": true, "has_extended_profile": false, "default_profile": true, "default_profile_image": false, "following": false, "follow_request_sent": false, "notifications": false, "translator_type": "none", "withheld_in_countries": []}, "geo": null, "coordinates": null, "place": null, "contributors": null, "is_quote_status": false, "retweet_count": 0, "favorite_count": 0, "favorited": false, "retweeted": false, "possibly_sensitive": false, "lang": "en"}