{"created_at": "Mon Aug 10 07:30:12 +0000 2015", "id": 630642285118554112, "id_str": "630642285118554112", "text": "Have You Seen Caitlyn Jenner's Nasty Bikini Body Before?? (See Photos): \u00a0Please chat with us on BBM,Join our c... http://t.co/CXmcyVXX2i", "truncated": false, "entities": {"hashtags": [], "symbols": [], "user_mentions": [], "urls": [{"url": "http://t.co/CXmcyVXX2i", "expanded_url": "http://bit.ly/1grSNoD", "display_url": "bit.ly/1grSNoD", "indices": [114, 136]}]}, "source": "<a href=\"http://twitterfeed.com\" rel=\"nofollow\">twitterfeed</a>", "in_reply_to_status_id": null, "in_reply_to_status_id_str": null, "in_reply_to_user_id": null, "in_reply_to_user_id_str": null, "in_reply_to_screen_name": null, "user": {"id": 2201205847, "id_str": "2201205847", "name": "AnonymousTillBuhariResigns", "screen_name": "news360ng", "location": "Nigeria", "description": "I Speak for the poor,I hate lies and propaganda so APC beware, I share plenty of sports news as well so sit back and enjoy my tweets. Follow me I follow back.", "url": "https://t.co/SrQP3QqZLa", "entities": {"url": {"urls": [{"url": "https://t.co/SrQP3QqZLa", "expanded_url": "http://www.sportscruz.com", "display_url": "sportscruz.com", "indices": [0, 23]}]}, "description": {"urls": []}}, "protected": false, "followers_count": 19826, "friends_count": 9267, "listed_count": 17, "created_at": "Mon Nov 18 12:13:57 +0000 2013", "favourites_count": 13, "utc_offset": null, "time_zone": null, "geo_enabled": false, "verified": false, "statuses_count": 29633, "lang": null, "contributors_enabled": false, "is_translator": false, "is_translation_enabled": false, "profile_background_color": "C0DEED", "profile_background_image_url": "http://abs.twimg.com/images/themes/theme1/bg.png", "profile_background_image_url_https": "https://abs.twimg.com/images/themes/theme1/bg.png", "profile_background_tile": false, "profile_image_url": "http://pbs.twimg.com/profile_images/1318919722847641600/Tf7DH49l_normal.jpg", "profile_image_url_https": "https://pbs.twimg.com/profile_images/1318919722847641600/Tf7DH49l_normal.jpg", "profile_link_color": "1DA1F2", "profile_sidebar_border_color": "C0DEED", "profile_sidebar_fill_color": "DDEEF6", "profile_text_color": "333333", "profile_use_background_image": true, "has_extended_profile": true, "default_profile": true, "default_profile_image": false, "following": false, "follow_request_sent": false, "notifications": false, "translator_type": "none", "withheld_in_countries": []}, "geo": null, "coordinates": null, "place": null, "contributors": null, "is_quote_status": false, "retweet_count": 0, "favorite_count": 0, "favorited": false, "retweeted": false, "possibly_sensitive": false, "lang": "en"}