{"created_at": "Mon Aug 10 16:40:42 +0000 2015", "id": 630780824078692352, "id_str": "630780824078692352", "text": "my mom posted on something nasty on facebook about caitlyn jenner and this random guy found the post &amp; wrote her boss trying to get her in", "truncated": false, "entities": {"hashtags": [], "symbols": [], "user_mentions": [], "urls": []}, "source": "<a href=\"http://twitter.com/download/iphone\" rel=\"nofollow\">Twitter for iPhone</a>", "in_reply_to_status_id": null, "in_reply_to_status_id_str": null, "in_reply_to_user_id": null, "in_reply_to_user_id_str": null, "in_reply_to_screen_name": null, "user": {"id": 192211252, "id_str": "192211252", "name": "gabrielle", "screen_name": "tomlincuddle", "location": "", "description": "i\u2019m out of my mind please leave a message", "url": null, "entities": {"description": {"urls": []}}, "protected": false, "followers_count": 12985, "friends_count": 176, "listed_count": 97, "created_at": "Sat Sep 18 14:05:40 +0000 2010", "favourites_count": 5954, "utc_offset": null, "time_zone": null, "geo_enabled": true, "verified": false, "statuses_count": 278534, "lang": null, "contributors_enabled": false, "is_translator": false, "is_translation_enabled": false, "profile_background_color": "FFFFFA", "profile_background_image_url": "http://abs.twimg.com/images/themes/theme1/bg.png", "profile_background_image_url_https": "https://abs.twimg.com/images/themes/theme1/bg.png", "profile_background_tile": true, "profile_image_url": "http://pbs.twimg.com/profile_images/1368664819524640769/6H-HntIY_normal.jpg", "profile_image_url_https": "https://pbs.twimg.com/profile_images/1368664819524640769/6H-HntIY_normal.jpg", "profile_banner_url": "https://pbs.twimg.com/profile_banners/192211252/1548044838", "profile_link_color": "ABB8C2", "profile_sidebar_border_color": "FFFFFF", "profile_sidebar_fill_color": "7AC3EE", "profile_text_color": "3D1957", "profile_use_background_image": true, "has_extended_profile": true, "default_profile": false, "default_profile_image": false, "following": false, "follow_request_sent": false, "notifications": false, "translator_type": "none", "withheld_in_countries": []}, "geo": null, "coordinates": null, "place": null, "contributors": null, "is_quote_status": false, "retweet_count": 0, "favorite_count": 0, "favorited": false, "retweeted": false, "lang": "en"}