{"created_at": "Mon Aug 10 20:30:04 +0000 2015", "id": 630838545675091969, "id_str": "630838545675091969", "text": "These transgender women are being so nasty towards Caitlyn Jenner #IAmCait", "truncated": false, "entities": {"hashtags": [{"text": "IAmCait", "indices": [66, 74]}], "symbols": [], "user_mentions": [], "urls": []}, "source": "<a href=\"http://twitter.com/download/android\" rel=\"nofollow\">Twitter for Android</a>", "in_reply_to_status_id": null, "in_reply_to_status_id_str": null, "in_reply_to_user_id": null, "in_reply_to_user_id_str": null, "in_reply_to_screen_name": null, "user": {"id": 42726187, "id_str": "42726187", "name": "Victoria Higgins", "screen_name": "VICVICx", "location": "", "description": "Estate agent, Cat Mum, \nCapricorn \ud83d\udc08", "url": null, "entities": {"description": {"urls": []}}, "protected": false, "followers_count": 427, "friends_count": 816, "listed_count": 1, "created_at": "Tue May 26 21:29:22 +0000 2009", "favourites_count": 16541, "utc_offset": null, "time_zone": null, "geo_enabled": true, "verified": false, "statuses_count": 35120, "lang": null, "contributors_enabled": false, "is_translator": false, "is_translation_enabled": false, "profile_background_color": "FCF7F9", "profile_background_image_url": "http://abs.twimg.com/images/themes/theme11/bg.gif", "profile_background_image_url_https": "https://abs.twimg.com/images/themes/theme11/bg.gif", "profile_background_tile": true, "profile_image_url": "http://pbs.twimg.com/profile_images/1369781903356727298/p9U2hH0X_normal.jpg", "profile_image_url_https": "https://pbs.twimg.com/profile_images/1369781903356727298/p9U2hH0X_normal.jpg", "profile_banner_url": "https://pbs.twimg.com/profile_banners/42726187/1597698713", "profile_link_color": "EB9BC3", "profile_sidebar_border_color": "FCF7F9", "profile_sidebar_fill_color": "F7F7F7", "profile_text_color": "E698DD", "profile_use_background_image": true, "has_extended_profile": true, "default_profile": false, "default_profile_image": false, "following": false, "follow_request_sent": false, "notifications": false, "translator_type": "none", "withheld_in_countries": []}, "geo": null, "coordinates": null, "place": null, "contributors": null, "is_quote_status": false, "retweet_count": 0, "favorite_count": 2, "favorited": false, "retweeted": false, "lang": "en"}