{"created_at": "Mon Aug 17 02:39:14 +0000 2015", "id": 633105775674589184, "id_str": "633105775674589184", "text": "@IAmCait @ENews @KrisJenner @Caitlyn_Jenner All of a sudden her daughter what to be on there mom side, after all the nasty things done 2 her", "truncated": false, "entities": {"hashtags": [], "symbols": [], "user_mentions": [{"screen_name": "IAmCait", "name": "I Am Cait", "id": 3234066668, "id_str": "3234066668", "indices": [0, 8]}, {"screen_name": "enews", "name": "E! News", "id": 2883841, "id_str": "2883841", "indices": [9, 15]}, {"screen_name": "KrisJenner", "name": "Kris Jenner", "id": 23613479, "id_str": "23613479", "indices": [16, 27]}, {"screen_name": "Caitlyn_Jenner", "name": "Caitlyn Jenner", "id": 3303293865, "id_str": "3303293865", "indices": [28, 43]}], "urls": []}, "source": "<a href=\"http://twitter.com/download/android\" rel=\"nofollow\">Twitter for Android</a>", "in_reply_to_status_id": 633082287207284736, "in_reply_to_status_id_str": "633082287207284736", "in_reply_to_user_id": 3234066668, "in_reply_to_user_id_str": "3234066668", "in_reply_to_screen_name": "IAmCait", "user": {"id": 3024557150, "id_str": "3024557150", "name": "TDA@Terry", "screen_name": "a9252a5355304b2", "location": "California, USA", "description": "", "url": null, "entities": {"description": {"urls": []}}, "protected": false, "followers_count": 19, "friends_count": 196, "listed_count": 0, "created_at": "Wed Feb 18 00:52:00 +0000 2015", "favourites_count": 1556, "utc_offset": null, "time_zone": null, "geo_enabled": false, "verified": false, "statuses_count": 919, "lang": null, "contributors_enabled": false, "is_translator": false, "is_translation_enabled": false, "profile_background_color": "C0DEED", "profile_background_image_url": "http://abs.twimg.com/images/themes/theme1/bg.png", "profile_background_image_url_https": "https://abs.twimg.com/images/themes/theme1/bg.png", "profile_background_tile": false, "profile_image_url": "http://pbs.twimg.com/profile_images/712736529290960896/PSm3bUH__normal.jpg", "profile_image_url_https": "https://pbs.twimg.com/profile_images/712736529290960896/PSm3bUH__normal.jpg", "profile_banner_url": "https://pbs.twimg.com/profile_banners/3024557150/1447975872", "profile_link_color": "1DA1F2", "profile_sidebar_border_color": "C0DEED", "profile_sidebar_fill_color": "DDEEF6", "profile_text_color": "333333", "profile_use_background_image": true, "has_extended_profile": false, "default_profile": true, "default_profile_image": false, "following": false, "follow_request_sent": false, "notifications": false, "translator_type": "none", "withheld_in_countries": []}, "geo": null, "coordinates": null, "place": null, "contributors": null, "is_quote_status": false, "retweet_count": 0, "favorite_count": 0, "favorited": false, "retweeted": false, "lang": "en"}