{"created_at": "Mon Aug 17 02:19:06 +0000 2015", "id": 633100711891304452, "id_str": "633100711891304452", "text": "And once again, the Kardashian girls are being mean and nasty to @Caitlyn_Jenner. #meanpeoplesuck #loveyouCait \ud83d\ude4b\ud83c\udffc\ud83d\udc95", "truncated": false, "entities": {"hashtags": [{"text": "meanpeoplesuck", "indices": [82, 97]}, {"text": "loveyouCait", "indices": [98, 110]}], "symbols": [], "user_mentions": [{"screen_name": "Caitlyn_Jenner", "name": "Caitlyn Jenner", "id": 3303293865, "id_str": "3303293865", "indices": [65, 80]}], "urls": []}, "source": "<a href=\"http://twitter.com/download/iphone\" rel=\"nofollow\">Twitter for iPhone</a>", "in_reply_to_status_id": null, "in_reply_to_status_id_str": null, "in_reply_to_user_id": null, "in_reply_to_user_id_str": null, "in_reply_to_screen_name": null, "user": {"id": 15222959, "id_str": "15222959", "name": "The JBo", "screen_name": "Jilly_Vanilly71", "location": "Chicago", "description": "#Adlife #Chicago #U2 #Advocate #GlobalCitizen", "url": null, "entities": {"description": {"urls": []}}, "protected": false, "followers_count": 164, "friends_count": 172, "listed_count": 13, "created_at": "Tue Jun 24 19:10:26 +0000 2008", "favourites_count": 4278, "utc_offset": null, "time_zone": null, "geo_enabled": true, "verified": false, "statuses_count": 2189, "lang": null, "contributors_enabled": false, "is_translator": false, "is_translation_enabled": false, "profile_background_color": "EDECE9", "profile_background_image_url": "http://abs.twimg.com/images/themes/theme3/bg.gif", "profile_background_image_url_https": "https://abs.twimg.com/images/themes/theme3/bg.gif", "profile_background_tile": true, "profile_image_url": "http://pbs.twimg.com/profile_images/975169186182856705/T0LUWWYE_normal.jpg", "profile_image_url_https": "https://pbs.twimg.com/profile_images/975169186182856705/T0LUWWYE_normal.jpg", "profile_banner_url": "https://pbs.twimg.com/profile_banners/15222959/1456454933", "profile_link_color": "088253", "profile_sidebar_border_color": "D3D2CF", "profile_sidebar_fill_color": "E3E2DE", "profile_text_color": "634047", "profile_use_background_image": true, "has_extended_profile": false, "default_profile": false, "default_profile_image": false, "following": false, "follow_request_sent": false, "notifications": false, "translator_type": "none", "withheld_in_countries": []}, "geo": null, "coordinates": null, "place": null, "contributors": null, "is_quote_status": false, "retweet_count": 0, "favorite_count": 0, "favorited": false, "retweeted": false, "lang": "en"}