{"created_at": "Wed Aug 19 14:41:41 +0000 2015", "id": 634012363201449985, "id_str": "634012363201449985", "text": "Niggas out here prolly really think Caitlyn Jenner is fine ..... Nasty denna hoe", "truncated": false, "entities": {"hashtags": [], "symbols": [], "user_mentions": [], "urls": []}, "source": "<a href=\"http://twitter.com/download/iphone\" rel=\"nofollow\">Twitter for iPhone</a>", "in_reply_to_status_id": null, "in_reply_to_status_id_str": null, "in_reply_to_user_id": null, "in_reply_to_user_id_str": null, "in_reply_to_screen_name": null, "user": {"id": 344738506, "id_str": "344738506", "name": "Certified Loverboy \ud83c\udf96", "screen_name": "Dreid101", "location": "Dallas, Tx", "description": "LOYALTY OVER EVERYTHING \ud83e\udd1e\ud83c\udffe", "url": null, "entities": {"description": {"urls": []}}, "protected": false, "followers_count": 1541, "friends_count": 1292, "listed_count": 9, "created_at": "Fri Jul 29 14:24:03 +0000 2011", "favourites_count": 33337, "utc_offset": null, "time_zone": null, "geo_enabled": true, "verified": false, "statuses_count": 65185, "lang": null, "contributors_enabled": false, "is_translator": false, "is_translation_enabled": false, "profile_background_color": "000000", "profile_background_image_url": "http://abs.twimg.com/images/themes/theme1/bg.png", "profile_background_image_url_https": "https://abs.twimg.com/images/themes/theme1/bg.png", "profile_background_tile": false, "profile_image_url": "http://pbs.twimg.com/profile_images/1379635852524011520/6_OYm1Cc_normal.jpg", "profile_image_url_https": "https://pbs.twimg.com/profile_images/1379635852524011520/6_OYm1Cc_normal.jpg", "profile_banner_url": "https://pbs.twimg.com/profile_banners/344738506/1599748015", "profile_link_color": "3B94D9", "profile_sidebar_border_color": "000000", "profile_sidebar_fill_color": "000000", "profile_text_color": "000000", "profile_use_background_image": false, "has_extended_profile": true, "default_profile": false, "default_profile_image": false, "following": false, "follow_request_sent": false, "notifications": false, "translator_type": "none", "withheld_in_countries": []}, "geo": null, "coordinates": null, "place": null, "contributors": null, "is_quote_status": false, "retweet_count": 1, "favorite_count": 0, "favorited": false, "retweeted": false, "lang": "en"}