{"created_at": "Thu Aug 20 07:38:29 +0000 2015", "id": 634268249916600320, "id_str": "634268249916600320", "text": "@Caitlyn_Jenner that work of art is amazing\ud83d\udc4c.. But the last thing I want is for you to read those nasty, vicious, hateful words\ud83d\ude2d\ud83d\ude25\ud83d\ude15", "truncated": false, "entities": {"hashtags": [], "symbols": [], "user_mentions": [{"screen_name": "Caitlyn_Jenner", "name": "Caitlyn Jenner", "id": 3303293865, "id_str": "3303293865", "indices": [0, 15]}], "urls": []}, "source": "<a href=\"http://twitter.com/download/iphone\" rel=\"nofollow\">Twitter for iPhone</a>", "in_reply_to_status_id": 634158536558178304, "in_reply_to_status_id_str": "634158536558178304", "in_reply_to_user_id": 3303293865, "in_reply_to_user_id_str": "3303293865", "in_reply_to_screen_name": "Caitlyn_Jenner", "user": {"id": 128393727, "id_str": "128393727", "name": "in love w/ gemma chan", "screen_name": "ibrittanylong", "location": "\ud83c\uddf5\ud83c\udded\ud83c\udff3\ufe0f\u200d\ud83c\udf08", "description": "girls love to say they\u2019re gay when they like boys/men. psa you\u2019re not gay \u270b\ud83c\udffc", "url": null, "entities": {"description": {"urls": []}}, "protected": false, "followers_count": 5247, "friends_count": 456, "listed_count": 62, "created_at": "Thu Apr 01 00:37:35 +0000 2010", "favourites_count": 71719, "utc_offset": null, "time_zone": null, "geo_enabled": false, "verified": false, "statuses_count": 593120, "lang": null, "contributors_enabled": false, "is_translator": false, "is_translation_enabled": false, "profile_background_color": "EDF4F5", "profile_background_image_url": "http://abs.twimg.com/images/themes/theme4/bg.gif", "profile_background_image_url_https": "https://abs.twimg.com/images/themes/theme4/bg.gif", "profile_background_tile": true, "profile_image_url": "http://pbs.twimg.com/profile_images/1388813997240107008/hE8m4Zq4_normal.jpg", "profile_image_url_https": "https://pbs.twimg.com/profile_images/1388813997240107008/hE8m4Zq4_normal.jpg", "profile_banner_url": "https://pbs.twimg.com/profile_banners/128393727/1618106419", "profile_link_color": "030205", "profile_sidebar_border_color": "000000", "profile_sidebar_fill_color": "95E8EC", "profile_text_color": "2F93E0", "profile_use_background_image": true, "has_extended_profile": false, "default_profile": false, "default_profile_image": false, "following": false, "follow_request_sent": false, "notifications": false, "translator_type": "regular", "withheld_in_countries": []}, "geo": null, "coordinates": null, "place": null, "contributors": null, "is_quote_status": false, "retweet_count": 0, "favorite_count": 1, "favorited": false, "retweeted": false, "lang": "en"}