{"created_at": "Thu Aug 20 16:45:26 +0000 2015", "id": 634405892440518656, "id_str": "634405892440518656", "text": "@Caitlyn_Jenner \nGood for you girl! You've endured some nasty stuff (trolls) &amp; come out a stronger stunning woman; be true to u! #impressed", "truncated": false, "entities": {"hashtags": [{"text": "impressed", "indices": [133, 143]}], "symbols": [], "user_mentions": [{"screen_name": "Caitlyn_Jenner", "name": "Caitlyn Jenner", "id": 3303293865, "id_str": "3303293865", "indices": [0, 15]}], "urls": []}, "source": "<a href=\"http://twitter.com/download/android\" rel=\"nofollow\">Twitter for Android</a>", "in_reply_to_status_id": null, "in_reply_to_status_id_str": null, "in_reply_to_user_id": 3303293865, "in_reply_to_user_id_str": "3303293865", "in_reply_to_screen_name": "Caitlyn_Jenner", "user": {"id": 47305168, "id_str": "47305168", "name": "Deborah Knight", "screen_name": "Eostara", "location": "Darwin NT", "description": "#Animals #Writer #Indigo #Humour #Smartarse  #KeepWolvesListed #Lupus #OralCancer #RheumatoidArthritis\n Views are my own (unless I stole 'em \ud83d\ude06)", "url": null, "entities": {"description": {"urls": []}}, "protected": false, "followers_count": 3543, "friends_count": 4191, "listed_count": 0, "created_at": "Mon Jun 15 10:23:44 +0000 2009", "favourites_count": 9739, "utc_offset": null, "time_zone": null, "geo_enabled": true, "verified": false, "statuses_count": 23996, "lang": null, "contributors_enabled": false, "is_translator": false, "is_translation_enabled": false, "profile_background_color": "709397", "profile_background_image_url": "http://abs.twimg.com/images/themes/theme6/bg.gif", "profile_background_image_url_https": "https://abs.twimg.com/images/themes/theme6/bg.gif", "profile_background_tile": true, "profile_image_url": "http://pbs.twimg.com/profile_images/885048279863525379/jPF5EC1f_normal.jpg", "profile_image_url_https": "https://pbs.twimg.com/profile_images/885048279863525379/jPF5EC1f_normal.jpg", "profile_banner_url": "https://pbs.twimg.com/profile_banners/47305168/1495013273", "profile_link_color": "333333", "profile_sidebar_border_color": "86A4A6", "profile_sidebar_fill_color": "A0C5C7", "profile_text_color": "FF3300", "profile_use_background_image": true, "has_extended_profile": true, "default_profile": false, "default_profile_image": false, "following": false, "follow_request_sent": false, "notifications": false, "translator_type": "none", "withheld_in_countries": []}, "geo": {"type": "Point", "coordinates": [-12.4066502, 130.8865072]}, "coordinates": {"type": "Point", "coordinates": [130.8865072, -12.4066502]}, "place": {"id": "002891d33ed032d3", "url": "https://api.twitter.com/1.1/geo/id/002891d33ed032d3.json", "place_type": "city", "name": "Darwin", "full_name": "Darwin, Northern Territory", "country_code": "AU", "country": "Australia", "contained_within": [], "bounding_box": {"type": "Polygon", "coordinates": [[[130.815116992, -12.521741584], [131.05149984, -12.521741584], [131.05149984, -12.330059717], [130.815116992, -12.330059717]]]}, "attributes": {}}, "contributors": null, "is_quote_status": false, "retweet_count": 0, "favorite_count": 0, "favorited": false, "retweeted": false, "lang": "en"}