{"created_at": "Thu Aug 20 19:41:49 +0000 2015", "id": 634450282492088320, "id_str": "634450282492088320", "text": "@lovatotra you r a sad excuse of a person,so vile n nasty, u should b ashamed of urself U asshole.SMFH  @Caitlyn_Jenner.love u", "truncated": false, "entities": {"hashtags": [], "symbols": [], "user_mentions": [{"screen_name": "lovatotra", "name": "emma", "id": 4029081507, "id_str": "4029081507", "indices": [0, 10]}, {"screen_name": "Caitlyn_Jenner", "name": "Caitlyn Jenner", "id": 3303293865, "id_str": "3303293865", "indices": [104, 119]}], "urls": []}, "source": "<a href=\"http://twitter.com/download/android\" rel=\"nofollow\">Twitter for Android</a>", "in_reply_to_status_id": null, "in_reply_to_status_id_str": null, "in_reply_to_user_id": null, "in_reply_to_user_id_str": null, "in_reply_to_screen_name": null, "user": {"id": 35529858, "id_str": "35529858", "name": "Donna", "screen_name": "Roxy1108", "location": "Brentwood, California ", "description": "Live, love laugh", "url": null, "entities": {"description": {"urls": []}}, "protected": false, "followers_count": 6, "friends_count": 0, "listed_count": 0, "created_at": "Sun Apr 26 18:39:14 +0000 2009", "favourites_count": 76, "utc_offset": null, "time_zone": null, "geo_enabled": true, "verified": false, "statuses_count": 129, "lang": null, "contributors_enabled": false, "is_translator": false, "is_translation_enabled": false, "profile_background_color": "C0DEED", "profile_background_image_url": "http://abs.twimg.com/images/themes/theme1/bg.png", "profile_background_image_url_https": "https://abs.twimg.com/images/themes/theme1/bg.png", "profile_background_tile": false, "profile_image_url": "http://pbs.twimg.com/profile_images/608060843490705408/6IoN789x_normal.jpg", "profile_image_url_https": "https://pbs.twimg.com/profile_images/608060843490705408/6IoN789x_normal.jpg", "profile_link_color": "1DA1F2", "profile_sidebar_border_color": "C0DEED", "profile_sidebar_fill_color": "DDEEF6", "profile_text_color": "333333", "profile_use_background_image": true, "has_extended_profile": false, "default_profile": true, "default_profile_image": false, "following": false, "follow_request_sent": false, "notifications": false, "translator_type": "none", "withheld_in_countries": []}, "geo": null, "coordinates": null, "place": null, "contributors": null, "is_quote_status": false, "retweet_count": 0, "favorite_count": 0, "favorited": false, "retweeted": false, "lang": "en"}