{"created_at": "Thu Aug 20 22:59:41 +0000 2015", "id": 634500078103871488, "id_str": "634500078103871488", "text": "Bruh if Caitlyn Jenner has to go to a male prison...he gonna be getting tossed up real nasty nh", "truncated": false, "entities": {"hashtags": [], "symbols": [], "user_mentions": [], "urls": []}, "source": "<a href=\"http://twitter.com/download/iphone\" rel=\"nofollow\">Twitter for iPhone</a>", "in_reply_to_status_id": null, "in_reply_to_status_id_str": null, "in_reply_to_user_id": null, "in_reply_to_user_id_str": null, "in_reply_to_screen_name": null, "user": {"id": 126599757, "id_str": "126599757", "name": "CURE", "screen_name": "CureHipHop", "location": "\ud83d\udccdSouth Philly", "description": "thecure4hiphop@Gmail.com IG: CureHipHop#", "url": "https://t.co/HQOZhY5Xte", "entities": {"url": {"urls": [{"url": "https://t.co/HQOZhY5Xte", "expanded_url": "http://Www.curehiphop.com", "display_url": "curehiphop.com", "indices": [0, 23]}]}, "description": {"urls": []}}, "protected": false, "followers_count": 5049, "friends_count": 2899, "listed_count": 49, "created_at": "Fri Mar 26 11:29:33 +0000 2010", "favourites_count": 17894, "utc_offset": null, "time_zone": null, "geo_enabled": true, "verified": false, "statuses_count": 224483, "lang": null, "contributors_enabled": false, "is_translator": false, "is_translation_enabled": false, "profile_background_color": "131516", "profile_background_image_url": "http://abs.twimg.com/images/themes/theme1/bg.png", "profile_background_image_url_https": "https://abs.twimg.com/images/themes/theme1/bg.png", "profile_background_tile": false, "profile_image_url": "http://pbs.twimg.com/profile_images/1367898858009866250/O9MxLAyA_normal.jpg", "profile_image_url_https": "https://pbs.twimg.com/profile_images/1367898858009866250/O9MxLAyA_normal.jpg", "profile_banner_url": "https://pbs.twimg.com/profile_banners/126599757/1461806140", "profile_link_color": "009999", "profile_sidebar_border_color": "EEEEEE", "profile_sidebar_fill_color": "EFEFEF", "profile_text_color": "333333", "profile_use_background_image": true, "has_extended_profile": false, "default_profile": false, "default_profile_image": false, "following": false, "follow_request_sent": false, "notifications": false, "translator_type": "none", "withheld_in_countries": []}, "geo": null, "coordinates": null, "place": null, "contributors": null, "is_quote_status": false, "retweet_count": 0, "favorite_count": 1, "favorited": false, "retweeted": false, "lang": "en"}