{"created_at": "Sun Aug 23 16:04:40 +0000 2015", "id": 635482798187524096, "id_str": "635482798187524096", "text": "@C_OBrien99 @Caitlyn_Jenner what a rude and nasty thing to say you should feel disgusted !!!", "truncated": false, "entities": {"hashtags": [], "symbols": [], "user_mentions": [{"screen_name": "C_OBrien99", "name": "OB", "id": 341655598, "id_str": "341655598", "indices": [0, 11]}, {"screen_name": "Caitlyn_Jenner", "name": "Caitlyn Jenner", "id": 3303293865, "id_str": "3303293865", "indices": [12, 27]}], "urls": []}, "source": "<a href=\"http://twitter.com/download/android\" rel=\"nofollow\">Twitter for Android</a>", "in_reply_to_status_id": 635481166330527744, "in_reply_to_status_id_str": "635481166330527744", "in_reply_to_user_id": 341655598, "in_reply_to_user_id_str": "341655598", "in_reply_to_screen_name": "C_OBrien99", "user": {"id": 510088157, "id_str": "510088157", "name": "ethan", "screen_name": "smiler4life23", "location": "", "description": "my name is ethan, i love PETE BURNS ! i am gay and proud and if u hav a problem with that then u can FUCK OFF!!! follow me and i will follow back ! :D", "url": null, "entities": {"description": {"urls": []}}, "protected": false, "followers_count": 218, "friends_count": 760, "listed_count": 0, "created_at": "Thu Mar 01 11:25:44 +0000 2012", "favourites_count": 81, "utc_offset": null, "time_zone": null, "geo_enabled": false, "verified": false, "statuses_count": 422, "lang": null, "contributors_enabled": false, "is_translator": false, "is_translation_enabled": false, "profile_background_color": "0099B9", "profile_background_image_url": "http://abs.twimg.com/images/themes/theme4/bg.gif", "profile_background_image_url_https": "https://abs.twimg.com/images/themes/theme4/bg.gif", "profile_background_tile": false, "profile_image_url": "http://pbs.twimg.com/profile_images/1253160710265360386/N_7nEXeF_normal.jpg", "profile_image_url_https": "https://pbs.twimg.com/profile_images/1253160710265360386/N_7nEXeF_normal.jpg", "profile_banner_url": "https://pbs.twimg.com/profile_banners/510088157/1405029897", "profile_link_color": "0099B9", "profile_sidebar_border_color": "5ED4DC", "profile_sidebar_fill_color": "95E8EC", "profile_text_color": "3C3940", "profile_use_background_image": true, "has_extended_profile": false, "default_profile": false, "default_profile_image": false, "following": false, "follow_request_sent": false, "notifications": false, "translator_type": "none", "withheld_in_countries": []}, "geo": null, "coordinates": null, "place": null, "contributors": null, "is_quote_status": false, "retweet_count": 0, "favorite_count": 1, "favorited": false, "retweeted": false, "lang": "en"}