{"created_at": "Sun Aug 23 23:48:15 +0000 2015", "id": 635599462107324416, "id_str": "635599462107324416", "text": "@Caitlyn_Jenner @IAmCait u know people need to stop with the nasty saying and words so disrespectful it's not right so u should stop it.", "truncated": false, "entities": {"hashtags": [], "symbols": [], "user_mentions": [{"screen_name": "Caitlyn_Jenner", "name": "Caitlyn Jenner", "id": 3303293865, "id_str": "3303293865", "indices": [0, 15]}, {"screen_name": "IAmCait", "name": "I Am Cait", "id": 3234066668, "id_str": "3234066668", "indices": [16, 24]}], "urls": []}, "source": "<a href=\"http://twitter.com/download/android\" rel=\"nofollow\">Twitter for Android</a>", "in_reply_to_status_id": 635594161652113409, "in_reply_to_status_id_str": "635594161652113409", "in_reply_to_user_id": 3303293865, "in_reply_to_user_id_str": "3303293865", "in_reply_to_screen_name": "Caitlyn_Jenner", "user": {"id": 3038660968, "id_str": "3038660968", "name": "Malissa Garcia", "screen_name": "cee5b203d6ad492", "location": "", "description": "", "url": null, "entities": {"description": {"urls": []}}, "protected": false, "followers_count": 52, "friends_count": 466, "listed_count": 0, "created_at": "Sun Feb 15 09:25:53 +0000 2015", "favourites_count": 510, "utc_offset": null, "time_zone": null, "geo_enabled": true, "verified": false, "statuses_count": 1160, "lang": null, "contributors_enabled": false, "is_translator": false, "is_translation_enabled": false, "profile_background_color": "C0DEED", "profile_background_image_url": "http://abs.twimg.com/images/themes/theme1/bg.png", "profile_background_image_url_https": "https://abs.twimg.com/images/themes/theme1/bg.png", "profile_background_tile": false, "profile_image_url": "http://abs.twimg.com/sticky/default_profile_images/default_profile_normal.png", "profile_image_url_https": "https://abs.twimg.com/sticky/default_profile_images/default_profile_normal.png", "profile_link_color": "1DA1F2", "profile_sidebar_border_color": "C0DEED", "profile_sidebar_fill_color": "DDEEF6", "profile_text_color": "333333", "profile_use_background_image": true, "has_extended_profile": false, "default_profile": true, "default_profile_image": true, "following": false, "follow_request_sent": false, "notifications": false, "translator_type": "none", "withheld_in_countries": []}, "geo": null, "coordinates": null, "place": null, "contributors": null, "is_quote_status": false, "retweet_count": 0, "favorite_count": 0, "favorited": false, "retweeted": false, "lang": "en"}