{"created_at": "Tue Aug 25 21:38:36 +0000 2015", "id": 636291611589087232, "id_str": "636291611589087232", "text": "this is so nasty, same w/ the caitlyn jenner costume wth https://t.co/sATY6V9Z7g", "truncated": false, "entities": {"hashtags": [], "symbols": [], "user_mentions": [], "urls": [{"url": "https://t.co/sATY6V9Z7g", "expanded_url": "https://twitter.com/ajplus/status/636289228645732353", "display_url": "twitter.com/ajplus/status/\u2026", "indices": [57, 80]}]}, "source": "<a href=\"http://twitter.com/download/android\" rel=\"nofollow\">Twitter for Android</a>", "in_reply_to_status_id": null, "in_reply_to_status_id_str": null, "in_reply_to_user_id": null, "in_reply_to_user_id_str": null, "in_reply_to_screen_name": null, "user": {"id": 2960602662, "id_str": "2960602662", "name": "val", "screen_name": "TECNlNE", "location": "he/him", "description": "call me pretty and nasty", "url": "https://t.co/L0uF4HZsbP", "entities": {"url": {"urls": [{"url": "https://t.co/L0uF4HZsbP", "expanded_url": "http://www.thiscrush.com/~bloodrituals", "display_url": "thiscrush.com/~bloodrituals", "indices": [0, 23]}]}, "description": {"urls": []}}, "protected": false, "followers_count": 191, "friends_count": 207, "listed_count": 5, "created_at": "Tue Jan 06 10:54:26 +0000 2015", "favourites_count": 19073, "utc_offset": null, "time_zone": null, "geo_enabled": true, "verified": false, "statuses_count": 77732, "lang": null, "contributors_enabled": false, "is_translator": false, "is_translation_enabled": false, "profile_background_color": "C0DEED", "profile_background_image_url": "http://abs.twimg.com/images/themes/theme1/bg.png", "profile_background_image_url_https": "https://abs.twimg.com/images/themes/theme1/bg.png", "profile_background_tile": true, "profile_image_url": "http://pbs.twimg.com/profile_images/889237651433324547/cxLwu0Wl_normal.jpg", "profile_image_url_https": "https://pbs.twimg.com/profile_images/889237651433324547/cxLwu0Wl_normal.jpg", "profile_banner_url": "https://pbs.twimg.com/profile_banners/2960602662/1501231306", "profile_link_color": "F5ABB5", "profile_sidebar_border_color": "000000", "profile_sidebar_fill_color": "000000", "profile_text_color": "000000", "profile_use_background_image": true, "has_extended_profile": true, "default_profile": false, "default_profile_image": false, "following": false, "follow_request_sent": false, "notifications": false, "translator_type": "none", "withheld_in_countries": []}, "geo": null, "coordinates": null, "place": null, "contributors": null, "is_quote_status": true, "quoted_status_id": 636289228645732353, "quoted_status_id_str": "636289228645732353", "quoted_status": {"created_at": "Tue Aug 25 21:29:08 +0000 2015", "id": 636289228645732353, "id_str": "636289228645732353", "text": "Just one month after the #CecilTheLion outrage, 'Lion Killer Dentist' Halloween costumes pop up for sale: http://t.co/sIDTwWqsw8", "truncated": false, "entities": {"hashtags": [{"text": "CecilTheLion", "indices": [25, 38]}], "symbols": [], "user_mentions": [], "urls": [], "media": [{"id": 636289228058574848, "id_str": "636289228058574848", "indices": [106, 128], "media_url": "http://pbs.twimg.com/media/CNSNroTWwAARFB-.png", "media_url_https": "https://pbs.twimg.com/media/CNSNroTWwAARFB-.png", "url": "http://t.co/sIDTwWqsw8", "display_url": "pic.twitter.com/sIDTwWqsw8", "expanded_url": "https://twitter.com/ajplus/status/636289228645732353/photo/1", "type": "photo", "sizes": {"small": {"w": 680, "h": 650, "resize": "fit"}, "large": {"w": 1038, "h": 992, "resize": "fit"}, "thumb": {"w": 150, "h": 150, "resize": "crop"}, "medium": {"w": 1038, "h": 992, "resize": "fit"}}}]}, "extended_entities": {"media": [{"id": 636289228058574848, "id_str": "636289228058574848", "indices": [106, 128], "media_url": "http://pbs.twimg.com/media/CNSNroTWwAARFB-.png", "media_url_https": "https://pbs.twimg.com/media/CNSNroTWwAARFB-.png", "url": "http://t.co/sIDTwWqsw8", "display_url": "pic.twitter.com/sIDTwWqsw8", "expanded_url": "https://twitter.com/ajplus/status/636289228645732353/photo/1", "type": "photo", "sizes": {"small": {"w": 680, "h": 650, "resize": "fit"}, "large": {"w": 1038, "h": 992, "resize": "fit"}, "thumb": {"w": 150, "h": 150, "resize": "crop"}, "medium": {"w": 1038, "h": 992, "resize": "fit"}}}]}, "source": "<a href=\"http://www.socialflow.com\" rel=\"nofollow\">SocialFlow</a>", "in_reply_to_status_id": null, "in_reply_to_status_id_str": null, "in_reply_to_user_id": null, "in_reply_to_user_id_str": null, "in_reply_to_screen_name": null, "user": {"id": 110396781, "id_str": "110396781", "name": "AJ+", "screen_name": "ajplus", "location": "", "description": "AJ+ is a unique digital news and storytelling project promoting human rights and equality, holding power to account, and amplifying the voices of the powerless.", "url": "https://t.co/dffekhz2Zn", "entities": {"url": {"urls": [{"url": "https://t.co/dffekhz2Zn", "expanded_url": "http://ajplus.co/subtexttwp", "display_url": "ajplus.co/subtexttwp", "indices": [0, 23]}]}, "description": {"urls": []}}, "protected": false, "followers_count": 1201390, "friends_count": 353, "listed_count": 7230, "created_at": "Mon Feb 01 11:53:42 +0000 2010", "favourites_count": 2287, "utc_offset": null, "time_zone": null, "geo_enabled": true, "verified": true, "statuses_count": 91834, "lang": null, "contributors_enabled": false, "is_translator": false, "is_translation_enabled": false, "profile_background_color": "FFFFFF", "profile_background_image_url": "http://abs.twimg.com/images/themes/theme1/bg.png", "profile_background_image_url_https": "https://abs.twimg.com/images/themes/theme1/bg.png", "profile_background_tile": false, "profile_image_url": "http://pbs.twimg.com/profile_images/1012020793348198401/ohNwCtH9_normal.jpg", "profile_image_url_https": "https://pbs.twimg.com/profile_images/1012020793348198401/ohNwCtH9_normal.jpg", "profile_banner_url": "https://pbs.twimg.com/profile_banners/110396781/1592502455", "profile_link_color": "6CC5F5", "profile_sidebar_border_color": "FFFFFF", "profile_sidebar_fill_color": "8F8A89", "profile_text_color": "333333", "profile_use_background_image": false, "has_extended_profile": false, "default_profile": false, "default_profile_image": false, "following": false, "follow_request_sent": false, "notifications": false, "translator_type": "regular", "withheld_in_countries": []}, "geo": null, "coordinates": null, "place": null, "contributors": null, "is_quote_status": false, "retweet_count": 28, "favorite_count": 31, "favorited": false, "retweeted": false, "possibly_sensitive": false, "lang": "en"}, "retweet_count": 0, "favorite_count": 0, "favorited": false, "retweeted": false, "possibly_sensitive": false, "lang": "en"}