{"created_at": "Tue Aug 25 21:42:46 +0000 2015", "id": 636292660920209408, "id_str": "636292660920209408", "text": "Does anyone else agree\n 'Caitlyn Jenner' is just simply BEAUTIFUL!! \udbb8\udf27\udbb8\udf27\udbb8\udf27\udbb8\udf27\udbb8\udf2f\udbb8\udf27\udbb8\udf27\n\nNo nasty comments welcome!!!! http://t.co/8oUgZQ1uFo", "truncated": false, "entities": {"hashtags": [], "symbols": [], "user_mentions": [], "urls": [{"url": "http://t.co/8oUgZQ1uFo", "expanded_url": "http://fb.me/7vmifgrdT", "display_url": "fb.me/7vmifgrdT", "indices": [107, 129]}]}, "source": "<a href=\"http://www.facebook.com/twitter\" rel=\"nofollow\">Facebook</a>", "in_reply_to_status_id": null, "in_reply_to_status_id_str": null, "in_reply_to_user_id": null, "in_reply_to_user_id_str": null, "in_reply_to_screen_name": null, "user": {"id": 372797145, "id_str": "372797145", "name": "charlotte", "screen_name": "CuteyChar11", "location": "", "description": "", "url": null, "entities": {"description": {"urls": []}}, "protected": false, "followers_count": 2, "friends_count": 14, "listed_count": 0, "created_at": "Tue Sep 13 12:50:24 +0000 2011", "favourites_count": 1, "utc_offset": null, "time_zone": null, "geo_enabled": false, "verified": false, "statuses_count": 4768, "lang": null, "contributors_enabled": false, "is_translator": false, "is_translation_enabled": false, "profile_background_color": "C0DEED", "profile_background_image_url": "http://abs.twimg.com/images/themes/theme1/bg.png", "profile_background_image_url_https": "https://abs.twimg.com/images/themes/theme1/bg.png", "profile_background_tile": false, "profile_image_url": "http://abs.twimg.com/sticky/default_profile_images/default_profile_normal.png", "profile_image_url_https": "https://abs.twimg.com/sticky/default_profile_images/default_profile_normal.png", "profile_link_color": "1DA1F2", "profile_sidebar_border_color": "C0DEED", "profile_sidebar_fill_color": "DDEEF6", "profile_text_color": "333333", "profile_use_background_image": true, "has_extended_profile": false, "default_profile": true, "default_profile_image": true, "following": false, "follow_request_sent": false, "notifications": false, "translator_type": "none", "withheld_in_countries": []}, "geo": null, "coordinates": null, "place": null, "contributors": null, "is_quote_status": false, "retweet_count": 0, "favorite_count": 0, "favorited": false, "retweeted": false, "possibly_sensitive": false, "lang": "en"}