{"created_at": "Tue Aug 25 21:04:59 +0000 2015", "id": 636283151745183744, "id_str": "636283151745183744", "text": "How can kris Jenner and caitlyn let this nasty ass animal rap shit like this  https://t.co/P31Z8qBm3u", "truncated": false, "entities": {"hashtags": [], "symbols": [], "user_mentions": [], "urls": [{"url": "https://t.co/P31Z8qBm3u", "expanded_url": "https://twitter.com/JensenClan88/status/635917546860900352", "display_url": "twitter.com/JensenClan88/s\u2026", "indices": [78, 101]}]}, "source": "<a href=\"http://twitter.com/download/android\" rel=\"nofollow\">Twitter for Android</a>", "in_reply_to_status_id": null, "in_reply_to_status_id_str": null, "in_reply_to_user_id": null, "in_reply_to_user_id_str": null, "in_reply_to_screen_name": null, "user": {"id": 2794167523, "id_str": "2794167523", "name": "\ud83c\udf39", "screen_name": "poniiboiicurtis", "location": "", "description": "inactive just bc", "url": null, "entities": {"description": {"urls": []}}, "protected": false, "followers_count": 57, "friends_count": 103, "listed_count": 1, "created_at": "Sat Sep 06 15:15:33 +0000 2014", "favourites_count": 4566, "utc_offset": null, "time_zone": null, "geo_enabled": true, "verified": false, "statuses_count": 50657, "lang": null, "contributors_enabled": false, "is_translator": false, "is_translation_enabled": true, "profile_background_color": "C0DEED", "profile_background_image_url": "http://abs.twimg.com/images/themes/theme1/bg.png", "profile_background_image_url_https": "https://abs.twimg.com/images/themes/theme1/bg.png", "profile_background_tile": true, "profile_image_url": "http://pbs.twimg.com/profile_images/1224713523361652742/UCx3U-tl_normal.jpg", "profile_image_url_https": "https://pbs.twimg.com/profile_images/1224713523361652742/UCx3U-tl_normal.jpg", "profile_banner_url": "https://pbs.twimg.com/profile_banners/2794167523/1517963188", "profile_link_color": "0084B4", "profile_sidebar_border_color": "FFFFFF", "profile_sidebar_fill_color": "DDEEF6", "profile_text_color": "333333", "profile_use_background_image": true, "has_extended_profile": true, "default_profile": false, "default_profile_image": false, "following": false, "follow_request_sent": false, "notifications": false, "translator_type": "none", "withheld_in_countries": []}, "geo": null, "coordinates": null, "place": null, "contributors": null, "is_quote_status": true, "quoted_status_id": 635917546860900352, "quoted_status_id_str": "635917546860900352", "quoted_status": {"created_at": "Mon Aug 24 20:52:12 +0000 2015", "id": 635917546860900352, "id_str": "635917546860900352", "text": "Congrats to Tyga for writing the grossest lyrics in rap's history in regards to his recently underage girlfriend. http://t.co/yPDH2xUgJz", "truncated": false, "entities": {"hashtags": [], "symbols": [], "user_mentions": [], "urls": [], "media": [{"id": 635917546181410816, "id_str": "635917546181410816", "indices": [114, 136], "media_url": "http://pbs.twimg.com/media/CNM7o5aUwAAnm2v.png", "media_url_https": "https://pbs.twimg.com/media/CNM7o5aUwAAnm2v.png", "url": "http://t.co/yPDH2xUgJz", "display_url": "pic.twitter.com/yPDH2xUgJz", "expanded_url": "https://twitter.com/JensenClan88/status/635917546860900352/photo/1", "type": "photo", "sizes": {"medium": {"w": 623, "h": 316, "resize": "fit"}, "small": {"w": 623, "h": 316, "resize": "fit"}, "thumb": {"w": 150, "h": 150, "resize": "crop"}, "large": {"w": 623, "h": 316, "resize": "fit"}}}]}, "extended_entities": {"media": [{"id": 635917546181410816, "id_str": "635917546181410816", "indices": [114, 136], "media_url": "http://pbs.twimg.com/media/CNM7o5aUwAAnm2v.png", "media_url_https": "https://pbs.twimg.com/media/CNM7o5aUwAAnm2v.png", "url": "http://t.co/yPDH2xUgJz", "display_url": "pic.twitter.com/yPDH2xUgJz", "expanded_url": "https://twitter.com/JensenClan88/status/635917546860900352/photo/1", "type": "photo", "sizes": {"medium": {"w": 623, "h": 316, "resize": "fit"}, "small": {"w": 623, "h": 316, "resize": "fit"}, "thumb": {"w": 150, "h": 150, "resize": "crop"}, "large": {"w": 623, "h": 316, "resize": "fit"}}}]}, "source": "<a href=\"http://twitter.com\" rel=\"nofollow\">Twitter Web Client</a>", "in_reply_to_status_id": null, "in_reply_to_status_id_str": null, "in_reply_to_user_id": null, "in_reply_to_user_id_str": null, "in_reply_to_screen_name": null, "user": {"id": 19315920, "id_str": "19315920", "name": "Jensen Karp", "screen_name": "JensenKarp", "location": "Los Angeles", "description": "Father, writer, only person to debate at Oxford & perform at the Gathering of the Juggalos. Talk Ain\u2019t Cheap podcast. Buy my memoir, Kanye West Owes Me $300.", "url": "https://t.co/pHfJh8n7pe", "entities": {"url": {"urls": [{"url": "https://t.co/pHfJh8n7pe", "expanded_url": "https://linktr.ee/jensenkarp", "display_url": "linktr.ee/jensenkarp", "indices": [0, 23]}]}, "description": {"urls": []}}, "protected": false, "followers_count": 203018, "friends_count": 1297, "listed_count": 783, "created_at": "Thu Jan 22 00:01:09 +0000 2009", "favourites_count": 54477, "utc_offset": null, "time_zone": null, "geo_enabled": true, "verified": true, "statuses_count": 36825, "lang": null, "contributors_enabled": false, "is_translator": false, "is_translation_enabled": false, "profile_background_color": "9AE4E8", "profile_background_image_url": "http://abs.twimg.com/images/themes/theme1/bg.png", "profile_background_image_url_https": "https://abs.twimg.com/images/themes/theme1/bg.png", "profile_background_tile": true, "profile_image_url": "http://pbs.twimg.com/profile_images/1351928473246318593/GWJVkVGZ_normal.jpg", "profile_image_url_https": "https://pbs.twimg.com/profile_images/1351928473246318593/GWJVkVGZ_normal.jpg", "profile_banner_url": "https://pbs.twimg.com/profile_banners/19315920/1604337652", "profile_link_color": "0084B4", "profile_sidebar_border_color": "BDDCAD", "profile_sidebar_fill_color": "DDFFCC", "profile_text_color": "333333", "profile_use_background_image": true, "has_extended_profile": false, "default_profile": false, "default_profile_image": false, "following": false, "follow_request_sent": false, "notifications": false, "translator_type": "none", "withheld_in_countries": []}, "geo": null, "coordinates": null, "place": null, "contributors": null, "is_quote_status": false, "retweet_count": 1910, "favorite_count": 1567, "favorited": false, "retweeted": false, "possibly_sensitive": false, "lang": "en"}, "retweet_count": 0, "favorite_count": 0, "favorited": false, "retweeted": false, "possibly_sensitive": false, "lang": "en"}