{"created_at": "Wed Aug 26 14:14:11 +0000 2015", "id": 636542157281697792, "id_str": "636542157281697792", "text": "@Rockettank Yeah he tweeted something really nasty about Caitlyn Jenner when her process first started, I haven't looked@ him the same since", "truncated": false, "entities": {"hashtags": [], "symbols": [], "user_mentions": [{"screen_name": "Rockettank", "name": "RJ", "id": 24696197, "id_str": "24696197", "indices": [0, 11]}], "urls": []}, "source": "<a href=\"http://twitter.com/download/iphone\" rel=\"nofollow\">Twitter for iPhone</a>", "in_reply_to_status_id": 636541774094299136, "in_reply_to_status_id_str": "636541774094299136", "in_reply_to_user_id": 24696197, "in_reply_to_user_id_str": "24696197", "in_reply_to_screen_name": "Rockettank", "user": {"id": 61080228, "id_str": "61080228", "name": "Samwow\ud83d\udd2e\ud83c\udf83\ud83d\udc7b", "screen_name": "sammyyjean16", "location": "Amherst, OH", "description": "I'm a mom of 2 pugs. BGSU alumni class of '15. Ann Perkins.", "url": null, "entities": {"description": {"urls": []}}, "protected": false, "followers_count": 676, "friends_count": 1390, "listed_count": 4, "created_at": "Wed Jul 29 01:42:54 +0000 2009", "favourites_count": 56460, "utc_offset": null, "time_zone": null, "geo_enabled": true, "verified": false, "statuses_count": 12728, "lang": null, "contributors_enabled": false, "is_translator": false, "is_translation_enabled": false, "profile_background_color": "C0DEED", "profile_background_image_url": "http://abs.twimg.com/images/themes/theme1/bg.png", "profile_background_image_url_https": "https://abs.twimg.com/images/themes/theme1/bg.png", "profile_background_tile": false, "profile_image_url": "http://pbs.twimg.com/profile_images/1025176960899719168/XQJXGC_P_normal.jpg", "profile_image_url_https": "https://pbs.twimg.com/profile_images/1025176960899719168/XQJXGC_P_normal.jpg", "profile_banner_url": "https://pbs.twimg.com/profile_banners/61080228/1404709888", "profile_link_color": "1DA1F2", "profile_sidebar_border_color": "C0DEED", "profile_sidebar_fill_color": "DDEEF6", "profile_text_color": "333333", "profile_use_background_image": true, "has_extended_profile": true, "default_profile": true, "default_profile_image": false, "following": false, "follow_request_sent": false, "notifications": false, "translator_type": "none", "withheld_in_countries": []}, "geo": null, "coordinates": null, "place": null, "contributors": null, "is_quote_status": false, "retweet_count": 0, "favorite_count": 1, "favorited": false, "retweeted": false, "lang": "en"}