{"created_at": "Fri Aug 28 17:51:05 +0000 2015", "id": 637321518092013569, "id_str": "637321518092013569", "text": "Whenever Caitlyn Jenner wants to kill people for all the nasty comments they make she remembers she's a changed man", "truncated": false, "entities": {"hashtags": [], "symbols": [], "user_mentions": [], "urls": []}, "source": "<a href=\"http://twitter.com/download/android\" rel=\"nofollow\">Twitter for Android</a>", "in_reply_to_status_id": null, "in_reply_to_status_id_str": null, "in_reply_to_user_id": null, "in_reply_to_user_id_str": null, "in_reply_to_screen_name": null, "user": {"id": 728507809, "id_str": "728507809", "name": "Cerebral assasin, Gotham\u2658, Gaucho 1st touch", "screen_name": "Klumsayz", "location": "Ko spotong ", "description": "A conversation we never had, replaying in my head ||\nMay the gods keep the wolves in the hills and the women in our beds", "url": null, "entities": {"description": {"urls": []}}, "protected": false, "followers_count": 1510, "friends_count": 829, "listed_count": 6, "created_at": "Tue Jul 31 14:27:44 +0000 2012", "favourites_count": 828, "utc_offset": null, "time_zone": null, "geo_enabled": false, "verified": false, "statuses_count": 89311, "lang": null, "contributors_enabled": false, "is_translator": false, "is_translation_enabled": false, "profile_background_color": "C0DEED", "profile_background_image_url": "http://abs.twimg.com/images/themes/theme1/bg.png", "profile_background_image_url_https": "https://abs.twimg.com/images/themes/theme1/bg.png", "profile_background_tile": true, "profile_image_url": "http://pbs.twimg.com/profile_images/1387474381635559439/8fhBgWSv_normal.jpg", "profile_image_url_https": "https://pbs.twimg.com/profile_images/1387474381635559439/8fhBgWSv_normal.jpg", "profile_banner_url": "https://pbs.twimg.com/profile_banners/728507809/1469547541", "profile_link_color": "3F00B3", "profile_sidebar_border_color": "FFFFFF", "profile_sidebar_fill_color": "DDEEF6", "profile_text_color": "333333", "profile_use_background_image": true, "has_extended_profile": false, "default_profile": false, "default_profile_image": false, "following": false, "follow_request_sent": false, "notifications": false, "translator_type": "none", "withheld_in_countries": []}, "geo": null, "coordinates": null, "place": null, "contributors": null, "is_quote_status": false, "retweet_count": 0, "favorite_count": 0, "favorited": false, "retweeted": false, "lang": "en"}