{"created_at": "Sat Aug 29 02:09:32 +0000 2015", "id": 637446957678596096, "id_str": "637446957678596096", "text": "@JoeBoston617 mine is usually just random stuff.. Like I was about to post a nasty tweet about Caitlyn Jenner then I'm like \"why be an ass?\"", "truncated": false, "entities": {"hashtags": [], "symbols": [], "user_mentions": [{"screen_name": "JoeBoston617", "name": "IrishJoe13 \u270a\ud83c\udffb\u270a\ud83c\udffc\u270a\ud83c\udffd\u270a\ud83c\udffe\u270a\ud83c\udfff", "id": 344908941, "id_str": "344908941", "indices": [0, 13]}], "urls": []}, "source": "<a href=\"http://twitter.com/download/iphone\" rel=\"nofollow\">Twitter for iPhone</a>", "in_reply_to_status_id": 637446621417050112, "in_reply_to_status_id_str": "637446621417050112", "in_reply_to_user_id": 344908941, "in_reply_to_user_id_str": "344908941", "in_reply_to_screen_name": "JoeBoston617", "user": {"id": 183589792, "id_str": "183589792", "name": "\ud83c\udd85\ud83c\udd78\ud83c\udd7b\ud83c\udd74 \ud83d\udc80", "screen_name": "Vileself", "location": "o\u0287uo\u0279o\u22a5", "description": "One half of \ud835\udd4b\ud835\udd68\ud835\udd60 \ud835\udd4b\ud835\udd60\ud835\udd56 \ud835\udd4b\ud835\udd52\ud835\udd58\ud835\udd64. Pundit of Metal & Gaming. I dig UFC, PS5, Geek Culture, Art ...... pretty much all the good stuff.", "url": "https://t.co/nfe4mT64iJ", "entities": {"url": {"urls": [{"url": "https://t.co/nfe4mT64iJ", "expanded_url": "https://www.youtube.com/TwoToeTagsMetalReviews", "display_url": "youtube.com/TwoToeTagsMeta\u2026", "indices": [0, 23]}]}, "description": {"urls": []}}, "protected": false, "followers_count": 2085, "friends_count": 435, "listed_count": 23, "created_at": "Fri Aug 27 11:26:06 +0000 2010", "favourites_count": 35477, "utc_offset": null, "time_zone": null, "geo_enabled": true, "verified": false, "statuses_count": 63670, "lang": null, "contributors_enabled": false, "is_translator": false, "is_translation_enabled": false, "profile_background_color": "C0DEED", "profile_background_image_url": "http://abs.twimg.com/images/themes/theme1/bg.png", "profile_background_image_url_https": "https://abs.twimg.com/images/themes/theme1/bg.png", "profile_background_tile": false, "profile_image_url": "http://pbs.twimg.com/profile_images/1343424365636050944/OTrRtUHW_normal.jpg", "profile_image_url_https": "https://pbs.twimg.com/profile_images/1343424365636050944/OTrRtUHW_normal.jpg", "profile_banner_url": "https://pbs.twimg.com/profile_banners/183589792/1591557601", "profile_link_color": "C70000", "profile_sidebar_border_color": "C0DEED", "profile_sidebar_fill_color": "DDEEF6", "profile_text_color": "333333", "profile_use_background_image": true, "has_extended_profile": true, "default_profile": false, "default_profile_image": false, "following": false, "follow_request_sent": false, "notifications": false, "translator_type": "none", "withheld_in_countries": []}, "geo": null, "coordinates": null, "place": null, "contributors": null, "is_quote_status": false, "retweet_count": 0, "favorite_count": 0, "favorited": false, "retweeted": false, "lang": "en"}