{"created_at": "Sun Aug 30 22:04:55 +0000 2015", "id": 638110175249989634, "id_str": "638110175249989634", "text": "\u201c@Caitlyn_Jenner: Ready for some fun tonight? Tune in with me for #IAmCait at 8pm on E!\u201dnasty\ud83d\udc4e", "truncated": false, "entities": {"hashtags": [{"text": "IAmCait", "indices": [66, 74]}], "symbols": [], "user_mentions": [{"screen_name": "Caitlyn_Jenner", "name": "Caitlyn Jenner", "id": 3303293865, "id_str": "3303293865", "indices": [1, 16]}], "urls": []}, "source": "<a href=\"http://twitter.com/#!/download/ipad\" rel=\"nofollow\">Twitter for iPad</a>", "in_reply_to_status_id": 638107119003279361, "in_reply_to_status_id_str": "638107119003279361", "in_reply_to_user_id": 3303293865, "in_reply_to_user_id_str": "3303293865", "in_reply_to_screen_name": "Caitlyn_Jenner", "user": {"id": 2800904404, "id_str": "2800904404", "name": "Aka", "screen_name": "Aka22__", "location": "", "description": "", "url": null, "entities": {"description": {"urls": []}}, "protected": false, "followers_count": 426, "friends_count": 385, "listed_count": 1, "created_at": "Thu Oct 02 21:35:12 +0000 2014", "favourites_count": 18259, "utc_offset": null, "time_zone": null, "geo_enabled": true, "verified": false, "statuses_count": 8715, "lang": null, "contributors_enabled": false, "is_translator": false, "is_translation_enabled": false, "profile_background_color": "C0DEED", "profile_background_image_url": "http://abs.twimg.com/images/themes/theme1/bg.png", "profile_background_image_url_https": "https://abs.twimg.com/images/themes/theme1/bg.png", "profile_background_tile": false, "profile_image_url": "http://pbs.twimg.com/profile_images/1388625109146030084/-sNA5ZEi_normal.jpg", "profile_image_url_https": "https://pbs.twimg.com/profile_images/1388625109146030084/-sNA5ZEi_normal.jpg", "profile_link_color": "1DA1F2", "profile_sidebar_border_color": "C0DEED", "profile_sidebar_fill_color": "DDEEF6", "profile_text_color": "333333", "profile_use_background_image": true, "has_extended_profile": true, "default_profile": true, "default_profile_image": false, "following": false, "follow_request_sent": false, "notifications": false, "translator_type": "none", "withheld_in_countries": []}, "geo": null, "coordinates": null, "place": null, "contributors": null, "is_quote_status": false, "retweet_count": 1, "favorite_count": 0, "favorited": false, "retweeted": false, "lang": "en"}