{"created_at": "Wed Sep 02 11:26:59 +0000 2015", "id": 639036796765118464, "id_str": "639036796765118464", "text": "@esgaroths same!! Think it'll definitely be an eye-opener, especially after the nasty way some people reacted to caitlyn jenner this year :(", "truncated": false, "entities": {"hashtags": [], "symbols": [], "user_mentions": [], "urls": []}, "source": "<a href=\"http://twitter.com/download/iphone\" rel=\"nofollow\">Twitter for iPhone</a>", "in_reply_to_status_id": null, "in_reply_to_status_id_str": null, "in_reply_to_user_id": null, "in_reply_to_user_id_str": null, "in_reply_to_screen_name": null, "user": {"id": 2436836850, "id_str": "2436836850", "name": "chloe", "screen_name": "RAlNYEPONlNE", "location": "she/ her \ud83d\udc9b", "description": "\u201cstill, like the air, I\u2019ll rise\u201d - maya angelou \ud83d\udd4a", "url": null, "entities": {"description": {"urls": []}}, "protected": false, "followers_count": 1423, "friends_count": 538, "listed_count": 20, "created_at": "Thu Apr 10 10:44:14 +0000 2014", "favourites_count": 7342, "utc_offset": null, "time_zone": null, "geo_enabled": true, "verified": false, "statuses_count": 24803, "lang": null, "contributors_enabled": false, "is_translator": false, "is_translation_enabled": false, "profile_background_color": "C0DEED", "profile_background_image_url": "http://abs.twimg.com/images/themes/theme1/bg.png", "profile_background_image_url_https": "https://abs.twimg.com/images/themes/theme1/bg.png", "profile_background_tile": false, "profile_image_url": "http://pbs.twimg.com/profile_images/1290059101188378624/cpT7pTbd_normal.jpg", "profile_image_url_https": "https://pbs.twimg.com/profile_images/1290059101188378624/cpT7pTbd_normal.jpg", "profile_banner_url": "https://pbs.twimg.com/profile_banners/2436836850/1605915326", "profile_link_color": "0084B4", "profile_sidebar_border_color": "FFFFFF", "profile_sidebar_fill_color": "DDEEF6", "profile_text_color": "333333", "profile_use_background_image": true, "has_extended_profile": true, "default_profile": false, "default_profile_image": false, "following": false, "follow_request_sent": false, "notifications": false, "translator_type": "none", "withheld_in_countries": []}, "geo": null, "coordinates": null, "place": null, "contributors": null, "is_quote_status": false, "retweet_count": 0, "favorite_count": 0, "favorited": false, "retweeted": false, "lang": "en"}