{"created_at": "Wed Sep 02 21:25:49 +0000 2015", "id": 639187495024857088, "id_str": "639187495024857088", "text": "@dasifarms @Caitlyn_Jenner @Hager28 @maybehaya @l0vezoey nasty", "truncated": false, "entities": {"hashtags": [], "symbols": [], "user_mentions": [{"screen_name": "Caitlyn_Jenner", "name": "Caitlyn Jenner", "id": 3303293865, "id_str": "3303293865", "indices": [11, 26]}, {"screen_name": "hager28", "name": "Hager", "id": 246374297, "id_str": "246374297", "indices": [27, 35]}, {"screen_name": "maybehaya", "name": "\u273fhaya\u273f", "id": 415423485, "id_str": "415423485", "indices": [36, 46]}], "urls": []}, "source": "<a href=\"http://twitter.com/download/iphone\" rel=\"nofollow\">Twitter for iPhone</a>", "in_reply_to_status_id": null, "in_reply_to_status_id_str": null, "in_reply_to_user_id": null, "in_reply_to_user_id_str": null, "in_reply_to_screen_name": null, "user": {"id": 609209800, "id_str": "609209800", "name": "mxhra", "screen_name": "ifeelso182", "location": "Doha, Qatar", "description": "thank you papi", "url": "https://t.co/zCvvXqzFWX", "entities": {"url": {"urls": [{"url": "https://t.co/zCvvXqzFWX", "expanded_url": "http://curiouscat.me/Mahhra", "display_url": "curiouscat.me/Mahhra", "indices": [0, 23]}]}, "description": {"urls": []}}, "protected": false, "followers_count": 266, "friends_count": 129, "listed_count": 1, "created_at": "Fri Jun 15 15:43:37 +0000 2012", "favourites_count": 4634, "utc_offset": null, "time_zone": null, "geo_enabled": false, "verified": false, "statuses_count": 14779, "lang": null, "contributors_enabled": false, "is_translator": false, "is_translation_enabled": false, "profile_background_color": "C0DEED", "profile_background_image_url": "http://abs.twimg.com/images/themes/theme1/bg.png", "profile_background_image_url_https": "https://abs.twimg.com/images/themes/theme1/bg.png", "profile_background_tile": false, "profile_image_url": "http://pbs.twimg.com/profile_images/1241462865611100161/OfGTB8v1_normal.jpg", "profile_image_url_https": "https://pbs.twimg.com/profile_images/1241462865611100161/OfGTB8v1_normal.jpg", "profile_banner_url": "https://pbs.twimg.com/profile_banners/609209800/1462582716", "profile_link_color": "1DA1F2", "profile_sidebar_border_color": "C0DEED", "profile_sidebar_fill_color": "DDEEF6", "profile_text_color": "333333", "profile_use_background_image": true, "has_extended_profile": false, "default_profile": true, "default_profile_image": false, "following": false, "follow_request_sent": false, "notifications": false, "translator_type": "none", "withheld_in_countries": []}, "geo": null, "coordinates": null, "place": null, "contributors": null, "is_quote_status": false, "retweet_count": 0, "favorite_count": 0, "favorited": false, "retweeted": false, "lang": "pl"}