{"created_at": "Thu Sep 03 03:34:49 +0000 2015", "id": 639280357695598594, "id_str": "639280357695598594", "text": "@Caitlyn_Jenner @CampAranutiq Brucey your nasty and this charade has to end. You should have handed the award over to veterans and Lauren", "truncated": false, "entities": {"hashtags": [], "symbols": [], "user_mentions": [{"screen_name": "Caitlyn_Jenner", "name": "Caitlyn Jenner", "id": 3303293865, "id_str": "3303293865", "indices": [0, 15]}, {"screen_name": "CampAranutiq", "name": "Camp Aranu'tiq of Harbor Camps", "id": 331868840, "id_str": "331868840", "indices": [16, 29]}], "urls": []}, "source": "<a href=\"http://twitter.com/download/android\" rel=\"nofollow\">Twitter for Android</a>", "in_reply_to_status_id": 638401938627760129, "in_reply_to_status_id_str": "638401938627760129", "in_reply_to_user_id": 3303293865, "in_reply_to_user_id_str": "3303293865", "in_reply_to_screen_name": "Caitlyn_Jenner", "user": {"id": 3191881602, "id_str": "3191881602", "name": "Don Juan", "screen_name": "ddp70072", "location": "", "description": "Ted Cruz 2016", "url": null, "entities": {"description": {"urls": []}}, "protected": false, "followers_count": 49, "friends_count": 422, "listed_count": 0, "created_at": "Mon May 11 09:42:07 +0000 2015", "favourites_count": 2, "utc_offset": null, "time_zone": null, "geo_enabled": false, "verified": false, "statuses_count": 439, "lang": null, "contributors_enabled": false, "is_translator": false, "is_translation_enabled": false, "profile_background_color": "C0DEED", "profile_background_image_url": "http://abs.twimg.com/images/themes/theme1/bg.png", "profile_background_image_url_https": "https://abs.twimg.com/images/themes/theme1/bg.png", "profile_background_tile": false, "profile_image_url": "http://pbs.twimg.com/profile_images/597698353837703169/QpYRGu98_normal.png", "profile_image_url_https": "https://pbs.twimg.com/profile_images/597698353837703169/QpYRGu98_normal.png", "profile_link_color": "1DA1F2", "profile_sidebar_border_color": "C0DEED", "profile_sidebar_fill_color": "DDEEF6", "profile_text_color": "333333", "profile_use_background_image": true, "has_extended_profile": false, "default_profile": true, "default_profile_image": false, "following": false, "follow_request_sent": false, "notifications": false, "translator_type": "none", "withheld_in_countries": []}, "geo": null, "coordinates": null, "place": null, "contributors": null, "is_quote_status": false, "retweet_count": 0, "favorite_count": 0, "favorited": false, "retweeted": false, "lang": "en"}