{"created_at": "Fri Sep 04 04:55:57 +0000 2015", "id": 639663163470802944, "id_str": "639663163470802944", "text": "@shondarhimes @Caitlyn_Jenner that's nasty and sad that a grown man would behave like that", "truncated": false, "entities": {"hashtags": [], "symbols": [], "user_mentions": [{"screen_name": "shondarhimes", "name": "shonda rhimes", "id": 17565514, "id_str": "17565514", "indices": [0, 13]}, {"screen_name": "Caitlyn_Jenner", "name": "Caitlyn Jenner", "id": 3303293865, "id_str": "3303293865", "indices": [14, 29]}], "urls": []}, "source": "<a href=\"http://twitter.com/download/android\" rel=\"nofollow\">Twitter for Android</a>", "in_reply_to_status_id": 605476759631331329, "in_reply_to_status_id_str": "605476759631331329", "in_reply_to_user_id": 17565514, "in_reply_to_user_id_str": "17565514", "in_reply_to_screen_name": "shondarhimes", "user": {"id": 867235700, "id_str": "867235700", "name": "Kepler", "screen_name": "Keplerb22", "location": "#TEXAS", "description": "#MAGA #Christian #Conservative #1M1W #NRA #ProLife #ProGun #illfindyou", "url": null, "entities": {"description": {"urls": []}}, "protected": false, "followers_count": 697, "friends_count": 888, "listed_count": 14, "created_at": "Mon Oct 08 01:32:09 +0000 2012", "favourites_count": 394, "utc_offset": null, "time_zone": null, "geo_enabled": false, "verified": false, "statuses_count": 4203, "lang": null, "contributors_enabled": false, "is_translator": false, "is_translation_enabled": false, "profile_background_color": "131516", "profile_background_image_url": "http://abs.twimg.com/images/themes/theme14/bg.gif", "profile_background_image_url_https": "https://abs.twimg.com/images/themes/theme14/bg.gif", "profile_background_tile": true, "profile_image_url": "http://pbs.twimg.com/profile_images/675872307965890561/An0pqXxF_normal.jpg", "profile_image_url_https": "https://pbs.twimg.com/profile_images/675872307965890561/An0pqXxF_normal.jpg", "profile_banner_url": "https://pbs.twimg.com/profile_banners/867235700/1376201502", "profile_link_color": "009999", "profile_sidebar_border_color": "EEEEEE", "profile_sidebar_fill_color": "EFEFEF", "profile_text_color": "333333", "profile_use_background_image": true, "has_extended_profile": false, "default_profile": false, "default_profile_image": false, "following": false, "follow_request_sent": false, "notifications": false, "translator_type": "none", "withheld_in_countries": []}, "geo": null, "coordinates": null, "place": null, "contributors": null, "is_quote_status": false, "retweet_count": 0, "favorite_count": 0, "favorited": false, "retweeted": false, "lang": "en"}