{"created_at": "Fri Sep 04 14:50:05 +0000 2015", "id": 639812681495482368, "id_str": "639812681495482368", "text": "Kris Jenner confronts Caitlyn Jenner over nasty beef: http://t.co/Dr63eZCqUI http://t.co/xToxFPTfCo", "truncated": false, "entities": {"hashtags": [], "symbols": [], "user_mentions": [], "urls": [{"url": "http://t.co/Dr63eZCqUI", "expanded_url": "http://bit.ly/1Urpx3U", "display_url": "bit.ly/1Urpx3U", "indices": [54, 76]}], "media": [{"id": 639796477682970624, "id_str": "639796477682970624", "indices": [77, 99], "media_url": "http://pbs.twimg.com/media/COEDgbTW8AADrr5.jpg", "media_url_https": "https://pbs.twimg.com/media/COEDgbTW8AADrr5.jpg", "url": "http://t.co/xToxFPTfCo", "display_url": "pic.twitter.com/xToxFPTfCo", "expanded_url": "https://twitter.com/RollingOut/status/639812681495482368/photo/1", "type": "photo", "sizes": {"thumb": {"w": 150, "h": 150, "resize": "crop"}, "large": {"w": 480, "h": 271, "resize": "fit"}, "small": {"w": 480, "h": 271, "resize": "fit"}, "medium": {"w": 480, "h": 271, "resize": "fit"}}}]}, "extended_entities": {"media": [{"id": 639796477682970624, "id_str": "639796477682970624", "indices": [77, 99], "media_url": "http://pbs.twimg.com/media/COEDgbTW8AADrr5.jpg", "media_url_https": "https://pbs.twimg.com/media/COEDgbTW8AADrr5.jpg", "url": "http://t.co/xToxFPTfCo", "display_url": "pic.twitter.com/xToxFPTfCo", "expanded_url": "https://twitter.com/RollingOut/status/639812681495482368/photo/1", "type": "photo", "sizes": {"thumb": {"w": 150, "h": 150, "resize": "crop"}, "large": {"w": 480, "h": 271, "resize": "fit"}, "small": {"w": 480, "h": 271, "resize": "fit"}, "medium": {"w": 480, "h": 271, "resize": "fit"}}}]}, "source": "<a href=\"https://about.twitter.com/products/tweetdeck\" rel=\"nofollow\">TweetDeck</a>", "in_reply_to_status_id": null, "in_reply_to_status_id_str": null, "in_reply_to_user_id": null, "in_reply_to_user_id_str": null, "in_reply_to_screen_name": null, "user": {"id": 18085871, "id_str": "18085871", "name": "RollingOut", "screen_name": "RollingOut", "location": "", "description": "Music . Politics . Culture", "url": "https://t.co/6McsF6Br0c", "entities": {"url": {"urls": [{"url": "https://t.co/6McsF6Br0c", "expanded_url": "https://www.rollingout.com/", "display_url": "rollingout.com", "indices": [0, 23]}]}, "description": {"urls": []}}, "protected": false, "followers_count": 61327, "friends_count": 46888, "listed_count": 794, "created_at": "Fri Dec 12 21:02:37 +0000 2008", "favourites_count": 3697, "utc_offset": null, "time_zone": null, "geo_enabled": true, "verified": false, "statuses_count": 113938, "lang": null, "contributors_enabled": false, "is_translator": false, "is_translation_enabled": false, "profile_background_color": "DD2E44", "profile_background_image_url": "http://abs.twimg.com/images/themes/theme9/bg.gif", "profile_background_image_url_https": "https://abs.twimg.com/images/themes/theme9/bg.gif", "profile_background_tile": true, "profile_image_url": "http://pbs.twimg.com/profile_images/1392122758650343426/dARC91A__normal.jpg", "profile_image_url_https": "https://pbs.twimg.com/profile_images/1392122758650343426/dARC91A__normal.jpg", "profile_banner_url": "https://pbs.twimg.com/profile_banners/18085871/1620742906", "profile_link_color": "E81C4F", "profile_sidebar_border_color": "FFFFFF", "profile_sidebar_fill_color": "252429", "profile_text_color": "666666", "profile_use_background_image": true, "has_extended_profile": false, "default_profile": false, "default_profile_image": false, "following": false, "follow_request_sent": false, "notifications": false, "translator_type": "none", "withheld_in_countries": []}, "geo": null, "coordinates": null, "place": null, "contributors": null, "is_quote_status": false, "retweet_count": 3, "favorite_count": 0, "favorited": false, "retweeted": false, "possibly_sensitive": false, "lang": "en"}