{"created_at": "Fri Sep 04 22:23:51 +0000 2015", "id": 639926877893840896, "id_str": "639926877893840896", "text": "@Caitlyn_Jenner apparently is opposed to gay marriage ... I hope it's just a nasty rumor because if not I will be so disappointed @IAmCait", "truncated": false, "entities": {"hashtags": [], "symbols": [], "user_mentions": [{"screen_name": "Caitlyn_Jenner", "name": "Caitlyn Jenner", "id": 3303293865, "id_str": "3303293865", "indices": [0, 15]}, {"screen_name": "IAmCait", "name": "I Am Cait", "id": 3234066668, "id_str": "3234066668", "indices": [130, 138]}], "urls": []}, "source": "<a href=\"http://twitter.com/download/iphone\" rel=\"nofollow\">Twitter for iPhone</a>", "in_reply_to_status_id": null, "in_reply_to_status_id_str": null, "in_reply_to_user_id": 3303293865, "in_reply_to_user_id_str": "3303293865", "in_reply_to_screen_name": "Caitlyn_Jenner", "user": {"id": 308971774, "id_str": "308971774", "name": "\u264f\ufe0fDeJa Talley\u264f\ufe0f", "screen_name": "A_Chick_Like_Me", "location": "DMV ", "description": "World traveler. Home owner. Mommy. #Blessed \u2764\ufe0f", "url": "https://t.co/NO3gJlOeSk", "entities": {"url": {"urls": [{"url": "https://t.co/NO3gJlOeSk", "expanded_url": "http://www.BidenHarris2020.com", "display_url": "BidenHarris2020.com", "indices": [0, 23]}]}, "description": {"urls": []}}, "protected": false, "followers_count": 630, "friends_count": 663, "listed_count": 3, "created_at": "Wed Jun 01 09:30:54 +0000 2011", "favourites_count": 857, "utc_offset": null, "time_zone": null, "geo_enabled": true, "verified": false, "statuses_count": 22621, "lang": null, "contributors_enabled": false, "is_translator": false, "is_translation_enabled": false, "profile_background_color": "7E0CE8", "profile_background_image_url": "http://abs.twimg.com/images/themes/theme1/bg.png", "profile_background_image_url_https": "https://abs.twimg.com/images/themes/theme1/bg.png", "profile_background_tile": true, "profile_image_url": "http://pbs.twimg.com/profile_images/1285006928066818048/3a-d7XGf_normal.jpg", "profile_image_url_https": "https://pbs.twimg.com/profile_images/1285006928066818048/3a-d7XGf_normal.jpg", "profile_banner_url": "https://pbs.twimg.com/profile_banners/308971774/1512920655", "profile_link_color": "3B94D9", "profile_sidebar_border_color": "FFFFFF", "profile_sidebar_fill_color": "141102", "profile_text_color": "0E84EB", "profile_use_background_image": true, "has_extended_profile": true, "default_profile": false, "default_profile_image": false, "following": false, "follow_request_sent": false, "notifications": false, "translator_type": "none", "withheld_in_countries": []}, "geo": null, "coordinates": null, "place": null, "contributors": null, "is_quote_status": false, "retweet_count": 0, "favorite_count": 0, "favorited": false, "retweeted": false, "lang": "en"}