{"created_at": "Sun Sep 06 23:06:01 +0000 2015", "id": 640662265642020865, "id_str": "640662265642020865", "text": "honestly i was rly happy about caitlyn jenner for like 2 weeks but then i remembered how much of a nasty conservative and homophobic-", "truncated": false, "entities": {"hashtags": [], "symbols": [], "user_mentions": [], "urls": []}, "source": "<a href=\"http://twitter.com\" rel=\"nofollow\">Twitter Web Client</a>", "in_reply_to_status_id": null, "in_reply_to_status_id_str": null, "in_reply_to_user_id": null, "in_reply_to_user_id_str": null, "in_reply_to_screen_name": null, "user": {"id": 3198221622, "id_str": "3198221622", "name": "kaneko", "screen_name": "_KuroShinigami_", "location": "", "description": "Haise // HideKane prince // trans guy // read pinned tweet // my yaoiplatonic partner is \u2606@sweetsixshooter\u2606", "url": "https://t.co/zq2jFZBMdJ", "entities": {"url": {"urls": [{"url": "https://t.co/zq2jFZBMdJ", "expanded_url": "http://mukadechan.flavors.me/", "display_url": "mukadechan.flavors.me", "indices": [0, 23]}]}, "description": {"urls": []}}, "protected": false, "followers_count": 42, "friends_count": 153, "listed_count": 1, "created_at": "Sun May 17 01:26:20 +0000 2015", "favourites_count": 866, "utc_offset": null, "time_zone": null, "geo_enabled": false, "verified": false, "statuses_count": 29522, "lang": null, "contributors_enabled": false, "is_translator": false, "is_translation_enabled": false, "profile_background_color": "000000", "profile_background_image_url": "http://abs.twimg.com/images/themes/theme1/bg.png", "profile_background_image_url_https": "https://abs.twimg.com/images/themes/theme1/bg.png", "profile_background_tile": false, "profile_image_url": "http://pbs.twimg.com/profile_images/715283571842244608/F6fx1xlm_normal.jpg", "profile_image_url_https": "https://pbs.twimg.com/profile_images/715283571842244608/F6fx1xlm_normal.jpg", "profile_banner_url": "https://pbs.twimg.com/profile_banners/3198221622/1459372174", "profile_link_color": "000000", "profile_sidebar_border_color": "000000", "profile_sidebar_fill_color": "000000", "profile_text_color": "000000", "profile_use_background_image": false, "has_extended_profile": true, "default_profile": false, "default_profile_image": false, "following": false, "follow_request_sent": false, "notifications": false, "translator_type": "none", "withheld_in_countries": []}, "geo": null, "coordinates": null, "place": null, "contributors": null, "is_quote_status": false, "retweet_count": 0, "favorite_count": 0, "favorited": false, "retweeted": false, "lang": "en"}