{"created_at": "Tue Sep 08 15:49:11 +0000 2015", "id": 641277107922948096, "id_str": "641277107922948096", "text": "I hear more about the new dress Caitlyn Jenner's nasty ass is wearing more than the ACTUAL NEWS. Fuck outta here\u270b\ud83c\udffd", "truncated": false, "entities": {"hashtags": [], "symbols": [], "user_mentions": [], "urls": []}, "source": "<a href=\"http://twitter.com/download/iphone\" rel=\"nofollow\">Twitter for iPhone</a>", "in_reply_to_status_id": null, "in_reply_to_status_id_str": null, "in_reply_to_user_id": null, "in_reply_to_user_id_str": null, "in_reply_to_screen_name": null, "user": {"id": 3288121105, "id_str": "3288121105", "name": "Jenny Fromdabloc", "screen_name": "jennnaboisvert", "location": "Snapchat @Jenna_Boisvert", "description": "Like none you've ever met\u2728 No relation to the FromTheBlocks. I like weed.", "url": null, "entities": {"description": {"urls": []}}, "protected": false, "followers_count": 1163, "friends_count": 1495, "listed_count": 3, "created_at": "Thu Jul 23 01:30:28 +0000 2015", "favourites_count": 10327, "utc_offset": null, "time_zone": null, "geo_enabled": true, "verified": false, "statuses_count": 7165, "lang": null, "contributors_enabled": false, "is_translator": false, "is_translation_enabled": false, "profile_background_color": "C0DEED", "profile_background_image_url": "http://abs.twimg.com/images/themes/theme1/bg.png", "profile_background_image_url_https": "https://abs.twimg.com/images/themes/theme1/bg.png", "profile_background_tile": false, "profile_image_url": "http://pbs.twimg.com/profile_images/843933862019452928/dw5W5GOc_normal.jpg", "profile_image_url_https": "https://pbs.twimg.com/profile_images/843933862019452928/dw5W5GOc_normal.jpg", "profile_banner_url": "https://pbs.twimg.com/profile_banners/3288121105/1488823898", "profile_link_color": "1DA1F2", "profile_sidebar_border_color": "C0DEED", "profile_sidebar_fill_color": "DDEEF6", "profile_text_color": "333333", "profile_use_background_image": true, "has_extended_profile": false, "default_profile": true, "default_profile_image": false, "following": false, "follow_request_sent": false, "notifications": false, "translator_type": "none", "withheld_in_countries": []}, "geo": null, "coordinates": null, "place": null, "contributors": null, "is_quote_status": false, "retweet_count": 1, "favorite_count": 3, "favorited": false, "retweeted": false, "lang": "en"}