{"created_at": "Wed Sep 09 22:21:36 +0000 2015", "id": 641738250139209729, "id_str": "641738250139209729", "text": "NEWS ALERT: Nasty Fight! Caitlyn Jenner Battles With Ex Kris Jenner, Who Told Her To Back Off \u2018Her Territory\u2019 http://t.co/vpVVnVC70G", "truncated": false, "entities": {"hashtags": [], "symbols": [], "user_mentions": [], "urls": [{"url": "http://t.co/vpVVnVC70G", "expanded_url": "http://www.datfix.com/nasty-fight-caitlyn-jenner-battles-with-ex-kris-jenner-who-told-her-to-back-off-her-territory/", "display_url": "datfix.com/nasty-fight-ca\u2026", "indices": [110, 132]}]}, "source": "<a href=\"http://DatFix.com\" rel=\"nofollow\">DATFIX DAILY NEWS</a>", "in_reply_to_status_id": null, "in_reply_to_status_id_str": null, "in_reply_to_user_id": null, "in_reply_to_user_id_str": null, "in_reply_to_screen_name": null, "user": {"id": 265005258, "id_str": "265005258", "name": "CRYPTO PUMP", "screen_name": "CRYPTOPUMP247", "location": "PUMP IT", "description": "PUMP IT TO THE MOON \ud83d\ude80", "url": null, "entities": {"description": {"urls": []}}, "protected": false, "followers_count": 11973, "friends_count": 13061, "listed_count": 57, "created_at": "Sat Mar 12 21:07:47 +0000 2011", "favourites_count": 349, "utc_offset": null, "time_zone": null, "geo_enabled": false, "verified": false, "statuses_count": 49217, "lang": null, "contributors_enabled": false, "is_translator": false, "is_translation_enabled": false, "profile_background_color": "000000", "profile_background_image_url": "http://abs.twimg.com/images/themes/theme1/bg.png", "profile_background_image_url_https": "https://abs.twimg.com/images/themes/theme1/bg.png", "profile_background_tile": true, "profile_image_url": "http://pbs.twimg.com/profile_images/1385259123365793794/30gR2vc__normal.jpg", "profile_image_url_https": "https://pbs.twimg.com/profile_images/1385259123365793794/30gR2vc__normal.jpg", "profile_banner_url": "https://pbs.twimg.com/profile_banners/265005258/1619106486", "profile_link_color": "34F919", "profile_sidebar_border_color": "000000", "profile_sidebar_fill_color": "29074D", "profile_text_color": "000000", "profile_use_background_image": true, "has_extended_profile": false, "default_profile": false, "default_profile_image": false, "following": false, "follow_request_sent": false, "notifications": false, "translator_type": "none", "withheld_in_countries": []}, "geo": null, "coordinates": null, "place": null, "contributors": null, "is_quote_status": false, "retweet_count": 0, "favorite_count": 0, "favorited": false, "retweeted": false, "possibly_sensitive": false, "lang": "en"}