{"created_at": "Wed Sep 09 22:25:24 +0000 2015", "id": 641739208248422400, "id_str": "641739208248422400", "text": "#Business #FinanceNews Nasty Fight! Caitlyn Jenner Battles With Ex Kris Jenner, Who Told Her To Back Off \u2018Her Terr\u2026 http://t.co/895IcBNunK", "truncated": false, "entities": {"hashtags": [{"text": "Business", "indices": [0, 9]}, {"text": "FinanceNews", "indices": [10, 22]}], "symbols": [], "user_mentions": [], "urls": [{"url": "http://t.co/895IcBNunK", "expanded_url": "http://ift.tt/1UCk2iM", "display_url": "ift.tt/1UCk2iM", "indices": [116, 138]}]}, "source": "<a href=\"https://ifttt.com\" rel=\"nofollow\">IFTTT</a>", "in_reply_to_status_id": null, "in_reply_to_status_id_str": null, "in_reply_to_user_id": null, "in_reply_to_user_id_str": null, "in_reply_to_screen_name": null, "user": {"id": 2885845614, "id_str": "2885845614", "name": "Molly Hilda", "screen_name": "MollyHilda_", "location": "", "description": "", "url": "http://t.co/AgR4hliElF", "entities": {"url": {"urls": [{"url": "http://t.co/AgR4hliElF", "expanded_url": "http://bit.ly/iPaidSocialMediaJobs", "display_url": "bit.ly/iPaidSocialMed\u2026", "indices": [0, 22]}]}, "description": {"urls": []}}, "protected": false, "followers_count": 0, "friends_count": 0, "listed_count": 2, "created_at": "Sat Nov 01 05:38:56 +0000 2014", "favourites_count": 0, "utc_offset": null, "time_zone": null, "geo_enabled": false, "verified": false, "statuses_count": 51617, "lang": null, "contributors_enabled": false, "is_translator": false, "is_translation_enabled": false, "profile_background_color": "C0DEED", "profile_background_image_url": "http://abs.twimg.com/images/themes/theme1/bg.png", "profile_background_image_url_https": "https://abs.twimg.com/images/themes/theme1/bg.png", "profile_background_tile": false, "profile_image_url": "http://pbs.twimg.com/profile_images/529341339574341632/sx_lcH9T_normal.jpeg", "profile_image_url_https": "https://pbs.twimg.com/profile_images/529341339574341632/sx_lcH9T_normal.jpeg", "profile_link_color": "1DA1F2", "profile_sidebar_border_color": "C0DEED", "profile_sidebar_fill_color": "DDEEF6", "profile_text_color": "333333", "profile_use_background_image": true, "has_extended_profile": false, "default_profile": true, "default_profile_image": false, "following": false, "follow_request_sent": false, "notifications": false, "translator_type": "none", "withheld_in_countries": []}, "geo": null, "coordinates": null, "place": null, "contributors": null, "is_quote_status": false, "retweet_count": 0, "favorite_count": 0, "favorited": false, "retweeted": false, "possibly_sensitive": false, "lang": "en"}