{"created_at": "Wed Sep 09 22:19:33 +0000 2015", "id": 641737733036077056, "id_str": "641737733036077056", "text": "Nasty Fight! Caitlyn Jenner Battles With Ex Kris Jenner, Who Told Her To Back Off \u2018Her Territory\u2019 http://t.co/ebee6B2KaY", "truncated": false, "entities": {"hashtags": [], "symbols": [], "user_mentions": [], "urls": [{"url": "http://t.co/ebee6B2KaY", "expanded_url": "http://dlvr.it/C67pl7", "display_url": "dlvr.it/C67pl7", "indices": [98, 120]}]}, "source": "<a href=\"https://dlvrit.com/\" rel=\"nofollow\">dlvr.it</a>", "in_reply_to_status_id": null, "in_reply_to_status_id_str": null, "in_reply_to_user_id": null, "in_reply_to_user_id_str": null, "in_reply_to_screen_name": null, "user": {"id": 268388811, "id_str": "268388811", "name": "nayan das", "screen_name": "nayansanti", "location": "kolkata", "description": "1 Research online and look for any potential SEO Experts who can help you rank your website . Also, ask your business friends and associates if they can refer s", "url": "http://t.co/ZTYQp0bbyS", "entities": {"url": {"urls": [{"url": "http://t.co/ZTYQp0bbyS", "expanded_url": "http://www.facebook.com/profile.php?id=100003334785211", "display_url": "facebook.com/profile.php?id\u2026", "indices": [0, 22]}]}, "description": {"urls": []}}, "protected": false, "followers_count": 550, "friends_count": 71, "listed_count": 10, "created_at": "Fri Mar 18 17:31:37 +0000 2011", "favourites_count": 36, "utc_offset": null, "time_zone": null, "geo_enabled": false, "verified": false, "statuses_count": 48265, "lang": null, "contributors_enabled": false, "is_translator": false, "is_translation_enabled": false, "profile_background_color": "BADFCD", "profile_background_image_url": "http://abs.twimg.com/images/themes/theme12/bg.gif", "profile_background_image_url_https": "https://abs.twimg.com/images/themes/theme12/bg.gif", "profile_background_tile": true, "profile_image_url": "http://pbs.twimg.com/profile_images/1515585080/IMG0038A_normal.jpg", "profile_image_url_https": "https://pbs.twimg.com/profile_images/1515585080/IMG0038A_normal.jpg", "profile_link_color": "FF0000", "profile_sidebar_border_color": "F2E195", "profile_sidebar_fill_color": "FFF7CC", "profile_text_color": "0C3E53", "profile_use_background_image": false, "has_extended_profile": false, "default_profile": false, "default_profile_image": false, "following": false, "follow_request_sent": false, "notifications": false, "translator_type": "none", "withheld_in_countries": []}, "geo": null, "coordinates": null, "place": null, "contributors": null, "is_quote_status": false, "retweet_count": 0, "favorite_count": 0, "favorited": false, "retweeted": false, "possibly_sensitive": false, "lang": "en"}