{"created_at": "Wed Sep 09 22:21:35 +0000 2015", "id": 641738244384686082, "id_str": "641738244384686082", "text": "Nasty Fight! Caitlyn Jenner Battles With Ex Kris Jenner, Who Told Her To Back Off \u2018Her Ter... http://t.co/Iop60z6Ifs http://t.co/aI3X0a2Ehh", "truncated": false, "entities": {"hashtags": [], "symbols": [], "user_mentions": [], "urls": [{"url": "http://t.co/Iop60z6Ifs", "expanded_url": "http://www.datfix.com/nasty-fight-caitlyn-jenner-battles-with-ex-kris-jenner-who-told-her-to-back-off-her-territory/", "display_url": "datfix.com/nasty-fight-ca\u2026", "indices": [94, 116]}], "media": [{"id": 641738244078505984, "id_str": "641738244078505984", "indices": [117, 139], "media_url": "http://pbs.twimg.com/media/COfpiG0VEAANsWR.jpg", "media_url_https": "https://pbs.twimg.com/media/COfpiG0VEAANsWR.jpg", "url": "http://t.co/aI3X0a2Ehh", "display_url": "pic.twitter.com/aI3X0a2Ehh", "expanded_url": "https://twitter.com/DatFix/status/641738244384686082/photo/1", "type": "photo", "sizes": {"medium": {"w": 300, "h": 168, "resize": "fit"}, "thumb": {"w": 150, "h": 150, "resize": "crop"}, "large": {"w": 300, "h": 168, "resize": "fit"}, "small": {"w": 300, "h": 168, "resize": "fit"}}}]}, "extended_entities": {"media": [{"id": 641738244078505984, "id_str": "641738244078505984", "indices": [117, 139], "media_url": "http://pbs.twimg.com/media/COfpiG0VEAANsWR.jpg", "media_url_https": "https://pbs.twimg.com/media/COfpiG0VEAANsWR.jpg", "url": "http://t.co/aI3X0a2Ehh", "display_url": "pic.twitter.com/aI3X0a2Ehh", "expanded_url": "https://twitter.com/DatFix/status/641738244384686082/photo/1", "type": "photo", "sizes": {"medium": {"w": 300, "h": 168, "resize": "fit"}, "thumb": {"w": 150, "h": 150, "resize": "crop"}, "large": {"w": 300, "h": 168, "resize": "fit"}, "small": {"w": 300, "h": 168, "resize": "fit"}}}]}, "source": "<a href=\"http://DatFix.com\" rel=\"nofollow\">DatFix</a>", "in_reply_to_status_id": null, "in_reply_to_status_id_str": null, "in_reply_to_user_id": null, "in_reply_to_user_id_str": null, "in_reply_to_screen_name": null, "user": {"id": 87255957, "id_str": "87255957", "name": "GYM O.G.", "screen_name": "OriginalGainer", "location": "WORLDWIDE", "description": "FASHION - FITNESS - GAINS", "url": null, "entities": {"description": {"urls": []}}, "protected": false, "followers_count": 9218, "friends_count": 9099, "listed_count": 50, "created_at": "Tue Nov 03 18:53:18 +0000 2009", "favourites_count": 70, "utc_offset": null, "time_zone": null, "geo_enabled": false, "verified": false, "statuses_count": 44016, "lang": null, "contributors_enabled": false, "is_translator": false, "is_translation_enabled": false, "profile_background_color": "000000", "profile_background_image_url": "http://abs.twimg.com/images/themes/theme14/bg.gif", "profile_background_image_url_https": "https://abs.twimg.com/images/themes/theme14/bg.gif", "profile_background_tile": true, "profile_image_url": "http://pbs.twimg.com/profile_images/1025161796867506176/9VCMtfDj_normal.jpg", "profile_image_url_https": "https://pbs.twimg.com/profile_images/1025161796867506176/9VCMtfDj_normal.jpg", "profile_banner_url": "https://pbs.twimg.com/profile_banners/87255957/1533252990", "profile_link_color": "00FF00", "profile_sidebar_border_color": "000000", "profile_sidebar_fill_color": "000000", "profile_text_color": "4D4D4D", "profile_use_background_image": true, "has_extended_profile": false, "default_profile": false, "default_profile_image": false, "following": false, "follow_request_sent": false, "notifications": false, "translator_type": "none", "withheld_in_countries": []}, "geo": null, "coordinates": null, "place": null, "contributors": null, "is_quote_status": false, "retweet_count": 0, "favorite_count": 0, "favorited": false, "retweeted": false, "possibly_sensitive": false, "lang": "en"}