{"created_at": "Wed Sep 09 23:07:59 +0000 2015", "id": 641749923206049793, "id_str": "641749923206049793", "text": "Nasty Fight! Caitlyn Jenner Battles With Ex Kris Jenner, Who Told Her To Back Off \u2018Her Territory\u2019:  What did K... http://t.co/P9MFJUD18j", "truncated": false, "entities": {"hashtags": [], "symbols": [], "user_mentions": [], "urls": [{"url": "http://t.co/P9MFJUD18j", "expanded_url": "http://bit.ly/1XMSw1e", "display_url": "bit.ly/1XMSw1e", "indices": [114, 136]}]}, "source": "<a href=\"http://twitterfeed.com\" rel=\"nofollow\">twitterfeed</a>", "in_reply_to_status_id": null, "in_reply_to_status_id_str": null, "in_reply_to_user_id": null, "in_reply_to_user_id_str": null, "in_reply_to_screen_name": null, "user": {"id": 77975291, "id_str": "77975291", "name": "Kaya Camilla", "screen_name": "kayacamilla", "location": "WV 26181", "description": "my favorite? anything sweeeet* , sexy-hot-pretty girls, tattoo, wii ,Boston Celtics & Lakers...Meeting more guys - http://t.co/sLTIwl98Sy", "url": null, "entities": {"description": {"urls": [{"url": "http://t.co/sLTIwl98Sy", "expanded_url": "http://linkth.at/wf", "display_url": "linkth.at/wf", "indices": [115, 137]}]}}, "protected": false, "followers_count": 1898, "friends_count": 2480, "listed_count": 17, "created_at": "Mon Sep 28 09:57:38 +0000 2009", "favourites_count": 1, "utc_offset": null, "time_zone": null, "geo_enabled": false, "verified": false, "statuses_count": 148788, "lang": null, "contributors_enabled": false, "is_translator": false, "is_translation_enabled": false, "profile_background_color": "000000", "profile_background_image_url": "http://abs.twimg.com/images/themes/theme1/bg.png", "profile_background_image_url_https": "https://abs.twimg.com/images/themes/theme1/bg.png", "profile_background_tile": false, "profile_image_url": "http://pbs.twimg.com/profile_images/452594752/kaya_normal.JPG", "profile_image_url_https": "https://pbs.twimg.com/profile_images/452594752/kaya_normal.JPG", "profile_link_color": "A12A2A", "profile_sidebar_border_color": "268781", "profile_sidebar_fill_color": "FFE0E0", "profile_text_color": "6E6863", "profile_use_background_image": true, "has_extended_profile": false, "default_profile": false, "default_profile_image": false, "following": false, "follow_request_sent": false, "notifications": false, "translator_type": "none", "withheld_in_countries": []}, "geo": null, "coordinates": null, "place": null, "contributors": null, "is_quote_status": false, "retweet_count": 0, "favorite_count": 0, "favorited": false, "retweeted": false, "possibly_sensitive": false, "lang": "en"}