{"created_at": "Wed Sep 09 22:10:34 +0000 2015", "id": 641735472633413632, "id_str": "641735472633413632", "text": "Nasty Fight! Caitlyn Jenner Battles With Ex Kris Jenner, Who Told Her To Back Off \u2018Her Territory\u2019 http://t.co/B2a4g9afug #bubblegumalley", "truncated": false, "entities": {"hashtags": [{"text": "bubblegumalley", "indices": [121, 136]}], "symbols": [], "user_mentions": [], "urls": [{"url": "http://t.co/B2a4g9afug", "expanded_url": "http://dlvr.it/C67fcJ", "display_url": "dlvr.it/C67fcJ", "indices": [98, 120]}]}, "source": "<a href=\"https://dlvrit.com/\" rel=\"nofollow\">dlvr.it</a>", "in_reply_to_status_id": null, "in_reply_to_status_id_str": null, "in_reply_to_user_id": null, "in_reply_to_user_id_str": null, "in_reply_to_screen_name": null, "user": {"id": 271274422, "id_str": "271274422", "name": "bubblegum alley slo", "screen_name": "bubblegumalleys", "location": "san luis obispo california", "description": "#SanLuisObispo's #Bubblegum Alley featured on many TV-shows, news programs & newspapers around-the-world \u2605 @DowntownSLO \u2605 @VisitSLOC \u2605 #bubblegumalley \u2605 #slo \u2605", "url": "http://t.co/xLGUqNR4PH", "entities": {"url": {"urls": [{"url": "http://t.co/xLGUqNR4PH", "expanded_url": "http://en.wikipedia.org/wiki/Bubblegum_Alley", "display_url": "en.wikipedia.org/wiki/Bubblegum\u2026", "indices": [0, 22]}]}, "description": {"urls": []}}, "protected": false, "followers_count": 929, "friends_count": 78, "listed_count": 31, "created_at": "Thu Mar 24 05:38:03 +0000 2011", "favourites_count": 670, "utc_offset": null, "time_zone": null, "geo_enabled": false, "verified": false, "statuses_count": 209121, "lang": null, "contributors_enabled": false, "is_translator": false, "is_translation_enabled": false, "profile_background_color": "C0DEED", "profile_background_image_url": "http://abs.twimg.com/images/themes/theme1/bg.png", "profile_background_image_url_https": "https://abs.twimg.com/images/themes/theme1/bg.png", "profile_background_tile": true, "profile_image_url": "http://pbs.twimg.com/profile_images/1285139725/bubblegumalley_normal.jpg", "profile_image_url_https": "https://pbs.twimg.com/profile_images/1285139725/bubblegumalley_normal.jpg", "profile_banner_url": "https://pbs.twimg.com/profile_banners/271274422/1398322421", "profile_link_color": "1A2FB8", "profile_sidebar_border_color": "FFFFFF", "profile_sidebar_fill_color": "DFAAF0", "profile_text_color": "333333", "profile_use_background_image": true, "has_extended_profile": false, "default_profile": false, "default_profile_image": false, "following": false, "follow_request_sent": false, "notifications": false, "translator_type": "none", "withheld_in_countries": []}, "geo": null, "coordinates": null, "place": null, "contributors": null, "is_quote_status": false, "retweet_count": 0, "favorite_count": 0, "favorited": false, "retweeted": false, "possibly_sensitive": false, "lang": "en"}