{"created_at": "Wed Sep 09 22:24:52 +0000 2015", "id": 641739071883243520, "id_str": "641739071883243520", "text": "#Business #FinanceNews Nasty Fight! Caitlyn Jenner Battles With Ex Kris Jenner, Who Told Her To Back Off \u2018Her Terr\u2026 http://t.co/GoOfbogOMR", "truncated": false, "entities": {"hashtags": [{"text": "Business", "indices": [0, 9]}, {"text": "FinanceNews", "indices": [10, 22]}], "symbols": [], "user_mentions": [], "urls": [{"url": "http://t.co/GoOfbogOMR", "expanded_url": "http://ift.tt/1UCk2iM", "display_url": "ift.tt/1UCk2iM", "indices": [116, 138]}]}, "source": "<a href=\"https://ifttt.com\" rel=\"nofollow\">IFTTT</a>", "in_reply_to_status_id": null, "in_reply_to_status_id_str": null, "in_reply_to_user_id": null, "in_reply_to_user_id_str": null, "in_reply_to_screen_name": null, "user": {"id": 2902206282, "id_str": "2902206282", "name": "Hillary Genest", "screen_name": "hptg8hfc", "location": "", "description": "I'm glad I don't have to explain to a man from Mars why each day I set fire to dozens of little pieces of paper, and then put them in my mouth.", "url": "https://t.co/6WgBz4OGxI", "entities": {"url": {"urls": [{"url": "https://t.co/6WgBz4OGxI", "expanded_url": "https://twitter.com/hptg8hfc", "display_url": "twitter.com/hptg8hfc", "indices": [0, 23]}]}, "description": {"urls": []}}, "protected": false, "followers_count": 0, "friends_count": 3, "listed_count": 1, "created_at": "Mon Nov 17 02:19:12 +0000 2014", "favourites_count": 0, "utc_offset": null, "time_zone": null, "geo_enabled": false, "verified": false, "statuses_count": 51628, "lang": null, "contributors_enabled": false, "is_translator": false, "is_translation_enabled": false, "profile_background_color": "C0DEED", "profile_background_image_url": "http://abs.twimg.com/images/themes/theme1/bg.png", "profile_background_image_url_https": "https://abs.twimg.com/images/themes/theme1/bg.png", "profile_background_tile": false, "profile_image_url": "http://pbs.twimg.com/profile_images/631175122397761536/2HQUf-fN_normal.jpg", "profile_image_url_https": "https://pbs.twimg.com/profile_images/631175122397761536/2HQUf-fN_normal.jpg", "profile_link_color": "1DA1F2", "profile_sidebar_border_color": "C0DEED", "profile_sidebar_fill_color": "DDEEF6", "profile_text_color": "333333", "profile_use_background_image": true, "has_extended_profile": false, "default_profile": true, "default_profile_image": false, "following": false, "follow_request_sent": false, "notifications": false, "translator_type": "none", "withheld_in_countries": []}, "geo": null, "coordinates": null, "place": null, "contributors": null, "is_quote_status": false, "retweet_count": 0, "favorite_count": 0, "favorited": false, "retweeted": false, "possibly_sensitive": false, "lang": "en"}