{"created_at": "Wed Sep 09 22:16:06 +0000 2015", "id": 641736866346065920, "id_str": "641736866346065920", "text": "Celebrity Smack Nasty Fight! Caitlyn Jenner Battles With Ex Kris Jenner, Who Told Her To Back Off \u2018Her Territo... http://t.co/NDv0OMqWiE", "truncated": false, "entities": {"hashtags": [], "symbols": [], "user_mentions": [], "urls": [{"url": "http://t.co/NDv0OMqWiE", "expanded_url": "http://bit.ly/1XMRaDu", "display_url": "bit.ly/1XMRaDu", "indices": [114, 136]}]}, "source": "<a href=\"http://twitterfeed.com\" rel=\"nofollow\">twitterfeed</a>", "in_reply_to_status_id": null, "in_reply_to_status_id_str": null, "in_reply_to_user_id": null, "in_reply_to_user_id_str": null, "in_reply_to_screen_name": null, "user": {"id": 30504255, "id_str": "30504255", "name": "Celebrity Smack", "screen_name": "CelebritySmack", "location": "Hollywood", "description": "Celebrity Twitter Celebrity Gossip Celebrity Pictures Celebrity News", "url": null, "entities": {"description": {"urls": []}}, "protected": false, "followers_count": 4283, "friends_count": 5443, "listed_count": 25, "created_at": "Sat Apr 11 19:14:38 +0000 2009", "favourites_count": 0, "utc_offset": null, "time_zone": null, "geo_enabled": false, "verified": false, "statuses_count": 126076, "lang": null, "contributors_enabled": false, "is_translator": false, "is_translation_enabled": false, "profile_background_color": "FFFFFF", "profile_background_image_url": "http://abs.twimg.com/images/themes/theme1/bg.png", "profile_background_image_url_https": "https://abs.twimg.com/images/themes/theme1/bg.png", "profile_background_tile": false, "profile_image_url": "http://pbs.twimg.com/profile_images/133629969/magazinestand_normal.jpg", "profile_image_url_https": "https://pbs.twimg.com/profile_images/133629969/magazinestand_normal.jpg", "profile_link_color": "0084B4", "profile_sidebar_border_color": "BDDCAD", "profile_sidebar_fill_color": "AB0D27", "profile_text_color": "000000", "profile_use_background_image": true, "has_extended_profile": false, "default_profile": false, "default_profile_image": false, "following": false, "follow_request_sent": false, "notifications": false, "translator_type": "none", "withheld_in_countries": []}, "geo": null, "coordinates": null, "place": null, "contributors": null, "is_quote_status": false, "retweet_count": 0, "favorite_count": 0, "favorited": false, "retweeted": false, "possibly_sensitive": false, "lang": "en"}