{"created_at": "Wed Sep 09 22:24:08 +0000 2015", "id": 641738886390120448, "id_str": "641738886390120448", "text": "#Cars #Bikes Nasty Fight! Caitlyn Jenner Battles With Ex Kris Jenner, Who Told Her To Back Off \u2018Her Territory\u2019 http://t.co/AzznoAD9PY", "truncated": false, "entities": {"hashtags": [{"text": "Cars", "indices": [0, 5]}, {"text": "Bikes", "indices": [6, 12]}], "symbols": [], "user_mentions": [], "urls": [{"url": "http://t.co/AzznoAD9PY", "expanded_url": "http://ift.tt/1UCk2iM", "display_url": "ift.tt/1UCk2iM", "indices": [111, 133]}]}, "source": "<a href=\"https://ifttt.com\" rel=\"nofollow\">IFTTT</a>", "in_reply_to_status_id": null, "in_reply_to_status_id_str": null, "in_reply_to_user_id": null, "in_reply_to_user_id_str": null, "in_reply_to_screen_name": null, "user": {"id": 2885920453, "id_str": "2885920453", "name": "Jonathon Barent", "screen_name": "JonathonBarent", "location": "", "description": "", "url": "http://t.co/AgR4hliElF", "entities": {"url": {"urls": [{"url": "http://t.co/AgR4hliElF", "expanded_url": "http://bit.ly/iPaidSocialMediaJobs", "display_url": "bit.ly/iPaidSocialMed\u2026", "indices": [0, 22]}]}, "description": {"urls": []}}, "protected": false, "followers_count": 1, "friends_count": 0, "listed_count": 2, "created_at": "Sat Nov 01 05:39:54 +0000 2014", "favourites_count": 0, "utc_offset": null, "time_zone": null, "geo_enabled": false, "verified": false, "statuses_count": 51133, "lang": null, "contributors_enabled": false, "is_translator": false, "is_translation_enabled": false, "profile_background_color": "C0DEED", "profile_background_image_url": "http://abs.twimg.com/images/themes/theme1/bg.png", "profile_background_image_url_https": "https://abs.twimg.com/images/themes/theme1/bg.png", "profile_background_tile": false, "profile_image_url": "http://pbs.twimg.com/profile_images/529342483600117760/grOPZHp__normal.png", "profile_image_url_https": "https://pbs.twimg.com/profile_images/529342483600117760/grOPZHp__normal.png", "profile_link_color": "1DA1F2", "profile_sidebar_border_color": "C0DEED", "profile_sidebar_fill_color": "DDEEF6", "profile_text_color": "333333", "profile_use_background_image": true, "has_extended_profile": false, "default_profile": true, "default_profile_image": false, "following": false, "follow_request_sent": false, "notifications": false, "translator_type": "none", "withheld_in_countries": []}, "geo": null, "coordinates": null, "place": null, "contributors": null, "is_quote_status": false, "retweet_count": 0, "favorite_count": 0, "favorited": false, "retweeted": false, "possibly_sensitive": false, "lang": "en"}