{"created_at": "Wed Sep 09 22:23:09 +0000 2015", "id": 641738641023311872, "id_str": "641738641023311872", "text": "#Cars #Bikes Nasty Fight! Caitlyn Jenner Battles With Ex Kris Jenner, Who Told Her To Back Off \u2018Her Territory\u2019 http://t.co/kPSPLGVwod", "truncated": false, "entities": {"hashtags": [{"text": "Cars", "indices": [0, 5]}, {"text": "Bikes", "indices": [6, 12]}], "symbols": [], "user_mentions": [], "urls": [{"url": "http://t.co/kPSPLGVwod", "expanded_url": "http://ift.tt/1UCk2iM", "display_url": "ift.tt/1UCk2iM", "indices": [111, 133]}]}, "source": "<a href=\"https://ifttt.com\" rel=\"nofollow\">IFTTT</a>", "in_reply_to_status_id": null, "in_reply_to_status_id_str": null, "in_reply_to_user_id": null, "in_reply_to_user_id_str": null, "in_reply_to_screen_name": null, "user": {"id": 2886561400, "id_str": "2886561400", "name": "Gladys Elizalde", "screen_name": "rwrtvvszi", "location": "", "description": "Whenever I hear, 'It can't be done,' I know I'm close to success.", "url": "https://t.co/J4iZQM4NSP", "entities": {"url": {"urls": [{"url": "https://t.co/J4iZQM4NSP", "expanded_url": "https://twitter.com/rwrtvvszi", "display_url": "twitter.com/rwrtvvszi", "indices": [0, 23]}]}, "description": {"urls": []}}, "protected": false, "followers_count": 0, "friends_count": 4, "listed_count": 6, "created_at": "Fri Nov 21 05:04:57 +0000 2014", "favourites_count": 0, "utc_offset": null, "time_zone": null, "geo_enabled": false, "verified": false, "statuses_count": 52391, "lang": null, "contributors_enabled": false, "is_translator": false, "is_translation_enabled": false, "profile_background_color": "C0DEED", "profile_background_image_url": "http://abs.twimg.com/images/themes/theme1/bg.png", "profile_background_image_url_https": "https://abs.twimg.com/images/themes/theme1/bg.png", "profile_background_tile": false, "profile_image_url": "http://pbs.twimg.com/profile_images/631172090926739456/wirpX6aB_normal.jpg", "profile_image_url_https": "https://pbs.twimg.com/profile_images/631172090926739456/wirpX6aB_normal.jpg", "profile_link_color": "1DA1F2", "profile_sidebar_border_color": "C0DEED", "profile_sidebar_fill_color": "DDEEF6", "profile_text_color": "333333", "profile_use_background_image": true, "has_extended_profile": false, "default_profile": true, "default_profile_image": false, "following": false, "follow_request_sent": false, "notifications": false, "translator_type": "none", "withheld_in_countries": []}, "geo": null, "coordinates": null, "place": null, "contributors": null, "is_quote_status": false, "retweet_count": 0, "favorite_count": 0, "favorited": false, "retweeted": false, "possibly_sensitive": false, "lang": "en"}