{"created_at": "Wed Sep 09 22:23:47 +0000 2015", "id": 641738800104800256, "id_str": "641738800104800256", "text": "Nasty Fight! Caitlyn Jenner Battles With Ex Kris Jenner, Who Told Her To Back Off \u2018Her Territory\u2019 http://t.co/PM70SHMlmb", "truncated": false, "entities": {"hashtags": [], "symbols": [], "user_mentions": [], "urls": [{"url": "http://t.co/PM70SHMlmb", "expanded_url": "http://bit.ly/1XMSw1e", "display_url": "bit.ly/1XMSw1e", "indices": [98, 120]}]}, "source": "<a href=\"http://twitterfeed.com\" rel=\"nofollow\">twitterfeed</a>", "in_reply_to_status_id": null, "in_reply_to_status_id_str": null, "in_reply_to_user_id": null, "in_reply_to_user_id_str": null, "in_reply_to_screen_name": null, "user": {"id": 233080948, "id_str": "233080948", "name": "Celebriholic", "screen_name": "celebriholic", "location": "", "description": "Your daily source for celebrity news and gossip. We bring you daily updates from a variety of sources.", "url": "http://t.co/tEZpttDIFY", "entities": {"url": {"urls": [{"url": "http://t.co/tEZpttDIFY", "expanded_url": "http://www.celebriholic.com/", "display_url": "celebriholic.com", "indices": [0, 22]}]}, "description": {"urls": []}}, "protected": false, "followers_count": 123, "friends_count": 127, "listed_count": 5, "created_at": "Sun Jan 02 06:27:56 +0000 2011", "favourites_count": 0, "utc_offset": null, "time_zone": null, "geo_enabled": false, "verified": false, "statuses_count": 96393, "lang": null, "contributors_enabled": false, "is_translator": false, "is_translation_enabled": false, "profile_background_color": "C0DEED", "profile_background_image_url": "http://abs.twimg.com/images/themes/theme1/bg.png", "profile_background_image_url_https": "https://abs.twimg.com/images/themes/theme1/bg.png", "profile_background_tile": false, "profile_image_url": "http://pbs.twimg.com/profile_images/1204693089/images-2_normal.jpg", "profile_image_url_https": "https://pbs.twimg.com/profile_images/1204693089/images-2_normal.jpg", "profile_link_color": "1DA1F2", "profile_sidebar_border_color": "C0DEED", "profile_sidebar_fill_color": "DDEEF6", "profile_text_color": "333333", "profile_use_background_image": true, "has_extended_profile": false, "default_profile": true, "default_profile_image": false, "following": false, "follow_request_sent": false, "notifications": false, "translator_type": "none", "withheld_in_countries": []}, "geo": null, "coordinates": null, "place": null, "contributors": null, "is_quote_status": false, "retweet_count": 0, "favorite_count": 0, "favorited": false, "retweeted": false, "possibly_sensitive": false, "lang": "en"}