{"created_at": "Wed Sep 09 22:28:57 +0000 2015", "id": 641740099403837440, "id_str": "641740099403837440", "text": "#HealthTips Nasty Fight! Caitlyn Jenner Battles With Ex Kris Jenner, Who Told Her To Back Off \u2018Her Territory\u2019 http://t.co/yj1vbWtmDy", "truncated": false, "entities": {"hashtags": [{"text": "HealthTips", "indices": [0, 11]}], "symbols": [], "user_mentions": [], "urls": [{"url": "http://t.co/yj1vbWtmDy", "expanded_url": "http://ift.tt/1UCk2iM", "display_url": "ift.tt/1UCk2iM", "indices": [110, 132]}]}, "source": "<a href=\"https://ifttt.com\" rel=\"nofollow\">IFTTT</a>", "in_reply_to_status_id": null, "in_reply_to_status_id_str": null, "in_reply_to_user_id": null, "in_reply_to_user_id_str": null, "in_reply_to_screen_name": null, "user": {"id": 2885957768, "id_str": "2885957768", "name": "Sam Smith", "screen_name": "iWadeSue", "location": "", "description": "Anything's possible. If I turn round tomorrow and say I want to be a spaceman, I could do that. You can do whatever you want to do.", "url": null, "entities": {"description": {"urls": []}}, "protected": false, "followers_count": 1, "friends_count": 0, "listed_count": 3, "created_at": "Sat Nov 01 07:23:19 +0000 2014", "favourites_count": 0, "utc_offset": null, "time_zone": null, "geo_enabled": false, "verified": false, "statuses_count": 51988, "lang": null, "contributors_enabled": false, "is_translator": false, "is_translation_enabled": false, "profile_background_color": "C0DEED", "profile_background_image_url": "http://abs.twimg.com/images/themes/theme1/bg.png", "profile_background_image_url_https": "https://abs.twimg.com/images/themes/theme1/bg.png", "profile_background_tile": false, "profile_image_url": "http://pbs.twimg.com/profile_images/588041809122689025/ok7UwNaX_normal.jpg", "profile_image_url_https": "https://pbs.twimg.com/profile_images/588041809122689025/ok7UwNaX_normal.jpg", "profile_link_color": "1DA1F2", "profile_sidebar_border_color": "C0DEED", "profile_sidebar_fill_color": "DDEEF6", "profile_text_color": "333333", "profile_use_background_image": true, "has_extended_profile": false, "default_profile": true, "default_profile_image": false, "following": false, "follow_request_sent": false, "notifications": false, "translator_type": "none", "withheld_in_countries": []}, "geo": null, "coordinates": null, "place": null, "contributors": null, "is_quote_status": false, "retweet_count": 0, "favorite_count": 0, "favorited": false, "retweeted": false, "possibly_sensitive": false, "lang": "en"}