{"created_at": "Wed Sep 09 22:29:02 +0000 2015", "id": 641740121298087936, "id_str": "641740121298087936", "text": "#Cars #Bikes Nasty Fight! Caitlyn Jenner Battles With Ex Kris Jenner, Who Told Her To Back Off \u2018Her Territory\u2019 http://t.co/H73QweKXvF", "truncated": false, "entities": {"hashtags": [{"text": "Cars", "indices": [0, 5]}, {"text": "Bikes", "indices": [6, 12]}], "symbols": [], "user_mentions": [], "urls": [{"url": "http://t.co/H73QweKXvF", "expanded_url": "http://ift.tt/1UCk2iM", "display_url": "ift.tt/1UCk2iM", "indices": [111, 133]}]}, "source": "<a href=\"https://ifttt.com\" rel=\"nofollow\">IFTTT</a>", "in_reply_to_status_id": null, "in_reply_to_status_id_str": null, "in_reply_to_user_id": null, "in_reply_to_user_id_str": null, "in_reply_to_screen_name": null, "user": {"id": 2886533465, "id_str": "2886533465", "name": "Cynthia Franco", "screen_name": "pe0keujh", "location": "", "description": "", "url": null, "entities": {"description": {"urls": []}}, "protected": false, "followers_count": 2, "friends_count": 4, "listed_count": 4, "created_at": "Fri Nov 21 05:06:57 +0000 2014", "favourites_count": 0, "utc_offset": null, "time_zone": null, "geo_enabled": false, "verified": false, "statuses_count": 52250, "lang": null, "contributors_enabled": false, "is_translator": false, "is_translation_enabled": false, "profile_background_color": "C0DEED", "profile_background_image_url": "http://abs.twimg.com/images/themes/theme1/bg.png", "profile_background_image_url_https": "https://abs.twimg.com/images/themes/theme1/bg.png", "profile_background_tile": false, "profile_image_url": "http://pbs.twimg.com/profile_images/631171599945707520/-Lk8gGx2_normal.jpg", "profile_image_url_https": "https://pbs.twimg.com/profile_images/631171599945707520/-Lk8gGx2_normal.jpg", "profile_link_color": "1DA1F2", "profile_sidebar_border_color": "C0DEED", "profile_sidebar_fill_color": "DDEEF6", "profile_text_color": "333333", "profile_use_background_image": true, "has_extended_profile": false, "default_profile": true, "default_profile_image": false, "following": false, "follow_request_sent": false, "notifications": false, "translator_type": "none", "withheld_in_countries": []}, "geo": null, "coordinates": null, "place": null, "contributors": null, "is_quote_status": false, "retweet_count": 0, "favorite_count": 0, "favorited": false, "retweeted": false, "possibly_sensitive": false, "lang": "en"}