{"created_at": "Wed Sep 09 22:26:51 +0000 2015", "id": 641739573232594945, "id_str": "641739573232594945", "text": "#Entertainment Nasty Fight! Caitlyn Jenner Battles With Ex Kris Jenner, Who Told Her To Back Off \u2018Her Territory\u2019 http://t.co/2hn6Ts6WF4", "truncated": false, "entities": {"hashtags": [{"text": "Entertainment", "indices": [0, 14]}], "symbols": [], "user_mentions": [], "urls": [{"url": "http://t.co/2hn6Ts6WF4", "expanded_url": "http://bit.ly/1UCk8qN", "display_url": "bit.ly/1UCk8qN", "indices": [113, 135]}]}, "source": "<a href=\"https://ifttt.com\" rel=\"nofollow\">IFTTT</a>", "in_reply_to_status_id": null, "in_reply_to_status_id_str": null, "in_reply_to_user_id": null, "in_reply_to_user_id_str": null, "in_reply_to_screen_name": null, "user": {"id": 2884818990, "id_str": "2884818990", "name": "Dora Peggy", "screen_name": "iDoraPeggy", "location": "", "description": "", "url": null, "entities": {"description": {"urls": []}}, "protected": false, "followers_count": 1538, "friends_count": 1753, "listed_count": 23, "created_at": "Fri Oct 31 11:18:55 +0000 2014", "favourites_count": 0, "utc_offset": null, "time_zone": null, "geo_enabled": false, "verified": false, "statuses_count": 37680, "lang": null, "contributors_enabled": false, "is_translator": false, "is_translation_enabled": false, "profile_background_color": "C0DEED", "profile_background_image_url": "http://abs.twimg.com/images/themes/theme1/bg.png", "profile_background_image_url_https": "https://abs.twimg.com/images/themes/theme1/bg.png", "profile_background_tile": false, "profile_image_url": "http://pbs.twimg.com/profile_images/568100674315894785/Q29b8TbX_normal.jpeg", "profile_image_url_https": "https://pbs.twimg.com/profile_images/568100674315894785/Q29b8TbX_normal.jpeg", "profile_link_color": "1DA1F2", "profile_sidebar_border_color": "C0DEED", "profile_sidebar_fill_color": "DDEEF6", "profile_text_color": "333333", "profile_use_background_image": true, "has_extended_profile": false, "default_profile": true, "default_profile_image": false, "following": false, "follow_request_sent": false, "notifications": false, "translator_type": "none", "withheld_in_countries": []}, "geo": null, "coordinates": null, "place": null, "contributors": null, "is_quote_status": false, "retweet_count": 0, "favorite_count": 0, "favorited": false, "retweeted": false, "possibly_sensitive": false, "lang": "en"}