{"created_at": "Wed Sep 09 22:16:09 +0000 2015", "id": 641736879369400321, "id_str": "641736879369400321", "text": "Nasty Fight! Caitlyn Jenner Battles With Ex Kris Jenner, Who Told Her To Back Off \u2018Her Territory\u2019:  What did K... http://t.co/8jYMGxxCVF", "truncated": false, "entities": {"hashtags": [], "symbols": [], "user_mentions": [], "urls": [{"url": "http://t.co/8jYMGxxCVF", "expanded_url": "http://bit.ly/1JUNXsh", "display_url": "bit.ly/1JUNXsh", "indices": [114, 136]}]}, "source": "<a href=\"http://twitterfeed.com\" rel=\"nofollow\">twitterfeed</a>", "in_reply_to_status_id": null, "in_reply_to_status_id_str": null, "in_reply_to_user_id": null, "in_reply_to_user_id_str": null, "in_reply_to_screen_name": null, "user": {"id": 361808395, "id_str": "361808395", "name": "AngieRuss75", "screen_name": "AngieRuss75", "location": "the World", "description": "Power to the Ladies.  Power to Mother Earth. Stop hurting the world.  Start Healing the planet!", "url": "http://t.co/vz2HFXxWEh", "entities": {"url": {"urls": [{"url": "http://t.co/vz2HFXxWEh", "expanded_url": "http://greenieangie.blogspot.com/", "display_url": "greenieangie.blogspot.com", "indices": [0, 22]}]}, "description": {"urls": []}}, "protected": false, "followers_count": 464, "friends_count": 919, "listed_count": 5, "created_at": "Thu Aug 25 11:08:36 +0000 2011", "favourites_count": 0, "utc_offset": null, "time_zone": null, "geo_enabled": false, "verified": false, "statuses_count": 12495, "lang": null, "contributors_enabled": false, "is_translator": false, "is_translation_enabled": false, "profile_background_color": "C0DEED", "profile_background_image_url": "http://abs.twimg.com/images/themes/theme1/bg.png", "profile_background_image_url_https": "https://abs.twimg.com/images/themes/theme1/bg.png", "profile_background_tile": true, "profile_image_url": "http://pbs.twimg.com/profile_images/1512646968/1profile_normal.jpg", "profile_image_url_https": "https://pbs.twimg.com/profile_images/1512646968/1profile_normal.jpg", "profile_link_color": "0084B4", "profile_sidebar_border_color": "C0DEED", "profile_sidebar_fill_color": "DDEEF6", "profile_text_color": "333333", "profile_use_background_image": true, "has_extended_profile": false, "default_profile": false, "default_profile_image": false, "following": false, "follow_request_sent": false, "notifications": false, "translator_type": "none", "withheld_in_countries": []}, "geo": null, "coordinates": null, "place": null, "contributors": null, "is_quote_status": false, "retweet_count": 0, "favorite_count": 0, "favorited": false, "retweeted": false, "possibly_sensitive": false, "lang": "en"}