{"created_at": "Thu Sep 10 04:40:26 +0000 2015", "id": 641833586446872576, "id_str": "641833586446872576", "text": "Nasty Fight! Caitlyn Jenner Battles With Ex Kris Jenner, Who Told Her To Back Off \u2018Her Territory\u2019 http://t.co/h6UuLIJIrw", "truncated": false, "entities": {"hashtags": [], "symbols": [], "user_mentions": [], "urls": [{"url": "http://t.co/h6UuLIJIrw", "expanded_url": "http://dlvr.it/C6FdSK", "display_url": "dlvr.it/C6FdSK", "indices": [98, 120]}]}, "source": "<a href=\"https://dlvrit.com/\" rel=\"nofollow\">dlvr.it</a>", "in_reply_to_status_id": null, "in_reply_to_status_id_str": null, "in_reply_to_user_id": null, "in_reply_to_user_id_str": null, "in_reply_to_screen_name": null, "user": {"id": 30371641, "id_str": "30371641", "name": "Media News Now", "screen_name": "medianewsnow", "location": "Los Angeles, California", "description": "\u2605 #Media #News Now \u2605 9000 Sunset Blvd \u2605 #Hollywood \u2605 #California \u2605 90069 \u2605 #USA \u2605 @etnow \u2605 @accesshollywood \u2605 @TheInsider \u2605 @extratv \u2605", "url": null, "entities": {"description": {"urls": []}}, "protected": false, "followers_count": 646, "friends_count": 802, "listed_count": 40, "created_at": "Sat Apr 11 02:09:56 +0000 2009", "favourites_count": 62, "utc_offset": null, "time_zone": null, "geo_enabled": false, "verified": false, "statuses_count": 186985, "lang": null, "contributors_enabled": false, "is_translator": false, "is_translation_enabled": false, "profile_background_color": "E89ADE", "profile_background_image_url": "http://abs.twimg.com/images/themes/theme1/bg.png", "profile_background_image_url_https": "https://abs.twimg.com/images/themes/theme1/bg.png", "profile_background_tile": true, "profile_image_url": "http://pbs.twimg.com/profile_images/2486374534/2eefdbf23kkixmu2yg8o_normal.jpeg", "profile_image_url_https": "https://pbs.twimg.com/profile_images/2486374534/2eefdbf23kkixmu2yg8o_normal.jpeg", "profile_banner_url": "https://pbs.twimg.com/profile_banners/30371641/1424284247", "profile_link_color": "9266CC", "profile_sidebar_border_color": "FFFFFF", "profile_sidebar_fill_color": "F8CCFF", "profile_text_color": "333333", "profile_use_background_image": true, "has_extended_profile": false, "default_profile": false, "default_profile_image": false, "following": false, "follow_request_sent": false, "notifications": false, "translator_type": "none", "withheld_in_countries": []}, "geo": null, "coordinates": null, "place": null, "contributors": null, "is_quote_status": false, "retweet_count": 0, "favorite_count": 0, "favorited": false, "retweeted": false, "possibly_sensitive": false, "lang": "en"}