{"created_at": "Thu Sep 10 20:05:09 +0000 2015", "id": 642066301133918208, "id_str": "642066301133918208", "text": "@Caitlyn_Jenner I don't understand why these so called humans follow you if they are just going to leave nasty comments. You look great btw", "truncated": false, "entities": {"hashtags": [], "symbols": [], "user_mentions": [{"screen_name": "Caitlyn_Jenner", "name": "Caitlyn Jenner", "id": 3303293865, "id_str": "3303293865", "indices": [0, 15]}], "urls": []}, "source": "<a href=\"http://twitter.com/download/android\" rel=\"nofollow\">Twitter for Android</a>", "in_reply_to_status_id": 642064536674041856, "in_reply_to_status_id_str": "642064536674041856", "in_reply_to_user_id": 3303293865, "in_reply_to_user_id_str": "3303293865", "in_reply_to_screen_name": "Caitlyn_Jenner", "user": {"id": 1399774602, "id_str": "1399774602", "name": "Toni", "screen_name": "ToniBotfield", "location": "England, United Kingdom", "description": "I'm just living my life, well that's what the voices in my head are telling me", "url": null, "entities": {"description": {"urls": []}}, "protected": false, "followers_count": 45, "friends_count": 157, "listed_count": 0, "created_at": "Fri May 03 13:49:41 +0000 2013", "favourites_count": 1613, "utc_offset": null, "time_zone": null, "geo_enabled": false, "verified": false, "statuses_count": 342, "lang": null, "contributors_enabled": false, "is_translator": false, "is_translation_enabled": false, "profile_background_color": "C0DEED", "profile_background_image_url": "http://abs.twimg.com/images/themes/theme1/bg.png", "profile_background_image_url_https": "https://abs.twimg.com/images/themes/theme1/bg.png", "profile_background_tile": false, "profile_image_url": "http://pbs.twimg.com/profile_images/768414919897260032/9ZwRMDnS_normal.jpg", "profile_image_url_https": "https://pbs.twimg.com/profile_images/768414919897260032/9ZwRMDnS_normal.jpg", "profile_banner_url": "https://pbs.twimg.com/profile_banners/1399774602/1472039365", "profile_link_color": "1DA1F2", "profile_sidebar_border_color": "C0DEED", "profile_sidebar_fill_color": "DDEEF6", "profile_text_color": "333333", "profile_use_background_image": true, "has_extended_profile": true, "default_profile": true, "default_profile_image": false, "following": false, "follow_request_sent": false, "notifications": false, "translator_type": "none", "withheld_in_countries": []}, "geo": null, "coordinates": null, "place": null, "contributors": null, "is_quote_status": false, "retweet_count": 0, "favorite_count": 0, "favorited": false, "retweeted": false, "lang": "en"}