{"created_at": "Sat Sep 12 02:57:29 +0000 2015", "id": 642532456466268164, "id_str": "642532456466268164", "text": "FYI @caitlyn_jenner: \"traditionalists\" think dudes in dresses are gross, nasty freaks. Just saying. http://t.co/Gzs67Q0AUm via @TheEllenShow", "truncated": false, "entities": {"hashtags": [], "symbols": [], "user_mentions": [{"screen_name": "Caitlyn_Jenner", "name": "Caitlyn Jenner", "id": 3303293865, "id_str": "3303293865", "indices": [4, 19]}, {"screen_name": "TheEllenShow", "name": "Ellen DeGeneres", "id": 15846407, "id_str": "15846407", "indices": [127, 140]}], "urls": [{"url": "http://t.co/Gzs67Q0AUm", "expanded_url": "http://www.slate.com/blogs/outward/2015/09/09/caitlyn_jenner_gay_marriage_and_the_halloween_costume_respectable_trans.html?wpsrc=sh_all_mob_tw_bot", "display_url": "slate.com/blogs/outward/\u2026", "indices": [100, 122]}]}, "source": "<a href=\"http://mobile.twitter.com\" rel=\"nofollow\">Mobile Web</a>", "in_reply_to_status_id": null, "in_reply_to_status_id_str": null, "in_reply_to_user_id": null, "in_reply_to_user_id_str": null, "in_reply_to_screen_name": null, "user": {"id": 27985851, "id_str": "27985851", "name": "Angry Cat\u2019s Martha", "screen_name": "khosvlo", "location": "Schitt\u2019s Creek", "description": "I prefer to be called a Freelance Brand Invigorator", "url": "https://t.co/W26uSxbFnX", "entities": {"url": {"urls": [{"url": "https://t.co/W26uSxbFnX", "expanded_url": "https://facebook.com/katherine.hoskinson", "display_url": "facebook.com/katherine.hosk\u2026", "indices": [0, 23]}]}, "description": {"urls": []}}, "protected": false, "followers_count": 824, "friends_count": 1125, "listed_count": 7, "created_at": "Tue Mar 31 22:52:08 +0000 2009", "favourites_count": 2350, "utc_offset": null, "time_zone": null, "geo_enabled": false, "verified": false, "statuses_count": 6683, "lang": null, "contributors_enabled": false, "is_translator": false, "is_translation_enabled": false, "profile_background_color": "C6E2EE", "profile_background_image_url": "http://abs.twimg.com/images/themes/theme2/bg.gif", "profile_background_image_url_https": "https://abs.twimg.com/images/themes/theme2/bg.gif", "profile_background_tile": false, "profile_image_url": "http://pbs.twimg.com/profile_images/1348193926918782979/Yvr7k_7X_normal.jpg", "profile_image_url_https": "https://pbs.twimg.com/profile_images/1348193926918782979/Yvr7k_7X_normal.jpg", "profile_banner_url": "https://pbs.twimg.com/profile_banners/27985851/1617836287", "profile_link_color": "1F98C7", "profile_sidebar_border_color": "C6E2EE", "profile_sidebar_fill_color": "DAECF4", "profile_text_color": "663B12", "profile_use_background_image": true, "has_extended_profile": false, "default_profile": false, "default_profile_image": false, "following": false, "follow_request_sent": false, "notifications": false, "translator_type": "none", "withheld_in_countries": []}, "geo": null, "coordinates": null, "place": null, "contributors": null, "is_quote_status": false, "retweet_count": 0, "favorite_count": 0, "favorited": false, "retweeted": false, "possibly_sensitive": false, "lang": "en"}