{"created_at": "Sun Sep 13 22:33:01 +0000 2015", "id": 643190674049757184, "id_str": "643190674049757184", "text": "Caitlyn ugly ass Jenner can kill somebody and only get a year but if it were anyone else.... Fuckin nasty ass tranny", "truncated": false, "entities": {"hashtags": [], "symbols": [], "user_mentions": [], "urls": []}, "source": "<a href=\"http://twitter.com/download/iphone\" rel=\"nofollow\">Twitter for iPhone</a>", "in_reply_to_status_id": null, "in_reply_to_status_id_str": null, "in_reply_to_user_id": null, "in_reply_to_user_id_str": null, "in_reply_to_screen_name": null, "user": {"id": 1717826707, "id_str": "1717826707", "name": "ydniM\u00b0", "screen_name": "slimtwizz", "location": "", "description": "never dull. addicted to crawfish. \ud83d\udda4\ud83d\udda4\ud83d\udda4\ud83d\udda4\ud83d\udda4raising a prince.", "url": null, "entities": {"description": {"urls": []}}, "protected": false, "followers_count": 173, "friends_count": 317, "listed_count": 1, "created_at": "Sun Sep 01 05:11:54 +0000 2013", "favourites_count": 690, "utc_offset": null, "time_zone": null, "geo_enabled": false, "verified": false, "statuses_count": 5625, "lang": null, "contributors_enabled": false, "is_translator": false, "is_translation_enabled": false, "profile_background_color": "C0DEED", "profile_background_image_url": "http://abs.twimg.com/images/themes/theme1/bg.png", "profile_background_image_url_https": "https://abs.twimg.com/images/themes/theme1/bg.png", "profile_background_tile": false, "profile_image_url": "http://pbs.twimg.com/profile_images/969150486401179648/rFrQfr7U_normal.jpg", "profile_image_url_https": "https://pbs.twimg.com/profile_images/969150486401179648/rFrQfr7U_normal.jpg", "profile_banner_url": "https://pbs.twimg.com/profile_banners/1717826707/1519898460", "profile_link_color": "1DA1F2", "profile_sidebar_border_color": "C0DEED", "profile_sidebar_fill_color": "DDEEF6", "profile_text_color": "333333", "profile_use_background_image": true, "has_extended_profile": false, "default_profile": true, "default_profile_image": false, "following": false, "follow_request_sent": false, "notifications": false, "translator_type": "none", "withheld_in_countries": []}, "geo": null, "coordinates": null, "place": null, "contributors": null, "is_quote_status": false, "retweet_count": 0, "favorite_count": 1, "favorited": false, "retweeted": false, "lang": "en"}