{"created_at": "Mon Sep 14 00:16:57 +0000 2015", "id": 643216831046483968, "id_str": "643216831046483968", "text": "@ARODTHELEGEND13 @Caitlyn_Jenner what's nasty is people who have a problem with another persons happiness.", "truncated": false, "entities": {"hashtags": [], "symbols": [], "user_mentions": [{"screen_name": "ARODTHELEGEND13", "name": "NYY(86-71)SF(1-15)", "id": 3399470596, "id_str": "3399470596", "indices": [0, 16]}, {"screen_name": "Caitlyn_Jenner", "name": "Caitlyn Jenner", "id": 3303293865, "id_str": "3303293865", "indices": [17, 32]}], "urls": []}, "source": "<a href=\"http://twitter.com/download/iphone\" rel=\"nofollow\">Twitter for iPhone</a>", "in_reply_to_status_id": 643180288013660160, "in_reply_to_status_id_str": "643180288013660160", "in_reply_to_user_id": 3399470596, "in_reply_to_user_id_str": "3399470596", "in_reply_to_screen_name": "ARODTHELEGEND13", "user": {"id": 426162700, "id_str": "426162700", "name": "Richie B. McCormick", "screen_name": "Gay_Boyd13", "location": "United States", "description": "Future Massage Therapist and Personal Trainer. Pretty sure I'm failing at being an adult", "url": "https://t.co/zKsLYeY61m", "entities": {"url": {"urls": [{"url": "https://t.co/zKsLYeY61m", "expanded_url": "https://Instagram.com/richiebmccormick/", "display_url": "Instagram.com/richiebmccormi\u2026", "indices": [0, 23]}]}, "description": {"urls": []}}, "protected": false, "followers_count": 335, "friends_count": 993, "listed_count": 9, "created_at": "Thu Dec 01 22:30:21 +0000 2011", "favourites_count": 2772, "utc_offset": null, "time_zone": null, "geo_enabled": true, "verified": false, "statuses_count": 10013, "lang": null, "contributors_enabled": false, "is_translator": false, "is_translation_enabled": false, "profile_background_color": "C0DEED", "profile_background_image_url": "http://abs.twimg.com/images/themes/theme1/bg.png", "profile_background_image_url_https": "https://abs.twimg.com/images/themes/theme1/bg.png", "profile_background_tile": false, "profile_image_url": "http://pbs.twimg.com/profile_images/777709159328337920/WK-UQ5mn_normal.jpg", "profile_image_url_https": "https://pbs.twimg.com/profile_images/777709159328337920/WK-UQ5mn_normal.jpg", "profile_banner_url": "https://pbs.twimg.com/profile_banners/426162700/1474255288", "profile_link_color": "1DA1F2", "profile_sidebar_border_color": "C0DEED", "profile_sidebar_fill_color": "DDEEF6", "profile_text_color": "333333", "profile_use_background_image": true, "has_extended_profile": true, "default_profile": true, "default_profile_image": false, "following": false, "follow_request_sent": false, "notifications": false, "translator_type": "none", "withheld_in_countries": []}, "geo": null, "coordinates": null, "place": null, "contributors": null, "is_quote_status": false, "retweet_count": 0, "favorite_count": 0, "favorited": false, "retweeted": false, "lang": "en"}