{"created_at": "Wed Sep 16 13:06:07 +0000 2015", "id": 644135174075084800, "id_str": "644135174075084800", "text": "You wanna share your opinion on Caitlyn Jenner? OK. You wanna share that nasty ass opinion while you're around students? Grow the fuck up.", "truncated": false, "entities": {"hashtags": [], "symbols": [], "user_mentions": [], "urls": []}, "source": "<a href=\"http://twitter.com/download/android\" rel=\"nofollow\">Twitter for Android</a>", "in_reply_to_status_id": null, "in_reply_to_status_id_str": null, "in_reply_to_user_id": null, "in_reply_to_user_id_str": null, "in_reply_to_screen_name": null, "user": {"id": 1056092509, "id_str": "1056092509", "name": "Baby Jae \u25df\u033d\u25de\u033d", "screen_name": "silencedbravery", "location": "", "description": "happily taken by the bestest \ud83d\udc27\ud83d\udc95", "url": null, "entities": {"description": {"urls": []}}, "protected": false, "followers_count": 126, "friends_count": 227, "listed_count": 0, "created_at": "Wed Jan 02 20:56:31 +0000 2013", "favourites_count": 3917, "utc_offset": null, "time_zone": null, "geo_enabled": true, "verified": false, "statuses_count": 9629, "lang": null, "contributors_enabled": false, "is_translator": false, "is_translation_enabled": false, "profile_background_color": "C0DEED", "profile_background_image_url": "http://abs.twimg.com/images/themes/theme1/bg.png", "profile_background_image_url_https": "https://abs.twimg.com/images/themes/theme1/bg.png", "profile_background_tile": true, "profile_image_url": "http://pbs.twimg.com/profile_images/1057536472381820929/4EYgTbt1_normal.jpg", "profile_image_url_https": "https://pbs.twimg.com/profile_images/1057536472381820929/4EYgTbt1_normal.jpg", "profile_banner_url": "https://pbs.twimg.com/profile_banners/1056092509/1490316336", "profile_link_color": "0084B4", "profile_sidebar_border_color": "FFFFFF", "profile_sidebar_fill_color": "DDEEF6", "profile_text_color": "333333", "profile_use_background_image": true, "has_extended_profile": false, "default_profile": false, "default_profile_image": false, "following": false, "follow_request_sent": false, "notifications": false, "translator_type": "none", "withheld_in_countries": []}, "geo": null, "coordinates": null, "place": null, "contributors": null, "is_quote_status": false, "retweet_count": 1, "favorite_count": 1, "favorited": false, "retweeted": false, "lang": "en"}