{"created_at": "Thu Sep 17 02:26:17 +0000 2015", "id": 644336541360353280, "id_str": "644336541360353280", "text": "And people are allowed to say that Caitlyn Jenner was nasty rude to Kris Jenner &amp; doesn't want to hear any criticism of how she treated her", "truncated": false, "entities": {"hashtags": [], "symbols": [], "user_mentions": [], "urls": []}, "source": "<a href=\"http://twitter.com/download/iphone\" rel=\"nofollow\">Twitter for iPhone</a>", "in_reply_to_status_id": null, "in_reply_to_status_id_str": null, "in_reply_to_user_id": null, "in_reply_to_user_id_str": null, "in_reply_to_screen_name": null, "user": {"id": 113516042, "id_str": "113516042", "name": "InAWhisper \ud83d\udda4\ud83d\udc9b", "screen_name": "whisperandmoan", "location": "oh Boston you're my home", "description": "a girl that loves sports, the Bruins, tv and movies, good music and ancient history; my username is a Crowded House reference. Neil Finn knows all.", "url": null, "entities": {"description": {"urls": []}}, "protected": false, "followers_count": 1245, "friends_count": 1260, "listed_count": 63, "created_at": "Fri Feb 12 01:54:25 +0000 2010", "favourites_count": 306018, "utc_offset": null, "time_zone": null, "geo_enabled": false, "verified": false, "statuses_count": 220276, "lang": null, "contributors_enabled": false, "is_translator": false, "is_translation_enabled": false, "profile_background_color": "0A000A", "profile_background_image_url": "http://abs.twimg.com/images/themes/theme1/bg.png", "profile_background_image_url_https": "https://abs.twimg.com/images/themes/theme1/bg.png", "profile_background_tile": true, "profile_image_url": "http://pbs.twimg.com/profile_images/478283145192550400/qtN-PvjV_normal.jpeg", "profile_image_url_https": "https://pbs.twimg.com/profile_images/478283145192550400/qtN-PvjV_normal.jpeg", "profile_banner_url": "https://pbs.twimg.com/profile_banners/113516042/1405643260", "profile_link_color": "DBD030", "profile_sidebar_border_color": "000000", "profile_sidebar_fill_color": "050505", "profile_text_color": "635B63", "profile_use_background_image": true, "has_extended_profile": false, "default_profile": false, "default_profile_image": false, "following": false, "follow_request_sent": false, "notifications": false, "translator_type": "none", "withheld_in_countries": []}, "geo": null, "coordinates": null, "place": null, "contributors": null, "is_quote_status": false, "retweet_count": 0, "favorite_count": 0, "favorited": false, "retweeted": false, "lang": "en"}