{"created_at": "Thu Sep 17 04:41:31 +0000 2015", "id": 644370576094699520, "id_str": "644370576094699520", "text": "I wish South Park shit on Caitlyn Jenners nasty ass they went to soft", "truncated": false, "entities": {"hashtags": [], "symbols": [], "user_mentions": [], "urls": []}, "source": "<a href=\"http://twitter.com/download/iphone\" rel=\"nofollow\">Twitter for iPhone</a>", "in_reply_to_status_id": null, "in_reply_to_status_id_str": null, "in_reply_to_user_id": null, "in_reply_to_user_id_str": null, "in_reply_to_screen_name": null, "user": {"id": 3075275254, "id_str": "3075275254", "name": "zack", "screen_name": "HdjshNdkdj", "location": "socal", "description": "21 and ballin", "url": null, "entities": {"description": {"urls": []}}, "protected": false, "followers_count": 71, "friends_count": 95, "listed_count": 7, "created_at": "Fri Mar 06 16:58:26 +0000 2015", "favourites_count": 1497, "utc_offset": null, "time_zone": null, "geo_enabled": false, "verified": false, "statuses_count": 7701, "lang": null, "contributors_enabled": false, "is_translator": false, "is_translation_enabled": false, "profile_background_color": "C0DEED", "profile_background_image_url": "http://abs.twimg.com/images/themes/theme1/bg.png", "profile_background_image_url_https": "https://abs.twimg.com/images/themes/theme1/bg.png", "profile_background_tile": false, "profile_image_url": "http://pbs.twimg.com/profile_images/994701447332876293/keQf4GXb_normal.jpg", "profile_image_url_https": "https://pbs.twimg.com/profile_images/994701447332876293/keQf4GXb_normal.jpg", "profile_banner_url": "https://pbs.twimg.com/profile_banners/3075275254/1449362036", "profile_link_color": "1DA1F2", "profile_sidebar_border_color": "C0DEED", "profile_sidebar_fill_color": "DDEEF6", "profile_text_color": "333333", "profile_use_background_image": true, "has_extended_profile": true, "default_profile": true, "default_profile_image": false, "following": false, "follow_request_sent": false, "notifications": false, "translator_type": "none", "withheld_in_countries": []}, "geo": null, "coordinates": null, "place": null, "contributors": null, "is_quote_status": false, "retweet_count": 0, "favorite_count": 0, "favorited": false, "retweeted": false, "lang": "en"}