{"created_at": "Fri Sep 18 07:21:28 +0000 2015", "id": 644773214506258432, "id_str": "644773214506258432", "text": "RT Star_News: Discover the details of the nasty feud between Ellen DeGeneres and Caitlyn Jenner: http://t.co/NxvCh4xMhe", "truncated": false, "entities": {"hashtags": [], "symbols": [], "user_mentions": [], "urls": [{"url": "http://t.co/NxvCh4xMhe", "expanded_url": "http://bit.ly/1McDnzR", "display_url": "bit.ly/1McDnzR", "indices": [97, 119]}]}, "source": "<a href=\"https://ifttt.com\" rel=\"nofollow\">IFTTT</a>", "in_reply_to_status_id": null, "in_reply_to_status_id_str": null, "in_reply_to_user_id": null, "in_reply_to_user_id_str": null, "in_reply_to_screen_name": null, "user": {"id": 2848562508, "id_str": "2848562508", "name": "HoofitAndDonger", "screen_name": "HoofitAndDonger", "location": "Earth", "description": "All your celebrity news are belong to us!!! Any content requests ... PM and the team will get onto it.", "url": null, "entities": {"description": {"urls": []}}, "protected": false, "followers_count": 443, "friends_count": 279, "listed_count": 158, "created_at": "Thu Oct 09 09:29:48 +0000 2014", "favourites_count": 0, "utc_offset": null, "time_zone": null, "geo_enabled": false, "verified": false, "statuses_count": 354461, "lang": null, "contributors_enabled": false, "is_translator": false, "is_translation_enabled": false, "profile_background_color": "022330", "profile_background_image_url": "http://abs.twimg.com/images/themes/theme15/bg.png", "profile_background_image_url_https": "https://abs.twimg.com/images/themes/theme15/bg.png", "profile_background_tile": false, "profile_image_url": "http://pbs.twimg.com/profile_images/520148588261687296/HNaTBr0G_normal.jpeg", "profile_image_url_https": "https://pbs.twimg.com/profile_images/520148588261687296/HNaTBr0G_normal.jpeg", "profile_banner_url": "https://pbs.twimg.com/profile_banners/2848562508/1412847653", "profile_link_color": "0084B4", "profile_sidebar_border_color": "A8C7F7", "profile_sidebar_fill_color": "C0DFEC", "profile_text_color": "333333", "profile_use_background_image": true, "has_extended_profile": false, "default_profile": false, "default_profile_image": false, "following": false, "follow_request_sent": false, "notifications": false, "translator_type": "none", "withheld_in_countries": []}, "geo": null, "coordinates": null, "place": null, "contributors": null, "is_quote_status": false, "retweet_count": 0, "favorite_count": 0, "favorited": false, "retweeted": false, "possibly_sensitive": false, "lang": "en"}