{"created_at": "Fri Sep 18 20:26:53 +0000 2015", "id": 644970871690407936, "id_str": "644970871690407936", "text": "She's a 'HYPOCRITE'! \n\nEllen DeGeneres wants to EXPOSE Caitlyn Jenner after what happened\u2014inside their nasty feud: http://t.co/mPO39x4mwu", "truncated": false, "entities": {"hashtags": [], "symbols": [], "user_mentions": [], "urls": [{"url": "http://t.co/mPO39x4mwu", "expanded_url": "http://bit.ly/1McDnzR", "display_url": "bit.ly/1McDnzR", "indices": [115, 137]}]}, "source": "<a href=\"https://sproutsocial.com\" rel=\"nofollow\">Sprout Social</a>", "in_reply_to_status_id": null, "in_reply_to_status_id_str": null, "in_reply_to_user_id": null, "in_reply_to_user_id_str": null, "in_reply_to_screen_name": null, "user": {"id": 36408305, "id_str": "36408305", "name": "Star Magazine", "screen_name": "Star_News", "location": "", "description": "Official Twitter of Star Magazine. \r\nNo. 1 for Celebrity News!", "url": "http://t.co/1eIOXEFdSe", "entities": {"url": {"urls": [{"url": "http://t.co/1eIOXEFdSe", "expanded_url": "http://www.StarMagazine.com", "display_url": "StarMagazine.com", "indices": [0, 22]}]}, "description": {"urls": []}}, "protected": false, "followers_count": 84665, "friends_count": 1069, "listed_count": 641, "created_at": "Wed Apr 29 17:01:51 +0000 2009", "favourites_count": 5044, "utc_offset": null, "time_zone": null, "geo_enabled": true, "verified": false, "statuses_count": 29289, "lang": null, "contributors_enabled": false, "is_translator": false, "is_translation_enabled": false, "profile_background_color": "FFFFFF", "profile_background_image_url": "http://abs.twimg.com/images/themes/theme10/bg.gif", "profile_background_image_url_https": "https://abs.twimg.com/images/themes/theme10/bg.gif", "profile_background_tile": true, "profile_image_url": "http://pbs.twimg.com/profile_images/897111718261919744/_djk1qFh_normal.jpg", "profile_image_url_https": "https://pbs.twimg.com/profile_images/897111718261919744/_djk1qFh_normal.jpg", "profile_banner_url": "https://pbs.twimg.com/profile_banners/36408305/1502723100", "profile_link_color": "E036AD", "profile_sidebar_border_color": "FFFFFF", "profile_sidebar_fill_color": "F00A71", "profile_text_color": "0D0119", "profile_use_background_image": true, "has_extended_profile": false, "default_profile": false, "default_profile_image": false, "following": false, "follow_request_sent": false, "notifications": false, "translator_type": "none", "withheld_in_countries": []}, "geo": null, "coordinates": null, "place": null, "contributors": null, "is_quote_status": false, "retweet_count": 0, "favorite_count": 4, "favorited": false, "retweeted": false, "possibly_sensitive": false, "lang": "en"}