{"created_at": "Sat Sep 19 12:55:52 +0000 2015", "id": 645219755633213440, "id_str": "645219755633213440", "text": "@tamamuratamao today, he said some nasty things about caitlyn jenner", "truncated": false, "entities": {"hashtags": [], "symbols": [], "user_mentions": [{"screen_name": "tamamuratamao", "name": "Oily Josh\u2b50", "id": 2998690119, "id_str": "2998690119", "indices": [0, 14]}], "urls": []}, "source": "<a href=\"http://twitter.com\" rel=\"nofollow\">Twitter Web Client</a>", "in_reply_to_status_id": 645174576092200960, "in_reply_to_status_id_str": "645174576092200960", "in_reply_to_user_id": 2998690119, "in_reply_to_user_id_str": "2998690119", "in_reply_to_screen_name": "tamamuratamao", "user": {"id": 371122204, "id_str": "371122204", "name": "Communists Have The Music", "screen_name": "KENSUKEAlDA", "location": "Asteroid B612", "description": "zeke 24/m/aus | the people's boy | \ud83d\udea9 | @thenatbird is my fianc\u00e9 | icon @princelapin | ask for private/discord", "url": null, "entities": {"description": {"urls": []}}, "protected": false, "followers_count": 509, "friends_count": 520, "listed_count": 12, "created_at": "Sat Sep 10 07:15:06 +0000 2011", "favourites_count": 91302, "utc_offset": null, "time_zone": null, "geo_enabled": true, "verified": false, "statuses_count": 70307, "lang": null, "contributors_enabled": false, "is_translator": false, "is_translation_enabled": false, "profile_background_color": "C6E2EE", "profile_background_image_url": "http://abs.twimg.com/images/themes/theme2/bg.gif", "profile_background_image_url_https": "https://abs.twimg.com/images/themes/theme2/bg.gif", "profile_background_tile": true, "profile_image_url": "http://pbs.twimg.com/profile_images/950791756269801472/k0xdf03I_normal.png", "profile_image_url_https": "https://pbs.twimg.com/profile_images/950791756269801472/k0xdf03I_normal.png", "profile_banner_url": "https://pbs.twimg.com/profile_banners/371122204/1502862794", "profile_link_color": "C6E2EE", "profile_sidebar_border_color": "FFFFFF", "profile_sidebar_fill_color": "DAECF4", "profile_text_color": "663B12", "profile_use_background_image": true, "has_extended_profile": true, "default_profile": false, "default_profile_image": false, "following": false, "follow_request_sent": false, "notifications": false, "translator_type": "none", "withheld_in_countries": []}, "geo": null, "coordinates": null, "place": null, "contributors": null, "is_quote_status": false, "retweet_count": 0, "favorite_count": 0, "favorited": false, "retweeted": false, "lang": "en"}