{"created_at": "Fri Sep 25 19:43:34 +0000 2015", "id": 647496686982467584, "id_str": "647496686982467584", "text": "Caitlyn Jenner legally changes name and gender. Also breaks nasty habit of leaving the toilet seat up. #Breaking #CaitlynJenner", "truncated": false, "entities": {"hashtags": [{"text": "Breaking", "indices": [103, 112]}, {"text": "CaitlynJenner", "indices": [113, 127]}], "symbols": [], "user_mentions": [], "urls": []}, "source": "<a href=\"http://twitter.com\" rel=\"nofollow\">Twitter Web Client</a>", "in_reply_to_status_id": null, "in_reply_to_status_id_str": null, "in_reply_to_user_id": null, "in_reply_to_user_id_str": null, "in_reply_to_screen_name": null, "user": {"id": 3197107585, "id_str": "3197107585", "name": "Mannish Boy Comedy", "screen_name": "MBoyComedy", "location": "Los Angeles, CA", "description": "Take a smart mouth and a wise ass and combine them with itchy Twitter fingers...and you have Mannish Boy Comedy.", "url": null, "entities": {"description": {"urls": []}}, "protected": false, "followers_count": 43, "friends_count": 94, "listed_count": 1, "created_at": "Sat May 16 07:24:28 +0000 2015", "favourites_count": 9, "utc_offset": null, "time_zone": null, "geo_enabled": true, "verified": false, "statuses_count": 115, "lang": null, "contributors_enabled": false, "is_translator": false, "is_translation_enabled": false, "profile_background_color": "C0DEED", "profile_background_image_url": "http://abs.twimg.com/images/themes/theme1/bg.png", "profile_background_image_url_https": "https://abs.twimg.com/images/themes/theme1/bg.png", "profile_background_tile": false, "profile_image_url": "http://pbs.twimg.com/profile_images/748923303734104064/idHp20QH_normal.jpg", "profile_image_url_https": "https://pbs.twimg.com/profile_images/748923303734104064/idHp20QH_normal.jpg", "profile_banner_url": "https://pbs.twimg.com/profile_banners/3197107585/1467392708", "profile_link_color": "1DA1F2", "profile_sidebar_border_color": "C0DEED", "profile_sidebar_fill_color": "DDEEF6", "profile_text_color": "333333", "profile_use_background_image": true, "has_extended_profile": false, "default_profile": true, "default_profile_image": false, "following": false, "follow_request_sent": false, "notifications": false, "translator_type": "none", "withheld_in_countries": []}, "geo": null, "coordinates": null, "place": null, "contributors": null, "is_quote_status": false, "retweet_count": 0, "favorite_count": 0, "favorited": false, "retweeted": false, "lang": "en"}