{"created_at": "Sat Sep 26 14:09:49 +0000 2015", "id": 647775081423212544, "id_str": "647775081423212544", "text": "@CNN @Caitlyn_Jenner That's just plain out nasty did Obama invite it to the WH yet?", "truncated": false, "entities": {"hashtags": [], "symbols": [], "user_mentions": [{"screen_name": "CNN", "name": "CNN", "id": 759251, "id_str": "759251", "indices": [0, 4]}, {"screen_name": "Caitlyn_Jenner", "name": "Caitlyn Jenner", "id": 3303293865, "id_str": "3303293865", "indices": [5, 20]}], "urls": []}, "source": "<a href=\"http://twitter.com/download/android\" rel=\"nofollow\">Twitter for Android</a>", "in_reply_to_status_id": 647772749914484737, "in_reply_to_status_id_str": "647772749914484737", "in_reply_to_user_id": 759251, "in_reply_to_user_id_str": "759251", "in_reply_to_screen_name": "CNN", "user": {"id": 3379571686, "id_str": "3379571686", "name": "Reality Check", "screen_name": "dalerodlun", "location": "", "description": "", "url": null, "entities": {"description": {"urls": []}}, "protected": false, "followers_count": 173, "friends_count": 230, "listed_count": 0, "created_at": "Thu Jul 16 22:37:39 +0000 2015", "favourites_count": 4522, "utc_offset": null, "time_zone": null, "geo_enabled": false, "verified": false, "statuses_count": 3903, "lang": null, "contributors_enabled": false, "is_translator": false, "is_translation_enabled": false, "profile_background_color": "C0DEED", "profile_background_image_url": "http://abs.twimg.com/images/themes/theme1/bg.png", "profile_background_image_url_https": "https://abs.twimg.com/images/themes/theme1/bg.png", "profile_background_tile": false, "profile_image_url": "http://pbs.twimg.com/profile_images/636991069868195841/pj70Kyoe_normal.jpg", "profile_image_url_https": "https://pbs.twimg.com/profile_images/636991069868195841/pj70Kyoe_normal.jpg", "profile_link_color": "1DA1F2", "profile_sidebar_border_color": "C0DEED", "profile_sidebar_fill_color": "DDEEF6", "profile_text_color": "333333", "profile_use_background_image": true, "has_extended_profile": false, "default_profile": true, "default_profile_image": false, "following": false, "follow_request_sent": false, "notifications": false, "translator_type": "none", "withheld_in_countries": []}, "geo": null, "coordinates": null, "place": null, "contributors": null, "is_quote_status": false, "retweet_count": 0, "favorite_count": 0, "favorited": false, "retweeted": false, "lang": "en"}