{"created_at": "Thu Oct 01 01:04:01 +0000 2015", "id": 649389268477939712, "id_str": "649389268477939712", "text": "@POPSUGARBeauty @pochoy29 @Caitlyn_Jenner ewww that's such a nasty pitcher \ud83d\ude06\ud83d\ude06\ud83d\ude06\ud83d\ude06\ud83d\ude0e\ud83d\ude0e\ud83d\ude0e\ud83d\ude0e", "truncated": false, "entities": {"hashtags": [], "symbols": [], "user_mentions": [{"screen_name": "POPSUGARBeauty", "name": "POPSUGAR Beauty", "id": 17604456, "id_str": "17604456", "indices": [0, 15]}, {"screen_name": "Caitlyn_Jenner", "name": "Caitlyn Jenner", "id": 3303293865, "id_str": "3303293865", "indices": [26, 41]}], "urls": []}, "source": "<a href=\"http://twitter.com/download/android\" rel=\"nofollow\">Twitter for Android</a>", "in_reply_to_status_id": 649381483996688385, "in_reply_to_status_id_str": "649381483996688385", "in_reply_to_user_id": 17604456, "in_reply_to_user_id_str": "17604456", "in_reply_to_screen_name": "POPSUGARBeauty", "user": {"id": 3732577694, "id_str": "3732577694", "name": "Tamree Stoddard", "screen_name": "StoddardTamree", "location": "", "description": "", "url": null, "entities": {"description": {"urls": []}}, "protected": false, "followers_count": 2, "friends_count": 56, "listed_count": 0, "created_at": "Wed Sep 30 03:23:40 +0000 2015", "favourites_count": 0, "utc_offset": null, "time_zone": null, "geo_enabled": false, "verified": false, "statuses_count": 15, "lang": null, "contributors_enabled": false, "is_translator": false, "is_translation_enabled": false, "profile_background_color": "C0DEED", "profile_background_image_url": "http://abs.twimg.com/images/themes/theme1/bg.png", "profile_background_image_url_https": "https://abs.twimg.com/images/themes/theme1/bg.png", "profile_background_tile": false, "profile_image_url": "http://pbs.twimg.com/profile_images/649062291166531584/Stf7NYnv_normal.png", "profile_image_url_https": "https://pbs.twimg.com/profile_images/649062291166531584/Stf7NYnv_normal.png", "profile_link_color": "1DA1F2", "profile_sidebar_border_color": "C0DEED", "profile_sidebar_fill_color": "DDEEF6", "profile_text_color": "333333", "profile_use_background_image": true, "has_extended_profile": false, "default_profile": true, "default_profile_image": false, "following": false, "follow_request_sent": false, "notifications": false, "translator_type": "none", "withheld_in_countries": []}, "geo": null, "coordinates": null, "place": null, "contributors": null, "is_quote_status": false, "retweet_count": 0, "favorite_count": 0, "favorited": false, "retweeted": false, "lang": "en"}