{"created_at": "Thu Oct 01 13:58:40 +0000 2015", "id": 649584215206424576, "id_str": "649584215206424576", "text": "@Caitlyn_Jenner Your nasty", "truncated": false, "entities": {"hashtags": [], "symbols": [], "user_mentions": [{"screen_name": "Caitlyn_Jenner", "name": "Caitlyn Jenner", "id": 3303293865, "id_str": "3303293865", "indices": [0, 15]}], "urls": []}, "source": "<a href=\"http://twitter.com/download/iphone\" rel=\"nofollow\">Twitter for iPhone</a>", "in_reply_to_status_id": null, "in_reply_to_status_id_str": null, "in_reply_to_user_id": 3303293865, "in_reply_to_user_id_str": "3303293865", "in_reply_to_screen_name": "Caitlyn_Jenner", "user": {"id": 3748357819, "id_str": "3748357819", "name": "Ricky", "screen_name": "rickydabadboy", "location": "", "description": "I love women~College Guy~I'm sexy and I know it~Texas", "url": null, "entities": {"description": {"urls": []}}, "protected": false, "followers_count": 4, "friends_count": 100, "listed_count": 0, "created_at": "Thu Oct 01 13:32:07 +0000 2015", "favourites_count": 7, "utc_offset": null, "time_zone": null, "geo_enabled": false, "verified": false, "statuses_count": 50, "lang": null, "contributors_enabled": false, "is_translator": false, "is_translation_enabled": false, "profile_background_color": "C0DEED", "profile_background_image_url": "http://abs.twimg.com/images/themes/theme1/bg.png", "profile_background_image_url_https": "https://abs.twimg.com/images/themes/theme1/bg.png", "profile_background_tile": false, "profile_image_url": "http://pbs.twimg.com/profile_images/649579048482435072/7YXFNDh0_normal.jpg", "profile_image_url_https": "https://pbs.twimg.com/profile_images/649579048482435072/7YXFNDh0_normal.jpg", "profile_banner_url": "https://pbs.twimg.com/profile_banners/3748357819/1443706688", "profile_link_color": "1DA1F2", "profile_sidebar_border_color": "C0DEED", "profile_sidebar_fill_color": "DDEEF6", "profile_text_color": "333333", "profile_use_background_image": true, "has_extended_profile": false, "default_profile": true, "default_profile_image": false, "following": false, "follow_request_sent": false, "notifications": false, "translator_type": "none", "withheld_in_countries": []}, "geo": null, "coordinates": null, "place": null, "contributors": null, "is_quote_status": false, "retweet_count": 0, "favorite_count": 0, "favorited": false, "retweeted": false, "lang": "en"}