{"created_at": "Wed Oct 07 03:24:36 +0000 2015", "id": 651598976441913344, "id_str": "651598976441913344", "text": "damn Caitlyn Jenner would be one nasty ass costume...", "truncated": false, "entities": {"hashtags": [], "symbols": [], "user_mentions": [], "urls": []}, "source": "<a href=\"http://twitter.com/download/iphone\" rel=\"nofollow\">Twitter for iPhone</a>", "in_reply_to_status_id": null, "in_reply_to_status_id_str": null, "in_reply_to_user_id": null, "in_reply_to_user_id_str": null, "in_reply_to_screen_name": null, "user": {"id": 2555764812, "id_str": "2555764812", "name": "TRN ME UP", "screen_name": "trnmeup", "location": "DTX \u27a1\ufe0f ATX", "description": "@FullGrindTexas | Inquiries/Booking: trnmeupmusic@gmail.com | PN\u26a1\ufe0f", "url": "https://t.co/iyhA6WJ5OI", "entities": {"url": {"urls": [{"url": "https://t.co/iyhA6WJ5OI", "expanded_url": "https://linktr.ee/TRNMEUP", "display_url": "linktr.ee/TRNMEUP", "indices": [0, 23]}]}, "description": {"urls": []}}, "protected": false, "followers_count": 853, "friends_count": 590, "listed_count": 7, "created_at": "Mon Jun 09 00:38:23 +0000 2014", "favourites_count": 67266, "utc_offset": null, "time_zone": null, "geo_enabled": true, "verified": false, "statuses_count": 28976, "lang": null, "contributors_enabled": false, "is_translator": false, "is_translation_enabled": false, "profile_background_color": "000000", "profile_background_image_url": "http://abs.twimg.com/images/themes/theme1/bg.png", "profile_background_image_url_https": "https://abs.twimg.com/images/themes/theme1/bg.png", "profile_background_tile": false, "profile_image_url": "http://pbs.twimg.com/profile_images/1393912290945249280/_BTAxPXM_normal.jpg", "profile_image_url_https": "https://pbs.twimg.com/profile_images/1393912290945249280/_BTAxPXM_normal.jpg", "profile_banner_url": "https://pbs.twimg.com/profile_banners/2555764812/1620136375", "profile_link_color": "7FDBB6", "profile_sidebar_border_color": "000000", "profile_sidebar_fill_color": "000000", "profile_text_color": "000000", "profile_use_background_image": false, "has_extended_profile": true, "default_profile": false, "default_profile_image": false, "following": false, "follow_request_sent": false, "notifications": false, "translator_type": "none", "withheld_in_countries": []}, "geo": null, "coordinates": null, "place": {"id": "010891b30e635705", "url": "https://api.twitter.com/1.1/geo/id/010891b30e635705.json", "place_type": "city", "name": "Aledo", "full_name": "Aledo, TX", "country_code": "US", "country": "United States", "contained_within": [], "bounding_box": {"type": "Polygon", "coordinates": [[[-97.666435, 32.670028], [-97.592444, 32.670028], [-97.592444, 32.7038285], [-97.666435, 32.7038285]]]}, "attributes": {}}, "contributors": null, "is_quote_status": false, "retweet_count": 0, "favorite_count": 2, "favorited": false, "retweeted": false, "lang": "en"}