{"created_at": "Wed Oct 07 21:41:48 +0000 2015", "id": 651875096043331584, "id_str": "651875096043331584", "text": "@NotAntiSemitic @georgegalloway @twitter he is a nasty anti-Semite, but twitter doesnt care.make fun of @Caitlyn_Jenner and youll make news", "truncated": false, "entities": {"hashtags": [], "symbols": [], "user_mentions": [{"screen_name": "NotAntiSemitic", "name": "Unsanctioned Hamas Mickey Mouse Knock-off", "id": 524351758, "id_str": "524351758", "indices": [0, 15]}, {"screen_name": "georgegalloway", "name": "George Galloway", "id": 15484198, "id_str": "15484198", "indices": [16, 31]}, {"screen_name": "Twitter", "name": "Twitter", "id": 783214, "id_str": "783214", "indices": [32, 40]}, {"screen_name": "Caitlyn_Jenner", "name": "Caitlyn Jenner", "id": 3303293865, "id_str": "3303293865", "indices": [104, 119]}], "urls": []}, "source": "<a href=\"http://twitter.com\" rel=\"nofollow\">Twitter Web Client</a>", "in_reply_to_status_id": 651873037646696449, "in_reply_to_status_id_str": "651873037646696449", "in_reply_to_user_id": 524351758, "in_reply_to_user_id_str": "524351758", "in_reply_to_screen_name": "NotAntiSemitic", "user": {"id": 273905216, "id_str": "273905216", "name": "Dateline: Israel", "screen_name": "DatelineIsrael", "location": "New York, USA", "description": "Israel News", "url": "https://t.co/IhTFQopLVB", "entities": {"url": {"urls": [{"url": "https://t.co/IhTFQopLVB", "expanded_url": "http://www.dateline-israel.com", "display_url": "dateline-israel.com", "indices": [0, 23]}]}, "description": {"urls": []}}, "protected": false, "followers_count": 573, "friends_count": 1005, "listed_count": 14, "created_at": "Tue Mar 29 10:51:26 +0000 2011", "favourites_count": 406, "utc_offset": null, "time_zone": null, "geo_enabled": false, "verified": false, "statuses_count": 1639, "lang": null, "contributors_enabled": false, "is_translator": false, "is_translation_enabled": false, "profile_background_color": "C0DEED", "profile_background_image_url": "http://abs.twimg.com/images/themes/theme1/bg.png", "profile_background_image_url_https": "https://abs.twimg.com/images/themes/theme1/bg.png", "profile_background_tile": true, "profile_image_url": "http://pbs.twimg.com/profile_images/637953493622517760/2meYHxss_normal.jpg", "profile_image_url_https": "https://pbs.twimg.com/profile_images/637953493622517760/2meYHxss_normal.jpg", "profile_banner_url": "https://pbs.twimg.com/profile_banners/273905216/1440934939", "profile_link_color": "0084B4", "profile_sidebar_border_color": "000000", "profile_sidebar_fill_color": "000000", "profile_text_color": "000000", "profile_use_background_image": true, "has_extended_profile": false, "default_profile": false, "default_profile_image": false, "following": false, "follow_request_sent": false, "notifications": false, "translator_type": "none", "withheld_in_countries": []}, "geo": null, "coordinates": null, "place": null, "contributors": null, "is_quote_status": false, "retweet_count": 0, "favorite_count": 0, "favorited": false, "retweeted": false, "lang": "en"}