{"url": "www.justjared.com/2018/01/04/caitlyn-jenner-slams-the-kardashians-says-she-didnt-trust-them-to-know-about-her-gender-reassignment-surgery/", "text": "Caitlyn Jenner made a recent appearance on Piers Morgan\u2019s Life Stories, and was asked about gender reassignment surgery.\n\nIf you didn\u2019t know, Caitlyn wrote in her autobiography, \u201cThe Secrets Of My Life,\u201d that she had undergone \u201cthe final surgery,\u201d but would not elaborate further. On the show, Caitlyn told Piers that she did not want to tell the Kardashians about her surgery.\n\n\u201cI didn\u2019t tell anybody [about the surgery]. It\u2019s none of their businesses. I had already been living as Caitlyn for a year and a half, OK? I didn\u2019t want them to leak it to the press, OK? There was no reason for them to know about it, of course I didn\u2019t trust them,\u201d Caitlyn said.\n\nShe added about her current relationship with the Kardashians, \u201cI don\u2019t talk to the Kardashians anymore. The only ones I am concerned about are Kendall and Kylie. They are my biological kids. I spent 23 years carting them around.\u201d", "images": ["http://cdn02.cdn.justjared.com/wp-content/themes/default/images/jr-circle-logo.gif", "http://cdn01.cdn.justjared.com/wp-content/uploads/headlines/2021/05/janet-auction-links.jpg", "http://cdn04.cdn.justjared.com/img/slides/button_reverse.gif", "http://cdn03.cdn.justjaredjr.com/wp-content/uploads/headlines/2021/05/addison-rae-tanner-buchanan-kiss-mtv-awards-j3.jpg", "http://cdn02.cdn.justjared.com/wp-content/themes/default/images/jjlogo7.gif", "http://cdn02.cdn.justjared.com/wp-content/uploads/headlines/2021/05/henry-cavill-dating.jpg", "http://cdn01.cdn.justjared.com/wp-content/uploads/headlines/2018/01/caitlyn-jenner-kardashians1.jpg", "http://pixel.quantserve.com/pixel/p-2bXhGE9g7fCno.gif", "http://cdn01.cdn.justjared.com/wp-content/themes/default/images/jj-circle-logo-new.gif", "http://cdn02.cdn.justjared.com/wp-content/uploads/headlines/2021/05/celebrities-open-relationships.jpg", "http://cdn02.cdn.justjared.com/wp-content/uploads/sidebar/jjjr_logo_featured.gif", "http://cdn03.cdn.justjared.com/wp-content/themes/default/images/tmz_footer.gif", "http://cdn04.cdn.justjared.com/wp-content/themes/default/images/toofab_footer2.gif", "http://cdn02.cdn.justjared.com/wp-content/uploads/headlines/2018/01/caitlyn-jenner-kardashians.jpg", "http://cdn03.cdn.justjared.com/img/slides/button_play.gif", "http://cdn03.cdn.justjared.com/wp-content/uploads/headlines/2021/03/kylie-jenner-500k-donation-teens-with-cancer.jpg", "http://cdn02.cdn.justjared.com/wp-content/uploads/headlines/2021/05/prince-harry-first-amendement.jpg", "http://cdn02.cdn.justjaredjr.com/wp-content/uploads/headlines/2021/05/yara-shahidi-mtv-movie-tv-awards.jpg", "https://sb.scorecardresearch.com/p?c1=7&c2=31732370&c3=874156489745619&cv=2.0&cj=1", "http://cdn01.cdn.justjaredjr.com/wp-content/uploads/headlines/2021/05/nick-jonas-injured-on-set-new-show.jpg"], "top_img": "http://cdn01.cdn.justjared.com/wp-content/uploads/headlines/2018/01/caitlyn-jenner-kardashians1.jpg", "keywords": [], "authors": [], "canonical_link": "http://www.justjared.com/2018/01/04/caitlyn-jenner-slams-the-kardashians-says-she-didnt-trust-them-to-know-about-her-gender-reassignment-surgery/", "title": "Caitlyn Jenner Slams the Kardashians, Says She Didn't Trust Them to Know About Her Gender Reassignment Surgery", "meta_data": {"description": "Caitlyn Jenner Slams the Kardashians, Says She Didn\u2019t Trust Them to Know About Her Gender Reassignment Surgery Caitlyn Jenner made a recent appearance on Piers Morgan's Life Stories, and was asked about gender reassignment surgery.    If you didn't know, Caitlyn wrote in\u2026", "news_keywords": "Caitlyn Jenner, Kendall Jenner, Khloe Kardashian, Kim Kardashian, Kourtney Kardashian, Kris Jenner, Kylie Jenner", "generator": "WordPress", "og": {"title": "Caitlyn Jenner Slams the Kardashians, Says She Didn\u2019t Trust Them to Know About Her Gender Reassignment Surgery", "site_name": "Just Jared", "url": "http://www.justjared.com/2018/01/04/caitlyn-jenner-slams-the-kardashians-says-she-didnt-trust-them-to-know-about-her-gender-reassignment-surgery/", "type": "article", "description": "Here's what Caitlyn said..", "image": "http://cdn01.cdn.justjared.com/wp-content/uploads/headlines/2018/01/caitlyn-jenner-kardashians1.jpg"}, "twitter": {"card": "summary_large_image", "site": "@justjared", "url": "http://www.justjared.com/2018/01/04/caitlyn-jenner-slams-the-kardashians-says-she-didnt-trust-them-to-know-about-her-gender-reassignment-surgery/", "title": "Caitlyn Jenner Slams the Kardashians, Says She Didn\u2019t Trust Them to Know About Her Gender Reassignment Surgery", "description": "Here's what Caitlyn said..", "image": "http://cdn01.cdn.justjared.com/wp-content/uploads/headlines/2018/01/caitlyn-jenner-kardashians1.jpg"}, "msapplication-TileColor": "#eaff00", "theme-color": "#ffffff", "fb": {"app_id": 383087223122520}, "robots": "max-image-preview:large"}, "movies": [], "publish_date": 1515020400.0, "source": "http://www.justjared.com", "summary": ""}