{"created_at": "Tue Mar 13 19:01:44 +0000 2018", "id": 973635238961254400, "id_str": "973635238961254400", "text": "Kris Jenner \"Impressed\" By Travis Scott \"Stepping Up\" For Kylie Jenner And Stormi Is Made-Up https://t.co/dVQlZYZ6Hx https://t.co/2EDXLEPtDR", "truncated": false, "entities": {"hashtags": [], "symbols": [], "user_mentions": [], "urls": [{"url": "https://t.co/dVQlZYZ6Hx", "expanded_url": "https://www.gossipcop.com/fnbvb", "display_url": "gossipcop.com/fnbvb", "indices": [93, 116]}], "media": [{"id": 973635227380801536, "id_str": "973635227380801536", "indices": [117, 140], "media_url": "http://pbs.twimg.com/media/DYMMFKzW4AANw7n.jpg", "media_url_https": "https://pbs.twimg.com/media/DYMMFKzW4AANw7n.jpg", "url": "https://t.co/2EDXLEPtDR", "display_url": "pic.twitter.com/2EDXLEPtDR", "expanded_url": "https://twitter.com/GossipCop/status/973635238961254400/photo/1", "type": "photo", "sizes": {"thumb": {"w": 150, "h": 150, "resize": "crop"}, "small": {"w": 542, "h": 357, "resize": "fit"}, "large": {"w": 542, "h": 357, "resize": "fit"}, "medium": {"w": 542, "h": 357, "resize": "fit"}}}]}, "extended_entities": {"media": [{"id": 973635227380801536, "id_str": "973635227380801536", "indices": [117, 140], "media_url": "http://pbs.twimg.com/media/DYMMFKzW4AANw7n.jpg", "media_url_https": "https://pbs.twimg.com/media/DYMMFKzW4AANw7n.jpg", "url": "https://t.co/2EDXLEPtDR", "display_url": "pic.twitter.com/2EDXLEPtDR", "expanded_url": "https://twitter.com/GossipCop/status/973635238961254400/photo/1", "type": "photo", "sizes": {"thumb": {"w": 150, "h": 150, "resize": "crop"}, "small": {"w": 542, "h": 357, "resize": "fit"}, "large": {"w": 542, "h": 357, "resize": "fit"}, "medium": {"w": 542, "h": 357, "resize": "fit"}}}]}, "source": "<a href=\"http://twitter.com\" rel=\"nofollow\">Twitter Web Client</a>", "in_reply_to_status_id": null, "in_reply_to_status_id_str": null, "in_reply_to_user_id": null, "in_reply_to_user_id_str": null, "in_reply_to_screen_name": null, "user": {"id": 25701904, "id_str": "25701904", "name": "Gossip Cop", "screen_name": "GossipCop", "location": "", "description": "Separating Fact From Fiction In Celebrity Reporting", "url": "http://t.co/B5muimrC57", "entities": {"url": {"urls": [{"url": "http://t.co/B5muimrC57", "expanded_url": "http://www.gossipcop.com/", "display_url": "gossipcop.com", "indices": [0, 22]}]}, "description": {"urls": []}}, "protected": false, "followers_count": 321681, "friends_count": 724, "listed_count": 1988, "created_at": "Sat Mar 21 17:41:30 +0000 2009", "favourites_count": 15466, "utc_offset": null, "time_zone": null, "geo_enabled": false, "verified": true, "statuses_count": 159169, "lang": null, "contributors_enabled": false, "is_translator": false, "is_translation_enabled": false, "profile_background_color": "BBC3C7", "profile_background_image_url": "http://abs.twimg.com/images/themes/theme1/bg.png", "profile_background_image_url_https": "https://abs.twimg.com/images/themes/theme1/bg.png", "profile_background_tile": true, "profile_image_url": "http://pbs.twimg.com/profile_images/1263581112372088832/lbo_7oBp_normal.jpg", "profile_image_url_https": "https://pbs.twimg.com/profile_images/1263581112372088832/lbo_7oBp_normal.jpg", "profile_banner_url": "https://pbs.twimg.com/profile_banners/25701904/1590096206", "profile_link_color": "0084B4", "profile_sidebar_border_color": "FFFFFF", "profile_sidebar_fill_color": "DDFFCC", "profile_text_color": "333333", "profile_use_background_image": true, "has_extended_profile": false, "default_profile": false, "default_profile_image": false, "following": false, "follow_request_sent": false, "notifications": false, "translator_type": "none", "withheld_in_countries": []}, "geo": null, "coordinates": null, "place": null, "contributors": null, "is_quote_status": false, "retweet_count": 0, "favorite_count": 3, "favorited": false, "retweeted": false, "possibly_sensitive": false, "lang": "en"}