{"created_at": "Tue Mar 13 16:56:34 +0000 2018", "id": 973603738916044800, "id_str": "973603738916044800", "text": "Kris Jenner \u2018Impressed\u2019 By How Travis Scott Is Stepping Up &amp; Taking Care Of Stormi &amp; Kylie: https://t.co/oOIajVbJfP via @YouTube", "truncated": false, "entities": {"hashtags": [], "symbols": [], "user_mentions": [{"screen_name": "YouTube", "name": "YouTube", "id": 10228272, "id_str": "10228272", "indices": [128, 136]}], "urls": [{"url": "https://t.co/oOIajVbJfP", "expanded_url": "http://youtu.be/EPvw94bKoAI?a", "display_url": "youtu.be/EPvw94bKoAI?a", "indices": [100, 123]}]}, "source": "<a href=\"https://www.google.com/\" rel=\"nofollow\">Google</a>", "in_reply_to_status_id": null, "in_reply_to_status_id_str": null, "in_reply_to_user_id": null, "in_reply_to_user_id_str": null, "in_reply_to_screen_name": null, "user": {"id": 907313871408349184, "id_str": "907313871408349184", "name": "news star 24/7", "screen_name": "newsstar247", "location": "", "description": "", "url": null, "entities": {"description": {"urls": []}}, "protected": false, "followers_count": 15, "friends_count": 95, "listed_count": 0, "created_at": "Mon Sep 11 18:44:18 +0000 2017", "favourites_count": 1, "utc_offset": null, "time_zone": null, "geo_enabled": false, "verified": false, "statuses_count": 8056, "lang": null, "contributors_enabled": false, "is_translator": false, "is_translation_enabled": false, "profile_background_color": "F5F8FA", "profile_background_image_url": null, "profile_background_image_url_https": null, "profile_background_tile": false, "profile_image_url": "http://pbs.twimg.com/profile_images/907314333171908608/7Ijr0LPZ_normal.jpg", "profile_image_url_https": "https://pbs.twimg.com/profile_images/907314333171908608/7Ijr0LPZ_normal.jpg", "profile_banner_url": "https://pbs.twimg.com/profile_banners/907313871408349184/1505155620", "profile_link_color": "1DA1F2", "profile_sidebar_border_color": "C0DEED", "profile_sidebar_fill_color": "DDEEF6", "profile_text_color": "333333", "profile_use_background_image": true, "has_extended_profile": false, "default_profile": true, "default_profile_image": false, "following": false, "follow_request_sent": false, "notifications": false, "translator_type": "none", "withheld_in_countries": []}, "geo": null, "coordinates": null, "place": null, "contributors": null, "is_quote_status": false, "retweet_count": 0, "favorite_count": 0, "favorited": false, "retweeted": false, "possibly_sensitive": false, "lang": "en"}