{"created_at": "Tue Mar 13 16:48:49 +0000 2018", "id": 973601786564173824, "id_str": "973601786564173824", "text": "Kris Jenner \u2018Impressed\u2019 By How Travis Scott Is Stepping Up &amp; Taking Care Of Stormi &amp;\u00a0Kylie https://t.co/Mjv4tCccyS https://t.co/vhwSmi9WT1", "truncated": false, "entities": {"hashtags": [], "symbols": [], "user_mentions": [], "urls": [{"url": "https://t.co/Mjv4tCccyS", "expanded_url": "https://24gag.net/kris-jenner-impressed-by-how-travis-scott-is-stepping-up-taking-care-of-stormi-kylie/", "display_url": "24gag.net/kris-jenner-im\u2026", "indices": [99, 122]}], "media": [{"id": 973601783762190336, "id_str": "973601783762190336", "indices": [123, 146], "media_url": "http://pbs.twimg.com/media/DYLtqfnVAAASsIh.jpg", "media_url_https": "https://pbs.twimg.com/media/DYLtqfnVAAASsIh.jpg", "url": "https://t.co/vhwSmi9WT1", "display_url": "pic.twitter.com/vhwSmi9WT1", "expanded_url": "https://twitter.com/24gag_news/status/973601786564173824/photo/1", "type": "photo", "sizes": {"medium": {"w": 620, "h": 350, "resize": "fit"}, "thumb": {"w": 150, "h": 150, "resize": "crop"}, "large": {"w": 620, "h": 350, "resize": "fit"}, "small": {"w": 620, "h": 350, "resize": "fit"}}}]}, "extended_entities": {"media": [{"id": 973601783762190336, "id_str": "973601783762190336", "indices": [123, 146], "media_url": "http://pbs.twimg.com/media/DYLtqfnVAAASsIh.jpg", "media_url_https": "https://pbs.twimg.com/media/DYLtqfnVAAASsIh.jpg", "url": "https://t.co/vhwSmi9WT1", "display_url": "pic.twitter.com/vhwSmi9WT1", "expanded_url": "https://twitter.com/24gag_news/status/973601786564173824/photo/1", "type": "photo", "sizes": {"medium": {"w": 620, "h": 350, "resize": "fit"}, "thumb": {"w": 150, "h": 150, "resize": "crop"}, "large": {"w": 620, "h": 350, "resize": "fit"}, "small": {"w": 620, "h": 350, "resize": "fit"}}}]}, "source": "<a href=\"http://publicize.wp.com/\" rel=\"nofollow\">WordPress.com</a>", "in_reply_to_status_id": null, "in_reply_to_status_id_str": null, "in_reply_to_user_id": null, "in_reply_to_user_id_str": null, "in_reply_to_screen_name": null, "user": {"id": 777539912715370496, "id_str": "777539912715370496", "name": "24gag News", "screen_name": "24gag_news", "location": "Pakistan", "description": "Get all kind of news here", "url": "https://t.co/oJE5onhGPN", "entities": {"url": {"urls": [{"url": "https://t.co/oJE5onhGPN", "expanded_url": "http://www.24gag.net", "display_url": "24gag.net", "indices": [0, 23]}]}, "description": {"urls": []}}, "protected": false, "followers_count": 28, "friends_count": 77, "listed_count": 5, "created_at": "Sun Sep 18 16:08:55 +0000 2016", "favourites_count": 27, "utc_offset": null, "time_zone": null, "geo_enabled": false, "verified": false, "statuses_count": 6181, "lang": null, "contributors_enabled": false, "is_translator": false, "is_translation_enabled": false, "profile_background_color": "F5F8FA", "profile_background_image_url": null, "profile_background_image_url_https": null, "profile_background_tile": false, "profile_image_url": "http://pbs.twimg.com/profile_images/965943145539276800/foKy41lr_normal.jpg", "profile_image_url_https": "https://pbs.twimg.com/profile_images/965943145539276800/foKy41lr_normal.jpg", "profile_banner_url": "https://pbs.twimg.com/profile_banners/777539912715370496/1519133800", "profile_link_color": "1DA1F2", "profile_sidebar_border_color": "C0DEED", "profile_sidebar_fill_color": "DDEEF6", "profile_text_color": "333333", "profile_use_background_image": true, "has_extended_profile": true, "default_profile": true, "default_profile_image": false, "following": false, "follow_request_sent": false, "notifications": false, "translator_type": "none", "withheld_in_countries": []}, "geo": null, "coordinates": null, "place": null, "contributors": null, "is_quote_status": false, "retweet_count": 0, "favorite_count": 0, "favorited": false, "retweeted": false, "possibly_sensitive": false, "lang": "en"}