{"created_at": "Tue Mar 13 19:04:51 +0000 2018", "id": 973636019936464897, "id_str": "973636019936464897", "text": "Kris Jenner \u201cImpressed\u201d By Travis Scott \u201cStepping Up\u201d For Kylie, Stormi Is\u00a0Made-Up https://t.co/sepfRBZqpe https://t.co/DJnn0wEgdc", "truncated": false, "entities": {"hashtags": [], "symbols": [], "user_mentions": [], "urls": [{"url": "https://t.co/sepfRBZqpe", "expanded_url": "https://smashblocktv.com/2018/03/13/kris-jenner-impressed-by-travis-scott-stepping-up-for-kylie-stormi-is-made-up/", "display_url": "smashblocktv.com/2018/03/13/kri\u2026", "indices": [83, 106]}], "media": [{"id": 973636017776291840, "id_str": "973636017776291840", "indices": [107, 130], "media_url": "http://pbs.twimg.com/media/DYMMzLQU8AAzHsk.jpg", "media_url_https": "https://pbs.twimg.com/media/DYMMzLQU8AAzHsk.jpg", "url": "https://t.co/DJnn0wEgdc", "display_url": "pic.twitter.com/DJnn0wEgdc", "expanded_url": "https://twitter.com/SmashBlockTV/status/973636019936464897/photo/1", "type": "photo", "sizes": {"thumb": {"w": 150, "h": 150, "resize": "crop"}, "small": {"w": 542, "h": 357, "resize": "fit"}, "medium": {"w": 542, "h": 357, "resize": "fit"}, "large": {"w": 542, "h": 357, "resize": "fit"}}}]}, "extended_entities": {"media": [{"id": 973636017776291840, "id_str": "973636017776291840", "indices": [107, 130], "media_url": "http://pbs.twimg.com/media/DYMMzLQU8AAzHsk.jpg", "media_url_https": "https://pbs.twimg.com/media/DYMMzLQU8AAzHsk.jpg", "url": "https://t.co/DJnn0wEgdc", "display_url": "pic.twitter.com/DJnn0wEgdc", "expanded_url": "https://twitter.com/SmashBlockTV/status/973636019936464897/photo/1", "type": "photo", "sizes": {"thumb": {"w": 150, "h": 150, "resize": "crop"}, "small": {"w": 542, "h": 357, "resize": "fit"}, "medium": {"w": 542, "h": 357, "resize": "fit"}, "large": {"w": 542, "h": 357, "resize": "fit"}}}]}, "source": "<a href=\"http://publicize.wp.com/\" rel=\"nofollow\">WordPress.com</a>", "in_reply_to_status_id": null, "in_reply_to_status_id_str": null, "in_reply_to_user_id": null, "in_reply_to_user_id_str": null, "in_reply_to_screen_name": null, "user": {"id": 71901076, "id_str": "71901076", "name": "SMASH BLOCK T.V.", "screen_name": "SmashBlockTV", "location": "\u2708\ufe0fWorldWide", "description": "Smash Block TV is a media company platform that specializes in interviews, documentaries, music videos, short films, event coverage, and much more.", "url": "https://t.co/ylt4ntBTWH", "entities": {"url": {"urls": [{"url": "https://t.co/ylt4ntBTWH", "expanded_url": "https://www.smashblocktv.com", "display_url": "smashblocktv.com", "indices": [0, 23]}]}, "description": {"urls": []}}, "protected": false, "followers_count": 2626, "friends_count": 1882, "listed_count": 5, "created_at": "Sat Sep 05 21:58:08 +0000 2009", "favourites_count": 267, "utc_offset": null, "time_zone": null, "geo_enabled": false, "verified": false, "statuses_count": 116504, "lang": null, "contributors_enabled": false, "is_translator": false, "is_translation_enabled": false, "profile_background_color": "C0DEED", "profile_background_image_url": "http://abs.twimg.com/images/themes/theme1/bg.png", "profile_background_image_url_https": "https://abs.twimg.com/images/themes/theme1/bg.png", "profile_background_tile": false, "profile_image_url": "http://pbs.twimg.com/profile_images/987073461389426688/oUGOgpNs_normal.jpg", "profile_image_url_https": "https://pbs.twimg.com/profile_images/987073461389426688/oUGOgpNs_normal.jpg", "profile_banner_url": "https://pbs.twimg.com/profile_banners/71901076/1524171749", "profile_link_color": "000000", "profile_sidebar_border_color": "C0DEED", "profile_sidebar_fill_color": "DDEEF6", "profile_text_color": "333333", "profile_use_background_image": true, "has_extended_profile": false, "default_profile": false, "default_profile_image": false, "following": false, "follow_request_sent": false, "notifications": false, "translator_type": "none", "withheld_in_countries": []}, "geo": null, "coordinates": null, "place": null, "contributors": null, "is_quote_status": false, "retweet_count": 0, "favorite_count": 0, "favorited": false, "retweeted": false, "possibly_sensitive": false, "lang": "en"}