{"created_at": "Tue Mar 13 19:33:31 +0000 2018", "id": 973643235812921354, "id_str": "973643235812921354", "text": "Kris Jenner \u2018Impressed\u2019 By How Travis Scott Is Stepping Up &amp; Taking Care Of Stormi &amp;\u00a0Kylie https://t.co/wHNSQwPW9B https://t.co/ygG9LKT8F0", "truncated": false, "entities": {"hashtags": [], "symbols": [], "user_mentions": [], "urls": [{"url": "https://t.co/wHNSQwPW9B", "expanded_url": "https://viraltop1.ga/2018/03/13/kris-jenner-impressed-by-how-travis-scott-is-stepping-up-taking-care-of-stormi-kylie/", "display_url": "viraltop1.ga/2018/03/13/kri\u2026", "indices": [99, 122]}], "media": [{"id": 973643233300369408, "id_str": "973643233300369408", "indices": [123, 146], "media_url": "http://pbs.twimg.com/media/DYMTXLLU0AAZZ0G.jpg", "media_url_https": "https://pbs.twimg.com/media/DYMTXLLU0AAZZ0G.jpg", "url": "https://t.co/ygG9LKT8F0", "display_url": "pic.twitter.com/ygG9LKT8F0", "expanded_url": "https://twitter.com/lusirusi3/status/973643235812921354/photo/1", "type": "photo", "sizes": {"medium": {"w": 620, "h": 350, "resize": "fit"}, "thumb": {"w": 150, "h": 150, "resize": "crop"}, "large": {"w": 620, "h": 350, "resize": "fit"}, "small": {"w": 620, "h": 350, "resize": "fit"}}}]}, "extended_entities": {"media": [{"id": 973643233300369408, "id_str": "973643233300369408", "indices": [123, 146], "media_url": "http://pbs.twimg.com/media/DYMTXLLU0AAZZ0G.jpg", "media_url_https": "https://pbs.twimg.com/media/DYMTXLLU0AAZZ0G.jpg", "url": "https://t.co/ygG9LKT8F0", "display_url": "pic.twitter.com/ygG9LKT8F0", "expanded_url": "https://twitter.com/lusirusi3/status/973643235812921354/photo/1", "type": "photo", "sizes": {"medium": {"w": 620, "h": 350, "resize": "fit"}, "thumb": {"w": 150, "h": 150, "resize": "crop"}, "large": {"w": 620, "h": 350, "resize": "fit"}, "small": {"w": 620, "h": 350, "resize": "fit"}}}]}, "source": "<a href=\"http://publicize.wp.com/\" rel=\"nofollow\">WordPress.com</a>", "in_reply_to_status_id": null, "in_reply_to_status_id_str": null, "in_reply_to_user_id": null, "in_reply_to_user_id_str": null, "in_reply_to_screen_name": null, "user": {"id": 909784016471064577, "id_str": "909784016471064577", "name": "lusirusi", "screen_name": "lusirusi3", "location": "", "description": "", "url": null, "entities": {"description": {"urls": []}}, "protected": false, "followers_count": 15, "friends_count": 14, "listed_count": 0, "created_at": "Mon Sep 18 14:19:47 +0000 2017", "favourites_count": 0, "utc_offset": null, "time_zone": null, "geo_enabled": false, "verified": false, "statuses_count": 27627, "lang": null, "contributors_enabled": false, "is_translator": false, "is_translation_enabled": false, "profile_background_color": "F5F8FA", "profile_background_image_url": null, "profile_background_image_url_https": null, "profile_background_tile": false, "profile_image_url": "http://pbs.twimg.com/profile_images/909784873006718976/jifV3fg5_normal.jpg", "profile_image_url_https": "https://pbs.twimg.com/profile_images/909784873006718976/jifV3fg5_normal.jpg", "profile_link_color": "1DA1F2", "profile_sidebar_border_color": "C0DEED", "profile_sidebar_fill_color": "DDEEF6", "profile_text_color": "333333", "profile_use_background_image": true, "has_extended_profile": false, "default_profile": true, "default_profile_image": false, "following": false, "follow_request_sent": false, "notifications": false, "translator_type": "none", "withheld_in_countries": []}, "geo": null, "coordinates": null, "place": null, "contributors": null, "is_quote_status": false, "retweet_count": 0, "favorite_count": 0, "favorited": false, "retweeted": false, "possibly_sensitive": false, "lang": "en"}