{"created_at": "Tue Mar 13 16:47:46 +0000 2018", "id": 973601525212860416, "id_str": "973601525212860416", "text": "Kris Jenner \u2018Impressed\u2019 By How Travis Scott Is Stepping Up &amp; Taking Care Of Stormi &amp; Kylie - https://t.co/pUM6oJ2TrF", "truncated": false, "entities": {"hashtags": [], "symbols": [], "user_mentions": [], "urls": [{"url": "https://t.co/pUM6oJ2TrF", "expanded_url": "http://mwbuzz.com/?p=56878", "display_url": "mwbuzz.com/?p=56878", "indices": [101, 124]}]}, "source": "<a href=\"http://erased12789545.com\" rel=\"nofollow\">erased12789545</a>", "in_reply_to_status_id": null, "in_reply_to_status_id_str": null, "in_reply_to_user_id": null, "in_reply_to_user_id_str": null, "in_reply_to_screen_name": null, "user": {"id": 3289873863, "id_str": "3289873863", "name": "Ben", "screen_name": "thinkwithben", "location": "Earth", "description": "I share my opinion about Life, relationship, heath & business.\n\nFounder & Product Manager @zaddishHQ", "url": null, "entities": {"description": {"urls": []}}, "protected": false, "followers_count": 464, "friends_count": 276, "listed_count": 10, "created_at": "Tue May 19 11:58:31 +0000 2015", "favourites_count": 1172, "utc_offset": null, "time_zone": null, "geo_enabled": false, "verified": false, "statuses_count": 173682, "lang": null, "contributors_enabled": false, "is_translator": false, "is_translation_enabled": false, "profile_background_color": "C0DEED", "profile_background_image_url": "http://abs.twimg.com/images/themes/theme1/bg.png", "profile_background_image_url_https": "https://abs.twimg.com/images/themes/theme1/bg.png", "profile_background_tile": false, "profile_image_url": "http://pbs.twimg.com/profile_images/1388954002570846208/ZoJyokhr_normal.jpg", "profile_image_url_https": "https://pbs.twimg.com/profile_images/1388954002570846208/ZoJyokhr_normal.jpg", "profile_banner_url": "https://pbs.twimg.com/profile_banners/3289873863/1605107497", "profile_link_color": "1DA1F2", "profile_sidebar_border_color": "C0DEED", "profile_sidebar_fill_color": "DDEEF6", "profile_text_color": "333333", "profile_use_background_image": true, "has_extended_profile": false, "default_profile": true, "default_profile_image": false, "following": false, "follow_request_sent": false, "notifications": false, "translator_type": "none", "withheld_in_countries": []}, "geo": null, "coordinates": null, "place": null, "contributors": null, "is_quote_status": false, "retweet_count": 0, "favorite_count": 0, "favorited": false, "retweeted": false, "possibly_sensitive": false, "lang": "en"}