{"created_at": "Wed Mar 14 03:21:07 +0000 2018", "id": 973760910199271425, "id_str": "973760910199271425", "text": "Kris Jenner \u2018Impressed\u2019 By How Travis Scott Is Stepping Up &amp; Taking Care Of Stormi &amp;\u00a0Kylie https://t.co/nATrD8faBk via @HollywoodLife", "truncated": false, "entities": {"hashtags": [], "symbols": [], "user_mentions": [{"screen_name": "HollywoodLife", "name": "HollywoodLife", "id": 21246105, "id_str": "21246105", "indices": [127, 141]}], "urls": [{"url": "https://t.co/nATrD8faBk", "expanded_url": "http://hollywoodlife.com/2018/03/13/kris-jenner-impressed-travis-scott-stepping-up-baby-daddy-stormi/", "display_url": "hollywoodlife.com/2018/03/13/kri\u2026", "indices": [99, 122]}]}, "source": "<a href=\"http://twitter.com\" rel=\"nofollow\">Twitter Web Client</a>", "in_reply_to_status_id": null, "in_reply_to_status_id_str": null, "in_reply_to_user_id": null, "in_reply_to_user_id_str": null, "in_reply_to_screen_name": null, "user": {"id": 762349027, "id_str": "762349027", "name": "Anette Fekete", "screen_name": "SweetAnette96", "location": "", "description": "", "url": null, "entities": {"description": {"urls": []}}, "protected": false, "followers_count": 15, "friends_count": 540, "listed_count": 238, "created_at": "Thu Aug 16 21:16:10 +0000 2012", "favourites_count": 812158, "utc_offset": null, "time_zone": null, "geo_enabled": true, "verified": false, "statuses_count": 937167, "lang": null, "contributors_enabled": false, "is_translator": false, "is_translation_enabled": false, "profile_background_color": "0099B9", "profile_background_image_url": "http://abs.twimg.com/images/themes/theme4/bg.gif", "profile_background_image_url_https": "https://abs.twimg.com/images/themes/theme4/bg.gif", "profile_background_tile": false, "profile_image_url": "http://pbs.twimg.com/profile_images/1381850381643350019/CRHWJ5Vc_normal.jpg", "profile_image_url_https": "https://pbs.twimg.com/profile_images/1381850381643350019/CRHWJ5Vc_normal.jpg", "profile_banner_url": "https://pbs.twimg.com/profile_banners/762349027/1618293780", "profile_link_color": "981CEB", "profile_sidebar_border_color": "FFFFFF", "profile_sidebar_fill_color": "95E8EC", "profile_text_color": "3C3940", "profile_use_background_image": true, "has_extended_profile": true, "default_profile": false, "default_profile_image": false, "following": false, "follow_request_sent": false, "notifications": false, "translator_type": "none", "withheld_in_countries": []}, "geo": null, "coordinates": null, "place": null, "contributors": null, "is_quote_status": false, "retweet_count": 0, "favorite_count": 0, "favorited": false, "retweeted": false, "possibly_sensitive": false, "lang": "en"}