{"created_at": "Tue Mar 13 23:26:11 +0000 2018", "id": 973701786824458241, "id_str": "973701786824458241", "text": "Kris Jenner \u201cImpressed\u201d By Travis Scott \u201cStepping Up\u201d For Kylie Jenner And Stormi Is Made-Up https://t.co/tN6uxLCaMn", "truncated": false, "entities": {"hashtags": [], "symbols": [], "user_mentions": [], "urls": [{"url": "https://t.co/tN6uxLCaMn", "expanded_url": "https://www.gossipcop.com/kris-jenner-travis-scott-impressed-stepping-up-kylie-stormi-made-up/", "display_url": "gossipcop.com/kris-jenner-tr\u2026", "indices": [93, 116]}]}, "source": "<a href=\"http://twitter.com\" rel=\"nofollow\">Twitter Web Client</a>", "in_reply_to_status_id": null, "in_reply_to_status_id_str": null, "in_reply_to_user_id": null, "in_reply_to_user_id_str": null, "in_reply_to_screen_name": null, "user": {"id": 2276848446, "id_str": "2276848446", "name": "DJ David Newsroom", "screen_name": "DJDavidNewsroom", "location": "Los Angeles, CA", "description": "keeping up for news, sports, gossip and music videos and trending stories and retweets made by @Davidfunny971", "url": "https://t.co/8aQCwA4fgL", "entities": {"url": {"urls": [{"url": "https://t.co/8aQCwA4fgL", "expanded_url": "http://djdavidnewsroom.tumblr.com", "display_url": "djdavidnewsroom.tumblr.com", "indices": [0, 23]}]}, "description": {"urls": []}}, "protected": false, "followers_count": 434, "friends_count": 4990, "listed_count": 17, "created_at": "Sun Jan 05 00:43:19 +0000 2014", "favourites_count": 2077, "utc_offset": null, "time_zone": null, "geo_enabled": true, "verified": false, "statuses_count": 55533, "lang": null, "contributors_enabled": false, "is_translator": false, "is_translation_enabled": false, "profile_background_color": "C0DEED", "profile_background_image_url": "http://abs.twimg.com/images/themes/theme1/bg.png", "profile_background_image_url_https": "https://abs.twimg.com/images/themes/theme1/bg.png", "profile_background_tile": true, "profile_image_url": "http://pbs.twimg.com/profile_images/815687025953099776/47LexIhg_normal.jpg", "profile_image_url_https": "https://pbs.twimg.com/profile_images/815687025953099776/47LexIhg_normal.jpg", "profile_banner_url": "https://pbs.twimg.com/profile_banners/2276848446/1483259000", "profile_link_color": "333333", "profile_sidebar_border_color": "000000", "profile_sidebar_fill_color": "DDEEF6", "profile_text_color": "0084B4", "profile_use_background_image": true, "has_extended_profile": false, "default_profile": false, "default_profile_image": false, "following": false, "follow_request_sent": false, "notifications": false, "translator_type": "none", "withheld_in_countries": []}, "geo": null, "coordinates": null, "place": null, "contributors": null, "is_quote_status": false, "retweet_count": 0, "favorite_count": 0, "favorited": false, "retweeted": false, "possibly_sensitive": false, "lang": "en"}